1,1745928374.2517264,185.07003784179688
2,1745928374.446083,183.84361267089844
3,1745928374.6416965,185.02116203308105
4,1745928374.8365479,183.56728553771973
5,1745928375.0387084,191.24078750610352
6,1745928375.2337992,184.4937801361084
7,1745928375.4274085,182.96241760253906
8,1745928375.6230671,184.6299171447754
9,1745928375.8189468,184.00883674621582
10,1745928376.0128384,183.37225914001465
11,1745928376.208845,185.32466888427734
12,1745928376.404006,184.07273292541504
13,1745928376.5981793,183.5947036743164
14,1745928376.8090107,199.9990940093994
15,1745928377.0039222,183.8512420654297
16,1745928377.1973243,182.87277221679688
17,1745928377.3928971,185.0597858428955
18,1745928377.5874963,183.54153633117676
19,1745928377.7825,184.4792366027832
20,1745928377.9774506,184.62133407592773
21,1745928378.1735044,185.34016609191895
22,1745928378.3692713,185.2853298187256
23,1745928378.563757,183.83216857910156
24,1745928378.7587821,183.93874168395996
25,1745928378.9571676,186.0966682434082
26,1745928379.151858,184.4038963317871
27,1745928379.34632,183.91013145446777
28,1745928379.5431898,185.8375072479248
29,1745928379.7392013,184.8471164703369
30,1745928379.9358144,185.58144569396973
31,1745928380.132086,185.23621559143066
32,1745928380.3305962,187.9897117614746
33,1745928380.5255363,184.42869186401367
34,1745928380.722527,186.42830848693848
35,1745928380.919278,185.8212947845459
36,1745928381.1158998,185.28175354003906
37,1745928381.3114545,185.01710891723633
38,1745928381.5080137,185.53495407104492
39,1745928381.7038116,184.7071647644043
40,1745928381.9015486,187.2994899749756
41,1745928382.0960667,183.8078498840332
42,1745928382.2926645,185.7459545135498
43,1745928382.4878504,184.6792697906494
44,1745928382.683019,184.11803245544434
45,1745928382.876477,182.9397678375244
46,1745928383.0720425,184.64303016662598
47,1745928383.2649708,182.39521980285645
48,1745928383.4595618,183.5501194000244
49,1745928383.6560462,185.39977073669434
50,1745928383.8505216,183.33959579467773
51,1745928384.0443642,182.77359008789062
52,1745928384.2386742,183.7916374206543
53,1745928384.4349222,185.3342056274414
54,1745928384.6287818,183.32743644714355
55,1745928384.8240316,184.2496395111084
56,1745928385.0186634,183.58302116394043
57,1745928385.2150364,185.34278869628906
58,1745928385.410687,184.77725982666016
59,1745928385.6039686,182.68656730651855
60,1745928385.7981622,183.32505226135254
61,1745928385.99254,183.93516540527344
62,1745928386.1863968,183.09760093688965
63,1745928386.3797643,182.3275089263916
64,1745928386.5753157,183.92252922058105
65,1745928386.7687242,183.18915367126465
66,1745928386.9632528,183.64453315734863
67,1745928387.1569233,183.26258659362793
68,1745928387.3517392,184.2496395111084
69,1745928387.5545466,191.24078750610352
70,1745928387.7482147,183.23397636413574
71,1745928387.9451027,185.84704399108887
72,1745928388.1391995,183.0759048461914
73,1745928388.3349283,183.12573432922363
74,1745928388.530944,185.4727268218994
75,1745928388.7266421,184.23938751220703
76,1745928388.9205225,183.43162536621094
77,1745928389.116769,185.28151512145996
78,1745928389.3109126,183.61806869506836
79,1745928389.50505,183.04181098937988
80,1745928389.7055228,189.60142135620117
81,1745928389.9005878,184.60702896118164
82,1745928390.0958798,183.91823768615723
83,1745928390.2944548,187.60180473327637
84,1745928390.4918315,186.28501892089844
85,1745928390.687503,184.62443351745605
86,1745928390.8838406,185.29796600341797
87,1745928391.080519,186.07831001281738
88,1745928391.2770808,185.4422092437744
89,1745928391.4744446,186.25664710998535
90,1745928391.6706204,184.69977378845215
91,1745928391.8684301,187.27993965148926
92,1745928392.0628364,183.89034271240234
93,1745928392.2582736,184.05818939208984
94,1745928392.4536123,185.0719451904297
95,1745928392.6504822,186.45834922790527
96,1745928392.8473492,185.93525886535645
97,1745928393.0424802,184.27109718322754
98,1745928393.239708,186.21325492858887
99,1745928393.4370537,185.7912540435791
100,1745928393.6305509,183.4416389465332
101,1745928393.8271828,186.10715866088867
102,1745928394.0216308,183.3806037902832
103,1745928394.2163146,182.6639175415039
104,1745928394.4129305,186.10739707946777
105,1745928394.6093028,185.4724884033203
106,1745928394.8097477,189.03779983520508
107,1745928395.0135522,193.20154190063477
108,1745928395.2104642,186.68603897094727
109,1745928395.406853,186.0365867614746
110,1745928395.6024518,185.12821197509766
111,1745928395.8016853,188.0819797515869
112,1745928395.9976661,185.26697158813477
113,1745928396.1915252,183.74180793762207
114,1745928396.3889956,185.63103675842285
115,1745928396.584792,184.70120429992676
116,1745928396.7808733,185.5947971343994
117,1745928396.9779994,186.3391399383545
118,1745928397.1744456,185.41955947875977
119,1745928397.3690648,183.75158309936523
120,1745928397.5660942,185.4860782623291
121,1745928397.762479,185.80889701843262
122,1745928397.9579947,184.56673622131348
123,1745928398.1540987,185.57333946228027
124,1745928398.350786,186.1741542816162
125,1745928398.5464773,184.66567993164062
126,1745928398.743089,185.4863166809082
127,1745928398.9389672,184.69858169555664
128,1745928399.1351109,184.87215042114258
129,1745928399.3308387,184.68236923217773
130,1745928399.5267103,185.33730506896973
131,1745928399.7229152,185.9276294708252
132,1745928399.9209807,187.02173233032227
133,1745928400.116739,185.23573875427246
134,1745928400.3116066,184.34548377990723
135,1745928400.5065954,184.16118621826172
136,1745928400.7005384,182.65032768249512
137,1745928400.8943775,183.25090408325195
138,1745928401.088912,183.47525596618652
139,1745928401.2823951,182.94525146484375
140,1745928401.4770033,183.57324600219727
141,1745928401.6710365,182.77740478515625
142,1745928401.8687007,187.08133697509766
143,1745928402.0635903,183.82740020751953
144,1745928402.2585952,184.33427810668945
145,1745928402.454413,184.68904495239258
146,1745928402.6559446,190.91129302978516
147,1745928402.8493795,182.31678009033203
148,1745928403.0440288,183.08043479919434
149,1745928403.2378676,182.56616592407227
150,1745928403.4337165,184.73267555236816
151,1745928403.628774,184.85069274902344
152,1745928403.822002,182.48772621154785
153,1745928404.0162845,183.23159217834473
154,1745928404.211388,184.0658187866211
155,1745928404.406215,183.6848258972168
156,1745928404.606188,189.4981861114502
157,1745928404.800778,184.06367301940918
158,1745928404.996264,184.58271026611328
159,1745928405.190451,181.95271492004395
160,1745928405.3843315,183.3670139312744
161,1745928405.5784636,183.2594871520996
162,1745928405.7773736,187.85476684570312
163,1745928405.972658,184.25822257995605
164,1745928406.1677427,184.51619148254395
165,1745928406.360803,182.77645111083984
166,1745928406.5577643,185.90688705444336
167,1745928406.7517855,183.50744247436523
168,1745928406.9470131,184.70311164855957
169,1745928407.141394,183.00962448120117
170,1745928407.337386,184.20839309692383
171,1745928407.531745,183.26330184936523
172,1745928407.7265928,183.67338180541992
173,1745928408.7517729,nan
174,1745928408.9459941,183.90631675720215
175,1745928409.139654,182.63602256774902
176,1745928409.334036,183.21943283081055
177,1745928409.5281203,183.56060981750488
178,1745928409.7296758,190.40226936340332
179,1745928409.9291048,188.6138916015625
180,1745928410.12436,183.91680717468262
181,1745928410.321113,185.77861785888672
182,1745928410.5160615,184.2796802520752
183,1745928410.7105558,183.9754581451416
184,1745928410.9036324,182.55019187927246
185,1745928411.098328,183.68268013000488
186,1745928411.2926395,183.78710746765137
187,1745928411.4872112,184.18598175048828
188,1745928411.6817267,183.80308151245117
189,1745928411.8769438,184.22269821166992
190,1745928412.0785527,190.5512809753418
191,1745928412.273851,184.77773666381836
192,1745928413.2927306,nan
193,1745928413.486606,183.32576751708984
194,1745928413.682075,184.77606773376465
195,1745928413.8764648,183.86054039001465
196,1745928414.068865,181.77509307861328
197,1745928414.2637186,183.75015258789062
198,1745928414.4588437,183.59899520874023
199,1745928414.6578674,188.17639350891113
200,1745928415.677856,nan
201,1745928415.8820963,193.84264945983887
202,1745928416.0769134,184.27705764770508
203,1745928416.2710714,183.62855911254883
204,1745928416.4648788,182.76405334472656
205,1745928416.6596937,183.75062942504883
206,1745928416.8561764,185.5483055114746
207,1745928417.0525916,185.89043617248535
208,1745928417.2480328,184.7531795501709
209,1745928417.443949,185.38594245910645
210,1745928417.6467478,191.73383712768555
211,1745928417.8424482,185.17279624938965
212,1745928418.0388823,185.5330467224121
213,1745928418.2341673,183.7620735168457
214,1745928418.4306755,185.4875087738037
215,1745928418.626395,183.6678981781006
216,1745928418.8207378,183.8388442993164
217,1745928419.0150778,183.87579917907715
218,1745928419.2086387,182.52134323120117
219,1745928419.4032562,182.86442756652832
220,1745928419.598395,184.88144874572754
221,1745928419.793853,184.42988395690918
222,1745928419.990647,185.67562103271484
223,1745928420.1867433,184.64970588684082
224,1745928420.3848922,187.61205673217773
225,1745928421.4075465,nan
226,1745928421.6040769,186.0034465789795
227,1745928421.797206,182.6000213623047
228,1745928421.9926984,184.1869354248047
229,1745928422.1876092,183.8996410369873
230,1745928422.381999,183.35938453674316
231,1745928422.5768647,183.8374137878418
232,1745928422.773188,185.28413772583008
233,1745928422.9704287,186.70153617858887
234,1745928423.1650095,183.1347942352295
235,1745928423.3597183,183.68291854858398
236,1745928423.5543327,184.07630920410156
237,1745928423.748824,183.44855308532715
238,1745928423.942678,182.7399730682373
239,1745928424.1368206,183.06207656860352
240,1745928424.332558,184.71884727478027
241,1745928424.5258133,182.74641036987305
242,1745928424.721689,184.57794189453125
243,1745928424.9214137,188.6160373687744
244,1745928425.115927,183.8068962097168
245,1745928425.3118222,185.26268005371094
246,1745928425.5061474,183.23969841003418
247,1745928425.703587,185.89496612548828
248,1745928425.8976715,183.4104061126709
249,1745928426.9198298,nan
250,1745928427.1146128,184.18002128601074
251,1745928427.3120513,186.82146072387695
252,1745928427.5070379,183.9437484741211
253,1745928427.7045846,186.99884414672852
254,1745928427.8997712,184.13114547729492
255,1745928428.0946512,183.5331916809082
256,1745928428.2894268,183.88056755065918
257,1745928428.4840374,184.08823013305664
258,1745928428.6767828,182.2185516357422
259,1745928428.871604,183.760404586792
260,1745928429.0653238,182.96504020690918
261,1745928429.2606652,184.30757522583008
262,1745928429.4545846,183.28213691711426
263,1745928429.6490338,183.7751865386963
264,1745928429.8480659,187.98208236694336
265,1745928430.0462945,187.65664100646973
266,1745928430.2426271,185.54067611694336
267,1745928430.441005,187.28113174438477
268,1745928430.6366067,184.55266952514648
269,1745928430.8328333,185.62626838684082
270,1745928431.0278068,184.46636199951172
271,1745928431.2238564,184.94343757629395
272,1745928431.4219422,186.58089637756348
273,1745928431.6178167,185.43004989624023
274,1745928431.8134427,184.5700740814209
275,1745928432.0118067,187.58559226989746
276,1745928432.2065015,184.11993980407715
277,1745928432.4044652,186.86342239379883
278,1745928432.6096644,194.43631172180176
279,1745928432.8124192,192.21115112304688
280,1745928433.0117648,188.68446350097656
281,1745928433.2106328,188.2772445678711
282,1745928433.4077437,186.93780899047852
283,1745928433.6024299,183.12740325927734
284,1745928433.797545,184.9956512451172
285,1745928433.9934385,184.94558334350586
286,1745928434.1876812,183.14409255981445
287,1745928434.3844848,186.01179122924805
288,1745928434.5788438,183.37416648864746
289,1745928434.7767673,186.1894130706787
290,1745928434.9778116,190.88363647460938
291,1745928435.1734214,185.10174751281738
292,1745928435.372317,188.4136199951172
293,1745928435.568574,185.70351600646973
294,1745928436.5907812,nan
295,1745928436.7881038,186.7966651916504
296,1745928436.986218,187.04867362976074
297,1745928437.1803768,183.624267578125
298,1745928437.3736417,182.5394630432129
299,1745928437.5681841,183.93349647521973
300,1745928437.7666712,188.34662437438965
301,1745928437.9590766,182.01494216918945
302,1745928438.9832711,nan
303,1745928439.1793437,185.0717067718506
304,1745928439.3739538,184.03220176696777
305,1745928439.5678544,183.18939208984375
306,1745928439.762757,183.93301963806152
307,1745928439.9679763,194.11993026733398
308,1745928440.1634185,184.72671508789062
309,1745928440.3565097,182.56473541259766
310,1745928440.5505667,182.93190002441406
311,1745928440.7466025,184.57531929016113
312,1745928440.9406085,183.49671363830566
313,1745928441.1336758,182.51323699951172
314,1745928441.3295102,184.69643592834473
315,1745928441.5252063,185.0142478942871
316,1745928441.7187898,183.2907199859619
317,1745928441.9123788,182.93142318725586
318,1745928442.113008,189.58520889282227
319,1745928442.3085332,184.4778060913086
320,1745928442.50169,182.6314926147461
321,1745928442.696528,183.81428718566895
322,1745928442.8912127,183.60590934753418
323,1745928443.0843039,182.57451057434082
324,1745928443.2786605,183.62736701965332
325,1745928443.4726317,183.33792686462402
326,1745928443.6681275,184.9968433380127
327,1745928443.861883,182.9967498779297
328,1745928444.057728,184.80491638183594
329,1745928444.2519298,183.18533897399902
330,1745928445.268668,nan
331,1745928445.4633873,183.95161628723145
332,1745928445.6577973,183.88676643371582
333,1745928445.8511593,183.06851387023926
334,1745928446.045057,182.85608291625977
335,1745928446.2391362,183.0458641052246
336,1745928446.4338765,184.22818183898926
337,1745928446.6282563,182.16824531555176
338,1745928446.8226397,183.83431434631348
339,1745928447.0190215,185.14108657836914
340,1745928447.2164114,185.85538864135742
341,1745928447.4128358,185.29582023620605
342,1745928447.6171799,193.73202323913574
343,1745928447.8125756,184.9205493927002
344,1745928448.0110445,187.04462051391602
345,1745928448.207665,185.90831756591797
346,1745928448.404545,186.04779243469238
347,1745928448.599036,183.64405632019043
348,1745928448.7951639,184.38220024108887
349,1745928448.9890237,183.1667423248291
350,1745928449.1851192,185.10103225708008
351,1745928449.3792593,183.61496925354004
352,1745928449.5726986,182.39068984985352
353,1745928449.7690935,185.26268005371094
354,1745928449.968864,188.1275177001953
355,1745928450.164896,185.51921844482422
356,1745928450.3607235,184.94486808776855
357,1745928450.5565543,184.39936637878418
358,1745928450.7515438,183.93635749816895
359,1745928450.9480374,185.4255199432373
360,1745928451.1439164,184.9379539489746
361,1745928451.3397343,184.77582931518555
362,1745928451.5357468,185.30869483947754
363,1745928451.7326531,186.2771511077881
364,1745928451.928178,184.93962287902832
365,1745928452.1235516,184.83972549438477
366,1745928452.3205686,185.92381477355957
367,1745928452.5175424,186.43975257873535
368,1745928452.7118318,183.98761749267578
369,1745928452.90875,186.31887435913086
370,1745928453.1149702,195.18375396728516
371,1745928453.3137255,187.53337860107422
372,1745928453.509491,184.6640110015869
373,1745928453.703687,183.671236038208
374,1745928453.8989491,184.6637725830078
375,1745928454.0942035,184.28993225097656
376,1745928454.2890487,184.31687355041504
377,1745928454.4868746,186.06972694396973
378,1745928454.6857219,188.29870223999023
379,1745928454.8829956,186.24162673950195
380,1745928455.0780294,184.48615074157715
381,1745928455.2753134,186.68723106384277
382,1745928455.471558,185.7008934020996
383,1745928455.6679106,185.86063385009766
384,1745928455.864566,185.73999404907227
385,1745928456.0623732,186.7663860321045
386,1745928456.258128,184.7403049468994
387,1745928456.4533806,184.62848663330078
388,1745928456.6488156,184.4632625579834
389,1745928456.8437197,184.0834617614746
390,1745928457.038897,184.94844436645508
391,1745928457.2340622,184.65185165405273
392,1745928457.4290369,184.39960479736328
393,1745928457.6263309,185.25075912475586
394,1745928457.8197558,182.88826942443848
395,1745928458.0170507,186.51175498962402
396,1745928458.214887,186.77735328674316
397,1745928458.408997,183.43830108642578
398,1745928458.604929,184.39388275146484
399,1745928458.8007705,185.31298637390137
400,1745928458.9960651,184.7846508026123
401,1745928459.1934695,186.5088939666748
402,1745928459.390507,186.22636795043945
403,1745928459.589683,188.66395950317383
404,1745928459.7884252,187.6668930053711
405,1745928459.9841177,184.49044227600098
406,1745928460.1881614,193.01676750183105
407,1745928460.3864796,187.50905990600586
408,1745928460.5835857,186.4645481109619
409,1745928460.780908,186.91110610961914
410,1745928460.9779406,186.20634078979492
411,1745928461.1734078,184.43965911865234
412,1745928461.371477,187.7143383026123
413,1745928461.569113,187.00623512268066
414,1745928461.7638104,183.6526393890381
415,1745928461.957762,183.43162536621094
416,1745928462.1557312,186.41185760498047
417,1745928462.3528183,186.4311695098877
418,1745928462.5562234,192.6436424255371
419,1745928462.752427,185.67228317260742
420,1745928462.946994,183.93373489379883
421,1745928463.1434143,185.1034164428711
422,1745928463.339556,185.03785133361816
423,1745928463.5378911,187.29877471923828
424,1745928463.737855,188.8744831085205
425,1745928463.9357357,186.74039840698242
426,1745928464.13168,185.34445762634277
427,1745928464.3266902,184.36598777770996
428,1745928464.52475,187.03842163085938
429,1745928464.724896,188.59267234802246
430,1745928464.9235065,187.58058547973633
431,1745928465.1185827,184.24320220947266
432,1745928465.314305,185.00494956970215
433,1745928465.5124483,187.11066246032715
434,1745928465.7075028,183.99739265441895
435,1745928465.9030907,184.53431129455566
436,1745928466.1007597,186.52749061584473
437,1745928466.2962043,184.77916717529297
438,1745928466.4911635,183.82954597473145
439,1745928466.6892374,187.03937530517578
440,1745928466.8850555,185.04023551940918
441,1745928467.079674,183.1190586090088
442,1745928467.2759047,185.12773513793945
443,1745928467.4729288,185.19258499145508
444,1745928467.667448,183.86054039001465
445,1745928467.8639743,184.9832534790039
446,1745928468.0596383,185.17065048217773
447,1745928468.2561738,185.6827735900879
448,1745928468.4520137,184.77964401245117
449,1745928468.6498241,186.83552742004395
450,1745928468.8466012,186.26904487609863
451,1745928469.0407147,183.81047248840332
452,1745928469.2373042,185.46652793884277
453,1745928469.430777,182.93023109436035
454,1745928469.6275928,185.75596809387207
455,1745928469.8288121,190.49358367919922
456,1745928470.0271187,187.20602989196777
457,1745928470.2218301,184.14926528930664
458,1745928470.4171138,184.65662002563477
459,1745928470.61277,185.1043701171875
460,1745928470.8114219,187.4992847442627
461,1745928471.0075388,184.38148498535156
462,1745928471.2058759,187.75296211242676
463,1745928471.400921,184.1604709625244
464,1745928471.5975692,185.4991912841797
465,1745928471.794336,186.1715316772461
466,1745928471.9887536,183.38561058044434
467,1745928472.1824377,182.64174461364746
468,1745928472.3782778,184.88597869873047
469,1745928472.5747478,185.42027473449707
470,1745928472.7673874,181.837797164917
471,1745928472.9628887,183.78210067749023
472,1745928473.157613,184.19718742370605
473,1745928473.351707,183.57443809509277
474,1745928473.5447075,182.47056007385254
475,1745928473.739622,184.05652046203613
476,1745928473.934937,184.91172790527344
477,1745928474.127435,182.0223331451416
478,1745928474.322987,184.51571464538574
479,1745928474.517095,183.04014205932617
480,1745928474.7122166,183.81357192993164
481,1745928474.9115305,188.28105926513672
482,1745928475.108588,185.7311725616455
483,1745928475.3057911,186.6598129272461
484,1745928475.5009408,184.12375450134277
485,1745928475.6956055,183.31575393676758
486,1745928475.9005942,193.24302673339844
487,1745928476.0949247,183.67505073547363
488,1745928476.2892382,183.74085426330566
489,1745928476.482933,182.6498508453369
490,1745928476.6789596,184.98563766479492
491,1745928476.87388,183.7594509124756
492,1745928477.0680068,183.9735507965088
493,1745928477.2626967,183.67886543273926
494,1745928477.4572406,183.43877792358398
495,1745928477.6588855,191.11990928649902
496,1745928477.8548644,184.44585800170898
497,1745928478.0485678,182.91878700256348
498,1745928478.2448297,185.80961227416992
499,1745928478.4384017,183.43019485473633
500,1745928478.631463,182.5716495513916
501,1745928478.8257575,183.32791328430176
502,1745928479.020717,183.9468479156494
503,1745928479.2144992,183.45165252685547
504,1745928479.4092503,183.47644805908203
505,1745928479.603605,183.26067924499512
506,1745928479.7975528,182.90185928344727
507,1745928479.9982667,188.6305809020996
508,1745928480.1971495,188.3413791656494
509,1745928480.3934317,185.26458740234375
510,1745928480.5877552,184.067964553833
511,1745928480.7827666,184.4804286956787
512,1745928480.9797661,184.8900318145752
513,1745928481.174545,184.55982208251953
514,1745928481.3695831,184.4491958618164
515,1745928482.3939352,nan
516,1745928482.589254,184.76605415344238
517,1745928482.7876184,186.34581565856934
518,1745928482.983731,185.45103073120117
519,1745928483.1806765,185.37354469299316
520,1745928483.377578,186.20061874389648
521,1745928483.5745192,186.22255325317383
522,1745928483.770519,185.49537658691406
523,1745928483.966002,184.72814559936523
524,1745928484.1627822,185.99557876586914
525,1745928484.357574,184.1411590576172
526,1745928484.5548215,186.22493743896484
527,1745928484.7514713,186.143159866333
528,1745928484.9604566,197.8137493133545
529,1745928485.157509,186.4948272705078
530,1745928485.3536818,185.6541633605957
531,1745928485.5497024,185.4267120361328
532,1745928486.57328,nan
533,1745928486.7677522,183.9272975921631
534,1745928486.963794,184.76152420043945
535,1745928487.158423,183.5470199584961
536,1745928487.3537838,184.26799774169922
537,1745928487.5495803,184.85379219055176
538,1745928487.7454484,184.74864959716797
539,1745928487.9422941,185.73236465454102
540,1745928488.14187,188.3106231689453
541,1745928488.3389924,186.10310554504395
542,1745928488.5367124,187.20030784606934
543,1745928488.733994,186.7959499359131
544,1745928488.9297986,185.27698516845703
545,1745928489.1264567,185.68992614746094
546,1745928489.32265,184.72647666931152
547,1745928489.525007,191.88928604125977
548,1745928489.7218795,186.38992309570312
549,1745928489.9368756,204.24795150756836
550,1745928490.133323,185.3775978088379
551,1745928490.3291526,184.70478057861328
552,1745928490.5252986,185.53519248962402
553,1745928490.721553,185.7755184173584
554,1745928490.9170432,184.5405101776123
555,1745928491.1130733,185.499906539917
556,1745928491.306726,183.13217163085938
557,1745928491.504081,186.295747756958
558,1745928491.702524,187.90125846862793
559,1745928491.900658,187.46280670166016
560,1745928492.097754,186.2483024597168
561,1745928492.293415,185.0283145904541
562,1745928492.4966197,192.59357452392578
563,1745928492.693578,186.14530563354492
564,1745928492.889557,185.3928565979004
565,1745928493.0858662,185.26816368103027
566,1745928493.2826145,185.71090698242188
567,1745928493.4772358,184.16762351989746
568,1745928493.673701,185.70256233215332
569,1745928493.8688438,184.48710441589355
570,1745928494.065953,185.52851676940918
571,1745928494.262175,185.6982707977295
572,1745928494.4585211,185.83106994628906
573,1745928494.6590977,190.05703926086426
574,1745928494.8539689,184.27467346191406
575,1745928495.0488112,183.78663063049316
576,1745928495.244548,183.99930000305176
577,1745928495.440517,184.72552299499512
578,1745928495.6374824,185.91046333312988
579,1745928495.833371,185.16802787780762
580,1745928496.0268986,183.09807777404785
581,1745928496.221758,183.8221549987793
582,1745928496.4179554,185.52088737487793
583,1745928496.616721,187.7422332763672
584,1745928496.811571,184.29017066955566
585,1745928497.0084977,186.4032745361328
586,1745928497.2033987,184.02957916259766
587,1745928497.399869,185.15419960021973
588,1745928497.5971181,186.13338470458984
589,1745928497.7925181,184.34453010559082
590,1745928497.9888058,185.29868125915527
591,1745928498.1841462,184.74268913269043
592,1745928498.3787637,184.03291702270508
593,1745928498.5738542,184.80324745178223
594,1745928498.7686775,183.80236625671387
595,1745928498.9661896,187.01839447021484
596,1745928499.1650019,187.76893615722656
597,1745928499.3605258,184.87930297851562
598,1745928499.5571868,186.1245632171631
599,1745928499.760408,192.18778610229492
600,1745928499.955905,184.2796802520752
601,1745928500.1540444,187.08395957946777
602,1745928500.3523304,187.24822998046875
603,1745928500.5478454,184.7848892211914
604,1745928500.7438738,185.0118637084961
605,1745928500.9388683,184.48734283447266
606,1745928501.1356971,185.96339225769043
607,1745928501.331236,184.84950065612793
608,1745928501.5275853,185.30964851379395
609,1745928501.7233875,184.98587608337402
610,1745928501.9206724,185.17231941223145
611,1745928502.1185493,187.35289573669434
612,1745928502.3146405,185.48226356506348
613,1745928502.5117116,186.38968467712402
614,1745928502.708125,185.4531764984131
615,1745928502.904677,185.00089645385742
616,1745928503.0988708,183.52556228637695
617,1745928503.2953238,184.84210968017578
618,1745928503.4919271,185.6975555419922
619,1745928503.687339,185.06407737731934
620,1745928503.8839214,185.56928634643555
621,1745928504.079565,184.9992275238037
622,1745928504.2763295,185.27936935424805
623,1745928504.4726841,185.67824363708496
624,1745928505.4881034,nan
625,1745928505.683837,185.20855903625488
626,1745928505.8828623,187.49547004699707
627,1745928506.0819662,188.06791305541992
628,1745928506.276756,184.26156044006348
629,1745928506.4717944,184.01455879211426
630,1745928506.6686127,186.27500534057617
631,1745928506.863668,184.84807014465332
632,1745928507.0596342,184.87119674682617
633,1745928507.2576241,187.33477592468262
634,1745928507.4544384,186.29026412963867
635,1745928507.658461,193.40825080871582
636,1745928507.856381,187.15548515319824
637,1745928508.0526166,185.17661094665527
638,1745928508.247505,183.70342254638672
639,1745928508.4419138,183.29501152038574
640,1745928508.6379116,184.9682331085205
641,1745928508.8366551,187.39056587219238
642,1745928509.0338087,186.63763999938965
643,1745928509.2288742,184.07559394836426
644,1745928509.4258566,185.4696273803711
645,1745928509.62069,184.2963695526123
646,1745928509.8165073,184.79371070861816
647,1745928510.0107684,183.12859535217285
648,1745928510.207467,185.64128875732422
649,1745928510.4047408,186.23971939086914
650,1745928510.6027167,186.97500228881836
651,1745928510.7979138,184.9205493927002
652,1745928510.9942505,185.15634536743164
653,1745928511.188832,184.02719497680664
654,1745928511.3843827,184.29303169250488
655,1745928511.5818555,186.46645545959473
656,1745928511.7808201,187.9270076751709
657,1745928511.976428,185.44340133666992
658,1745928512.1730385,186.0971450805664
659,1745928512.3697839,185.69254875183105
660,1745928512.5653737,184.6916675567627
661,1745928512.7615314,185.4100227355957
662,1745928512.9579237,185.34016609191895
663,1745928513.1532466,184.2784881591797
664,1745928513.35066,186.39302253723145
665,1745928513.548727,186.99145317077637
666,1745928513.7437263,184.30590629577637
667,1745928513.939728,185.4701042175293
668,1745928514.1376874,187.3791217803955
669,1745928514.3338015,184.88788604736328
670,1745928514.527693,183.38489532470703
671,1745928514.7244613,186.01727485656738
672,1745928514.919866,184.89742279052734
673,1745928515.1253848,194.9472427368164
674,1745928515.3205352,184.11850929260254
675,1745928515.5159912,184.57651138305664
676,1745928515.7144074,187.42036819458008
677,1745928515.9158125,190.39392471313477
678,1745928516.1106122,184.2341423034668
679,1745928516.306496,185.36829948425293
680,1745928516.5016122,184.4613552093506
681,1745928516.6992257,185.99629402160645
682,1745928516.8950098,185.26721000671387
683,1745928517.09183,185.34040451049805
684,1745928517.288886,186.35869026184082
685,1745928517.4845138,185.09292602539062
686,1745928517.6789865,183.8526725769043
687,1745928517.8738928,183.38632583618164
688,1745928518.0691829,184.26084518432617
689,1745928518.263181,183.01820755004883
690,1745928518.4558706,182.4951171875
691,1745928518.6506827,183.77971649169922
692,1745928518.8458805,184.1888427734375
693,1745928519.0396073,181.68163299560547
694,1745928519.2336874,183.55488777160645
695,1745928519.4272614,183.00962448120117
696,1745928519.6278408,189.5465850830078
697,1745928519.8237755,185.14466285705566
698,1745928520.017643,182.8455924987793
699,1745928520.2127736,184.53073501586914
700,1745928520.40666,183.31503868103027
701,1745928520.6027646,183.9768886566162
702,1745928520.796522,183.23349952697754
703,1745928521.8087249,nan
704,1745928522.0014062,182.17182159423828
705,1745928522.1965053,183.72368812561035
706,1745928522.3913112,183.57443809509277
707,1745928522.5946743,192.29412078857422
708,1745928522.7883418,183.1648349761963
709,1745928522.9829562,183.52913856506348
710,1745928523.1764293,182.91306495666504
711,1745928523.370567,182.73043632507324
712,1745928523.5651677,183.51316452026367
713,1745928523.761333,185.6374740600586
714,1745928523.955395,182.71946907043457
715,1745928524.1527545,185.87327003479004
716,1745928524.346412,183.14123153686523
717,1745928524.540839,183.73823165893555
718,1745928524.7521682,200.78563690185547
719,1745928524.9485292,185.85944175720215
720,1745928525.1440659,184.85426902770996
721,1745928525.3391871,184.6013069152832
722,1745928525.5335145,182.81173706054688
723,1745928525.7281914,183.55894088745117
724,1745928525.9240284,185.19830703735352
725,1745928526.1195726,184.38005447387695
726,1745928526.3175807,186.99336051940918
727,1745928526.5137904,185.68825721740723
728,1745928526.7108157,186.41090393066406
729,1745928526.9063573,184.1428279876709
730,1745928527.1017733,184.3125820159912
731,1745928527.295803,182.66963958740234
732,1745928527.4906657,183.72011184692383
733,1745928527.684619,183.42947959899902
734,1745928527.8804991,185.37116050720215
735,1745928528.0746434,183.6376190185547
736,1745928528.2693868,184.29183959960938
737,1745928528.4636004,183.87508392333984
738,1745928528.6569884,182.73425102233887
739,1745928528.852149,184.3740940093994
740,1745928529.0494833,186.08570098876953
741,1745928529.2450569,185.1048469543457
742,1745928529.4409928,184.38172340393066
743,1745928529.6368375,185.14204025268555
744,1745928529.8405237,192.40665435791016
745,1745928530.0390427,188.05313110351562
746,1745928530.2364964,186.92445755004883
747,1745928530.4312317,184.10706520080566
748,1745928530.6284204,186.5243911743164
749,1745928530.831548,192.5344467163086
750,1745928531.026523,184.44418907165527
751,1745928531.223218,186.18464469909668
752,1745928531.4206533,186.9182586669922
753,1745928531.6165504,185.35995483398438
754,1745928531.8105667,183.50481986999512
755,1745928532.0088158,187.056303024292
756,1745928532.206734,186.7990493774414
757,1745928532.4023252,183.9735507965088
758,1745928532.5976715,184.8154067993164
759,1745928532.794316,185.61792373657227
760,1745928532.989852,184.28564071655273
761,1745928533.1858692,184.3242645263672
762,1745928533.380588,184.37504768371582
763,1745928533.5774517,184.48734283447266
764,1745928533.774936,186.44142150878906
765,1745928533.9712472,185.29653549194336
766,1745928534.169365,187.08252906799316
767,1745928534.3644552,183.7766170501709
768,1745928534.5592449,184.27753448486328
769,1745928534.7547321,184.96203422546387
770,1745928534.9478374,182.08074569702148
771,1745928535.1435173,184.614896774292
772,1745928535.3494458,194.80490684509277
773,1745928535.5456383,184.75008010864258
774,1745928535.74251,186.25545501708984
775,1745928535.9388494,185.52303314208984
776,1745928536.136618,186.23042106628418
777,1745928536.3339617,186.19465827941895
778,1745928536.5287623,183.77089500427246
779,1745928536.7284791,188.62104415893555
780,1745928536.9231145,183.0615997314453
781,1745928537.1197045,185.53686141967773
782,1745928537.314451,183.7620735168457
783,1745928537.5191572,193.5262680053711
784,1745928537.790801,261.1265182495117
785,1745928537.9858718,184.0198040008545
786,1745928538.2026465,205.4450511932373
787,1745928538.399234,185.9762668609619
788,1745928538.5980842,187.3307228088379
789,1745928538.888005,279.3912887573242
790,1745928539.1265152,228.00540924072266
791,1745928539.3348677,196.58946990966797
792,1745928539.568063,222.6705551147461
793,1745928539.8505232,272.357702255249
794,1745928540.1204348,259.20939445495605
795,1745928540.3170123,185.53829193115234
796,1745928540.5153558,187.55316734313965
797,1745928540.7097154,183.760404586792
798,1745928540.9064536,186.02752685546875
799,1745928541.1018178,184.98921394348145
800,1745928541.3004081,187.52646446228027
801,1745928541.496746,186.1436367034912
802,1745928541.691809,184.04579162597656
803,1745928541.8867722,183.93826484680176
804,1745928542.0842628,186.43665313720703
805,1745928542.2795963,184.66949462890625
806,1745928542.4763782,185.90211868286133
807,1745928542.6716366,184.74292755126953
808,1745928542.8675256,185.36949157714844
809,1745928543.0648031,186.46740913391113
810,1745928543.2606153,184.82589721679688
811,1745928543.4559054,183.85839462280273
812,1745928543.6508393,183.72559547424316
813,1745928543.8479447,186.55729293823242
814,1745928544.0445561,186.16557121276855
815,1745928544.2391775,183.12692642211914
816,1745928544.4365249,185.29939651489258
817,1745928544.6343365,187.64829635620117
818,1745928544.8352108,189.75186347961426
819,1745928545.0322216,186.79356575012207
820,1745928545.2291799,186.2962245941162
821,1745928545.424277,184.5412254333496
822,1745928545.619424,184.08918380737305
823,1745928545.8154523,185.64414978027344
824,1745928546.0092344,182.8932762145996
825,1745928546.2025988,182.30152130126953
826,1745928546.3997812,185.58955192565918
827,1745928546.5967813,186.05327606201172
828,1745928546.7912316,183.96425247192383
829,1745928546.988253,186.54251098632812
830,1745928547.1853924,186.22159957885742
831,1745928547.3807514,184.43870544433594
832,1745928547.5785472,186.48600578308105
833,1745928547.7756894,186.04755401611328
834,1745928547.971478,184.44275856018066
835,1745928548.1670527,184.46850776672363
836,1745928548.3637898,186.22875213623047
837,1745928548.5588322,184.87787246704102
838,1745928548.7546928,185.36901473999023
839,1745928548.951788,186.70082092285156
840,1745928549.1479123,185.4405403137207
841,1745928549.3434021,184.739351272583
842,1745928549.540724,186.62166595458984
843,1745928549.736746,185.41312217712402
844,1745928549.9347298,186.60497665405273
845,1745928550.1311996,185.67419052124023
846,1745928550.3281543,185.69612503051758
847,1745928550.525224,185.87112426757812
848,1745928550.7222083,185.7764720916748
849,1745928550.9173973,184.69810485839844
850,1745928551.1126711,184.24248695373535
851,1745928551.3087516,184.77392196655273
852,1745928551.5034616,184.10158157348633
853,1745928551.6980114,183.53629112243652
854,1745928551.8930407,182.93380737304688
855,1745928552.091891,188.3234977722168
856,1745928552.2872972,184.58008766174316
857,1745928552.4834533,185.11080741882324
858,1745928552.6785054,183.98690223693848
859,1745928552.8722785,182.40618705749512
860,1745928553.0666182,183.30955505371094
861,1745928553.2616322,183.95709991455078
862,1745928553.457608,184.950590133667
863,1745928553.653336,184.68785285949707
864,1745928553.8527107,188.82179260253906
865,1745928554.0493975,185.9288215637207
866,1745928554.2428432,183.11476707458496
867,1745928554.4374564,184.1893196105957
868,1745928555.470858,nan
869,1745928555.6669173,185.56451797485352
870,1745928555.866449,188.84849548339844
871,1745928556.0728025,195.82509994506836
872,1745928556.266901,183.07900428771973
873,1745928556.4617536,183.8061809539795
874,1745928556.6580405,184.861421585083
875,1745928556.8533947,184.7667694091797
876,1745928557.0464804,182.57427215576172
877,1745928557.2418444,184.3273639678955
878,1745928557.4350617,182.60431289672852
879,1745928557.6298397,184.22794342041016
880,1745928557.825415,184.83591079711914
881,1745928558.0208533,184.7996711730957
882,1745928558.2156098,183.8819980621338
883,1745928558.4104285,184.24320220947266
884,1745928558.603174,182.1584701538086
885,1745928558.8011816,186.94210052490234
886,1745928558.9956975,183.41422080993652
887,1745928559.191561,184.46063995361328
888,1745928559.3867004,183.90583992004395
889,1745928559.5822453,184.97323989868164
890,1745928559.7776318,184.34691429138184
891,1745928559.971411,182.96051025390625
892,1745928560.1681182,185.6238842010498
893,1745928560.3636649,184.00001525878906
894,1745928560.560302,185.81533432006836
895,1745928560.7544715,183.43400955200195
896,1745928560.9478126,182.82413482666016
897,1745928561.143296,184.0684413909912
898,1745928561.3405514,186.82527542114258
899,1745928561.54794,196.85864448547363
900,1745928561.7429676,184.23843383789062
901,1745928561.9395642,185.4703426361084
902,1745928562.1377654,186.8438720703125
903,1745928562.333463,185.0879192352295
904,1745928562.5297544,185.79721450805664
905,1745928562.7255716,184.8011016845703
906,1745928562.923794,187.0574951171875
907,1745928563.1187801,184.59153175354004
908,1745928563.3136814,184.13019180297852
909,1745928563.5096364,184.94796752929688
910,1745928563.7058108,185.1513385772705
911,1745928563.9018776,185.35113334655762
912,1745928564.0987966,185.80055236816406
913,1745928564.2951336,185.32514572143555
914,1745928564.4914472,185.27531623840332
915,1745928564.6875727,183.854341506958
916,1745928564.8895175,191.39432907104492
917,1745928565.0849721,184.16166305541992
918,1745928565.2823052,187.1039867401123
919,1745928565.4789574,185.50944328308105
920,1745928565.6723857,182.23166465759277
921,1745928565.8669186,183.4890842437744
922,1745928566.0613534,183.36081504821777
923,1745928566.2578733,185.14227867126465
924,1745928566.4522588,183.32672119140625
925,1745928566.653795,190.52982330322266
926,1745928566.848452,184.0813159942627
927,1745928567.0429118,183.5465431213379
928,1745928568.061706,nan
929,1745928568.2582715,185.8806610107422
930,1745928568.453103,184.3104362487793
931,1745928568.6488667,184.6153736114502
932,1745928568.843816,184.17024612426758
933,1745928569.0428069,187.8671646118164
934,1745928569.2366674,183.3949089050293
935,1745928569.432081,184.7238540649414
936,1745928569.636544,193.4225559234619
937,1745928569.8314857,184.43679809570312
938,1745928570.027541,185.35566329956055
939,1745928570.2227306,183.96973609924316
940,1745928570.4175587,184.20028686523438
941,1745928570.6157634,186.95878982543945
942,1745928570.8125691,185.78839302062988
943,1745928571.0081608,184.6151351928711
944,1745928571.2054362,186.12051010131836
945,1745928571.4069638,190.77777862548828
946,1745928571.601244,183.52603912353516
947,1745928571.795852,183.43877792358398
948,1745928571.991442,185.04834175109863
949,1745928572.18659,184.11946296691895
950,1745928572.3831992,185.96982955932617
951,1745928572.5785487,183.81977081298828
952,1745928572.7732031,183.6097240447998
953,1745928572.968626,183.87889862060547
954,1745928573.9922857,nan
955,1745928574.1865532,183.72273445129395
956,1745928574.3808184,183.66312980651855
957,1745928574.5745733,183.24017524719238
958,1745928574.7686236,183.45403671264648
959,1745928574.969781,190.15049934387207
960,1745928575.1686516,188.32921981811523
961,1745928575.3646767,184.98516082763672
962,1745928575.5620053,186.8889331817627
963,1745928575.759838,186.47193908691406
964,1745928575.9548163,184.46993827819824
965,1745928576.1513374,185.58883666992188
966,1745928576.348199,186.14530563354492
967,1745928576.5452757,186.06090545654297
968,1745928576.7428126,187.00790405273438
969,1745928576.940539,187.20674514770508
970,1745928577.1375363,185.78457832336426
971,1745928577.3334842,184.93294715881348
972,1745928577.532849,188.36665153503418
973,1745928577.728893,185.5170726776123
974,1745928577.9244964,184.16404724121094
975,1745928578.1213257,185.0872039794922
976,1745928578.3180604,186.2180233001709
977,1745928578.5117335,183.29572677612305
978,1745928578.706187,183.69555473327637
979,1745928578.9007394,184.02338027954102
980,1745928579.0970192,185.7600212097168
981,1745928580.12133,nan
982,1745928580.316716,184.87238883972168
983,1745928580.5134418,185.63175201416016
984,1745928580.7132947,189.2690658569336
985,1745928580.9101667,185.26530265808105
986,1745928581.107618,184.9527359008789
987,1745928581.3018491,183.90464782714844
988,1745928581.496984,184.60392951965332
989,1745928581.6916866,184.15427207946777
990,1745928581.8870206,184.7403049468994
991,1745928582.083511,185.73284149169922
992,1745928582.2782176,184.16929244995117
993,1745928582.472502,183.44879150390625
994,1745928582.6665254,182.84058570861816
995,1745928582.8608837,183.97831916809082
996,1745928583.0614367,189.47410583496094
997,1745928583.256616,184.0193271636963
998,1745928584.2719848,nan
999,1745928584.474609,191.09773635864258
1000,1745928584.7061734,221.01783752441406
1001,1745928584.9109704,193.76730918884277
1002,1745928585.1105406,188.54022026062012
1003,1745928585.3062968,184.57341194152832
1004,1745928585.5025542,185.81247329711914
1005,1745928585.698495,184.8616600036621
1006,1745928585.8978634,188.05408477783203
1007,1745928586.0933945,185.02378463745117
1008,1745928586.2905407,185.6365203857422
1009,1745928586.488078,186.51294708251953
1010,1745928586.6819353,182.8451156616211
1011,1745928586.8836079,190.3383731842041
1012,1745928587.0787046,184.07368659973145
1013,1745928587.2749846,185.24885177612305
1014,1745928588.29471,nan
1015,1745928588.4905274,185.3044033050537
1016,1745928588.6860476,184.54575538635254
1017,1745928588.8809714,184.42058563232422
1018,1745928589.0770223,185.29224395751953
1019,1745928589.2715454,184.00001525878906
1020,1745928589.465579,183.3651065826416
1021,1745928589.6603758,183.76994132995605
1022,1745928589.8602707,188.8582706451416
1023,1745928590.0633028,191.96629524230957
1024,1745928590.4286647,354.844331741333
1025,1745928590.625935,186.41924858093262
1026,1745928590.8227637,185.61935424804688
1027,1745928591.0196922,185.7905387878418
1028,1745928591.2162015,185.99319458007812
1029,1745928591.4135752,186.94186210632324
1030,1745928591.6111245,186.77425384521484
1031,1745928591.80721,185.4875087738037
1032,1745928592.0029988,184.66830253601074
1033,1745928592.199836,185.3046417236328
1034,1745928592.3964496,185.5783462524414
1035,1745928592.5928028,185.72568893432617
1036,1745928592.7891955,185.56523323059082
1037,1745928592.9835424,183.00533294677734
1038,1745928593.179028,184.4167709350586
1039,1745928594.1951895,nan
1040,1745928594.3907695,185.47892570495605
1041,1745928594.5873182,185.65773963928223
1042,1745928594.7906036,192.02446937561035
1043,1745928595.0015209,200.22034645080566
1044,1745928595.196693,184.6320629119873
1045,1745928595.3947852,187.00313568115234
1046,1745928595.5918286,186.01465225219727
1047,1745928595.7887058,185.7759952545166
1048,1745928595.983336,183.92252922058105
1049,1745928596.1799812,184.64279174804688
1050,1745928597.1929984,nan
1051,1745928597.3883145,184.45086479187012
1052,1745928597.5824525,183.78019332885742
1053,1745928597.777551,184.10921096801758
1054,1745928597.9720855,183.76398086547852
1055,1745928598.1668375,183.72416496276855
1056,1745928598.3619084,184.04841423034668
1057,1745928598.5561535,183.27689170837402
1058,1745928598.752999,185.32204627990723
1059,1745928598.9479742,183.74013900756836
1060,1745928599.143567,184.57484245300293
1061,1745928599.338632,184.54337120056152
1062,1745928599.5448356,195.54781913757324
1063,1745928599.7712727,215.55161476135254
1064,1745928599.973387,191.46060943603516
1065,1745928600.173019,188.08245658874512
1066,1745928600.3719454,187.29591369628906
1067,1745928600.5690122,186.22565269470215
1068,1745928600.7669435,186.92445755004883
1069,1745928600.962265,184.2024326324463
1070,1745928601.1612825,187.96133995056152
1071,1745928602.1743536,nan
1072,1745928602.37228,187.07895278930664
1073,1745928602.568479,185.63151359558105
1074,1745928602.7656689,186.14792823791504
1075,1745928602.9626162,186.41233444213867
1076,1745928603.1588416,185.65869331359863
1077,1745928603.3543847,184.48805809020996
1078,1745928603.552581,186.93804740905762
1079,1745928603.7484808,184.8163604736328
1080,1745928603.9435341,184.56554412841797
1081,1745928604.141784,187.1945858001709
1082,1745928604.338471,186.1441135406494
1083,1745928604.53565,186.4452362060547
1084,1745928604.7329762,186.93876266479492
1085,1745928604.931137,186.83910369873047
1086,1745928605.1269457,185.27817726135254
1087,1745928605.3245828,187.01601028442383
1088,1745928605.520862,185.5452060699463
1089,1745928605.7175045,186.1135959625244
1090,1745928605.9129598,184.85307693481445
1091,1745928606.1129186,188.3566379547119
1092,1745928606.3092551,185.8992576599121
1093,1745928606.5051422,184.79537963867188
1094,1745928606.7024477,186.45143508911133
1095,1745928606.900804,186.82217597961426
1096,1745928607.098411,187.52408027648926
1097,1745928607.294797,185.67895889282227
1098,1745928607.4900236,184.6296787261963
1099,1745928607.686223,185.18805503845215
1100,1745928607.8827155,186.04254722595215
1101,1745928608.0794082,186.05399131774902
1102,1745928608.2768774,186.2025260925293
1103,1745928608.4731793,185.20760536193848
1104,1745928608.6694987,185.78743934631348
1105,1745928608.8674734,187.01958656311035
1106,1745928609.0653815,186.7501735687256
1107,1745928609.2603753,184.2944622039795
1108,1745928610.2846804,nan
1109,1745928610.4806423,185.4269504547119
1110,1745928610.679086,187.27684020996094
1111,1745928610.874587,184.52739715576172
1112,1745928611.0683591,183.24947357177734
1113,1745928611.2664,186.40494346618652
1114,1745928611.4603117,183.4275722503662
1115,1745928611.6560998,184.5228672027588
1116,1745928611.8520658,184.75580215454102
1117,1745928612.0477731,184.84210968017578
1118,1745928612.246135,187.85715103149414
1119,1745928612.441995,185.3501796722412
1120,1745928612.6399057,186.88225746154785
1121,1745928612.8403087,189.87703323364258
1122,1745928613.034796,183.9461326599121
1123,1745928614.0571108,nan
1124,1745928614.251699,183.52174758911133
1125,1745928614.448456,186.45238876342773
1126,1745928614.6508398,191.44535064697266
1127,1745928614.8814154,219.76995468139648
1128,1745928615.081994,189.26525115966797
1129,1745928615.279768,186.75851821899414
1130,1745928615.477646,187.00075149536133
1131,1745928615.6727743,183.5610866546631
1132,1745928615.870376,187.1964931488037
1133,1745928616.0674305,186.60259246826172
1134,1745928616.2648973,184.7856044769287
1135,1745928616.4588041,183.3813190460205
1136,1745928616.6582348,188.3981227874756
1137,1745928616.8545213,185.26983261108398
1138,1745928617.0529425,187.15286254882812
1139,1745928617.249651,185.5483055114746
1140,1745928617.4448338,184.15212631225586
1141,1745928617.6404252,184.48901176452637
1142,1745928617.8388042,187.32905387878418
1143,1745928618.036213,184.75651741027832
1144,1745928618.2337823,187.21818923950195
1145,1745928618.4290333,184.82446670532227
1146,1745928618.6276264,187.55626678466797
1147,1745928619.651822,nan
1148,1745928619.848335,186.1875057220459
1149,1745928620.8650637,nan
1150,1745928621.063222,187.58893013000488
1151,1745928621.260957,186.6748332977295
1152,1745928621.4609723,188.86852264404297
1153,1745928621.6575992,185.30821800231934
1154,1745928621.8549147,184.5266819000244
1155,1745928622.0494401,183.99691581726074
1156,1745928622.24633,186.3088607788086
1157,1745928622.4447231,187.34383583068848
1158,1745928622.6409097,185.65821647644043
1159,1745928622.8355734,184.04746055603027
1160,1745928623.0329778,186.20562553405762
1161,1745928623.229802,186.19918823242188
1162,1745928623.4259486,186.0034465789795
1163,1745928623.6215973,184.75604057312012
1164,1745928624.641189,nan
1165,1745928624.8379073,185.90831756591797
1166,1745928625.0363314,186.36322021484375
1167,1745928625.2345765,187.62445449829102
1168,1745928625.4312694,185.1789951324463
1169,1745928625.626665,184.71646308898926
1170,1745928625.8237453,186.36417388916016
1171,1745928626.021028,186.1584186553955
1172,1745928626.2179105,185.26768684387207
1173,1745928626.4166882,187.666654586792
1174,1745928626.6134634,186.0654354095459
1175,1745928626.80933,185.24479866027832
1176,1745928627.826041,nan
1177,1745928628.0151935,1194.8466300964355
1178,1745928628.0262334,189.6493434906006
1179,1745928628.2117176,185.9908103942871
1180,1745928628.2227461,185.37354469299316
1181,1745928628.420147,186.37704849243164
1182,1745928628.6192043,188.0173683166504
1183,1745928628.818613,188.35783004760742
1184,1745928629.0134666,184.3404769897461
1185,1745928629.2107859,186.2790584564209
1186,1745928629.4045436,183.213472366333
1187,1745928629.615845,200.27732849121094
1188,1745928629.8123622,185.84799766540527
1189,1745928630.0115519,188.0488395690918
1190,1745928630.2064903,184.34667587280273
1191,1745928630.403135,185.61649322509766
1192,1745928630.5989952,185.32943725585938
1193,1745928630.7949789,185.65678596496582
1194,1745928630.9899917,184.50641632080078
1195,1745928631.1890397,188.02642822265625
1196,1745928631.383848,183.8548183441162
1197,1745928631.581149,186.24043464660645
1198,1745928631.7787337,186.8264675140381
1199,1745928631.9768755,186.7365837097168
1200,1745928632.17224,184.16476249694824
1201,1745928632.3697643,186.4304542541504
1202,1745928632.5674045,186.49530410766602
1203,1745928632.7647429,186.80667877197266
1204,1745928632.96062,185.62722206115723
1205,1745928633.1558483,184.73458290100098
1206,1745928633.3530056,185.9610080718994
1207,1745928633.5492082,185.5473518371582
1208,1745928634.5712874,nan
1209,1745928634.7664497,184.56029891967773
1210,1745928634.9616048,184.2479705810547
1211,1745928635.1570528,184.95535850524902
1212,1745928635.354631,186.31219863891602
1213,1745928635.5526385,187.48140335083008
1214,1745928635.7493029,185.70876121520996
1215,1745928635.9481246,188.02213668823242
1216,1745928636.1444476,185.93502044677734
1217,1745928636.3394592,184.24510955810547
1218,1745928636.5349731,184.42177772521973
1219,1745928636.7316227,185.89186668395996
1220,1745928636.9281282,185.4109764099121
1221,1745928637.1251776,186.4612102508545
1222,1745928637.3224294,186.50054931640625
1223,1745928637.518461,185.00638008117676
1224,1745928637.713163,183.78973007202148
1225,1745928637.9099896,186.12027168273926
1226,1745928638.1066258,185.59002876281738
1227,1745928638.3025117,184.84950065612793
1228,1745928638.496949,183.380126953125
1229,1745928638.6922069,184.2041015625
1230,1745928638.8867674,183.85887145996094
1231,1745928639.0836616,186.31482124328613
1232,1745928639.2796607,183.73560905456543
1233,1745928639.473457,183.35318565368652
1234,1745928639.6692994,184.71074104309082
1235,1745928639.8650079,185.1828098297119
1236,1745928640.060016,183.70509147644043
1237,1745928640.2575803,185.53805351257324
1238,1745928640.453206,184.10801887512207
1239,1745928640.6485908,184.85641479492188
1240,1745928640.8430407,183.5637092590332
1241,1745928641.0383108,184.2353343963623
1242,1745928641.2327068,183.62808227539062
1243,1745928641.4263341,182.59406089782715
1244,1745928641.6217167,184.03959274291992
1245,1745928641.8174891,184.60750579833984
1246,1745928642.0145965,186.04612350463867
1247,1745928642.2118015,185.99605560302734
1248,1745928642.4083443,185.11033058166504
1249,1745928642.6034486,183.16030502319336
1250,1745928642.8017254,187.2577667236328
1251,1745928642.995687,183.4409236907959
1252,1745928643.1945457,187.65687942504883
1253,1745928643.3909023,185.99390983581543
1254,1745928643.5873513,185.77122688293457
1255,1745928643.7828634,184.4801902770996
1256,1745928643.978709,184.82208251953125
1257,1745928644.1735914,183.94207954406738
1258,1745928644.3679965,183.28046798706055
1259,1745928644.5732179,193.94373893737793
1260,1745928644.7677963,183.9911937713623
1261,1745928644.9719882,193.15433502197266
1262,1745928645.1680064,184.79394912719727
1263,1745928645.3619854,182.9545497894287
1264,1745928645.5579162,184.85546112060547
1265,1745928645.752797,183.81428718566895
1266,1745928645.9477782,183.8819980621338
1267,1745928646.144781,186.03849411010742
1268,1745928646.3414614,185.563325881958
1269,1745928646.538826,186.34295463562012
1270,1745928647.5516527,nan
1271,1745928647.746977,184.39054489135742
1272,1745928647.9456213,188.09938430786133
1273,1745928648.1429632,186.751127243042
1274,1745928648.3390074,185.4727268218994
1275,1745928648.5343716,184.3407154083252
1276,1745928648.7324498,186.89465522766113
1277,1745928648.9294918,186.09023094177246
1278,1745928649.1263561,185.82963943481445
1279,1745928649.3230307,186.3853931427002
1280,1745928649.5195959,186.02418899536133
1281,1745928649.716539,184.62872505187988
1282,1745928649.9107814,183.23159217834473
1283,1745928650.1065202,184.84187126159668
1284,1745928650.300643,183.9456558227539
1285,1745928650.4946928,183.02655220031738
1286,1745928650.6901972,184.68308448791504
1287,1745928650.8861783,184.81826782226562
1288,1745928651.084453,187.17694282531738
1289,1745928651.2808132,185.34183502197266
1290,1745928651.4821472,190.58847427368164
1291,1745928651.676688,183.8672161102295
1292,1745928651.8811295,193.9413547515869
1293,1745928652.0757847,184.14020538330078
1294,1745928652.2755237,188.9059543609619
1295,1745928652.4711232,184.91601943969727
1296,1745928652.6651256,183.56990814208984
1297,1745928652.859705,183.5346221923828
1298,1745928653.053381,183.09998512268066
1299,1745928653.2502372,185.12630462646484
1300,1745928653.4431806,182.42621421813965
1301,1745928653.6388745,185.15753746032715
1302,1745928653.8338497,183.6535930633545
1303,1745928654.0278945,183.22038650512695
1304,1745928654.2237208,185.1041316986084
1305,1745928654.4184299,184.10015106201172
1306,1745928654.6117504,182.83677101135254
1307,1745928655.6323898,nan
1308,1745928655.8290775,186.1729621887207
1309,1745928656.0255408,185.78290939331055
1310,1745928656.2202296,183.67838859558105
1311,1745928656.4154701,184.07917022705078
1312,1745928656.614503,187.80851364135742
1313,1745928656.8086698,183.5939884185791
1314,1745928657.005442,185.73331832885742
1315,1745928657.201281,184.70406532287598
1316,1745928657.3961332,183.81619453430176
1317,1745928657.5929873,185.81295013427734
1318,1745928657.7893603,185.1487159729004
1319,1745928657.98684,186.19441986083984
1320,1745928658.1843843,187.01672554016113
1321,1745928658.3796558,184.74483489990234
1322,1745928658.5746303,182.9521656036377
1323,1745928658.7716284,186.48147583007812
1324,1745928658.9672272,184.5870018005371
1325,1745928659.163681,185.06240844726562
1326,1745928659.3600624,185.61387062072754
1327,1745928659.5670736,195.80411911010742
1328,1745928659.7705374,192.20805168151855
1329,1745928659.9800773,198.41885566711426
1330,1745928660.1758258,185.08434295654297
1331,1745928660.371127,184.59081649780273
1332,1745928660.565848,183.72106552124023
1333,1745928660.7610183,184.42511558532715
1334,1745928660.9577897,185.90617179870605
1335,1745928661.1549516,186.47050857543945
1336,1745928661.350079,183.61401557922363
1337,1745928661.545063,184.44371223449707
1338,1745928661.7397282,183.6390495300293
1339,1745928661.9345298,183.75134468078613
1340,1745928662.1322021,186.5682601928711
1341,1745928662.3307607,186.4147186279297
1342,1745928662.526046,184.7515106201172
1343,1745928662.7332795,196.89369201660156
1344,1745928662.9290438,184.7214698791504
1345,1745928663.1244998,184.431791305542
1346,1745928663.3215992,185.6832504272461
1347,1745928663.5169594,184.76343154907227
1348,1745928663.7113633,183.92252922058105
1349,1745928663.9094942,186.7544651031494
1350,1745928664.1058166,185.8222484588623
1351,1745928664.3027694,186.47456169128418
1352,1745928664.4984775,185.5487823486328
1353,1745928664.6926432,183.6409568786621
1354,1745928664.898815,195.66106796264648
1355,1745928665.0955431,185.80055236816406
1356,1745928665.291555,185.11700630187988
1357,1745928665.488224,186.0513687133789
1358,1745928665.686997,187.6840591430664
1359,1745928665.8836434,185.64128875732422
1360,1745928666.0819118,187.652587890625
1361,1745928666.2778368,185.18781661987305
1362,1745928666.4750335,186.5522861480713
1363,1745928666.6695778,184.01503562927246
1364,1745928666.864636,182.97457695007324
1365,1745928667.0598435,184.6311092376709
1366,1745928667.2544765,183.99453163146973
1367,1745928667.4514678,185.8222484588623
1368,1745928667.6496606,187.68954277038574
1369,1745928667.845343,185.1949691772461
1370,1745928668.0403974,184.01098251342773
1371,1745928668.2351453,183.7005615234375
1372,1745928668.4297576,184.0226650238037
1373,1745928668.6244981,183.04061889648438
1374,1745928668.8187256,183.68268013000488
1375,1745928669.0128996,183.57253074645996
1376,1745928669.2086766,184.61227416992188
1377,1745928669.4045908,183.89630317687988
1378,1745928669.6051955,190.0477409362793
1379,1745928669.8024695,186.31792068481445
1380,1745928669.9968722,183.88772010803223
1381,1745928670.1933184,185.1513385772705
1382,1745928670.3899484,185.4872703552246
1383,1745928670.5873733,187.1492862701416
1384,1745928670.7815194,183.10070037841797
1385,1745928670.9762366,183.60590934753418
1386,1745928671.1701436,182.88874626159668
1387,1745928671.3631716,182.01136589050293
1388,1745928671.5585823,184.3740940093994
1389,1745928671.7534895,183.8998794555664
1390,1745928671.9500191,185.98175048828125
1391,1745928672.144593,183.63428115844727
1392,1745928672.3396964,183.3038330078125
1393,1745928672.53806,187.22915649414062
1394,1745928672.7336416,185.4419708251953
1395,1745928672.9298172,184.173583984375
1396,1745928673.123344,183.20894241333008
1397,1745928673.3198643,185.20259857177734
1398,1745928673.5182922,187.28399276733398
1399,1745928673.7129624,183.8517189025879
1400,1745928673.9078467,183.6557388305664
1401,1745928674.1027176,183.6373805999756
1402,1745928674.2984166,185.09697914123535
1403,1745928674.4989681,189.69392776489258
1404,1745928674.6950874,185.17613410949707
1405,1745928674.8889832,183.36057662963867
1406,1745928675.0874197,187.3941421508789
1407,1745928675.281876,183.92157554626465
1408,1745928675.479387,186.87796592712402
1409,1745928675.6737878,184.02099609375
1410,1745928675.870922,185.87040901184082
1411,1745928676.0670838,185.1346492767334
1412,1745928676.2628036,184.6306324005127
1413,1745928676.4594405,186.0203742980957
1414,1745928676.6574082,187.47353553771973
1415,1745928676.8522935,184.342622756958
1416,1745928677.0479915,185.19258499145508
1417,1745928677.244535,186.05375289916992
1418,1745928677.44324,187.98446655273438
1419,1745928677.6382332,184.34548377990723
1420,1745928677.835993,187.23011016845703
1421,1745928678.0319822,184.92412567138672
1422,1745928678.2296076,186.37466430664062
1423,1745928678.4266005,186.8131160736084
1424,1745928678.6217854,184.66567993164062
1425,1745928678.8206706,187.8488063812256
1426,1745928679.019575,188.28654289245605
1427,1745928679.2156234,185.52041053771973
1428,1745928679.4105802,183.9442253112793
1429,1745928679.617866,196.3043212890625
1430,1745928679.8123808,183.99405479431152
1431,1745928680.007635,184.00096893310547
1432,1745928680.205377,186.70296669006348
1433,1745928680.4020798,185.91880798339844
1434,1745928680.5997002,186.62285804748535
1435,1745928680.7945142,184.15427207946777
1436,1745928680.9899123,184.27062034606934
1437,1745928681.1879864,187.41130828857422
1438,1745928681.3858986,186.83314323425293
1439,1745928681.58295,186.50579452514648
1440,1745928681.7808366,187.37196922302246
1441,1745928681.9771452,185.23788452148438
1442,1745928682.173912,186.34486198425293
1443,1745928682.3707407,185.68134307861328
1444,1745928682.569041,187.77036666870117
1445,1745928682.7687435,188.9662742614746
1446,1745928682.965013,185.6515407562256
1447,1745928683.1606839,184.40508842468262
1448,1745928683.3562229,184.9052906036377
1449,1745928683.5537915,186.33222579956055
1450,1745928683.7485912,184.1299533843994
1451,1745928683.9459188,185.93835830688477
1452,1745928684.1477323,190.3214454650879
1453,1745928684.3433049,185.24980545043945
1454,1745928684.5391862,184.34739112854004
1455,1745928684.7405965,190.5066967010498
1456,1745928684.9431918,192.0187473297119
1457,1745928685.1370878,183.3629608154297
1458,1745928685.3327634,184.56172943115234
1459,1745928685.5307364,187.65902519226074
1460,1745928685.7273698,186.3412857055664
1461,1745928685.923232,184.7066879272461
1462,1745928686.118179,183.33840370178223
1463,1745928686.3156614,186.07711791992188
1464,1745928686.5118,185.54091453552246
1465,1745928686.7097962,187.40487098693848
1466,1745928686.9064176,186.07807159423828
1467,1745928687.1028423,185.23502349853516
1468,1745928687.2995663,185.1949691772461
1469,1745928687.4966218,186.51819229125977
1470,1745928687.6903958,183.25018882751465
1471,1745928687.887181,185.4696273803711
1472,1745928688.0827386,185.18924713134766
1473,1745928688.279452,185.40692329406738
1474,1745928688.4748302,185.07814407348633
1475,1745928688.6712272,185.34278869628906
1476,1745928688.888114,205.33514022827148
1477,1745928689.084788,184.9353313446045
1478,1745928690.1106281,nan
1479,1745928690.3133345,192.11554527282715
1480,1745928690.5090678,184.36622619628906
1481,1745928690.7049742,184.87071990966797
1482,1745928690.90178,186.27238273620605
1483,1745928691.0969098,184.60607528686523
1484,1745928691.2927759,184.8287582397461
1485,1745928691.4897048,185.88924407958984
1486,1745928691.6858058,185.51278114318848
1487,1745928691.8827233,186.415433883667
1488,1745928692.079045,185.28103828430176
1489,1745928692.2749164,184.889554977417
1490,1745928692.473724,188.20881843566895
1491,1745928692.66949,185.36067008972168
1492,1745928692.8669183,186.2814426422119
1493,1745928693.0659142,188.18020820617676
1494,1745928693.2630284,186.57779693603516
1495,1745928693.45916,185.0113868713379
1496,1745928693.6556296,185.93144416809082
1497,1745928693.8567328,190.08421897888184
1498,1745928694.0525854,184.8299503326416
1499,1745928694.2486417,184.8597526550293
1500,1745928694.4436336,184.4632625579834
1501,1745928694.6397789,185.88590621948242
1502,1745928694.8329034,182.6024055480957
1503,1745928695.0297985,185.35542488098145
1504,1745928695.2229695,182.94930458068848
1505,1745928695.4193556,184.85522270202637
1506,1745928695.617301,187.43157386779785
1507,1745928695.8136485,185.7306957244873
1508,1745928696.010846,186.08498573303223
1509,1745928696.205561,184.159517288208
1510,1745928696.402747,185.9414577484131
1511,1745928696.5976818,184.3407154083252
1512,1745928696.7952049,186.476469039917
1513,1745928696.9909918,184.87954139709473
1514,1745928697.188031,186.43593788146973
1515,1745928697.3848085,186.2339973449707
1516,1745928697.5804567,185.28056144714355
1517,1745928697.780952,189.96524810791016
1518,1745928697.9747994,183.32266807556152
1519,1745928698.169689,183.56680870056152
1520,1745928698.3656769,184.94725227355957
1521,1745928698.559161,182.5728416442871
1522,1745928698.7545972,184.21649932861328
1523,1745928698.949165,184.0531826019287
1524,1745928699.143637,184.1599941253662
1525,1745928700.158504,nan
1526,1745928701.1807628,nan
1527,1745928702.204761,nan
1528,1745928703.2289617,nan
1529,1745928704.2410753,nan
1530,1745928705.2545955,nan
1531,1745928705.4851213,220.00861167907715
1532,1745928706.5110395,nan
1533,1745928706.7507706,228.9876937866211
1534,1745928706.988875,227.00929641723633
1535,1745928707.2299845,230.04579544067383
1536,1745928707.4689476,228.44386100769043
1537,1745928708.4879,nan
1538,1745928709.5064003,nan
1539,1745928710.5316672,nan
1540,1745928711.552319,nan
1541,1745928711.7896073,226.50790214538574
1542,1745928712.8165307,nan
1543,1745928713.058276,231.15015029907227
1544,1745928714.0724895,nan
1545,1745928715.0989122,nan
1546,1745928715.332166,222.61548042297363
1547,1745928715.570567,227.38313674926758
1548,1745928716.5863564,nan
1549,1745928716.8221757,225.10933876037598
1550,1745928717.062253,228.04951667785645
1551,1745928718.0847957,nan
1552,1745928718.3229806,227.59652137756348
1553,1745928719.345593,nan
1554,1745928720.3698566,nan
1555,1745928721.3934746,nan
1556,1745928722.4169705,nan
1557,1745928723.4414003,nan
1558,1745928723.6793294,227.33187675476074
1559,1745928724.7018762,nan
1560,1745928725.7277567,nan
1561,1745928726.7529397,nan
1562,1745928726.9932272,229.74300384521484
1563,1745928727.2328298,228.08218002319336
1564,1745928727.4717414,228.26004028320312
1565,1745928727.7147477,232.37323760986328
1566,1745928728.7304237,nan
1567,1745928728.9674084,226.46784782409668
1568,1745928729.9858675,nan
1569,1745928731.005862,nan
1570,1745928732.0177891,nan
1571,1745928733.034418,nan
1572,1745928733.275401,230.65614700317383
1573,1745928733.5138233,227.949857711792
1574,1745928733.7518542,227.71739959716797
1575,1745928734.7775452,nan
1576,1745928735.8025951,nan
1577,1745928736.8250275,nan
1578,1745928737.0629396,227.64921188354492
1579,1745928737.3028982,228.41858863830566
1580,1745928737.543073,228.58047485351562
1581,1745928738.5644608,nan
1582,1745928739.5785115,nan
1583,1745928740.597035,nan
1584,1745928740.7980764,190.30165672302246
1585,1745928741.0009735,190.89007377624512
1586,1745928741.2030597,191.97797775268555
1587,1745928741.407066,192.34228134155273
1588,1745928741.6070743,188.9786720275879
1589,1745928741.827382,209.29265022277832
1590,1745928742.8435788,nan
1591,1745928743.8681974,nan
1592,1745928744.8926895,nan
1593,1745928745.9188616,nan
1594,1745928746.1533747,223.9091396331787
1595,1745928747.1793067,nan
1596,1745928747.4164312,226.6535758972168
1597,1745928747.653043,225.97122192382812
1598,1745928747.8892488,224.89142417907715
1599,1745928748.1244605,224.6878147125244
1600,1745928748.35986,224.4272232055664
1601,1745928748.598123,227.4484634399414
1602,1745928749.613974,nan
1603,1745928750.6279233,nan
1604,1745928751.654818,nan
1605,1745928752.6797526,nan
1606,1745928753.6924813,nan
1607,1745928753.9369805,233.76989364624023
1608,1745928754.1762264,227.98442840576172
1609,1745928755.1977947,nan
1610,1745928755.4380062,229.6769618988037
1611,1745928756.4521763,nan
1612,1745928757.4673157,nan
1613,1745928758.4860141,nan
1614,1745928759.5094771,nan
1615,1745928759.710523,190.0026798248291
1616,1745928760.7363322,nan
1617,1745928760.931293,184.45158004760742
1618,1745928761.1277418,185.25958061218262
1619,1745928761.3224711,183.98332595825195
1620,1745928761.518097,185.09221076965332
1621,1745928761.7133052,184.67378616333008
1622,1745928761.909754,184.91888046264648
1623,1745928762.1098788,188.96484375
1624,1745928762.3058953,184.9803924560547
1625,1745928762.5011861,183.82906913757324
1626,1745928762.6968806,184.65948104858398
1627,1745928762.8934398,186.0041618347168
1628,1745928763.0896912,185.1184368133545
1629,1745928763.2876105,187.04962730407715
1630,1745928763.4837668,185.55855751037598
1631,1745928763.6770499,183.1357479095459
1632,1745928763.8728132,184.45873260498047
1633,1745928764.068349,184.51166152954102
1634,1745928764.2645843,185.7004165649414
1635,1745928764.4583156,182.18040466308594
1636,1745928764.6609669,191.9865608215332
1637,1745928764.8724916,200.99139213562012
1638,1745928765.067828,184.27801132202148
1639,1745928765.2646735,186.0523223876953
1640,1745928765.4613078,185.5781078338623
1641,1745928765.6570268,185.1513385772705
1642,1745928765.852968,184.93223190307617
1643,1745928766.048961,184.46707725524902
1644,1745928766.247801,187.61181831359863
1645,1745928766.4427004,183.85863304138184
1646,1745928766.6389558,185.01925468444824
1647,1745928766.833744,184.11493301391602
1648,1745928767.0286567,183.6409568786621
1649,1745928767.223402,183.607816696167
1650,1745928767.418619,184.1452121734619
1651,1745928767.6134605,183.67671966552734
1652,1745928767.8113053,186.82622909545898
1653,1745928768.0065162,184.6792697906494
1654,1745928768.2010121,183.75849723815918
1655,1745928768.3990574,187.06917762756348
1656,1745928768.596329,186.28191947937012
1657,1745928768.7960482,188.6615753173828
1658,1745928768.9918118,184.72981452941895
1659,1745928769.1877766,185.41598320007324
1660,1745928769.3847103,185.79721450805664
1661,1745928769.5815578,186.59615516662598
1662,1745928769.776521,184.73100662231445
1663,1745928769.974776,187.17312812805176
1664,1745928770.1725419,187.02173233032227
1665,1745928770.3723366,188.73858451843262
1666,1745928770.5726902,189.3301010131836
1667,1745928770.7699182,186.56110763549805
1668,1745928770.965747,185.73260307312012
1669,1745928771.161837,185.471773147583
1670,1745928771.359721,187.17646598815918
1671,1745928771.5561595,185.34612655639648
1672,1745928771.750753,183.76946449279785
1673,1745928771.946565,184.9079132080078
1674,1745928772.1423578,184.9050521850586
1675,1745928772.3377275,184.29303169250488
1676,1745928772.5337453,185.37259101867676
1677,1745928772.7307694,185.8844757080078
1678,1745928772.9247162,183.6683750152588
1679,1745928773.1194432,183.4583282470703
1680,1745928773.3166034,186.62333488464355
1681,1745928773.511776,184.09013748168945
1682,1745928773.7067232,184.4019889831543
1683,1745928773.9014747,183.95280838012695
1684,1745928774.0961673,183.7925910949707
1685,1745928774.2904882,182.79004096984863
1686,1745928774.487936,185.6234073638916
1687,1745928774.6855462,187.17432022094727
1688,1745928774.8833513,186.95354461669922
1689,1745928775.0800877,186.02323532104492
1690,1745928775.277027,185.90664863586426
1691,1745928775.4728801,184.8011016845703
1692,1745928776.4984996,nan
1693,1745928776.6985338,189.60261344909668
1694,1745928776.8964045,186.80953979492188
1695,1745928777.0919676,184.88454818725586
1696,1745928777.2873652,184.8294734954834
1697,1745928777.4836338,185.7435703277588
1698,1745928777.6812403,186.3107681274414
1699,1745928777.8783188,186.51485443115234
1700,1745928778.0731046,184.1909885406494
1701,1745928778.269991,185.35709381103516
1702,1745928778.4656785,184.8154067993164
1703,1745928778.6638427,187.63470649719238
1704,1745928778.860419,186.25974655151367
1705,1745928779.0580726,186.67888641357422
1706,1745928779.2535496,184.94462966918945
1707,1745928779.447832,184.04364585876465
1708,1745928779.650703,190.80162048339844
1709,1745928779.8452969,184.07845497131348
1710,1745928780.0478263,191.25127792358398
1711,1745928780.2445376,185.94741821289062
1712,1745928780.4407272,185.41765213012695
1713,1745928780.6371257,185.40167808532715
1714,1745928780.8323507,184.69929695129395
1715,1745928781.0298223,186.9187355041504
1716,1745928781.2272954,186.9373321533203
1717,1745928781.4261014,187.7446174621582
1718,1745928782.4507432,nan
1719,1745928782.6466799,185.4114532470703
1720,1745928782.8437083,186.36298179626465
1721,1745928783.0415237,186.80262565612793
1722,1745928783.2396445,186.99884414672852
1723,1745928783.4354367,185.258150100708
1724,1745928783.6317105,185.73522567749023
1725,1745928783.829563,187.14618682861328
1726,1745928784.024845,185.16182899475098
1727,1745928784.220735,184.86618995666504
1728,1745928784.4166927,185.6975555419922
1729,1745928784.612524,184.1118335723877
1730,1745928784.8118155,187.35790252685547
1731,1745928785.009322,187.24370002746582
1732,1745928785.205514,185.2095127105713
1733,1745928785.4007215,184.31544303894043
1734,1745928785.5978296,186.49721145629883
1735,1745928785.7944512,185.64128875732422
1736,1745928785.9929507,187.36004829406738
1737,1745928786.1907706,187.11566925048828
1738,1745928786.388933,186.90037727355957
1739,1745928786.5855706,186.16867065429688
1740,1745928786.7809222,184.76390838623047
1741,1745928786.9783716,186.08403205871582
1742,1745928787.1738122,184.8597526550293
1743,1745928787.3706224,185.86349487304688
1744,1745928787.5666068,185.3768825531006
1745,1745928787.7621167,184.47375297546387
1746,1745928787.9557343,183.08401107788086
1747,1745928788.1547992,188.04168701171875
1748,1745928788.3667705,201.27582550048828
1749,1745928788.5612671,183.49313735961914
1750,1745928788.7584138,186.13219261169434
1751,1745928788.9559958,186.52987480163574
1752,1745928789.151717,185.2562427520752
1753,1745928789.3471308,185.03570556640625
1754,1745928789.542833,185.1806640625
1755,1745928789.7373016,183.95662307739258
1756,1745928789.9321752,184.34643745422363
1757,1745928790.1266956,183.98618698120117
1758,1745928790.3211935,183.44354629516602
1759,1745928790.515889,183.66503715515137
1760,1745928790.7104888,183.55059623718262
1761,1745928790.9085004,186.02705001831055
1762,1745928791.1043546,185.35256385803223
1763,1745928791.2988746,184.07821655273438
1764,1745928791.4941516,184.1428279876709
1765,1745928791.6875064,182.8291416168213
1766,1745928791.8817198,183.180570602417
1767,1745928792.0769866,184.18264389038086
1768,1745928792.2727928,185.29796600341797
1769,1745928792.468199,185.18757820129395
1770,1745928792.6667526,187.29114532470703
1771,1745928792.8622563,184.90886688232422
1772,1745928793.056512,183.81214141845703
1773,1745928793.251337,184.1297149658203
1774,1745928793.4477026,185.3184700012207
1775,1745928793.6414363,183.17651748657227
1776,1745928793.8347344,182.81197547912598
1777,1745928794.029713,183.9447021484375
1778,1745928794.2239192,183.58135223388672
1779,1745928794.4185984,184.24010276794434
1780,1745928794.6253593,195.73044776916504
1781,1745928794.818867,182.83963203430176
1782,1745928795.0167024,186.7976188659668
1783,1745928795.2109423,183.71105194091797
1784,1745928795.4037888,182.3267936706543
1785,1745928795.5996811,184.22460556030273
1786,1745928795.807034,196.8250274658203
1787,1745928796.0024495,184.59153175354004
1788,1745928796.196335,182.81793594360352
1789,1745928796.3910336,183.65740776062012
1790,1745928796.590837,188.18330764770508
1791,1745928796.7874222,185.32204627990723
1792,1745928796.9810064,182.56187438964844
1793,1745928797.1798277,187.36648559570312
1794,1745928797.3739858,183.89892578125
1795,1745928797.56774,183.22324752807617
1796,1745928797.7638488,184.82398986816406
1797,1745928797.959824,184.83734130859375
1798,1745928798.1548395,183.98356437683105
1799,1745928798.3492725,183.17151069641113
1800,1745928798.5434875,183.22062492370605
1801,1745928798.7382767,183.90369415283203
1802,1745928798.932732,183.87699127197266
1803,1745928799.1271439,182.87420272827148
1804,1745928799.3288882,191.21837615966797
1805,1745928799.5251713,185.3630542755127
1806,1745928799.7205293,184.42916870117188
1807,1745928799.9140637,182.4965476989746
1808,1745928800.1097584,184.84807014465332
1809,1745928800.3041549,183.9747428894043
1810,1745928800.5009723,185.91761589050293
1811,1745928800.6956656,183.99715423583984
1812,1745928800.890368,183.6714744567871
1813,1745928801.0855842,184.03315544128418
1814,1745928801.2793124,183.4280490875244
1815,1745928801.4738512,184.00931358337402
1816,1745928801.6699128,185.3926181793213
1817,1745928801.8658042,185.33086776733398
1818,1745928802.0596852,183.72392654418945
1819,1745928802.255373,184.42821502685547
1820,1745928802.4501307,183.7460994720459
1821,1745928802.6485023,187.83020973205566
1822,1745928802.8470836,188.00115585327148
1823,1745928803.0434542,185.91642379760742
1824,1745928803.2386136,184.10992622375488
1825,1745928803.4365628,187.01672554016113
1826,1745928803.6336293,186.34319305419922
1827,1745928803.8288662,184.6942901611328
1828,1745928804.0264096,186.19894981384277
1829,1745928804.2235775,186.5367889404297
1830,1745928804.420383,186.27476692199707
1831,1745928804.6282153,197.2031593322754
1832,1745928804.824254,185.3032112121582
1833,1745928805.0215366,186.94424629211426
1834,1745928805.2189925,186.4326000213623
1835,1745928805.4148912,185.08362770080566
1836,1745928805.611922,185.82606315612793
1837,1745928805.806734,183.79592895507812
1838,1745928806.004952,187.68739700317383
1839,1745928806.199865,183.9592456817627
1840,1745928806.395367,184.47399139404297
1841,1745928806.5895157,183.12931060791016
1842,1745928806.7881925,188.14325332641602
1843,1745928806.9835525,183.76827239990234
1844,1745928807.1830077,189.37373161315918
1845,1745928807.3795238,185.43410301208496
1846,1745928807.5765584,186.1867904663086
1847,1745928808.602886,nan
1848,1745928808.798944,185.53948402404785
1849,1745928808.9959378,186.7821216583252
1850,1745928809.1925826,186.1135959625244
1851,1745928809.389252,186.2335205078125
1852,1745928809.5940142,193.32456588745117
1853,1745928809.792872,187.9127025604248
1854,1745928809.9898984,186.03801727294922
1855,1745928810.1861987,185.6675148010254
1856,1745928810.3817644,184.93890762329102
1857,1745928810.5778122,185.38475036621094
1858,1745928810.7728746,184.54527854919434
1859,1745928810.9708757,186.64240837097168
1860,1745928811.1682527,185.84632873535156
1861,1745928811.3656626,186.36369705200195
1862,1745928811.5642483,188.0052089691162
1863,1745928811.759712,184.4344139099121
1864,1745928811.9548721,182.9838752746582
1865,1745928812.15154,186.14959716796875
1866,1745928812.3484516,185.90140342712402
1867,1745928812.587897,228.60980033874512
1868,1745928812.7876213,188.60626220703125
1869,1745928812.9835558,184.69786643981934
1870,1745928813.1796162,185.42075157165527
1871,1745928813.374517,183.93731117248535
1872,1745928813.5699544,184.7834587097168
1873,1745928813.7692487,188.26532363891602
1874,1745928813.9655802,186.12265586853027
1875,1745928814.1631973,186.875581741333
1876,1745928814.3606243,186.69795989990234
1877,1745928814.5568142,185.67705154418945
1878,1745928814.7651203,197.0200538635254
1879,1745928814.9640036,187.87336349487305
1880,1745928815.165508,190.4771327972412
1881,1745928815.3609703,184.78131294250488
1882,1745928815.5579019,185.37092208862305
1883,1745928815.7540627,185.05525588989258
1884,1745928815.9507284,185.62769889831543
1885,1745928816.1478527,186.39540672302246
1886,1745928816.3411481,182.7552318572998
1887,1745928816.5400584,187.8662109375
1888,1745928816.7385538,187.44921684265137
1889,1745928816.9351919,186.06019020080566
1890,1745928817.1309915,184.63826179504395
1891,1745928817.3257594,183.17103385925293
1892,1745928817.5215647,184.4656467437744
1893,1745928817.7203956,187.8063678741455
1894,1745928817.915735,184.1428279876709
1895,1745928818.1102982,183.56966972351074
1896,1745928818.3093593,187.8046989440918
1897,1745928818.5051677,185.2858066558838
1898,1745928818.7004147,184.2048168182373
1899,1745928818.895869,184.82232093811035
1900,1745928819.0911334,184.6461296081543
1901,1745928819.2898395,187.5135898590088
1902,1745928819.4878101,186.82241439819336
1903,1745928819.6862402,187.40272521972656
1904,1745928819.8807955,183.98284912109375
1905,1745928820.0800433,188.65609169006348
1906,1745928820.2768693,186.24424934387207
1907,1745928820.483426,195.5122947692871
1908,1745928820.6800017,185.69636344909668
1909,1745928820.877153,185.90164184570312
1910,1745928821.0715806,183.90297889709473
1911,1745928821.2659926,183.64286422729492
1912,1745928821.459578,182.48438835144043
1913,1745928821.655816,185.16159057617188
1914,1745928821.8512301,184.3864917755127
1915,1745928822.046638,183.37535858154297
1916,1745928822.2414632,183.78090858459473
1917,1745928822.4354925,183.49456787109375
1918,1745928822.6342218,188.04144859313965
1919,1745928822.83121,186.45811080932617
1920,1745928823.0276709,185.61792373657227
1921,1745928823.223294,184.59796905517578
1922,1745928823.417678,183.86006355285645
1923,1745928823.6125712,184.16190147399902
1924,1745928823.8085372,184.91315841674805
1925,1745928824.004495,185.61816215515137
1926,1745928824.2006896,185.41741371154785
1927,1745928824.3987591,186.66768074035645
1928,1745928824.604163,193.27759742736816
1929,1745928824.8120372,196.07877731323242
1930,1745928825.0097566,187.17384338378906
1931,1745928825.206728,185.8201026916504
1932,1745928825.4016786,183.80165100097656
1933,1745928825.598999,186.22183799743652
1934,1745928825.795866,185.52494049072266
1935,1745928825.9947934,188.40909004211426
1936,1745928826.1908224,185.6832504272461
1937,1745928826.3892975,186.9525909423828
1938,1745928826.5845726,184.85498428344727
1939,1745928826.7807293,185.28223037719727
1940,1745928826.97485,182.5704574584961
1941,1745928827.168395,183.32910537719727
1942,1745928827.366517,186.49554252624512
1943,1745928827.5649195,187.4523162841797
1944,1745928827.7661068,190.7055377960205
1945,1745928827.962521,185.90164184570312
1946,1745928828.1588638,185.6861114501953
1947,1745928828.3551478,185.0910186767578
1948,1745928828.555965,189.8365020751953
1949,1745928828.7542648,187.0560646057129
1950,1745928828.951761,185.4379177093506
1951,1745928829.1489093,187.08062171936035
1952,1745928829.3449013,185.69564819335938
1953,1745928829.540197,184.7403049468994
1954,1745928829.7351542,183.77995491027832
1955,1745928829.939622,193.93610954284668
1956,1745928830.1516788,201.45797729492188
1957,1745928830.3561587,193.9525604248047
1958,1745928830.5610678,193.87054443359375
1959,1745928830.7610369,188.4448528289795
1960,1745928830.9586957,186.0518455505371
1961,1745928831.1551588,185.6541633605957
1962,1745928831.359,192.3081874847412
1963,1745928831.5583656,188.84682655334473
1964,1745928831.7540004,185.0910186767578
1965,1745928831.954016,188.96079063415527
1966,1745928832.1513064,184.98587608337402
1967,1745928833.1739132,nan
1968,1745928833.3703737,185.70804595947266
1969,1745928833.565963,184.4925880432129
1970,1745928833.7637367,186.92374229431152
1971,1745928833.9612424,186.45668029785156
1972,1745928834.1606379,189.09692764282227
1973,1745928834.3553045,184.1580867767334
1974,1745928834.5511186,184.79418754577637
1975,1745928834.7494605,187.29591369628906
1976,1745928834.946376,185.49871444702148
1977,1745928835.1437314,187.0734691619873
1978,1745928835.3415923,187.00814247131348
1979,1745928835.536632,184.57889556884766
1980,1745928835.7324665,185.27650833129883
1981,1745928835.9282796,185.2874755859375
1982,1745928836.124972,185.67204475402832
1983,1745928836.321147,185.286283493042
1984,1745928836.5176883,185.97650527954102
1985,1745928836.7140708,185.78791618347168
1986,1745928836.9098582,184.4780445098877
1987,1745928837.1051886,184.48472023010254
1988,1745928837.3013387,185.014009475708
1989,1745928837.4959407,183.96592140197754
1990,1745928837.6911466,184.4789981842041
1991,1745928837.8859775,184.29970741271973
1992,1745928838.0807528,184.24272537231445
1993,1745928838.2746398,183.19225311279297
1994,1745928839.30004,nan
1995,1745928839.5029156,192.335844039917
1996,1745928839.7106402,196.70534133911133
1997,1745928839.9054658,184.5095157623291
1998,1745928840.1001365,184.14616584777832
1999,1745928841.1255298,nan
2000,1745928841.3232596,187.0896816253662
2001,1745928841.518909,184.7207546234131
2002,1745928841.7199366,189.95380401611328
2003,1745928841.915019,184.43608283996582
2004,1745928842.1106117,184.57460403442383
2005,1745928842.3077078,186.56468391418457
2006,1745928842.5034394,185.17756462097168
2007,1745928842.6973886,183.21824073791504
2008,1745928842.8927932,185.03427505493164
2009,1745928843.086578,183.38274955749512
2010,1745928843.2809849,182.87134170532227
2011,1745928843.4767606,184.5259666442871
2012,1745928844.4943867,nan
2013,1745928844.6980886,192.8410530090332
2014,1745928844.89672,187.8814697265625
2015,1745928845.0912778,183.4402084350586
2016,1745928845.2857351,182.9369068145752
2017,1745928846.302491,nan
2018,1745928846.4961264,183.26830863952637
2019,1745928846.689859,182.70397186279297
2020,1745928846.891167,190.79899787902832
2021,1745928847.083938,182.52849578857422
2022,1745928847.2786455,183.63690376281738
2023,1745928847.474023,184.04650688171387
2024,1745928847.6679397,182.45220184326172
2025,1745928847.8636816,185.59741973876953
2026,1745928848.058269,183.81762504577637
2027,1745928848.2510676,182.34992027282715
2028,1745928848.4464169,184.19671058654785
2029,1745928848.6403875,183.09617042541504
2030,1745928849.6674097,nan
2031,1745928849.8625526,184.36098098754883
2032,1745928850.0589058,183.9306354522705
2033,1745928850.2545483,185.51206588745117
2034,1745928850.4488938,182.9516887664795
2035,1745928850.6422756,182.53684043884277
2036,1745928850.8388789,185.40358543395996
2037,1745928851.0378861,187.95156478881836
2038,1745928851.2331781,184.1561794281006
2039,1745928851.4286737,184.96131896972656
2040,1745928851.6265936,187.11161613464355
2041,1745928851.820166,183.1955909729004
2042,1745928852.014152,182.94525146484375
2043,1745928852.2086282,183.49099159240723
2044,1745928852.404696,184.0212345123291
2045,1745928852.5989947,183.78591537475586
2046,1745928852.7945595,184.22198295593262
2047,1745928852.9881356,182.82365798950195
2048,1745928853.1826813,183.52222442626953
2049,1745928853.3772411,183.23326110839844
2050,1745928853.5717306,183.4404468536377
2051,1745928853.7666543,184.3278408050537
2052,1745928853.9617915,184.54766273498535
2053,1745928854.1564598,183.9454174041748
2054,1745928854.3508132,183.96830558776855
2055,1745928854.545633,183.80093574523926
2056,1745928854.7409105,184.35430526733398
2057,1745928855.0310397,278.6567211151123
2058,1745928855.2302618,187.67929077148438
2059,1745928855.4261055,185.2285861968994
2060,1745928855.6226394,185.99486351013184
2061,1745928855.8191955,185.52422523498535
2062,1745928856.014074,184.39960479736328
2063,1745928856.2097101,184.74483489990234
2064,1745928856.4064257,185.55021286010742
2065,1745928856.610902,193.4223175048828
2066,1745928856.8059912,184.3867301940918
2067,1745928857.0029097,185.90688705444336
2068,1745928857.1982117,185.00256538391113
2069,1745928857.3937175,184.19885635375977
2070,1745928857.589282,184.4940185546875
2071,1745928857.7857077,184.78059768676758
2072,1745928858.8081205,nan
2073,1745928859.8209543,nan
2074,1745928860.0188887,187.04795837402344
2075,1745928860.2132552,183.32934379577637
2076,1745928860.4079032,183.5806369781494
2077,1745928860.6027887,183.8538646697998
2078,1745928860.7980072,184.2358112335205
2079,1745928860.9927058,184.1897964477539
2080,1745928861.1865242,182.36923217773438
2081,1745928861.3810744,183.5172176361084
2082,1745928861.5746799,183.08210372924805
2083,1745928861.769349,183.94756317138672
2084,1745928861.971541,190.8118724822998
2085,1745928862.170764,188.0016326904297
2086,1745928862.365877,184.07964706420898
2087,1745928862.5587535,182.34992027282715
2088,1745928862.7556255,186.32006645202637
2089,1745928862.9529922,186.2339973449707
2090,1745928863.147813,184.60822105407715
2091,1745928863.3424,184.3397617340088
2092,1745928863.5387588,185.92238426208496
2093,1745928863.7315428,182.26027488708496
2094,1745928863.926641,183.03632736206055
2095,1745928864.1208797,184.01336669921875
2096,1745928864.3158407,184.18478965759277
2097,1745928864.5103269,183.86101722717285
2098,1745928864.704073,183.41946601867676
2099,1745928864.9002247,185.10746955871582
2100,1745928865.1028554,192.2588348388672
2101,1745928865.2999237,186.1717700958252
2102,1745928865.4948885,184.42893028259277
2103,1745928865.696289,190.8719539642334
2104,1745928865.8914635,184.4162940979004
2105,1745928866.085798,183.75897407531738
2106,1745928866.2803087,183.48002433776855
2107,1745928866.475966,183.3322048187256
2108,1745928866.6727,186.19608879089355
2109,1745928867.686931,nan
2110,1745928867.8813245,183.5339069366455
2111,1745928868.0757158,182.86824226379395
2112,1745928868.2728834,185.72139739990234
2113,1745928868.4688532,185.10103225708008
2114,1745928868.663779,184.34381484985352
2115,1745928868.8586168,184.0038299560547
2116,1745928869.0541801,185.06741523742676
2117,1745928869.252651,188.19403648376465
2118,1745928869.4476733,183.96878242492676
2119,1745928869.6528962,194.02408599853516
2120,1745928869.9104226,247.00188636779785
2121,1745928870.1074772,186.41376495361328
2122,1745928870.3025534,184.42630767822266
2123,1745928870.4989867,185.30893325805664
2124,1745928870.6939259,183.92276763916016
2125,1745928870.8887048,183.72774124145508
2126,1745928871.0852575,185.49275398254395
2127,1745928871.2810833,184.68689918518066
2128,1745928871.4772723,185.32347679138184
2129,1745928871.6713364,183.61306190490723
2130,1745928871.86732,184.93103981018066
2131,1745928872.0636938,185.5921745300293
2132,1745928872.260529,185.97936630249023
2133,1745928872.4555676,184.0658187866211
2134,1745928872.6543636,188.3254051208496
2135,1745928872.850778,185.6555938720703
2136,1745928873.0497115,187.3185634613037
2137,1745928873.2453592,184.89336967468262
2138,1745928873.4415224,185.8057975769043
2139,1745928873.6383271,185.4701042175293
2140,1745928873.833929,185.23311614990234
2141,1745928874.029376,184.48710441589355
2142,1745928874.2251625,184.26942825317383
2143,1745928874.41973,184.3259334564209
2144,1745928874.614298,184.29040908813477
2145,1745928874.8088074,183.44593048095703
2146,1745928875.0051196,185.56594848632812
2147,1745928875.211366,195.03164291381836
2148,1745928875.4051752,183.29644203186035
2149,1745928875.60074,183.90607833862305
2150,1745928875.7964258,185.1217746734619
2151,1745928875.9902308,183.26687812805176
2152,1745928877.0037756,nan
2153,1745928877.203041,188.7068748474121
2154,1745928877.397215,183.65478515625
2155,1745928877.5927095,184.7696304321289
2156,1745928877.7907364,187.74819374084473
2157,1745928877.9845598,183.29715728759766
2158,1745928878.1805046,185.31560897827148
2159,1745928878.3751419,184.0653419494629
2160,1745928878.5711005,184.88430976867676
2161,1745928879.5838063,nan
2162,1745928879.7798636,185.46199798583984
2163,1745928879.979518,189.06903266906738
2164,1745928880.1771064,186.5551471710205
2165,1745928880.3756652,187.5326633453369
2166,1745928880.5739326,187.6842975616455
2167,1745928880.770528,186.11383438110352
2168,1745928880.9668946,185.3189468383789
2169,1745928881.16418,186.6436004638672
2170,1745928881.3617465,187.0875358581543
2171,1745928881.558929,186.48386001586914
2172,1745928881.7577376,187.4995231628418
2173,1745928881.9532132,185.1639747619629
2174,1745928882.1515722,187.06774711608887
2175,1745928882.3487647,185.12535095214844
2176,1745928882.5470674,188.10796737670898
2177,1745928882.7438228,185.7151985168457
2178,1745928882.9416668,187.50882148742676
2179,1745928883.1366243,184.27777290344238
2180,1745928883.3328815,185.67585945129395
2181,1745928883.5307915,186.57612800598145
2182,1745928883.7264504,184.7970485687256
2183,1745928883.9204328,183.43091011047363
2184,1745928884.1181564,186.62357330322266
2185,1745928884.315602,186.83648109436035
2186,1745928884.5192752,193.16673278808594
2187,1745928884.725701,195.88351249694824
2188,1745928884.9213834,185.12654304504395
2189,1745928885.1198692,187.4368190765381
2190,1745928885.3167922,185.87017059326172
2191,1745928885.5135114,186.21182441711426
2192,1745928885.7095613,185.31322479248047
2193,1745928885.9058743,185.2128505706787
2194,1745928886.102701,185.69564819335938
2195,1745928886.3008616,187.11495399475098
2196,1745928886.4968467,185.4550838470459
2197,1745928886.6963787,188.51971626281738
2198,1745928886.8909001,183.90822410583496
2199,1745928887.0859866,183.81953239440918
2200,1745928887.2810826,183.76541137695312
2201,1745928887.477478,184.86285209655762
2202,1745928888.4907072,nan
2203,1745928888.686437,185.22953987121582
2204,1745928888.8820138,185.06455421447754
2205,1745928889.0808542,188.30585479736328
2206,1745928889.277376,186.0957145690918
2207,1745928890.2907047,nan
2208,1745928890.4867606,185.3201389312744
2209,1745928890.6831894,185.1329803466797
2210,1745928890.8808315,186.2185001373291
2211,1745928891.0767689,184.8921775817871
2212,1745928891.2738264,185.6379508972168
2213,1745928891.4713528,186.51890754699707
2214,1745928891.6688626,186.4464282989502
2215,1745928891.871076,191.04290008544922
2216,1745928892.0675182,185.3947639465332
2217,1745928892.2636132,185.50586700439453
2218,1745928892.4600356,185.2400302886963
2219,1745928892.6570432,186.71512603759766
2220,1745928892.8536985,185.5449676513672
2221,1745928893.049812,185.44483184814453
2222,1745928893.246462,185.12344360351562
2223,1745928893.4431744,186.598539352417
2224,1745928893.641852,187.42132186889648
2225,1745928893.840775,187.8507137298584
2226,1745928894.0384567,186.9354248046875
2227,1745928894.2346776,185.13965606689453
2228,1745928894.4335968,188.39311599731445
2229,1745928894.6313725,186.7516040802002
2230,1745928895.6447182,nan
2231,1745928895.8427901,187.55054473876953
2232,1745928896.0397666,185.40120124816895
2233,1745928896.234294,183.93826484680176
2234,1745928896.4296577,184.30137634277344
2235,1745928897.4565456,nan
2236,1745928897.654528,187.4377727508545
2237,1745928897.851123,185.58907508850098
2238,1745928898.0500085,186.84649467468262
2239,1745928899.07528,nan
2240,1745928899.2725153,186.70177459716797
2241,1745928899.4693835,186.27667427062988
2242,1745928899.6736014,193.8929557800293
2243,1745928899.8734434,188.80820274353027
2244,1745928900.0806296,196.83241844177246
2245,1745928900.2783873,187.02197074890137
2246,1745928900.473793,184.78059768676758
2247,1745928900.6713486,186.46883964538574
2248,1745928900.8693035,187.43538856506348
2249,1745928901.066813,186.02705001831055
2250,1745928901.2636244,185.6696605682373
2251,1745928902.2789316,nan
2252,1745928902.478872,189.406156539917
2253,1745928902.6735747,183.6109161376953
2254,1745928902.8686311,183.94756317138672
2255,1745928903.0635874,184.41200256347656
2256,1745928903.2580938,183.63642692565918
2257,1745928903.4535148,184.39435958862305
2258,1745928903.6524446,187.98398971557617
2259,1745928903.8473177,183.79950523376465
2260,1745928904.8691788,nan
2261,1745928905.0641742,184.41224098205566
2262,1745928905.2610066,186.29980087280273
2263,1745928905.4568295,184.67235565185547
2264,1745928905.6528013,185.88876724243164
2265,1745928905.8495448,185.5943202972412
2266,1745928906.0459712,186.12432479858398
2267,1745928906.2426078,185.5919361114502
2268,1745928906.4376936,184.30399894714355
2269,1745928906.6406574,191.92242622375488
2270,1745928906.836368,184.33165550231934
2271,1745928907.0315676,184.66520309448242
2272,1745928907.2253404,183.19201469421387
2273,1745928907.421347,184.9660873413086
2274,1745928907.6153252,183.64882469177246
2275,1745928907.8110135,184.33713912963867
2276,1745928908.005369,183.26497077941895
2277,1745928908.2023172,185.98675727844238
2278,1745928908.396938,184.05938148498535
2279,1745928908.592951,184.91578102111816
2280,1745928908.7887135,185.08124351501465
2281,1745928908.9835632,183.8219165802002
2282,1745928909.180058,184.9820613861084
2283,1745928909.3760588,185.3349208831787
2284,1745928909.5842044,197.58367538452148
2285,1745928909.7838366,188.44175338745117
2286,1745928909.9824736,188.01021575927734
2287,1745928910.1795812,186.370849609375
2288,1745928910.3749838,184.8745346069336
2289,1745928910.5706484,184.61060523986816
2290,1745928910.768685,186.29908561706543
2291,1745928910.9642181,185.00185012817383
2292,1745928911.1588233,184.0829849243164
2293,1745928911.3536599,183.81094932556152
2294,1745928911.5492418,184.86618995666504
2295,1745928911.746219,185.8196258544922
2296,1745928912.7608333,nan
2297,1745928912.956059,184.7059726715088
2298,1745928913.1514647,184.0670108795166
2299,1745928913.3463686,184.49831008911133
2300,1745928913.5411205,183.11285972595215
2301,1745928913.7382562,187.06941604614258
2302,1745928913.9339366,185.35852432250977
2303,1745928914.1285899,183.52961540222168
2304,1745928914.3245544,184.96036529541016
2305,1745928914.5254543,190.61589241027832
2306,1745928915.5429375,nan
2307,1745928915.7376568,184.0987205505371
2308,1745928915.9346385,186.41066551208496
2309,1745928916.1298597,184.47256088256836
2310,1745928917.149931,nan
2311,1745928917.3460772,185.6374740600586
2312,1745928917.540629,183.884859085083
2313,1745928917.736423,184.16309356689453
2314,1745928917.9313843,183.78257751464844
2315,1745928918.126088,183.66336822509766
2316,1745928918.3208098,184.0970516204834
2317,1745928918.51648,184.57293510437012
2318,1745928918.7127755,185.32299995422363
2319,1745928919.7396967,nan
2320,1745928919.953404,203.51767539978027
2321,1745928920.1483505,184.1890811920166
2322,1745928920.3464704,185.58669090270996
2323,1745928921.3668237,nan
2324,1745928921.5624552,184.9668025970459
2325,1745928921.7575393,183.81476402282715
2326,1745928921.952512,184.42416191101074
2327,1745928922.1477249,184.7081184387207
2328,1745928922.3426788,184.37743186950684
2329,1745928922.5368042,183.51507186889648
2330,1745928922.7313113,183.92705917358398
2331,1745928922.9264905,183.11381340026855
2332,1745928923.12047,183.91776084899902
2333,1745928923.3156214,184.1275691986084
2334,1745928924.3314643,nan
2335,1745928924.5287967,186.58685684204102
2336,1745928924.7245686,184.99064445495605
2337,1745928924.9195876,183.82859230041504
2338,1745928925.1153042,184.356689453125
2339,1745928925.3124034,185.97102165222168
2340,1745928925.5084045,185.3022575378418
2341,1745928925.7037623,184.312105178833
2342,1745928925.8995247,184.55147743225098
2343,1745928926.0963287,186.13123893737793
2344,1745928926.2954266,188.58790397644043
2345,1745928927.3135197,nan
2346,1745928927.5098145,185.63485145568848
2347,1745928927.707167,186.74015998840332
2348,1745928927.9041357,185.86325645446777
2349,1745928928.100744,185.5783462524414
2350,1745928928.2972088,185.8377456665039
2351,1745928928.495602,187.35957145690918
2352,1745928928.6936696,187.025785446167
2353,1745928928.8892848,184.5724582672119
2354,1745928929.0868773,186.3384246826172
2355,1745928929.2834308,186.02514266967773
2356,1745928929.489974,194.24867630004883
2357,1745928929.6865206,186.01679801940918
2358,1745928929.8955705,198.09579849243164
2359,1745928930.0909224,184.41224098205566
2360,1745928930.2935832,191.6341781616211
2361,1745928930.4950545,190.43564796447754
2362,1745928930.693118,187.74175643920898
2363,1745928930.8884783,184.2350959777832
2364,1745928931.0857658,186.22493743896484
2365,1745928931.2826722,185.77218055725098
2366,1745928931.481355,188.06219100952148
2367,1745928931.6761227,184.4925880432129
2368,1745928931.8728151,186.15269660949707
2369,1745928932.0700054,186.02323532104492
2370,1745928932.2656064,184.3886375427246
2371,1745928932.4629123,186.24114990234375
2372,1745928932.6595514,185.58573722839355
2373,1745928932.854652,184.97347831726074
2374,1745928933.0496702,184.31806564331055
2375,1745928933.2463193,186.0027313232422
2376,1745928933.4432542,185.7759952545166
2377,1745928933.6423936,188.1113052368164
2378,1745928933.8380396,185.4569911956787
2379,1745928934.034499,185.43338775634766
2380,1745928934.230637,185.1048469543457
2381,1745928935.2523978,nan
2382,1745928935.4497888,186.86795234680176
2383,1745928935.6460156,185.55903434753418
2384,1745928935.841499,184.43775177001953
2385,1745928936.0408084,188.3256435394287
2386,1745928936.2361472,184.83304977416992
2387,1745928936.4328759,185.8651638031006
2388,1745928936.6360033,191.6487216949463
2389,1745928936.8332455,186.19036674499512
2390,1745928937.028775,184.47399139404297
2391,1745928937.2256074,185.8820915222168
2392,1745928937.4208927,184.5102310180664
2393,1745928937.6176493,186.06853485107422
2394,1745928937.8144085,185.61720848083496
2395,1745928938.0109782,186.07044219970703
2396,1745928938.2094226,186.71441078186035
2397,1745928938.4052672,185.3175163269043
2398,1745928938.6027699,187.00408935546875
2399,1745928938.800892,187.05153465270996
2400,1745928938.9973977,185.14752388000488
2401,1745928939.1945093,185.88018417358398
2402,1745928939.390733,185.2586269378662
2403,1745928939.586619,185.19115447998047
2404,1745928939.7836382,186.5100860595703
2405,1745928939.99015,195.4934597015381
2406,1745928940.1874537,186.67244911193848
2407,1745928940.385465,187.2696876525879
2408,1745928940.5829315,186.4147186279297
2409,1745928940.7798662,186.38300895690918
2410,1745928940.9791665,188.5354518890381
2411,1745928941.1750598,185.3773593902588
2412,1745928941.3710146,185.0273609161377
2413,1745928941.566929,185.34398078918457
2414,1745928941.7631612,185.38570404052734
2415,1745928941.9591901,185.499906539917
2416,1745928942.1554294,185.0600242614746
2417,1745928942.3539648,187.40534782409668
2418,1745928942.5518572,185.8541965484619
2419,1745928942.749515,187.2234344482422
2420,1745928942.947424,187.47830390930176
2421,1745928943.1446693,185.73236465454102
2422,1745928943.3396556,184.9057674407959
2423,1745928943.5373402,186.28835678100586
2424,1745928943.7346144,186.5849494934082
2425,1745928943.930073,184.85522270202637
2426,1745928944.1278484,186.86604499816895
2427,1745928944.3232772,184.65185165405273
2428,1745928944.5257022,191.89071655273438
2429,1745928945.5502355,nan
2430,1745928945.7467842,185.97674369812012
2431,1745928945.9447584,186.94591522216797
2432,1745928946.144181,188.31443786621094
2433,1745928946.3402362,185.11343002319336
2434,1745928946.5352893,184.5104694366455
2435,1745928946.7346404,188.3528232574463
2436,1745928946.9297981,185.04881858825684
2437,1745928947.1271093,186.75684928894043
2438,1745928947.3213878,183.70723724365234
2439,1745928948.3458982,nan
2440,1745928948.5399563,183.5477352142334
2441,1745928948.7346413,183.77137184143066
2442,1745928948.9299433,184.6487522125244
2443,1745928949.1249187,183.94231796264648
2444,1745928949.323167,187.2086524963379
2445,1745928949.518875,184.42583084106445
2446,1745928949.7138073,184.40914154052734
2447,1745928950.7298148,nan
2448,1745928950.9277751,187.3929500579834
2449,1745928951.1237934,185.3618621826172
2450,1745928951.3196957,185.00638008117676
2451,1745928951.5150566,184.77845191955566
2452,1745928951.7107396,185.03952026367188
2453,1745928951.9071443,185.32776832580566
2454,1745928952.10349,185.49203872680664
2455,1745928952.300298,185.44864654541016
2456,1745928952.4970062,186.16938591003418
2457,1745928952.6914704,184.21244621276855
2458,1745928952.888815,186.7222785949707
2459,1745928953.085577,184.6456527709961
2460,1745928953.2811575,185.1663589477539
2461,1745928953.47621,184.0040683746338
2462,1745928953.6735904,186.49053573608398
2463,1745928953.8723767,187.8950595855713
2464,1745928954.068542,185.6522560119629
2465,1745928954.2665668,186.5549087524414
2466,1745928954.463845,186.7208480834961
2467,1745928954.6608615,185.9273910522461
2468,1745928954.862662,189.93616104125977
2469,1745928955.0587995,185.6067180633545
2470,1745928955.2550166,185.6999397277832
2471,1745928955.4522371,186.13553047180176
2472,1745928955.6497402,186.70344352722168
2473,1745928955.8467455,186.492919921875
2474,1745928956.0448735,187.4220371246338
2475,1745928956.2412927,185.7755184173584
2476,1745928956.440411,187.53337860107422
2477,1745928956.6374483,186.0189437866211
2478,1745928956.8317194,183.47644805908203
2479,1745928957.0343585,191.6029453277588
2480,1745928957.2301154,185.02545356750488
2481,1745928957.425936,184.8006248474121
2482,1745928957.6229663,185.9903335571289
2483,1745928957.819469,185.98055839538574
2484,1745928958.0183098,187.81781196594238
2485,1745928958.2158403,186.50317192077637
2486,1745928958.4124758,185.61220169067383
2487,1745928958.608143,184.89551544189453
2488,1745928958.8033316,184.67378616333008
2489,1745928959.0000074,185.530424118042
2490,1745928959.1967263,186.18011474609375
2491,1745928959.3924704,184.62157249450684
2492,1745928959.5963035,192.7328109741211
2493,1745928959.795123,188.72737884521484
2494,1745928959.991233,184.94200706481934
2495,1745928960.1894388,186.71202659606934
2496,1745928960.3940575,194.03958320617676
2497,1745928960.5906498,184.8466396331787
2498,1745928960.7851326,184.13734436035156
2499,1745928960.98252,186.36512756347656
2500,1745928961.1816638,188.5836124420166
2501,1745928961.378935,186.6755485534668
2502,1745928961.574474,184.64040756225586
2503,1745928961.771181,185.64724922180176
2504,1745928961.965559,183.1965446472168
2505,1745928962.1625226,185.53876876831055
2506,1745928963.1896627,nan
2507,1745928963.387626,187.39771842956543
2508,1745928963.5827508,184.45777893066406
2509,1745928963.7799778,186.70940399169922
2510,1745928963.9747803,183.7465763092041
2511,1745928964.1727045,187.3934268951416
2512,1745928964.3704758,186.47241592407227
2513,1745928964.5681715,187.1638298034668
2514,1745928964.7627132,184.04126167297363
2515,1745928964.962778,189.62883949279785
2516,1745928965.1615136,188.1415843963623
2517,1745928965.3576305,185.30583381652832
2518,1745928965.5543098,185.6391429901123
2519,1745928965.749446,184.16857719421387
2520,1745928965.9437895,183.7468147277832
2521,1745928966.1386845,183.4087371826172
2522,1745928966.334041,184.59820747375488
2523,1745928966.5287254,183.91180038452148
2524,1745928966.7227318,183.48956108093262
2525,1745928966.917241,183.8815212249756
2526,1745928967.1136465,185.1208209991455
2527,1745928967.3108366,186.50245666503906
2528,1745928967.50477,183.34150314331055
2529,1745928967.7012863,185.92023849487305
2530,1745928967.8949122,183.1059455871582
2531,1745928968.0887642,182.62720108032227
2532,1745928968.2841396,183.61210823059082
2533,1745928968.483803,189.12696838378906
2534,1745928968.6806262,185.39166450500488
2535,1745928968.8736532,182.07049369812012
2536,1745928969.0702505,184.4642162322998
2537,1745928969.2649539,184.50593948364258
2538,1745928969.4595551,184.18550491333008
2539,1745928969.6558602,185.9610080718994
2540,1745928969.8564057,189.35108184814453
2541,1745928970.0507815,183.80188941955566
2542,1745928970.2458904,183.9756965637207
2543,1745928970.4411526,184.4503879547119
2544,1745928970.6365898,184.4196319580078
2545,1745928971.656693,nan
2546,1745928971.8517938,184.0660572052002
2547,1745928972.0462968,183.87579917907715
2548,1745928972.2400007,183.17079544067383
2549,1745928973.2653823,nan
2550,1745928973.4609976,184.46826934814453
2551,1745928973.6582215,186.6753101348877
2552,1745928973.853165,184.57484245300293
2553,1745928974.0495799,185.89448928833008
2554,1745928974.2477775,187.4070167541504
2555,1745928974.4426386,184.22961235046387
2556,1745928974.638671,184.42773818969727
2557,1745928974.8348057,185.2588653564453
2558,1745928975.0394702,193.76778602600098
2559,1745928976.0617256,nan
2560,1745928976.262495,190.14334678649902
2561,1745928976.4579148,184.96036529541016
2562,1745928976.6542432,184.39745903015137
2563,1745928976.8502924,185.86373329162598
2564,1745928977.0467136,185.34088134765625
2565,1745928977.2443857,187.09349632263184
2566,1745928977.443168,187.7291202545166
2567,1745928977.6378944,184.21626091003418
2568,1745928977.8367722,187.85476684570312
2569,1745928978.0315394,183.8827133178711
2570,1745928978.2292645,185.99462509155273
2571,1745928978.4260135,185.71209907531738
2572,1745928978.6226408,186.0339641571045
2573,1745928978.8179896,184.73553657531738
2574,1745928979.014452,185.4712963104248
2575,1745928979.2110462,186.0790252685547
2576,1745928979.4093335,186.27023696899414
2577,1745928979.6052384,184.91816520690918
2578,1745928979.8072524,191.1628246307373
2579,1745928980.0041506,186.29956245422363
2580,1745928980.1998615,184.6609115600586
2581,1745928980.3951092,184.1576099395752
2582,1745928980.5901754,184.40485000610352
2583,1745928980.7883763,187.13974952697754
2584,1745928980.9835482,184.6151351928711
2585,1745928981.1785371,184.32855606079102
2586,1745928981.3726616,182.17992782592773
2587,1745928981.5674756,184.2482089996338
2588,1745928981.7644873,184.97300148010254
2589,1745928981.9591355,184.13162231445312
2590,1745928982.1527195,182.78765678405762
2591,1745928982.347111,183.24708938598633
2592,1745928982.5408826,182.38377571105957
2593,1745928982.735739,183.33792686462402
2594,1745928982.9313595,184.56649780273438
2595,1745928983.128854,186.96308135986328
2596,1745928983.3227408,183.62164497375488
2597,1745928983.517824,183.70723724365234
2598,1745928983.7125428,183.67505073547363
2599,1745928983.9083898,184.96274948120117
2600,1745928984.1026313,184.05580520629883
2601,1745928984.2957685,182.59263038635254
2602,1745928984.4910307,184.19265747070312
2603,1745928984.6841059,182.55114555358887
2604,1745928984.8954747,200.29616355895996
2605,1745928985.0931032,187.10732460021973
2606,1745928985.2876964,184.00907516479492
2607,1745928985.4833372,185.03999710083008
2608,1745928985.6773908,183.42828750610352
2609,1745928985.872407,183.8395595550537
2610,1745928986.0671058,184.0810775756836
2611,1745928986.2645411,186.93137168884277
2612,1745928986.4595194,183.73775482177734
2613,1745928986.6555302,184.9963665008545
2614,1745928986.8527172,186.2039566040039
2615,1745928987.0466552,183.37607383728027
2616,1745928987.2458594,188.17710876464844
2617,1745928987.4427283,185.78147888183594
2618,1745928987.6387682,185.80222129821777
2619,1745928987.8334863,184.0062141418457
2620,1745928988.0308704,186.98692321777344
2621,1745928988.22762,185.0731372833252
2622,1745928988.4253058,186.90037727355957
2623,1745928988.6214762,185.46724319458008
2624,1745928988.819858,187.87574768066406
2625,1745928989.013912,183.58874320983887
2626,1745928990.0293565,nan
2627,1745928990.2360175,196.1534023284912
2628,1745928990.4341168,186.97810173034668
2629,1745928990.6323745,187.04891204833984
2630,1745928990.8269615,184.06915664672852
2631,1745928991.0217683,184.28611755371094
2632,1745928991.2198615,187.39604949951172
2633,1745928991.4159894,185.06455421447754
2634,1745928991.6116745,185.0433349609375
2635,1745928991.8088453,186.15365028381348
2636,1745928992.0041187,184.70382690429688
2637,1745928992.1984012,183.77280235290527
2638,1745928992.3934946,184.32116508483887
2639,1745928992.8838737,479.42447662353516
2640,1745928993.078454,183.56657028198242
2641,1745928993.2746325,185.4562759399414
2642,1745928993.468825,183.81214141845703
2643,1745928993.6645074,184.6301555633545
2644,1745928993.8586829,183.53819847106934
2645,1745928994.0539196,183.9921474456787
2646,1745928994.2494779,184.5097541809082
2647,1745928995.2749403,nan
2648,1745928995.4716341,186.12957000732422
2649,1745928995.6676614,185.5173110961914
2650,1745928995.8623917,184.36551094055176
2651,1745928996.060228,187.12496757507324
2652,1745928996.2578154,187.03770637512207
2653,1745928996.4537108,184.8759651184082
2654,1745928996.6479473,183.7303638458252
2655,1745928996.8439043,185.18662452697754
2656,1745928997.0412085,186.48743629455566
2657,1745928997.237039,185.29915809631348
2658,1745928997.4338284,185.94670295715332
2659,1745928997.6316965,187.27684020996094
2660,1745928997.8281398,185.41240692138672
2661,1745928998.02584,186.63763999938965
2662,1745928998.2201798,183.80188941955566
2663,1745928999.2465687,nan
2664,1745928999.443857,186.70034408569336
2665,1745928999.6399934,185.0886344909668
2666,1745928999.8366795,184.74221229553223
2667,1745929000.0309365,183.9911937713623
2668,1745929000.2277246,185.90831756591797
2669,1745929000.4247878,186.10382080078125
2670,1745929000.6203573,185.0583553314209
2671,1745929000.815822,184.85498428344727
2672,1745929001.009303,183.17317962646484
2673,1745929001.2046432,183.82644653320312
2674,1745929001.3991995,183.78925323486328
2675,1745929001.5934718,183.73942375183105
2676,1745929001.7872884,182.7406883239746
2677,1745929001.9826214,183.8231086730957
2678,1745929002.1772306,184.07106399536133
2679,1745929002.3733184,185.56904792785645
2680,1745929002.5687177,184.2491626739502
2681,1745929002.7649586,185.72688102722168
2682,1745929002.9604993,185.01901626586914
2683,1745929003.1552167,184.07773971557617
2684,1745929003.3498895,184.08536911010742
2685,1745929003.543867,183.30883979797363
2686,1745929003.7388844,184.39364433288574
2687,1745929003.932428,183.3341121673584
2688,1745929004.1260912,182.96051025390625
2689,1745929004.321006,183.9754581451416
2690,1745929004.5241642,191.62344932556152
2691,1745929004.7286372,194.10991668701172
2692,1745929004.9234312,183.75253677368164
2693,1745929005.1197526,185.22286415100098
2694,1745929005.3149238,184.1282844543457
2695,1745929005.5088394,183.213472366333
2696,1745929005.7038326,183.9594841003418
2697,1745929005.898546,183.66527557373047
2698,1745929006.091464,182.32011795043945
2699,1745929006.2870302,184.68928337097168
2700,1745929006.4836726,186.42473220825195
2701,1745929006.6798384,185.28437614440918
2702,1745929006.8771758,186.3081455230713
2703,1745929007.0736518,185.774564743042
2704,1745929008.0980432,nan
2705,1745929008.2955885,187.02149391174316
2706,1745929008.4897318,183.4242343902588
2707,1745929008.6848392,184.08989906311035
2708,1745929008.8825576,187.03079223632812
2709,1745929009.0808554,186.62071228027344
2710,1745929009.278048,186.64097785949707
2711,1745929009.4733796,184.79585647583008
2712,1745929009.6792347,194.81992721557617
2713,1745929009.8744824,184.2825412750244
2714,1745929010.0713274,185.8222484588623
2715,1745929010.2689772,186.62476539611816
2716,1745929010.4675996,187.6213550567627
2717,1745929010.6653764,186.7501735687256
2718,1745929010.8626513,186.2049102783203
2719,1745929011.0626776,189.50510025024414
2720,1745929011.259911,186.63740158081055
2721,1745929011.456911,186.4304542541504
2722,1745929011.6524658,184.8163604736328
2723,1745929011.8487704,184.9954128265381
2724,1745929012.045944,186.9978904724121
2725,1745929012.2424579,185.58287620544434
2726,1745929012.4417908,188.81940841674805
2727,1745929012.6499753,197.86763191223145
2728,1745929012.8452594,184.76605415344238
2729,1745929013.0424,185.95004081726074
2730,1745929013.2388377,186.1741542816162
2731,1745929013.4347062,184.57508087158203
2732,1745929013.6313536,186.0208511352539
2733,1745929013.829988,186.51318550109863
2734,1745929014.0265017,185.99891662597656
2735,1745929014.228247,190.0346279144287
2736,1745929014.4226975,184.38029289245605
2737,1745929014.618122,183.76851081848145
2738,1745929014.8256943,196.35820388793945
2739,1745929015.02364,186.9063377380371
2740,1745929015.2205346,186.09380722045898
2741,1745929015.4259107,194.05460357666016
2742,1745929015.6217957,185.37163734436035
2743,1745929015.816906,184.3268871307373
2744,1745929016.0125642,184.6325397491455
2745,1745929016.2074294,184.30113792419434
2746,1745929016.400653,182.68990516662598
2747,1745929016.59838,187.21795082092285
2748,1745929016.795102,185.69493293762207
2749,1745929016.994557,189.13984298706055
2750,1745929017.1913903,186.07807159423828
2751,1745929017.3874953,185.18495559692383
2752,1745929017.5865643,187.94703483581543
2753,1745929017.7817147,184.78775024414062
2754,1745929017.978904,186.12146377563477
2755,1745929018.1759937,185.9416961669922
2756,1745929018.3707802,184.2479705810547
2757,1745929018.5661132,184.2787265777588
2758,1745929018.7625518,185.42766571044922
2759,1745929018.959188,185.92381477355957
2760,1745929019.1581755,187.87622451782227
2761,1745929019.3554807,186.60473823547363
2762,1745929019.561742,195.3573226928711
2763,1745929019.764999,192.45386123657227
2764,1745929019.961643,185.50682067871094
2765,1745929020.1568623,184.1580867767334
2766,1745929020.3533132,185.9910488128662
2767,1745929020.5498204,185.9760284423828
2768,1745929020.745711,184.79442596435547
2769,1745929020.9459264,189.19754028320312
2770,1745929021.1410944,183.88104438781738
2771,1745929021.3409877,187.70503997802734
2772,1745929021.535912,184.38029289245605
2773,1745929021.7324986,185.5173110961914
2774,1745929021.929284,185.67991256713867
2775,1745929022.1264627,186.65647506713867
2776,1745929022.3251302,187.6208782196045
2777,1745929022.5215647,185.84322929382324
2778,1745929022.7193744,186.6919994354248
2779,1745929022.9184973,188.5685920715332
2780,1745929023.1154294,186.05923652648926
2781,1745929023.310139,184.18598175048828
2782,1745929023.5078776,186.72633171081543
2783,1745929023.7027764,184.39936637878418
2784,1745929023.9001822,186.50341033935547
2785,1745929024.0966406,185.44816970825195
2786,1745929024.2973351,189.23711776733398
2787,1745929024.4934907,185.48107147216797
2788,1745929024.6897235,185.69612503051758
2789,1745929024.8965223,196.37608528137207
2790,1745929025.1036475,196.20370864868164
2791,1745929025.3222158,207.7465057373047
2792,1745929025.5233567,190.82403182983398
2793,1745929025.7221692,187.31427192687988
2794,1745929025.9174798,184.69810485839844
2795,1745929026.114313,185.64128875732422
2796,1745929026.3103995,184.35430526733398
2797,1745929026.5058956,184.27681922912598
2798,1745929027.532764,nan
2799,1745929027.7272575,183.8207244873047
2800,1745929027.921739,183.4249496459961
2801,1745929028.1162298,183.9289665222168
2802,1745929028.3102684,183.5169792175293
2803,1745929028.5092661,187.9599094390869
2804,1745929028.7036085,183.66551399230957
2805,1745929028.898962,184.33904647827148
2806,1745929029.093835,183.9609146118164
2807,1745929029.2896326,184.74102020263672
2808,1745929029.4859319,185.2123737335205
2809,1745929029.6808796,184.4174861907959
2810,1745929029.8811731,189.27597999572754
2811,1745929030.0789576,186.0651969909668
2812,1745929030.278087,188.10749053955078
2813,1745929030.4739218,185.0130558013916
2814,1745929030.6710517,186.47122383117676
2815,1745929030.866577,185.01043319702148
2816,1745929031.062815,185.71949005126953
2817,1745929031.257517,184.13162231445312
2818,1745929031.4527807,184.34691429138184
2819,1745929031.6474795,183.02130699157715
2820,1745929031.8448374,186.32960319519043
2821,1745929032.0388544,182.97791481018066
2822,1745929032.236378,186.28215789794922
2823,1745929032.4388578,191.4377212524414
2824,1745929032.6368122,186.91611289978027
2825,1745929032.834882,186.94829940795898
2826,1745929033.0307205,185.1353645324707
2827,1745929033.2272427,185.9281063079834
2828,1745929033.4246018,186.59329414367676
2829,1745929033.6201828,185.04929542541504
2830,1745929033.8162565,185.55855751037598
2831,1745929034.010978,183.67910385131836
2832,1745929034.2064726,184.45754051208496
2833,1745929034.4028661,185.79697608947754
2834,1745929034.6066954,193.4194564819336
2835,1745929034.8099732,192.16656684875488
2836,1745929035.005227,184.21387672424316
2837,1745929035.200196,183.95209312438965
2838,1745929035.3959713,184.5254898071289
2839,1745929035.59157,184.57818031311035
2840,1745929035.7855763,183.3171844482422
2841,1745929035.9811141,184.16571617126465
2842,1745929036.1752105,182.56115913391113
2843,1745929036.3699446,184.2031478881836
2844,1745929036.5639398,183.43019485473633
2845,1745929036.7570388,181.98847770690918
2846,1745929036.95248,184.4160556793213
2847,1745929037.148471,184.8611831665039
2848,1745929037.3424206,183.86197090148926
2849,1745929037.535941,182.79528617858887
2850,1745929037.7300882,183.43400955200195
2851,1745929037.92431,183.52437019348145
2852,1745929038.119643,184.13233757019043
2853,1745929038.3137715,183.3345890045166
2854,1745929038.508315,183.45999717712402
2855,1745929038.7049582,185.23073196411133
2856,1745929038.898726,183.23755264282227
2857,1745929039.0937216,182.75070190429688
2858,1745929039.2885492,184.24391746520996
2859,1745929039.4832969,184.1869354248047
2860,1745929039.6806715,186.72800064086914
2861,1745929039.876383,184.14902687072754
2862,1745929040.0737154,186.45024299621582
2863,1745929040.270686,186.60664558410645
2864,1745929040.467807,186.2790584564209
2865,1745929040.6624753,184.33332443237305
2866,1745929040.859855,185.79626083374023
2867,1745929041.057627,187.42632865905762
2868,1745929041.2508085,183.00271034240723
2869,1745929041.4493544,186.5396499633789
2870,1745929041.6446037,184.9522590637207
2871,1745929041.8405204,184.94534492492676
2872,1745929042.0364916,185.05382537841797
2873,1745929042.2337961,186.05399131774902
2874,1745929042.4296212,184.79514122009277
2875,1745929042.6259222,185.78028678894043
2876,1745929042.8194506,183.11119079589844
2877,1745929043.017784,187.81065940856934
2878,1745929043.2150428,186.2199306488037
2879,1745929043.410074,184.1115951538086
2880,1745929043.6088524,188.12870979309082
2881,1745929043.803929,184.80777740478516
2882,1745929043.998806,183.563232421875
2883,1745929044.1964319,187.06083297729492
2884,1745929044.392689,185.74953079223633
2885,1745929044.5916195,188.31944465637207
2886,1745929044.7869809,184.8750114440918
2887,1745929044.9849505,187.55841255187988
2888,1745929045.1811285,185.12392044067383
2889,1745929045.3765292,184.88574028015137
2890,1745929045.5717504,184.62848663330078
2891,1745929045.7667375,183.93349647521973
2892,1745929045.9627619,185.35614013671875
2893,1745929046.1593482,185.3945255279541
2894,1745929046.3538547,183.3970546722412
2895,1745929046.5488873,184.18169021606445
2896,1745929046.7427452,182.88469314575195
2897,1745929046.9376643,184.57913398742676
2898,1745929047.135823,186.16104125976562
2899,1745929047.3374052,191.05076789855957
2900,1745929047.5328326,184.8733425140381
2901,1745929047.7273564,184.22889709472656
2902,1745929047.9226067,184.708833694458
2903,1745929048.1195343,186.04612350463867
2904,1745929048.3134704,183.3634376525879
2905,1745929048.5110028,186.38944625854492
2906,1745929048.7064114,184.37790870666504
2907,1745929048.9025064,185.47344207763672
2908,1745929049.0981548,185.42790412902832
2909,1745929049.292446,183.7446689605713
2910,1745929049.4951007,191.453218460083
2911,1745929049.6902254,184.12089347839355
2912,1745929049.8888834,188.08627128601074
2913,1745929050.0914757,191.57814979553223
2914,1745929050.2927334,190.67072868347168
2915,1745929050.4887025,185.44363975524902
2916,1745929050.6863463,187.12687492370605
2917,1745929050.8809156,184.0076446533203
2918,1745929051.0780485,186.1119270324707
2919,1745929051.273586,184.51976776123047
2920,1745929051.469702,185.37235260009766
2921,1745929051.6674151,186.28287315368652
2922,1745929051.8632708,185.64176559448242
2923,1745929052.056812,182.42359161376953
2924,1745929052.25156,183.7143898010254
2925,1745929052.44686,184.71145629882812
2926,1745929052.6411786,183.08496475219727
2927,1745929052.83632,184.3576431274414
2928,1745929053.0338466,186.78808212280273
2929,1745929053.2305233,186.08856201171875
2930,1745929053.427032,185.96887588500977
2931,1745929053.6227188,184.6156120300293
2932,1745929053.8183804,184.2963695526123
2933,1745929054.013618,184.49854850769043
2934,1745929054.209128,185.06360054016113
2935,1745929054.4037957,183.53509902954102
2936,1745929054.607279,192.95048713684082
2937,1745929054.8024375,184.4329833984375
2938,1745929054.9997706,186.2783432006836
2939,1745929055.195797,185.5008602142334
2940,1745929055.3895373,183.35413932800293
2941,1745929055.5838592,183.10785293579102
2942,1745929055.7772946,182.50083923339844
2943,1745929055.9707854,182.33680725097656
2944,1745929056.165769,183.46476554870605
2945,1745929056.3638725,187.07776069641113
2946,1745929056.5580795,183.68101119995117
2947,1745929056.7517755,183.34054946899414
2948,1745929056.945921,183.40396881103516
2949,1745929057.1408448,184.1895580291748
2950,1745929057.344277,192.7316188812256
2951,1745929057.5376618,182.83700942993164
2952,1745929057.730688,182.19470977783203
2953,1745929057.9274087,185.62555313110352
2954,1745929058.124035,185.286283493042
2955,1745929058.3187158,183.56561660766602
2956,1745929058.512775,183.1653118133545
2957,1745929058.7138603,190.0033950805664
2958,1745929058.90814,183.75444412231445
2959,1745929059.1009157,182.24787712097168
2960,1745929059.3007286,188.59362602233887
2961,1745929059.4970467,185.26196479797363
2962,1745929059.6924562,184.36527252197266
2963,1745929059.8881953,184.71384048461914
2964,1745929060.085755,186.44261360168457
2965,1745929060.2821093,185.57024002075195
2966,1745929060.4778528,185.00685691833496
2967,1745929060.6748354,185.90617179870605
2968,1745929060.8715298,186.1734390258789
2969,1745929061.0673661,184.61108207702637
2970,1745929061.2623665,184.22245979309082
2971,1745929061.4595735,185.72092056274414
2972,1745929061.6546502,184.06295776367188
2973,1745929061.849386,183.58802795410156
2974,1745929062.0444522,184.5417022705078
2975,1745929062.2408519,185.22334098815918
2976,1745929062.435035,183.65001678466797
2977,1745929062.6310449,184.66973304748535
2978,1745929062.828785,186.71822547912598
2979,1745929063.0228078,182.96241760253906
2980,1745929063.219184,185.33945083618164
2981,1745929063.4137828,183.90369415283203
2982,1745929063.6136253,188.74359130859375
2983,1745929063.8099606,185.3940486907959
2984,1745929064.0061762,185.211181640625
2985,1745929064.2027621,186.09189987182617
2986,1745929064.4004283,187.08348274230957
2987,1745929064.6037707,192.3215389251709
2988,1745929064.8040817,189.74757194519043
2989,1745929065.000975,185.85991859436035
2990,1745929065.1969728,185.72473526000977
2991,1745929065.4033716,195.36805152893066
2992,1745929065.599376,185.46628952026367
2993,1745929065.7953105,185.3771209716797
2994,1745929065.9912312,185.28032302856445
2995,1745929066.1881511,185.87589263916016
2996,1745929066.3843615,185.0292682647705
2997,1745929066.5785995,183.8052272796631
2998,1745929066.7761588,186.2797737121582
2999,1745929066.9704196,183.87746810913086
3000,1745929067.163601,182.71589279174805
3001,1745929067.3580687,183.95543098449707
3002,1745929067.5529776,183.9601993560791
3003,1745929067.7491813,185.58359146118164
3004,1745929067.9460974,186.42306327819824
3005,1745929068.9587996,nan
3006,1745929069.1556435,186.2356662750244
3007,1745929069.3508155,184.83662605285645
3008,1745929069.5473726,185.46199798583984
3009,1745929069.744381,186.82861328125
3010,1745929069.9454644,190.51289558410645
3011,1745929070.13935,182.83987045288086
3012,1745929070.3350377,184.64207649230957
3013,1745929070.5297177,183.70985984802246
3014,1745929070.723968,183.40349197387695
3015,1745929070.9178517,182.83534049987793
3016,1745929071.112549,183.73346328735352
3017,1745929071.3063734,183.58707427978516
3018,1745929071.5009487,184.19122695922852
3019,1745929071.6970465,185.06217002868652
3020,1745929071.8904328,182.34610557556152
3021,1745929072.0840497,182.79790878295898
3022,1745929072.278784,183.57348442077637
3023,1745929072.4761648,186.8441104888916
3024,1745929072.6724749,185.26148796081543
3025,1745929072.8693578,186.3718032836914
3026,1745929073.0663145,185.44697761535645
3027,1745929073.2618341,184.99279022216797
3028,1745929073.4571881,184.74245071411133
3029,1745929073.6547205,186.00821495056152
3030,1745929073.8507323,185.502290725708
3031,1745929074.0457804,184.45587158203125
3032,1745929074.2424502,185.34445762634277
3033,1745929074.4384844,185.2262020111084
3034,1745929074.634325,184.82375144958496
3035,1745929074.8305874,184.71789360046387
3036,1745929075.0461254,205.2934169769287
3037,1745929075.240686,183.9919090270996
3038,1745929075.4370425,185.23216247558594
3039,1745929075.6345541,186.98978424072266
3040,1745929075.8326972,187.72244453430176
3041,1745929076.0284245,184.22484397888184
3042,1745929076.2248328,185.37521362304688
3043,1745929076.421668,185.71233749389648
3044,1745929076.617812,185.43100357055664
3045,1745929076.8127892,184.07011032104492
3046,1745929077.0087817,184.94081497192383
3047,1745929077.2045846,185.2123737335205
3048,1745929077.3987849,183.25495719909668
3049,1745929077.5962045,186.31863594055176
3050,1745929077.7896018,182.87897109985352
3051,1745929077.9864848,185.78577041625977
3052,1745929078.1826825,185.47987937927246
3053,1745929078.37923,185.7154369354248
3054,1745929078.5744214,184.66591835021973
3055,1745929078.7690268,184.48948860168457
3056,1745929078.9647727,184.7076416015625
3057,1745929079.1613,185.7776641845703
3058,1745929079.356207,183.685302734375
3059,1745929079.557283,190.33122062683105
3060,1745929079.7696705,201.99823379516602
3061,1745929079.975967,195.10960578918457
3062,1745929080.1706944,184.13686752319336
3063,1745929080.3685591,186.71846389770508
3064,1745929080.5631037,183.44807624816895
3065,1745929080.7588222,185.1823329925537
3066,1745929080.9557161,185.84871292114258
3067,1745929081.152496,186.06972694396973
3068,1745929081.3473651,184.26108360290527
3069,1745929081.543161,184.44561958312988
3070,1745929081.740411,185.927152633667
3071,1745929081.9348643,183.93659591674805
3072,1745929082.1297772,184.37790870666504
3073,1745929082.3236544,183.335542678833
3074,1745929082.519298,184.1108798980713
3075,1745929082.7146275,184.3118667602539
3076,1745929082.9108362,185.5611801147461
3077,1745929083.1068056,185.43744087219238
3078,1745929083.3025155,184.77845191955566
3079,1745929083.4986868,184.8733425140381
3080,1745929083.693977,184.51166152954102
3081,1745929083.8915873,186.80214881896973
3082,1745929084.0886788,185.06598472595215
3083,1745929084.2852442,185.86158752441406
3084,1745929084.4807272,184.44561958312988
3085,1745929084.6771946,186.05279922485352
3086,1745929084.87262,184.8766803741455
3087,1745929085.070731,187.5288486480713
3088,1745929085.2698421,187.85738945007324
3089,1745929085.4644341,184.05914306640625
3090,1745929085.6633458,188.3227825164795
3091,1745929085.8588142,184.36813354492188
3092,1745929086.0537477,184.8435401916504
3093,1745929086.2498739,184.78870391845703
3094,1745929086.4449725,184.72576141357422
3095,1745929086.6402364,184.0038299560547
3096,1745929086.8414078,189.90826606750488
3097,1745929087.0385237,186.19203567504883
3098,1745929087.2348487,185.5316162109375
3099,1745929087.430389,184.51285362243652
3100,1745929087.625738,184.73100662231445
3101,1745929087.8230624,186.6281032562256
3102,1745929088.0185416,184.9687099456787
3103,1745929088.2142887,184.55839157104492
3104,1745929088.409908,185.00208854675293
3105,1745929088.6055365,184.78655815124512
3106,1745929088.803845,187.6235008239746
3107,1745929088.9988525,184.48472023010254
3108,1745929089.1943367,184.45324897766113
3109,1745929089.388763,183.89177322387695
3110,1745929089.584491,185.21976470947266
3111,1745929089.787122,191.58315658569336
3112,1745929089.9824843,184.39054489135742
3113,1745929090.182975,189.46146965026855
3114,1745929090.3777819,183.7003231048584
3115,1745929090.5780847,189.5129680633545
3116,1745929090.7729232,184.326171875
3117,1745929090.9690797,184.6177577972412
3118,1745929091.1639647,184.02457237243652
3119,1745929091.3583882,183.26115608215332
3120,1745929091.5539541,184.54480171203613
3121,1745929091.75296,188.39168548583984
3122,1745929091.9496698,186.18369102478027
3123,1745929092.1483884,187.1964931488037
3124,1745929092.3411908,182.5273036956787
3125,1745929092.5365162,184.06987190246582
3126,1745929092.7324204,184.84139442443848
3127,1745929092.9299939,186.89823150634766
3128,1745929093.123735,183.11405181884766
3129,1745929093.3231673,187.94846534729004
3130,1745929093.5168893,182.71303176879883
3131,1745929093.7106414,183.2103729248047
3132,1745929093.9057038,184.37695503234863
3133,1745929094.1039202,187.12449073791504
3134,1745929094.2986374,184.1602325439453
3135,1745929094.5046933,195.0228214263916
3136,1745929094.7015023,185.87398529052734
3137,1745929094.9013302,188.68136405944824
3138,1745929095.0969846,185.12535095214844
3139,1745929095.2945783,186.65051460266113
3140,1745929095.491015,185.92524528503418
3141,1745929095.6880167,185.2715015411377
3142,1745929095.8847542,186.10429763793945
3143,1745929096.080409,184.62705612182617
3144,1745929096.2763824,184.7226619720459
3145,1745929096.469173,182.63840675354004
3146,1745929096.6657195,185.39929389953613
3147,1745929096.8616955,184.89432334899902
3148,1745929097.0590265,186.72847747802734
3149,1745929097.2557323,186.16223335266113
3150,1745929097.4530272,186.10119819641113
3151,1745929097.6505845,187.36529350280762
3152,1745929097.8509517,189.17417526245117
3153,1745929098.0479743,186.27238273620605
3154,1745929098.2437358,185.028076171875
3155,1745929098.4408255,186.04421615600586
3156,1745929098.635607,184.13972854614258
3157,1745929098.8297708,182.4021339416504
3158,1745929099.0270717,186.2509250640869
3159,1745929099.223463,184.39316749572754
3160,1745929099.422707,188.7211799621582
3161,1745929099.6177542,184.51333045959473
3162,1745929099.822551,194.11706924438477
3163,1745929100.0188146,185.00423431396484
3164,1745929100.2137177,184.3736171722412
3165,1745929100.4081964,183.30812454223633
3166,1745929100.6046124,185.3463649749756
3167,1745929100.8004098,184.7827434539795
3168,1745929100.9944808,183.46595764160156
3169,1745929101.1905298,185.0302219390869
3170,1745929101.3855,183.7601661682129
3171,1745929101.5801854,183.6380958557129
3172,1745929101.777486,186.25736236572266
3173,1745929101.9709318,182.72042274475098
3174,1745929102.1663158,184.24320220947266
3175,1745929102.3626409,185.32228469848633
3176,1745929102.5575075,184.27133560180664
3177,1745929102.7527487,184.20982360839844
3178,1745929102.9463718,183.20631980895996
3179,1745929103.1427827,185.20164489746094
3180,1745929103.3378057,184.46803092956543
3181,1745929103.5338192,185.4848861694336
3182,1745929103.7308834,186.01703643798828
3183,1745929103.9256935,183.76636505126953
3184,1745929104.1230488,186.16628646850586
3185,1745929104.3197522,186.2032413482666
3186,1745929104.5138624,183.5637092590332
3187,1745929104.7099288,184.88574028015137
3188,1745929104.9054298,183.96592140197754
3189,1745929105.0994718,183.4700107574463
3190,1745929105.296181,185.68134307861328
3191,1745929105.4915073,184.8127841949463
3192,1745929105.6855044,183.47549438476562
3193,1745929105.8826566,186.57994270324707
3194,1745929106.0793579,186.32745742797852
3195,1745929106.2753558,184.8902702331543
3196,1745929106.4705791,184.24749374389648
3197,1745929106.6656363,184.2663288116455
3198,1745929106.8642797,187.74652481079102
3199,1745929107.058932,184.04698371887207
3200,1745929107.2557156,185.6226921081543
3201,1745929107.4514313,185.32061576843262
3202,1745929107.6495373,187.59584426879883
3203,1745929107.8437743,183.1660270690918
3204,1745929108.039513,184.44347381591797
3205,1745929108.2347767,184.22174453735352
3206,1745929108.4312465,185.94956398010254
3207,1745929108.6262462,184.4778060913086
3208,1745929108.8212242,184.3588352203369
3209,1745929109.0169032,184.63563919067383
3210,1745929109.2126958,184.91744995117188
3211,1745929109.408452,184.84854698181152
3212,1745929109.610827,191.1463737487793
3213,1745929109.8068488,184.8304271697998
3214,1745929110.0058808,188.7824535369873
3215,1745929110.2064302,189.46266174316406
3216,1745929110.4015357,184.4649314880371
3217,1745929111.4157782,nan
3218,1745929111.611002,184.72051620483398
3219,1745929111.807579,185.54139137268066
3220,1745929112.0036168,185.1184368133545
3221,1745929112.199744,184.79514122009277
3222,1745929112.3968112,185.91880798339844
3223,1745929112.5927947,185.48059463500977
3224,1745929112.7894773,186.07187271118164
3225,1745929112.9853752,185.33086776733398
3226,1745929113.1803207,183.65740776062012
3227,1745929113.3769777,184.9231719970703
3228,1745929113.577352,190.29474258422852
3229,1745929113.774448,186.04302406311035
3230,1745929113.97383,188.70997428894043
3231,1745929114.1698613,184.7400665283203
3232,1745929114.3648622,183.7923526763916
3233,1745929114.5598223,184.004545211792
3234,1745929114.7576554,185.86111068725586
3235,1745929114.9664314,197.74794578552246
3236,1745929115.162641,185.06169319152832
3237,1745929115.3578598,184.68618392944336
3238,1745929115.554833,185.9414577484131
3239,1745929115.751476,185.6062412261963
3240,1745929115.9465518,184.6451759338379
3241,1745929116.1444373,186.71464920043945
3242,1745929116.3406162,185.5478286743164
3243,1745929116.5394123,188.2495880126953
3244,1745929116.7361598,186.22803688049316
3245,1745929116.9306023,183.72511863708496
3246,1745929117.1290352,187.48927116394043
3247,1745929117.3265243,186.47313117980957
3248,1745929117.522768,185.70923805236816
3249,1745929117.7177484,183.92515182495117
3250,1745929117.9137974,185.47606468200684
3251,1745929118.1094418,185.03618240356445
3252,1745929118.304384,183.9125156402588
3253,1745929118.4997864,184.37576293945312
3254,1745929118.6984763,187.3486042022705
3255,1745929118.8934166,184.39912796020508
3256,1745929119.0892568,184.68999862670898
3257,1745929119.2852964,184.93938446044922
3258,1745929119.480129,183.98356437683105
3259,1745929119.6743407,183.16173553466797
3260,1745929119.8714936,185.92548370361328
3261,1745929120.06968,187.9417896270752
3262,1745929120.2638667,183.67242813110352
3263,1745929120.4586084,184.11493301391602
3264,1745929120.653868,185.04762649536133
3265,1745929120.8507018,185.68921089172363
3266,1745929121.0472891,185.4541301727295
3267,1745929121.2440379,186.2046718597412
3268,1745929121.441184,186.62452697753906
3269,1745929121.6366696,184.82184410095215
3270,1745929121.8339198,186.03968620300293
3271,1745929122.0286918,183.70437622070312
3272,1745929122.226076,186.7668628692627
3273,1745929122.4225883,186.0029697418213
3274,1745929122.617059,184.25464630126953
3275,1745929122.812415,184.29279327392578
3276,1745929123.0079122,183.9444637298584
3277,1745929123.2029476,184.42797660827637
3278,1745929123.4012468,187.26849555969238
3279,1745929123.5972228,184.9210262298584
3280,1745929123.7937317,185.93454360961914
3281,1745929123.987634,182.8160285949707
3282,1745929124.1845515,185.90092658996582
3283,1745929124.3796043,184.70358848571777
3284,1745929124.580774,190.13094902038574
3285,1745929124.7800593,187.7734661102295
3286,1745929124.9751906,184.30376052856445
3287,1745929125.1724546,186.1119270324707
3288,1745929125.3682952,184.88264083862305
3289,1745929125.5643685,185.16850471496582
3290,1745929125.7584589,183.3195686340332
3291,1745929125.952426,183.4549903869629
3292,1745929126.1498759,186.74468994140625
3293,1745929126.3462155,185.78004837036133
3294,1745929126.5553954,198.10032844543457
3295,1745929126.75281,186.8264675140381
3296,1745929126.9495173,186.1867904663086
3297,1745929127.1460705,185.50753593444824
3298,1745929127.3443508,186.5370273590088
3299,1745929127.5380907,183.61282348632812
3300,1745929127.7330463,184.4344139099121
3301,1745929127.9310155,187.4535083770752
3302,1745929128.125609,184.4615936279297
3303,1745929128.322767,185.64200401306152
3304,1745929128.5165138,183.55202674865723
3305,1745929128.7126253,185.49418449401855
3306,1745929128.907566,183.8827133178711
3307,1745929129.103499,184.7097873687744
3308,1745929129.2986903,184.42654609680176
3309,1745929129.4934714,184.27181243896484
3310,1745929129.6901834,186.0041618347168
3311,1745929129.8861697,185.73808670043945
3312,1745929130.083462,186.25831604003906
3313,1745929130.280002,185.50515174865723
3314,1745929130.4764497,184.9231719970703
3315,1745929130.6724699,183.96973609924316
3316,1745929130.8689213,185.8236789703369
3317,1745929131.0649977,185.67323684692383
3318,1745929131.2607667,184.7970485687256
3319,1745929131.4540617,183.11357498168945
3320,1745929131.6493754,184.26871299743652
3321,1745929131.8455312,185.12749671936035
3322,1745929132.0411,185.18376350402832
3323,1745929132.2354748,183.3209991455078
3324,1745929132.4308538,185.28318405151367
3325,1745929132.627397,184.70454216003418
3326,1745929132.8242939,185.896635055542
3327,1745929133.017601,182.8172206878662
3328,1745929133.2236152,194.95844841003418
3329,1745929133.4210813,186.83838844299316
3330,1745929133.615676,183.4852695465088
3331,1745929133.8129175,186.57541275024414
3332,1745929134.0073102,183.1672191619873
3333,1745929134.200888,183.00580978393555
3334,1745929134.3960304,183.97021293640137
3335,1745929134.5924375,185.2588653564453
3336,1745929134.789606,185.1179599761963
3337,1745929134.9968803,196.2110996246338
3338,1745929135.1907063,183.31432342529297
3339,1745929135.3910196,189.12768363952637
3340,1745929135.589046,187.47949600219727
3341,1745929135.7854927,185.90736389160156
3342,1745929135.9806573,184.0188503265381
3343,1745929136.1752687,183.61973762512207
3344,1745929136.3707125,184.85617637634277
3345,1745929136.5664096,184.17978286743164
3346,1745929136.7608984,183.30073356628418
3347,1745929136.9542813,182.8160285949707
3348,1745929137.1514537,185.5306625366211
3349,1745929137.3461065,183.98165702819824
3350,1745929137.543241,186.60211563110352
3351,1745929137.7415326,187.7572536468506
3352,1745929137.941917,189.833402633667
3353,1745929138.1391494,186.61880493164062
3354,1745929138.3348103,184.62657928466797
3355,1745929138.529675,184.05652046203613
3356,1745929138.7265897,186.57779693603516
3357,1745929138.9229472,185.48274040222168
3358,1745929139.1164565,182.4784278869629
3359,1745929139.3124804,184.7991943359375
3360,1745929139.5185125,194.69332695007324
3361,1745929139.7170243,187.46113777160645
3362,1745929139.9155762,188.0171298980713
3363,1745929140.1113243,184.66901779174805
3364,1745929140.3074727,184.9651336669922
3365,1745929140.502763,184.76462364196777
3366,1745929140.6989446,185.5936050415039
3367,1745929140.894828,185.3008270263672
3368,1745929141.0898542,184.06915664672852
3369,1745929141.28483,183.47692489624023
3370,1745929141.4808233,185.03403663635254
3371,1745929141.677969,185.61077117919922
3372,1745929141.8741233,185.591459274292
3373,1745929142.0698338,185.17112731933594
3374,1745929142.2666023,186.0637664794922
3375,1745929142.4626882,184.88359451293945
3376,1745929142.6574657,184.20791625976562
3377,1745929142.8541806,185.55927276611328
3378,1745929143.0505693,185.84370613098145
3379,1745929143.2452614,183.6683750152588
3380,1745929143.4425757,186.2940788269043
3381,1745929143.6378152,184.6599578857422
3382,1745929143.8335419,185.51206588745117
3383,1745929144.0284941,183.92443656921387
3384,1745929144.2246032,184.71240997314453
3385,1745929144.420209,185.0607395172119
3386,1745929144.6185093,186.9189739227295
3387,1745929144.8117924,182.52897262573242
3388,1745929145.017372,194.99516487121582
3389,1745929145.2124205,184.39650535583496
3390,1745929145.4123988,189.4674301147461
3391,1745929145.6070116,183.7460994720459
3392,1745929145.8028524,184.79347229003906
3393,1745929145.9984243,185.12988090515137
3394,1745929146.1943634,185.34374237060547
3395,1745929146.3896556,184.32950973510742
3396,1745929146.5843904,184.29875373840332
3397,1745929146.7793152,184.4170093536377
3398,1745929146.975181,185.33658981323242
3399,1745929147.172417,187.12639808654785
3400,1745929147.3668623,183.98046493530273
3401,1745929147.5610402,183.20369720458984
3402,1745929147.757914,185.32538414001465
3403,1745929147.954832,186.1860752105713
3404,1745929148.1515007,184.64279174804688
3405,1745929148.3451333,183.23040008544922
3406,1745929148.5415325,185.302734375
3407,1745929148.7371798,184.97633934020996
3408,1745929148.9312062,182.99293518066406
3409,1745929149.1248305,183.32767486572266
3410,1745929149.3225808,186.55705451965332
3411,1745929149.5178757,184.80944633483887
3412,1745929149.714696,185.76478958129883
3413,1745929149.9100087,184.70263481140137
3414,1745929150.105354,184.80896949768066
3415,1745929150.2991598,183.28094482421875
3416,1745929150.503684,192.21258163452148
3417,1745929150.6989608,184.77106094360352
3418,1745929150.894684,185.19067764282227
3419,1745929151.0894635,184.17978286743164
3420,1745929151.2855651,185.57095527648926
3421,1745929151.480746,183.67266654968262
3422,1745929151.6766183,185.79721450805664
3423,1745929151.8725903,184.79108810424805
3424,1745929152.068454,185.30011177062988
3425,1745929152.2635615,184.67307090759277
3426,1745929152.4616017,187.1328353881836
3427,1745929152.656918,184.30066108703613
3428,1745929152.852597,184.98897552490234
3429,1745929153.048366,184.42749977111816
3430,1745929153.2439983,183.99357795715332
3431,1745929153.4424355,187.8974437713623
3432,1745929153.637625,184.90123748779297
3433,1745929153.8334816,185.13727188110352
3434,1745929154.0314913,186.79404258728027
3435,1745929154.2259095,183.40682983398438
3436,1745929154.4209135,183.98165702819824
3437,1745929154.6278718,195.43766975402832
3438,1745929154.8232324,184.81826782226562
3439,1745929155.0174384,183.10880661010742
3440,1745929155.2213175,192.8272247314453
3441,1745929155.4172547,184.6179962158203
3442,1745929155.613781,185.46152114868164
3443,1745929155.8090756,185.07766723632812
3444,1745929156.0054827,185.63079833984375
3445,1745929156.2003734,184.28659439086914
3446,1745929156.3969991,185.92023849487305
3447,1745929156.5928066,185.29534339904785
3448,1745929156.7898996,185.99462509155273
3449,1745929156.9860554,185.3957176208496
3450,1745929157.1960444,198.9302635192871
3451,1745929157.3905869,183.95662307739258
3452,1745929157.5857131,183.624267578125
3453,1745929157.7812145,184.47208404541016
3454,1745929157.9768784,184.94033813476562
3455,1745929158.1738641,185.5330467224121
3456,1745929158.3699481,184.92412567138672
3457,1745929158.5649633,183.97998809814453
3458,1745929158.7597294,184.49091911315918
3459,1745929158.9571805,186.3384246826172
3460,1745929159.155217,186.62023544311523
3461,1745929159.3491514,183.4874153137207
3462,1745929159.5457935,185.66250801086426
3463,1745929159.7440486,187.20531463623047
3464,1745929159.940385,186.08641624450684
3465,1745929160.1352599,184.39197540283203
3466,1745929160.3327138,186.56349182128906
3467,1745929160.5293808,185.93335151672363
3468,1745929160.7238212,183.7000846862793
3469,1745929160.920208,185.65106391906738
3470,1745929161.116494,185.23836135864258
3471,1745929161.3102822,183.15649032592773
3472,1745929161.5068798,185.5485439300537
3473,1745929161.702594,184.66758728027344
3474,1745929161.8984988,184.51380729675293
3475,1745929162.0931914,183.7775707244873
3476,1745929162.290433,186.1891746520996
3477,1745929162.4880424,187.0284080505371
3478,1745929162.6848624,186.2189769744873
3479,1745929162.8795812,183.67576599121094
3480,1745929163.0739946,183.49003791809082
3481,1745929163.2683132,183.80165100097656
3482,1745929163.4643714,184.80300903320312
3483,1745929164.478657,nan
3484,1745929164.6819649,192.60478019714355
3485,1745929164.8794532,186.95712089538574
3486,1745929165.0748842,184.36551094055176
3487,1745929165.2710085,185.53471565246582
3488,1745929165.4670248,185.33015251159668
3489,1745929165.6635737,185.35399436950684
3490,1745929165.8567014,182.55996704101562
3491,1745929166.0509484,183.15911293029785
3492,1745929166.2457638,183.78281593322754
3493,1745929166.442684,186.39111518859863
3494,1745929166.638795,185.21571159362793
3495,1745929166.838642,188.75670433044434
3496,1745929167.0354764,185.79387664794922
3497,1745929167.2315683,185.5320930480957
3498,1745929167.430041,187.45064735412598
3499,1745929167.6308777,190.15789031982422
3500,1745929167.8315475,189.73231315612793
3501,1745929168.0277376,184.32879447937012
3502,1745929168.2244334,186.1746311187744
3503,1745929168.4202201,184.27491188049316
3504,1745929168.6158423,184.58008766174316
3505,1745929168.811559,185.18733978271484
3506,1745929169.0054064,183.68935585021973
3507,1745929169.2014074,184.89360809326172
3508,1745929169.3964043,184.22412872314453
3509,1745929169.5993195,191.65682792663574
3510,1745929169.8050041,194.64850425720215
3511,1745929170.0002103,182.95025825500488
3512,1745929170.1950014,184.60774421691895
3513,1745929170.3900437,184.4007968902588
3514,1745929170.5850816,184.16762351989746
3515,1745929170.7816904,185.8224868774414
3516,1745929170.9791667,186.262845993042
3517,1745929171.177521,187.3037815093994
3518,1745929171.3741624,185.51969528198242
3519,1745929171.5686598,183.27903747558594
3520,1745929171.7651265,185.58263778686523
3521,1745929171.9609194,184.7512722015381
3522,1745929172.1561332,184.68356132507324
3523,1745929172.351252,184.05389785766602
3524,1745929172.5459797,183.70819091796875
3525,1745929172.7409084,183.8850975036621
3526,1745929172.9373217,184.71837043762207
3527,1745929173.1349707,186.21110916137695
3528,1745929173.3288286,183.3186149597168
3529,1745929173.5254314,185.9734058380127
3530,1745929173.7215421,184.88597869873047
3531,1745929173.9164243,183.85958671569824
3532,1745929174.1126282,185.45842170715332
3533,1745929174.3079815,185.10103225708008
3534,1745929174.504703,186.17653846740723
3535,1745929174.7005568,185.4703426361084
3536,1745929174.897137,185.96243858337402
3537,1745929175.0939465,185.77980995178223
3538,1745929175.2900686,185.2283477783203
3539,1745929175.4862173,185.54234504699707
3540,1745929175.6833293,186.54441833496094
3541,1745929175.8780956,184.3113899230957
3542,1745929176.0728106,183.7935447692871
3543,1745929176.2688158,185.43195724487305
3544,1745929176.4672425,187.38102912902832
3545,1745929176.6642141,186.21492385864258
3546,1745929176.8597343,185.05096435546875
3547,1745929177.054972,184.06391143798828
3548,1745929177.2505333,184.6144199371338
3549,1745929177.4475136,186.45095825195312
3550,1745929177.6425874,183.84289741516113
3551,1745929177.8396168,185.85538864135742
3552,1745929178.0345514,184.71646308898926
3553,1745929178.2311437,185.3647232055664
3554,1745929178.4278271,186.10858917236328
3555,1745929178.6226227,184.25846099853516
3556,1745929178.8181903,184.46063995361328
3557,1745929179.0175421,188.31610679626465
3558,1745929179.2125785,184.02862548828125
3559,1745929179.4091446,186.31219863891602
3560,1745929179.6058705,186.19179725646973
3561,1745929179.8014889,184.5722198486328
3562,1745929179.997704,185.441255569458
3563,1745929180.1937587,185.0302219390869
3564,1745929180.389466,185.2130889892578
3565,1745929180.586438,185.9745979309082
3566,1745929180.7815676,183.53605270385742
3567,1745929180.9786942,185.81056594848633
3568,1745929181.17549,186.2645149230957
3569,1745929181.3695064,183.5610866546631
3570,1745929181.5682015,187.6375675201416
3571,1745929181.762552,183.9306354522705
3572,1745929181.9585576,184.8912239074707
3573,1745929182.155823,186.1898899078369
3574,1745929182.353086,185.81247329711914
3575,1745929182.5489872,185.3501796722412
3576,1745929182.7486563,189.0265941619873
3577,1745929182.946002,185.56714057922363
3578,1745929183.1414845,185.25981903076172
3579,1745929183.3344874,182.19614028930664
3580,1745929183.532821,187.2844696044922
3581,1745929183.727922,184.5848560333252
3582,1745929183.9239602,185.47296524047852
3583,1745929184.1973846,262.9132270812988
3584,1745929184.3912516,182.71613121032715
3585,1745929184.593931,191.4534568786621
3586,1745929184.788324,183.36820602416992
3587,1745929184.9861248,187.20054626464844
3588,1745929185.1854475,188.40622901916504
3589,1745929185.3799212,183.8817596435547
3590,1745929185.5735204,183.08568000793457
3591,1745929185.768768,183.9580535888672
3592,1745929185.9613829,182.09362030029297
3593,1745929186.157952,185.47558784484863
3594,1745929186.3527033,183.72702598571777
3595,1745929186.5473237,184.1878890991211
3596,1745929186.7431,184.56315994262695
3597,1745929186.937308,183.3667755126953
3598,1745929187.1324093,184.02862548828125
3599,1745929187.3259213,182.5387477874756
3600,1745929187.522736,184.44275856018066
3601,1745929187.717764,184.38458442687988
3602,1745929187.9124851,184.20886993408203
3603,1745929188.1090388,186.0373020172119
3604,1745929188.3065028,186.22469902038574
3605,1745929188.5024245,184.8313808441162
3606,1745929188.6975193,183.6998462677002
3607,1745929188.8955765,186.8877410888672
3608,1745929189.0923562,184.3855381011963
3609,1745929189.2881374,185.4703426361084
3610,1745929189.485258,185.61196327209473
3611,1745929189.6808066,184.54432487487793
3612,1745929189.8765123,184.43727493286133
3613,1745929190.0700514,182.44290351867676
3614,1745929190.2649221,183.8228702545166
3615,1745929190.4584794,182.0845603942871
3616,1745929190.6524374,182.9087734222412
3617,1745929190.8503156,186.50126457214355
3618,1745929191.0513015,190.46998023986816
3619,1745929191.2456388,183.32839012145996
3620,1745929191.4398608,183.12382698059082
3621,1745929191.634499,183.1185817718506
3622,1745929191.82764,182.67488479614258
3623,1745929192.0216107,182.45506286621094
3624,1745929192.2158859,183.23469161987305
3625,1745929192.4099371,182.96575546264648
3626,1745929192.6035788,182.60574340820312
3627,1745929192.7984118,183.74943733215332
3628,1745929192.9930124,183.96234512329102
3629,1745929193.186051,182.29317665100098
3630,1745929193.3815715,183.49409103393555
3631,1745929193.5766764,184.2939853668213
3632,1745929193.772587,184.90242958068848
3633,1745929193.965583,182.50799179077148
3634,1745929194.1594326,182.6465129852295
3635,1745929194.3553824,184.9346160888672
3636,1745929194.550581,184.16905403137207
3637,1745929194.7444928,183.17222595214844
3638,1745929194.939016,183.48264694213867
3639,1745929195.1331146,183.08782577514648
3640,1745929195.3264036,182.5418472290039
3641,1745929195.5223167,184.8912239074707
3642,1745929195.7161891,183.00771713256836
3643,1745929195.9107323,183.47501754760742
3644,1745929196.1057415,183.9292049407959
3645,1745929196.3004086,183.67433547973633
3646,1745929196.495317,183.64882469177246
3647,1745929196.6916485,185.15539169311523
3648,1745929196.8849583,182.56354331970215
3649,1745929197.0792477,183.24542045593262
3650,1745929197.2733474,182.44194984436035
3651,1745929197.4725685,187.85810470581055
3652,1745929197.6666787,183.5458278656006
3653,1745929197.8608782,183.5036277770996
3654,1745929198.053755,182.26003646850586
3655,1745929198.2496676,184.83209609985352
3656,1745929198.4442012,183.53033065795898
3657,1745929198.6386049,183.30764770507812
3658,1745929198.8323092,183.1836700439453
3659,1745929199.026195,182.9838752746582
3660,1745929199.2246916,187.15143203735352
3661,1745929199.420305,184.5862865447998
3662,1745929199.6196795,187.85572052001953
3663,1745929199.8235142,193.15385818481445
3664,1745929200.0194376,184.97371673583984
3665,1745929200.2157085,185.23788452148438
3666,1745929200.411898,184.83734130859375
3667,1745929200.6086795,186.22779846191406
3668,1745929200.8041868,184.8764419555664
3669,1745929200.999551,184.2787265777588
3670,1745929201.1976354,187.25085258483887
3671,1745929201.3935614,185.27460098266602
3672,1745929201.5907285,186.5706443786621
3673,1745929201.7876463,185.71066856384277
3674,1745929201.9808676,182.14988708496094
3675,1745929202.175283,182.7523708343506
3676,1745929202.370395,184.09395217895508
3677,1745929202.5647323,183.64214897155762
3678,1745929202.7641077,187.7291202545166
3679,1745929202.9605641,184.99040603637695
3680,1745929203.1559577,185.2424144744873
3681,1745929203.3505847,183.563232421875
3682,1745929203.5488353,187.23082542419434
3683,1745929203.7464614,186.5999698638916
3684,1745929203.9411805,184.09109115600586
3685,1745929204.1385605,186.59615516662598
3686,1745929204.334642,185.3928565979004
3687,1745929204.5292778,183.8552951812744
3688,1745929204.7254336,185.12821197509766
3689,1745929204.9218025,185.31560897827148
3690,1745929205.1179013,184.96060371398926
3691,1745929205.3151925,185.7013702392578
3692,1745929205.512448,186.21301651000977
3693,1745929205.7095628,186.2642765045166
3694,1745929205.9056213,185.58716773986816
3695,1745929206.1032114,186.99407577514648
3696,1745929206.2985497,184.4310760498047
3697,1745929206.4943576,184.55839157104492
3698,1745929206.6941056,188.39764595031738
3699,1745929207.7168062,nan
3700,1745929207.9126098,185.43505668640137
3701,1745929208.1085465,185.11557579040527
3702,1745929208.304425,185.25004386901855
3703,1745929208.502493,186.84935569763184
3704,1745929208.6976542,184.43727493286133
3705,1745929208.89621,187.85357475280762
3706,1745929209.0913837,184.79013442993164
3707,1745929209.2857974,183.39800834655762
3708,1745929209.4832222,186.05494499206543
3709,1745929209.678305,184.31782722473145
3710,1745929209.8826275,193.24326515197754
3711,1745929210.0777638,184.5700740814209
3712,1745929210.2735538,184.8289966583252
3713,1745929211.2875764,nan
3714,1745929211.4854803,187.3927116394043
3715,1745929211.6808474,184.84878540039062
3716,1745929211.8782623,186.77878379821777
3717,1745929212.0755548,186.76304817199707
3718,1745929212.2707899,184.08966064453125
3719,1745929212.4651625,183.86387825012207
3720,1745929212.6610208,185.29510498046875
3721,1745929212.8582919,185.6827735900879
3722,1745929213.0590563,190.15002250671387
3723,1745929213.25599,185.58669090270996
3724,1745929213.4525287,184.01408195495605
3725,1745929213.6479967,185.3494644165039
3726,1745929213.8433726,184.33356285095215
3727,1745929214.0397806,185.20164489746094
3728,1745929214.2355125,185.16278266906738
3729,1745929214.4329867,186.4449977874756
3730,1745929214.6372283,193.6018466949463
3731,1745929214.839927,192.1372413635254
3732,1745929215.860161,nan
3733,1745929216.0546153,183.75444412231445
3734,1745929216.251065,185.3032112121582
3735,1745929216.4475849,185.4562759399414
3736,1745929216.6435463,185.11152267456055
3737,1745929216.8404927,185.96863746643066
3738,1745929217.0378423,186.48362159729004
3739,1745929217.234495,186.09905242919922
3740,1745929217.4324157,187.13736534118652
3741,1745929217.6288218,185.62579154968262
3742,1745929217.823578,184.21101570129395
3743,1745929218.0216992,187.0718002319336
3744,1745929218.216566,184.60559844970703
3745,1745929218.4134629,185.4233741760254
3746,1745929218.6124177,187.6513957977295
3747,1745929218.8071086,183.69531631469727
3748,1745929219.003838,185.67967414855957
3749,1745929219.2013116,186.42544746398926
3750,1745929219.3963342,184.50546264648438
3751,1745929219.5933945,186.0370635986328
3752,1745929219.7977877,193.77374649047852
3753,1745929219.992579,184.28826332092285
3754,1745929220.1881478,184.99302864074707
3755,1745929220.3824275,183.7139129638672
3756,1745929220.5773013,184.22842025756836
3757,1745929220.7709067,183.27665328979492
3758,1745929220.966453,183.41445922851562
3759,1745929221.1600487,183.06541442871094
3760,1745929221.3553138,184.22341346740723
3761,1745929221.548816,183.3183765411377
3762,1745929221.7481034,188.25650215148926
3763,1745929221.9433494,184.96012687683105
3764,1745929222.1412518,186.63859367370605
3765,1745929222.3361924,184.42678451538086
3766,1745929222.5325365,185.4231357574463
3767,1745929222.7266383,183.36033821105957
3768,1745929222.922258,185.09197235107422
3769,1745929223.1163816,183.57229232788086
3770,1745929223.3101366,182.72662162780762
3771,1745929223.5057821,184.59081649780273
3772,1745929223.6995223,183.44879150390625
3773,1745929223.8979106,187.34192848205566
3774,1745929224.0936038,184.95965003967285
3775,1745929224.2923253,188.02189826965332
3776,1745929224.486371,183.2716464996338
3777,1745929224.6817465,184.36670303344727
3778,1745929224.8870673,194.70763206481934
3779,1745929225.0837593,185.6822967529297
3780,1745929225.2815042,186.7377758026123
3781,1745929225.4771783,184.98635292053223
3782,1745929225.6736407,185.49704551696777
3783,1745929225.8725138,187.68763542175293
3784,1745929226.0682929,184.9191188812256
3785,1745929226.2651958,185.8060359954834
3786,1745929226.4626005,186.16652488708496
3787,1745929226.6590476,185.8675479888916
3788,1745929226.8554547,185.36996841430664
3789,1745929227.0508144,184.34572219848633
3790,1745929227.249742,187.31331825256348
3791,1745929227.44824,187.636137008667
3792,1745929227.6439924,184.675931930542
3793,1745929227.8425677,187.29114532470703
3794,1745929228.0402205,186.98835372924805
3795,1745929228.236274,184.84854698181152
3796,1745929228.4335775,186.3868236541748
3797,1745929228.6316252,187.24465370178223
3798,1745929228.8275213,185.04834175109863
3799,1745929229.0226452,184.01241302490234
3800,1745929229.2191355,184.95917320251465
3801,1745929229.413352,183.6841106414795
3802,1745929229.6153266,190.81664085388184
3803,1745929229.8195438,193.18103790283203
3804,1745929230.0145426,183.95757675170898
3805,1745929230.2106304,185.03904342651367
3806,1745929230.4049852,182.83987045288086
3807,1745929230.6001935,184.70001220703125
3808,1745929230.7971945,186.22946739196777
3809,1745929230.9926012,184.39698219299316
3810,1745929231.187001,183.88652801513672
3811,1745929231.382685,184.64946746826172
3812,1745929231.5768476,183.59732627868652
3813,1745929231.7726092,184.80539321899414
3814,1745929231.9686894,184.48996543884277
3815,1745929232.1625228,183.274507522583
3816,1745929232.359066,185.49799919128418
3817,1745929232.5609326,191.35522842407227
3818,1745929232.7539182,182.45649337768555
3819,1745929232.950808,185.64653396606445
3820,1745929233.1463912,184.830904006958
3821,1745929233.3433688,186.04373931884766
3822,1745929233.537906,183.95447731018066
3823,1745929233.7354722,186.53082847595215
3824,1745929233.9288023,182.2795867919922
3825,1745929234.1274436,187.7574920654297
3826,1745929234.3224843,184.3125820159912
3827,1745929234.5179641,184.43536758422852
3828,1745929234.7141314,184.86809730529785
3829,1745929234.9228184,198.26030731201172
3830,1745929235.1208344,187.47496604919434
3831,1745929235.3175302,186.4922046661377
3832,1745929235.5133498,185.24599075317383
3833,1745929235.7109358,186.47074699401855
3834,1745929235.9066634,184.70287322998047
3835,1745929236.1028266,185.5013370513916
3836,1745929236.2998257,185.3320598602295
3837,1745929236.4946392,184.31735038757324
3838,1745929236.6926246,187.16788291931152
3839,1745929236.8902576,187.02197074890137
3840,1745929237.0862873,185.00590324401855
3841,1745929237.282423,185.1022243499756
3842,1745929238.3098035,nan
3843,1745929238.5054862,184.94772911071777
3844,1745929238.7024508,185.84656715393066
3845,1745929238.9007688,187.19744682312012
3846,1745929239.0979676,186.68842315673828
3847,1745929239.2961957,187.14404106140137
3848,1745929239.4938529,186.55824661254883
3849,1745929239.6889832,184.37647819519043
3850,1745929239.8856802,185.66226959228516
3851,1745929240.0841262,187.77918815612793
3852,1745929240.2800019,185.09173393249512
3853,1745929240.4764977,185.62698364257812
3854,1745929240.67435,186.83505058288574
3855,1745929240.8727045,187.82758712768555
3856,1745929241.0690892,185.61387062072754
3857,1745929241.2670097,186.88368797302246
3858,1745929241.4644845,187.1352195739746
3859,1745929241.6608672,185.86373329162598
3860,1745929241.8589292,186.54251098632812
3861,1745929242.0556731,185.71710586547852
3862,1745929242.2537856,187.57891654968262
3863,1745929242.4498992,185.38999557495117
3864,1745929242.6469336,185.90283393859863
3865,1745929242.8437006,185.7452392578125
3866,1745929243.0396712,184.9365234375
3867,1745929243.2423735,191.6673183441162
3868,1745929243.4376965,184.79537963867188
3869,1745929243.632708,183.70962142944336
3870,1745929243.8284607,184.3581199645996
3871,1745929244.0216563,182.173490524292
3872,1745929244.216625,183.945894241333
3873,1745929244.4111454,183.48240852355957
3874,1745929244.6138265,192.1541690826416
3875,1745929244.8088171,183.94756317138672
3876,1745929245.0134196,194.0138339996338
3877,1745929245.2133203,189.06116485595703
3878,1745929245.4094481,184.99755859375
3879,1745929245.604829,184.61012840270996
3880,1745929245.7992187,183.84170532226562
3881,1745929245.994494,185.10103225708008
3882,1745929246.1893513,184.251070022583
3883,1745929246.3826237,182.74784088134766
3884,1745929246.5785625,184.54360961914062
3885,1745929246.7713926,182.4963092803955
3886,1745929246.9670265,184.90338325500488
3887,1745929247.1632552,185.164213180542
3888,1745929247.3577008,183.24971199035645
3889,1745929247.5514693,183.12931060791016
3890,1745929247.7462444,183.75253677368164
3891,1745929247.9423506,185.3339672088623
3892,1745929248.1379774,185.2567195892334
3893,1745929248.3353722,186.8593692779541
3894,1745929248.5298734,183.2406520843506
3895,1745929248.726402,185.47606468200684
3896,1745929248.9206014,183.7024688720703
3897,1745929249.1161184,184.1602325439453
3898,1745929249.3096378,182.94072151184082
3899,1745929249.5055406,183.3629608154297
3900,1745929249.7001905,184.4022274017334
3901,1745929249.8954942,184.48734283447266
3902,1745929250.089632,183.14790725708008
3903,1745929250.2823904,182.2500228881836
3904,1745929250.4773574,183.518648147583
3905,1745929250.674014,184.9203109741211
3906,1745929250.867975,182.98792839050293
3907,1745929251.0626595,183.3193302154541
3908,1745929251.2584584,185.1966381072998
3909,1745929251.452541,183.41684341430664
3910,1745929251.648743,184.7219467163086
3911,1745929251.8432686,183.90989303588867
3912,1745929252.0359755,182.04545974731445
3913,1745929252.230335,183.32529067993164
3914,1745929252.425468,183.56585502624512
3915,1745929252.6412811,204.58245277404785
3916,1745929252.8388238,185.96243858337402
3917,1745929253.034835,185.47344207763672
3918,1745929253.2294464,183.97927284240723
3919,1745929253.42312,183.14290046691895
3920,1745929253.6476386,213.43231201171875
3921,1745929253.8409386,182.68203735351562
3922,1745929254.0355296,182.97648429870605
3923,1745929254.2298844,183.83431434631348
3924,1745929254.4237993,183.36749076843262
3925,1745929254.6182115,183.38966369628906
3926,1745929254.8133178,184.59105491638184
3927,1745929255.0084348,184.33785438537598
3928,1745929255.2038295,184.295654296875
3929,1745929255.3981621,183.79855155944824
3930,1745929255.5936491,184.78798866271973
3931,1745929255.7873406,183.1533908843994
3932,1745929255.981869,183.30764770507812
3933,1745929256.179186,186.23733520507812
3934,1745929256.3730636,183.32958221435547
3935,1745929256.5690465,184.9653720855713
3936,1745929256.7641916,184.62824821472168
3937,1745929256.9575486,182.8460693359375
3938,1745929257.1509888,182.7523708343506
3939,1745929257.3468854,184.33523178100586
3940,1745929257.5416288,184.36574935913086
3941,1745929257.7361503,183.75587463378906
3942,1745929257.9323463,185.6672763824463
3943,1745929258.1261542,183.29501152038574
3944,1745929258.3206995,183.76398086547852
3945,1745929258.514784,183.47454071044922
3946,1745929258.7087018,182.77859687805176
3947,1745929258.9029396,183.65192413330078
3948,1745929259.0965488,183.060884475708
3949,1745929259.292637,184.9837303161621
3950,1745929259.4936721,190.9167766571045
3951,1745929259.7049484,200.15358924865723
3952,1745929259.9017463,185.74094772338867
3953,1745929260.0974653,184.65471267700195
3954,1745929260.3000178,191.47562980651855
3955,1745929260.4946308,183.5646629333496
3956,1745929260.6923409,187.09897994995117
3957,1745929260.887501,184.80587005615234
3958,1745929261.082737,183.72845649719238
3959,1745929261.279395,185.380220413208
3960,1745929261.475329,185.41908264160156
3961,1745929261.6735992,187.21747398376465
3962,1745929261.8702602,185.79387664794922
3963,1745929262.066129,185.36615371704102
3964,1745929262.2624662,185.81461906433105
3965,1745929262.459717,185.99247932434082
3966,1745929262.6587107,187.74151802062988
3967,1745929262.8545182,185.29105186462402
3968,1745929263.0509624,185.499906539917
3969,1745929263.24885,186.2025260925293
3970,1745929263.4444678,185.08219718933105
3971,1745929263.6395535,184.44085121154785
3972,1745929263.839161,188.22097778320312
3973,1745929264.035131,185.1353645324707
3974,1745929264.2312157,185.56857109069824
3975,1745929264.42828,185.38546562194824
3976,1745929264.62489,186.10429763793945
3977,1745929264.822687,186.77854537963867
3978,1745929265.0224655,188.68041038513184
3979,1745929265.2184935,185.37020683288574
3980,1745929265.4132223,184.18550491333008
3981,1745929265.6107297,186.16247177124023
3982,1745929265.8087265,186.95998191833496
3983,1745929266.0050101,185.4267120361328
3984,1745929266.20245,186.30123138427734
3985,1745929266.3983278,184.9365234375
3986,1745929266.5964017,186.99359893798828
3987,1745929266.7920346,185.03999710083008
3988,1745929266.9898174,187.23130226135254
3989,1745929267.1836874,183.21633338928223
3990,1745929267.3804572,185.7590675354004
3991,1745929267.5765774,185.4867935180664
3992,1745929267.7724717,185.14299392700195
3993,1745929267.9690964,186.02490425109863
3994,1745929268.1632874,183.11691284179688
3995,1745929268.358717,184.19837951660156
3996,1745929268.554366,184.47494506835938
3997,1745929268.748799,184.02385711669922
3998,1745929268.9466634,187.61444091796875
3999,1745929269.1397178,182.48414993286133
4000,1745929269.3338842,183.15553665161133
4001,1745929269.52883,183.66765975952148
4002,1745929269.7233956,184.03124809265137
4003,1745929269.9185128,184.16571617126465
4004,1745929270.114645,185.29105186462402
4005,1745929270.3107398,185.52803993225098
4006,1745929270.5045838,182.77287483215332
4007,1745929270.6981437,182.48939514160156
4008,1745929270.8935373,184.72957611083984
4009,1745929271.0880804,183.54177474975586
4010,1745929271.2827356,183.68124961853027
4011,1745929271.4774206,183.6385726928711
4012,1745929271.6714768,183.37488174438477
4013,1745929271.865888,183.88843536376953
4014,1745929272.0624645,186.05875968933105
4015,1745929272.2562864,182.82604217529297
4016,1745929272.456715,189.7892951965332
4017,1745929272.6548202,187.90435791015625
4018,1745929272.8504488,184.05652046203613
4019,1745929273.0457845,184.82017517089844
4020,1745929273.2424872,185.44983863830566
4021,1745929273.437962,184.97920036315918
4022,1745929273.6349323,185.44745445251465
4023,1745929273.8297026,183.67362022399902
4024,1745929274.026036,185.37449836730957
4025,1745929274.2207932,184.31854248046875
4026,1745929274.415474,183.07900428771973
4027,1745929274.6177175,191.71857833862305
4028,1745929274.8127935,183.83240699768066
4029,1745929275.020361,196.98691368103027
4030,1745929275.217969,186.53225898742676
4031,1745929275.4138937,184.79180335998535
4032,1745929275.6115892,186.65194511413574
4033,1745929275.8078709,185.56952476501465
4034,1745929276.0049005,186.01346015930176
4035,1745929276.2008104,184.56077575683594
4036,1745929276.3974848,185.14609336853027
4037,1745929276.600132,192.1250820159912
4038,1745929276.7969077,186.2170696258545
4039,1745929276.9940703,185.99843978881836
4040,1745929277.1967003,191.98107719421387
4041,1745929277.3924382,185.2128505706787
4042,1745929277.587793,184.88454818725586
4043,1745929277.7873006,188.4617805480957
4044,1745929277.9830806,185.1675510406494
4045,1745929279.0065732,nan
4046,1745929279.2035515,186.4187717437744
4047,1745929279.400409,186.3100528717041
4048,1745929279.598136,186.47289276123047
4049,1745929279.7934546,184.7975254058838
4050,1745929279.9907067,186.45405769348145
4051,1745929280.18935,187.18361854553223
4052,1745929280.3903632,190.6900405883789
4053,1745929280.5862284,185.67752838134766
4054,1745929280.7824929,185.62936782836914
4055,1745929280.9782553,185.49394607543945
4056,1745929281.176016,186.72466278076172
4057,1745929281.3748503,188.64774703979492
4058,1745929281.571322,185.683012008667
4059,1745929281.767001,185.075044631958
4060,1745929281.96385,185.76884269714355
4061,1745929282.1595652,184.41319465637207
4062,1745929282.3560581,185.44459342956543
4063,1745929282.5529451,186.29908561706543
4064,1745929282.7507432,187.03198432922363
4065,1745929282.9477527,185.9884262084961
4066,1745929283.1453578,187.22867965698242
4067,1745929283.3430848,187.00623512268066
4068,1745929283.540774,187.14642524719238
4069,1745929283.7366095,185.42170524597168
4070,1745929283.932197,184.49854850769043
4071,1745929284.1315236,188.30156326293945
4072,1745929284.3276856,184.62133407592773
4073,1745929284.5273535,188.56430053710938
4074,1745929284.7316244,194.11158561706543
4075,1745929284.9317536,189.11218643188477
4076,1745929285.12668,183.56013298034668
4077,1745929285.3239563,186.0792636871338
4078,1745929285.5202734,185.32156944274902
4079,1745929285.7153533,184.69786643981934
4080,1745929285.9124596,186.06233596801758
4081,1745929286.1101427,187.02268600463867
4082,1745929286.305281,184.33403968811035
4083,1745929286.5007508,184.85379219055176
4084,1745929286.6960115,184.07320976257324
4085,1745929286.890684,184.14926528930664
4086,1745929287.0860178,184.29327011108398
4087,1745929287.2837236,186.94424629211426
4088,1745929287.4912288,196.3658332824707
4089,1745929287.6887608,187.00766563415527
4090,1745929287.8845727,184.97490882873535
4091,1745929288.08009,184.51786041259766
4092,1745929288.2783155,186.76424026489258
4093,1745929288.4744978,185.9261989593506
4094,1745929288.6700237,185.1048469543457
4095,1745929288.8646276,184.18312072753906
4096,1745929289.0615616,185.70756912231445
4097,1745929289.25836,186.0334873199463
4098,1745929289.452561,183.1963062286377
4099,1745929289.6556544,192.06905364990234
4100,1745929289.862565,196.06447219848633
4101,1745929290.0631528,189.24427032470703
4102,1745929290.2597299,185.5323314666748
4103,1745929290.455814,185.99987030029297
4104,1745929290.6522956,186.0508918762207
4105,1745929290.8486469,185.78243255615234
4106,1745929291.0452878,185.96696853637695
4107,1745929291.2400146,183.6848258972168
4108,1745929291.4384477,187.39056587219238
4109,1745929291.634622,185.14776229858398
4110,1745929291.8325524,186.83171272277832
4111,1745929292.0299716,186.85197830200195
4112,1745929292.2283704,187.8671646118164
4113,1745929292.425065,186.19394302368164
4114,1745929292.6208024,185.40358543395996
4115,1745929292.8171659,185.9128475189209
4116,1745929293.0116494,184.20982360839844
4117,1745929293.2087436,186.06138229370117
4118,1745929293.4061663,186.36345863342285
4119,1745929293.6049073,188.22765350341797
4120,1745929293.8009,184.97157096862793
4121,1745929294.0140257,202.44789123535156
4122,1745929294.2107728,186.04755401611328
4123,1745929294.4099784,188.2317066192627
4124,1745929294.608438,187.79945373535156
4125,1745929294.8091705,190.20509719848633
4126,1745929295.004706,184.36217308044434
4127,1745929295.2024493,187.23297119140625
4128,1745929295.405079,191.40911102294922
4129,1745929295.6038735,188.2154941558838
4130,1745929295.7997253,185.21547317504883
4131,1745929295.997087,185.77885627746582
4132,1745929296.193618,186.05637550354004
4133,1745929296.3905156,186.1865520477295
4134,1745929296.590242,188.58098983764648
4135,1745929296.7871466,186.38086318969727
4136,1745929296.9841216,185.94861030578613
4137,1745929297.181726,186.80524826049805
4138,1745929297.3783617,185.9123706817627
4139,1745929297.5764174,187.5436305999756
4140,1745929297.773608,186.79022789001465
4141,1745929297.969398,184.95869636535645
4142,1745929298.16687,186.0675811767578
4143,1745929298.362434,184.22555923461914
4144,1745929298.5594864,185.94670295715332
4145,1745929298.7556813,185.05549430847168
4146,1745929298.9533477,187.05105781555176
4147,1745929299.1496606,185.72187423706055
4148,1745929299.346217,185.807466506958
4149,1745929299.5437932,187.1016025543213
4150,1745929299.744374,189.73898887634277
4151,1745929299.9437428,188.37332725524902
4152,1745929300.138459,184.14735794067383
4153,1745929300.3344464,185.0588321685791
4154,1745929300.5314307,185.5025291442871
4155,1745929300.7296875,187.08562850952148
4156,1745929300.9253883,184.77702140808105
4157,1745929301.1245708,188.1422996520996
4158,1745929301.3179924,182.85226821899414
4159,1745929301.516585,187.70623207092285
4160,1745929301.7114427,184.17668342590332
4161,1745929301.9065752,184.0064525604248
4162,1745929302.1014092,183.80141258239746
4163,1745929302.295855,183.32195281982422
4164,1745929302.4925406,185.1329803466797
4165,1745929302.6867008,183.58397483825684
4166,1745929302.881212,184.22937393188477
4167,1745929303.0782619,185.81342697143555
4168,1745929303.272289,182.9838752746582
4169,1745929303.4678626,183.9759349822998
4170,1745929303.6652298,186.96928024291992
4171,1745929303.8595002,183.2270622253418
4172,1745929304.05441,183.82930755615234
4173,1745929304.2486334,183.1352710723877
4174,1745929304.4421973,182.4049949645996
4175,1745929304.6472292,193.37701797485352
4176,1745929304.846465,188.36593627929688
4177,1745929305.8674097,nan
4178,1745929306.0626209,184.82565879821777
4179,1745929306.259118,185.0125789642334
4180,1745929307.2813811,nan
4181,1745929307.4791243,187.08515167236328
4182,1745929307.6741872,184.53121185302734
4183,1745929307.8713138,185.44387817382812
4184,1745929308.0671642,185.33039093017578
4185,1745929308.2627742,185.06455421447754
4186,1745929308.4580917,184.7856044769287
4187,1745929308.65603,186.58065795898438
4188,1745929308.85133,184.63706970214844
4189,1745929309.049865,188.01641464233398
4190,1745929309.2468092,185.9278678894043
4191,1745929309.442563,184.54432487487793
4192,1745929309.6397383,186.9065761566162
4193,1745929309.83631,185.5320930480957
4194,1745929310.0308485,183.8085651397705
4195,1745929310.2281682,185.80031394958496
4196,1745929310.4234078,184.29017066955566
4197,1745929311.4426785,nan
4198,1745929311.638088,185.12296676635742
4199,1745929311.833455,184.31925773620605
4200,1745929312.0297594,185.32633781433105
4201,1745929312.2260492,185.29224395751953
4202,1745929312.4245126,188.26866149902344
4203,1745929312.6232486,187.7748966217041
4204,1745929312.8203573,186.25640869140625
4205,1745929313.0139716,183.00342559814453
4206,1745929313.212371,187.35647201538086
4207,1745929313.4083517,184.9348545074463
4208,1745929313.6042056,184.9379539489746
4209,1745929313.8024433,187.22963333129883
4210,1745929313.9982426,185.2877140045166
4211,1745929314.1947942,185.51039695739746
4212,1745929314.392527,185.3964328765869
4213,1745929314.5856838,183.04944038391113
4214,1745929314.7892945,192.57235527038574
4215,1745929314.9875395,187.0722770690918
4216,1745929315.1853867,187.30831146240234
4217,1745929315.3812368,185.19306182861328
4218,1745929315.578455,186.14530563354492
4219,1745929315.775698,186.18011474609375
4220,1745929315.9701903,183.70962142944336
4221,1745929316.1667054,185.88781356811523
4222,1745929316.365012,187.17217445373535
4223,1745929316.5611513,185.2734088897705
4224,1745929316.7578344,185.11223793029785
4225,1745929316.954855,185.44363975524902
4226,1745929317.1516182,185.74023246765137
4227,1745929317.347637,185.67705154418945
4228,1745929317.5435805,184.91077423095703
4229,1745929317.7389596,183.48288536071777
4230,1745929317.934628,185.00328063964844
4231,1745929318.131346,185.65773963928223
4232,1745929318.3280046,186.05923652648926
4233,1745929318.5275655,188.5204315185547
4234,1745929318.7246516,186.05804443359375
4235,1745929318.9234967,188.29345703125
4236,1745929319.120749,185.52184104919434
4237,1745929319.3178706,186.0802173614502
4238,1745929319.5210886,192.32583045959473
4239,1745929319.7325988,200.8688449859619
4240,1745929319.9286313,185.47677993774414
4241,1745929320.1240518,185.1203441619873
4242,1745929320.322721,186.5370273590088
4243,1745929320.5165634,183.7167739868164
4244,1745929320.7128823,185.2700710296631
4245,1745929320.9105995,186.80834770202637
4246,1745929321.1085546,187.255859375
4247,1745929321.3073163,187.79897689819336
4248,1745929321.5041559,185.68921089172363
4249,1745929321.6983156,183.63523483276367
4250,1745929321.8943744,184.42368507385254
4251,1745929322.090695,184.51905250549316
4252,1745929322.2870066,186.0053539276123
4253,1745929322.482721,184.6616268157959
4254,1745929322.6811173,187.32285499572754
4255,1745929322.877605,185.3933334350586
4256,1745929323.0747147,186.5379810333252
4257,1745929323.2714963,186.05685234069824
4258,1745929323.4671123,184.828519821167
4259,1745929323.664432,186.74874305725098
4260,1745929323.8589156,183.9303970336914
4261,1745929324.05665,186.71083450317383
4262,1745929324.2543397,187.40296363830566
4263,1745929324.4504356,185.58502197265625
4264,1745929324.646447,184.99422073364258
4265,1745929324.8474636,189.50629234313965
4266,1745929325.0435264,185.03499031066895
4267,1745929325.240145,186.09285354614258
4268,1745929325.4468732,195.79410552978516
4269,1745929325.6447911,186.8903636932373
4270,1745929325.8411193,185.8053207397461
4271,1745929326.0400002,187.9899501800537
4272,1745929326.237936,187.4258518218994
4273,1745929326.4345076,186.01226806640625
4274,1745929326.6316218,186.48910522460938
4275,1745929326.828772,186.13457679748535
4276,1745929327.027886,188.19046020507812
4277,1745929327.2243366,185.12630462646484
4278,1745929327.4191015,184.51571464538574
4279,1745929327.6165438,186.41209602355957
4280,1745929327.8123324,185.08291244506836
4281,1745929328.0087152,185.36877632141113
4282,1745929328.2073724,187.2873306274414
4283,1745929328.4015741,183.39204788208008
4284,1745929328.5966275,184.03363227844238
4285,1745929328.7924788,184.7069263458252
4286,1745929328.9893193,185.67252159118652
4287,1745929329.1849585,185.03952026367188
4288,1745929329.3806157,184.60655212402344
4289,1745929329.5766218,185.37449836730957
4290,1745929329.775088,188.05170059204102
4291,1745929329.9705582,184.4935417175293
4292,1745929330.1747775,193.24254989624023
4293,1745929330.3705978,184.4637393951416
4294,1745929330.5692072,188.0795955657959
4295,1745929330.7644358,184.46779251098633
4296,1745929330.9612606,186.04588508605957
4297,1745929331.159507,187.19124794006348
4298,1745929331.354847,184.46874618530273
4299,1745929331.5504866,184.4465732574463
4300,1745929331.7467823,185.28079986572266
4301,1745929331.9411147,183.2103729248047
4302,1745929332.1378233,185.12988090515137
4303,1745929332.3333137,184.9691867828369
4304,1745929332.5400558,196.15840911865234
4305,1745929332.7366943,186.19489669799805
4306,1745929332.93479,186.4907741546631
4307,1745929333.1314902,186.1124038696289
4308,1745929333.3294325,187.2403621673584
4309,1745929333.5248575,184.4007968902588
4310,1745929333.7227466,186.8605613708496
4311,1745929333.921414,187.56461143493652
4312,1745929334.1162722,184.33833122253418
4313,1745929334.3113832,184.50617790222168
4314,1745929334.5158176,193.31765174865723
4315,1745929334.7169404,190.230131149292
4316,1745929334.9128327,184.84902381896973
4317,1745929335.109896,186.4645481109619
4318,1745929335.3079338,186.61856651306152
4319,1745929335.5047035,186.2473487854004
4320,1745929335.7008364,185.16969680786133
4321,1745929335.895956,183.6090087890625
4322,1745929336.0907528,183.6528778076172
4323,1745929336.2877681,186.50293350219727
4324,1745929336.4844792,185.9424114227295
4325,1745929336.6782954,183.16340446472168
4326,1745929336.8766453,187.1941089630127
4327,1745929337.0735607,186.29217147827148
4328,1745929337.274511,189.88609313964844
4329,1745929337.4688537,183.3963394165039
4330,1745929337.6640944,183.95495414733887
4331,1745929337.8579776,183.18772315979004
4332,1745929338.0552077,186.1591339111328
4333,1745929338.252472,186.0029697418213
4334,1745929338.4486625,185.1484775543213
4335,1745929338.6435452,183.7925910949707
4336,1745929338.8409147,186.34915351867676
4337,1745929339.0415466,189.07546997070312
4338,1745929339.2374768,185.22310256958008
4339,1745929339.4341526,185.35518646240234
4340,1745929339.6312878,186.37871742248535
4341,1745929339.8280115,186.0523223876953
4342,1745929340.0248387,185.78338623046875
4343,1745929340.220384,184.5259666442871
4344,1745929340.4146523,183.66527557373047
4345,1745929340.6106222,184.90028381347656
4346,1745929340.80548,184.065580368042
4347,1745929341.0005019,184.42773818969727
4348,1745929341.1968348,185.34398078918457
4349,1745929341.3910477,183.69746208190918
4350,1745929341.5870144,184.4346523284912
4351,1745929341.7836952,184.9658489227295
4352,1745929341.9801676,185.79578399658203
4353,1745929342.1754076,185.07122993469238
4354,1745929342.370839,184.92817878723145
4355,1745929342.568521,184.6635341644287
4356,1745929342.7648888,186.19322776794434
4357,1745929342.9625826,187.1795654296875
4358,1745929343.1587236,184.57555770874023
4359,1745929343.354512,184.43894386291504
4360,1745929343.5562854,190.69337844848633
4361,1745929343.7510595,184.2052936553955
4362,1745929343.9484797,186.36703491210938
4363,1745929344.1448298,185.5170726776123
4364,1745929344.3423223,185.4863166809082
4365,1745929344.5380812,185.2097511291504
4366,1745929344.7339716,185.33062934875488
4367,1745929345.7593403,nan
4368,1745929345.9562986,186.13171577453613
4369,1745929346.1540844,186.98549270629883
4370,1745929346.3494139,185.09340286254883
4371,1745929346.5449407,184.01861190795898
4372,1745929346.7401526,184.19241905212402
4373,1745929346.9355223,184.3092441558838
4374,1745929347.1308875,184.57746505737305
4375,1745929348.1523635,nan
4376,1745929348.350334,187.3762607574463
4377,1745929348.5478752,186.71274185180664
4378,1745929348.743784,184.8771572113037
4379,1745929348.9388359,184.51356887817383
4380,1745929349.1343472,184.4770908355713
4381,1745929349.3306983,185.67490577697754
4382,1745929349.5330195,190.80829620361328
4383,1745929349.7333772,189.40973281860352
4384,1745929349.9279604,183.69770050048828
4385,1745929350.124702,186.05613708496094
4386,1745929350.3192656,184.07154083251953
4387,1745929350.5157046,185.42885780334473
4388,1745929350.7125802,186.0182285308838
4389,1745929350.908891,186.13958358764648
4390,1745929351.1059597,186.53607368469238
4391,1745929351.3027542,185.25338172912598
4392,1745929351.4978294,184.7977638244629
4393,1745929351.693578,184.70311164855957
4394,1745929351.8909101,186.4473819732666
4395,1745929352.0867722,184.83281135559082
4396,1745929352.2838595,185.896635055542
4397,1745929352.478238,182.86585807800293
4398,1745929352.6728883,184.08775329589844
4399,1745929352.873439,189.82791900634766
4400,1745929353.0690145,184.94915962219238
4401,1745929353.265885,185.81604957580566
4402,1745929353.4631283,186.2032413482666
4403,1745929353.6594586,185.79983711242676
4404,1745929353.854924,185.25981903076172
4405,1745929354.0511713,185.2116584777832
4406,1745929354.2484152,186.11550331115723
4407,1745929354.4454958,186.48958206176758
4408,1745929354.6425004,186.48815155029297
4409,1745929354.8390372,186.2032413482666
4410,1745929355.0360458,186.4635944366455
4411,1745929355.2322218,185.55498123168945
4412,1745929355.4274044,184.37767028808594
4413,1745929355.622422,184.21387672424316
4414,1745929355.8185837,186.05661392211914
4415,1745929356.011287,182.4955940246582
4416,1745929356.2066011,183.82644653320312
4417,1745929356.4056377,188.15207481384277
4418,1745929356.6011894,184.47256088256836
4419,1745929356.798687,186.45930290222168
4420,1745929357.8241994,nan
4421,1745929358.020982,186.16914749145508
4422,1745929358.2165487,184.9539279937744
4423,1745929358.41297,185.34541130065918
4424,1745929358.6098378,186.34271621704102
4425,1745929359.6357558,nan
4426,1745929360.6579802,nan
4427,1745929360.85607,187.48998641967773
4428,1745929361.0529828,186.3729953765869
4429,1745929361.2525403,188.04645538330078
4430,1745929361.4500482,186.9828701019287
4431,1745929361.648379,187.58606910705566
4432,1745929361.846605,187.44874000549316
4433,1745929362.0436795,185.92572212219238
4434,1745929362.239697,184.88740921020508
4435,1745929362.4356441,184.68737602233887
4436,1745929362.6311364,184.40866470336914
4437,1745929362.8275206,185.3158473968506
4438,1745929363.023589,185.55498123168945
4439,1745929363.2215388,186.42258644104004
4440,1745929363.4178462,185.00065803527832
4441,1745929363.6186242,189.83936309814453
4442,1745929363.8135731,184.2327117919922
4443,1745929364.010623,186.0196590423584
4444,1745929364.2053509,183.41779708862305
4445,1745929364.4006371,184.248685836792
4446,1745929364.6053321,194.1239833831787
4447,1745929364.7998383,183.92038345336914
4448,1745929364.9952502,184.38172340393066
4449,1745929365.190327,184.5560073852539
4450,1745929365.3857203,184.21173095703125
4451,1745929366.397463,nan
4452,1745929366.5929239,184.83829498291016
4453,1745929366.7876832,183.96425247192383
4454,1745929367.813946,nan
4455,1745929368.8398433,nan
4456,1745929369.0371165,186.67149543762207
4457,1745929369.2337952,185.6229305267334
4458,1745929369.43003,185.39834022521973
4459,1745929369.6265032,185.44363975524902
4460,1745929369.833764,196.21968269348145
4461,1745929370.0286355,184.27324295043945
4462,1745929370.2250025,185.73427200317383
4463,1745929370.4196217,184.04674530029297
4464,1745929370.6163332,185.41264533996582
4465,1745929370.813641,186.26999855041504
4466,1745929371.0098703,185.06717681884766
4467,1745929371.207935,187.26634979248047
4468,1745929371.4064376,187.4709129333496
4469,1745929371.6047378,186.96093559265137
4470,1745929371.8012977,185.50348281860352
4471,1745929371.9973254,185.50419807434082
4472,1745929372.193418,184.9689483642578
4473,1745929372.3942962,189.7587776184082
4474,1745929372.589276,183.6690902709961
4475,1745929372.7910242,190.54150581359863
4476,1745929372.987791,185.70566177368164
4477,1745929373.1844838,185.96839904785156
4478,1745929373.3796475,184.65065956115723
4479,1745929373.5743814,184.15403366088867
4480,1745929373.7681856,183.29834938049316
4481,1745929373.965583,186.1436367034912
4482,1745929374.1600037,184.0200424194336
4483,1745929374.3548353,183.79521369934082
4484,1745929374.5496745,183.94732475280762
4485,1745929374.7435968,183.1684112548828
4486,1745929374.9389787,184.34643745422363
4487,1745929375.1334207,183.91895294189453
4488,1745929375.3306422,186.0966682434082
4489,1745929375.5245688,183.41755867004395
4490,1745929375.7208323,185.62626838684082
4491,1745929375.9165108,185.16135215759277
4492,1745929376.113611,186.61141395568848
4493,1745929376.3102093,185.67728996276855
4494,1745929376.5067568,185.94956398010254
4495,1745929376.703542,185.75525283813477
4496,1745929376.8999617,185.90474128723145
4497,1745929377.098937,187.93082237243652
4498,1745929377.293664,184.21363830566406
4499,1745929377.4914641,187.43443489074707
4500,1745929377.6872625,185.211181640625
4501,1745929377.8829947,184.53025817871094
4502,1745929378.079205,185.52875518798828
4503,1745929378.274201,184.47160720825195
4504,1745929378.4724736,187.57987022399902
4505,1745929378.6681893,185.1942539215088
4506,1745929378.8645701,185.33968925476074
4507,1745929379.0608027,185.72521209716797
4508,1745929379.2562723,183.93325805664062
4509,1745929379.4523802,185.7309341430664
4510,1745929379.657423,193.99380683898926
4511,1745929379.853909,185.4104995727539
4512,1745929380.0498939,184.9508285522461
4513,1745929380.2479908,187.03770637512207
4514,1745929380.445784,186.6910457611084
4515,1745929380.6438851,186.7811679840088
4516,1745929380.841443,186.64193153381348
4517,1745929381.0387387,186.45477294921875
4518,1745929381.2350042,185.36829948425293
4519,1745929381.4327378,186.6929531097412
4520,1745929381.6307662,186.91205978393555
4521,1745929381.8279498,185.40143966674805
4522,1745929382.0267684,188.08674812316895
4523,1745929382.2226467,185.3647232055664
4524,1745929382.4246802,190.1552677154541
4525,1745929382.6207862,185.55068969726562
4526,1745929382.8167465,184.91458892822266
4527,1745929383.0123706,184.47303771972656
4528,1745929383.2087157,185.83035469055176
4529,1745929383.4076722,188.34614753723145
4530,1745929383.6033206,184.4170093536377
4531,1745929383.7988274,185.35566329956055
4532,1745929383.9940624,184.66424942016602
4533,1745929384.1900647,184.9687099456787
4534,1745929384.388625,187.49499320983887
4535,1745929384.5827794,182.08551406860352
4536,1745929384.7827346,189.41092491149902
4537,1745929384.9776907,183.65740776062012
4538,1745929385.171483,183.6843490600586
4539,1745929385.3670247,184.67283248901367
4540,1745929385.561171,183.9578151702881
4541,1745929385.7577162,185.4226589202881
4542,1745929385.9526398,183.9311122894287
4543,1745929386.148936,185.07957458496094
4544,1745929386.3436265,183.6256980895996
4545,1745929386.53883,184.05485153198242
4546,1745929386.733639,184.2348575592041
4547,1745929386.928403,183.76493453979492
4548,1745929387.123885,184.5076084136963
4549,1745929388.137913,nan
4550,1745929388.3324645,183.79735946655273
4551,1745929388.5274322,184.44442749023438
4552,1745929388.7224822,184.12113189697266
4553,1745929388.917738,184.4935417175293
4554,1745929389.1138263,185.02402305603027
4555,1745929390.1282742,nan
4556,1745929390.3238792,184.5860481262207
4557,1745929390.5200794,185.6222152709961
4558,1745929390.7165806,185.01806259155273
4559,1745929390.9134898,185.90140342712402
4560,1745929391.1090028,185.05573272705078
4561,1745929391.3067107,186.44976615905762
4562,1745929391.5059295,188.17424774169922
4563,1745929391.7025728,186.31291389465332
4564,1745929391.8979776,184.9954128265381
4565,1745929392.0945206,185.5027675628662
4566,1745929392.291662,186.38086318969727
4567,1745929392.4878292,185.64295768737793
4568,1745929392.6847768,186.42663955688477
4569,1745929392.8823256,186.53368949890137
4570,1745929393.0781293,185.15896797180176
4571,1745929393.274091,184.92388725280762
4572,1745929393.4696877,184.62061882019043
4573,1745929393.668211,187.50882148742676
4574,1745929393.864991,185.7585906982422
4575,1745929394.062244,186.08665466308594
4576,1745929394.2586093,185.77241897583008
4577,1745929394.466241,197.1149444580078
4578,1745929394.673576,196.2134838104248
4579,1745929394.8703187,186.08379364013672
4580,1745929395.0676496,186.2936019897461
4581,1745929395.265347,187.13641166687012
4582,1745929395.4610467,184.65685844421387
4583,1745929395.6563785,184.7822666168213
4584,1745929395.8545842,187.62636184692383
4585,1745929396.049691,184.59129333496094
4586,1745929396.250804,189.971923828125
4587,1745929396.445845,184.5259666442871
4588,1745929396.64282,185.73641777038574
4589,1745929396.8395102,185.61410903930664
4590,1745929397.0355914,185.31250953674316
4591,1745929397.2315156,185.40000915527344
4592,1745929397.4265873,184.5543384552002
4593,1745929397.621553,184.5078468322754
4594,1745929397.818959,186.5832805633545
4595,1745929398.01575,186.23614311218262
4596,1745929398.2124865,186.10715866088867
4597,1745929398.4100132,187.29138374328613
4598,1745929398.6084251,187.41369247436523
4599,1745929398.80352,184.51952934265137
4600,1745929399.002402,187.04676628112793
4601,1745929399.199564,185.73236465454102
4602,1745929399.396454,185.78314781188965
4603,1745929399.5938606,186.21230125427246
4604,1745929399.7930207,188.6312961578369
4605,1745929399.9903805,186.74564361572266
4606,1745929400.1859236,184.86261367797852
4607,1745929401.2125614,nan
4608,1745929401.4074738,184.3879222869873
4609,1745929402.4204178,nan
4610,1745929402.615827,184.84997749328613
4611,1745929402.8149765,187.8962516784668
4612,1745929403.0095232,184.36050415039062
4613,1745929403.2054784,184.90862846374512
4614,1745929403.400648,184.62181091308594
4615,1745929403.5985487,187.03579902648926
4616,1745929403.7964437,187.23773956298828
4617,1745929403.9923303,185.26697158813477
4618,1745929404.191175,187.47353553771973
4619,1745929404.386506,184.53478813171387
4620,1745929404.5839767,186.42592430114746
4621,1745929404.7805016,185.40573120117188
4622,1745929405.803504,nan
4623,1745929405.9995978,185.50753593444824
4624,1745929406.1952724,185.02330780029297
4625,1745929406.3913126,185.52136421203613
4626,1745929406.5856564,183.71891975402832
4627,1745929406.7834785,187.25275993347168
4628,1745929407.8104444,nan
4629,1745929408.0070307,186.07783317565918
4630,1745929408.2037787,185.69636344909668
4631,1745929408.4012916,186.4602565765381
4632,1745929408.5978556,185.51993370056152
4633,1745929408.7935848,184.64088439941406
4634,1745929408.9909134,186.8138313293457
4635,1745929409.1879764,186.53464317321777
4636,1745929409.382722,184.66782569885254
4637,1745929409.5854006,192.09623336791992
4638,1745929409.7794576,183.46357345581055
4639,1745929409.9741356,183.44378471374512
4640,1745929410.1723037,187.12878227233887
4641,1745929410.3688505,186.01751327514648
4642,1745929410.5654318,185.56809425354004
4643,1745929410.7617307,185.27555465698242
4644,1745929410.960027,187.77871131896973
4645,1745929411.1578417,186.71917915344238
4646,1745929411.3543606,184.48948860168457
4647,1745929411.5557592,191.27464294433594
4648,1745929411.7514122,185.30631065368652
4649,1745929411.9477866,185.47415733337402
4650,1745929412.1431987,184.5231056213379
4651,1745929412.3409793,187.17527389526367
4652,1745929412.5369015,185.32276153564453
4653,1745929412.7335808,186.2642765045166
4654,1745929412.928605,184.40723419189453
4655,1745929413.125168,185.64701080322266
4656,1745929413.3223455,186.65432929992676
4657,1745929413.5198212,186.53368949890137
4658,1745929413.7178125,186.84744834899902
4659,1745929413.9149926,186.4945888519287
4660,1745929414.1115308,186.02967262268066
4661,1745929414.308296,186.17963790893555
4662,1745929414.5035696,184.7245693206787
4663,1745929414.7058866,191.09582901000977
4664,1745929414.9105663,192.8400993347168
4665,1745929415.1198032,198.71807098388672
4666,1745929415.3142684,183.82024765014648
4667,1745929415.511427,186.34438514709473
4668,1745929415.7076654,185.57143211364746
4669,1745929415.904792,186.5537166595459
4670,1745929416.1001651,185.21356582641602
4671,1745929416.2986236,187.33978271484375
4672,1745929416.4985955,189.4540786743164
4673,1745929416.6942463,184.9808692932129
4674,1745929416.8897743,184.97252464294434
4675,1745929417.0851007,184.30519104003906
4676,1745929417.281658,185.51182746887207
4677,1745929417.4777396,184.88121032714844
4678,1745929417.6735494,184.38220024108887
4679,1745929417.8695893,185.44316291809082
4680,1745929418.0736592,193.47143173217773
4681,1745929418.2860582,201.37667655944824
4682,1745929418.4915612,194.46802139282227
4683,1745929418.7005482,198.22382926940918
4684,1745929418.9065979,195.65939903259277
4685,1745929419.1074312,188.90714645385742
4686,1745929419.3064907,188.67182731628418
4687,1745929419.5109003,193.29500198364258
4688,1745929419.7205627,197.88098335266113
4689,1745929419.9336576,201.9522190093994
4690,1745929420.1558115,211.40122413635254
4691,1745929420.3567445,189.88895416259766
4692,1745929420.5603707,193.10760498046875
4693,1745929420.7626455,191.2539005279541
4694,1745929420.9678798,193.93587112426758
4695,1745929421.1859381,207.50117301940918
4696,1745929421.3910277,194.06747817993164
4697,1745929421.6070507,205.3384780883789
4698,1745929421.8555498,237.2879981994629
4699,1745929422.1008115,234.2362403869629
4700,1745929422.3391185,226.74822807312012
4701,1745929422.5451512,195.4813003540039
4702,1745929422.7471275,191.39695167541504
4703,1745929422.9516702,193.62926483154297
4704,1745929423.15691,194.3962574005127
4705,1745929423.3545675,185.3024959564209
4706,1745929423.5502687,185.57453155517578
4707,1745929423.746539,185.22024154663086
4708,1745929423.9437406,185.87732315063477
4709,1745929424.1408756,186.7051124572754
4710,1745929424.3367183,184.80181694030762
4711,1745929424.5390067,192.16251373291016
4712,1745929424.7362375,186.2051486968994
4713,1745929424.9315627,184.30757522583008
4714,1745929425.138042,195.33777236938477
4715,1745929425.3601134,211.5461826324463
4716,1745929425.5578852,187.18433380126953
4717,1745929425.752357,183.94851684570312
4718,1745929425.9495173,186.88154220581055
4719,1745929426.1441565,184.3123435974121
4720,1745929426.340227,184.14068222045898
4721,1745929426.539398,188.64679336547852
4722,1745929426.7354827,185.1654052734375
4723,1745929426.9300835,184.07750129699707
4724,1745929427.1259196,184.60416793823242
4725,1745929427.3204672,184.0355396270752
4726,1745929427.5175087,186.00058555603027
4727,1745929427.7146678,186.54537200927734
4728,1745929427.9109702,185.23693084716797
4729,1745929428.1095014,188.4009838104248
4730,1745929428.306512,186.38181686401367
4731,1745929428.5024846,185.32109260559082
4732,1745929428.6996496,186.59043312072754
4733,1745929428.8976672,186.9809627532959
4734,1745929429.0945385,186.36155128479004
4735,1745929429.2890027,183.85982513427734
4736,1745929429.501546,201.52616500854492
4737,1745929429.7016606,189.44644927978516
4738,1745929429.899053,186.3839626312256
4739,1745929430.095476,185.7614517211914
4740,1745929430.2953384,188.8415813446045
4741,1745929430.4909048,184.42940711975098
4742,1745929430.6877925,185.3654384613037
4743,1745929430.884191,185.33062934875488
4744,1745929431.078951,183.6857795715332
4745,1745929431.2750332,184.97776985168457
4746,1745929431.4708338,185.26077270507812
4747,1745929431.6659813,184.13066864013672
4748,1745929432.6896324,nan
4749,1745929432.8877842,187.3037815093994
4750,1745929433.0809112,182.6188564300537
4751,1745929433.2855382,192.7189826965332
4752,1745929433.4940891,197.71671295166016
4753,1745929434.5181873,nan
4754,1745929434.7137773,185.03546714782715
4755,1745929434.9100375,185.66322326660156
4756,1745929435.109983,188.74144554138184
4757,1745929435.3074534,186.2177848815918
4758,1745929435.505802,187.84451484680176
4759,1745929435.7025914,186.2168312072754
4760,1745929435.9006727,187.5741481781006
4761,1745929436.0970309,185.84036827087402
4762,1745929436.2925518,182.9848289489746
4763,1745929436.4877737,184.70144271850586
4764,1745929436.6826468,184.2191219329834
4765,1745929436.8773487,184.13758277893066
4766,1745929437.0709684,183.04967880249023
4767,1745929437.2666285,184.0837001800537
4768,1745929437.461496,184.2062473297119
4769,1745929437.6584756,186.06901168823242
4770,1745929437.852751,183.48956108093262
4771,1745929438.0499742,186.69509887695312
4772,1745929438.2437844,182.73401260375977
4773,1745929438.4386077,184.19790267944336
4774,1745929438.633596,184.8585605621338
4775,1745929438.8303509,186.20538711547852
4776,1745929439.0275326,185.62912940979004
4777,1745929439.2246683,187.0887279510498
4778,1745929439.4208302,185.2731704711914
4779,1745929439.6246407,193.17960739135742
4780,1745929439.829707,194.16499137878418
4781,1745929440.0267637,185.72497367858887
4782,1745929440.223951,185.87160110473633
4783,1745929440.4194877,185.33015251159668
4784,1745929440.6150675,184.50689315795898
4785,1745929440.8126166,187.01529502868652
4786,1745929441.0103862,187.05320358276367
4787,1745929441.2085476,187.6082420349121
4788,1745929441.4047966,185.58573722839355
4789,1745929441.6015074,185.6527328491211
4790,1745929441.796906,184.86499786376953
4791,1745929441.994995,186.88082695007324
4792,1745929442.1907787,183.4280490875244
4793,1745929442.3856928,184.38220024108887
4794,1745929442.5822067,185.4095458984375
4795,1745929442.7769158,183.96759033203125
4796,1745929442.9713423,183.80260467529297
4797,1745929443.1676497,185.76693534851074
4798,1745929443.3634853,185.07623672485352
4799,1745929443.5576117,183.2740306854248
4800,1745929443.752515,183.79926681518555
4801,1745929443.9468095,183.5346221923828
4802,1745929444.141592,183.9895248413086
4803,1745929444.3352537,183.05349349975586
4804,1745929445.3526347,nan
4805,1745929445.5497518,186.5849494934082
4806,1745929445.7471833,186.41424179077148
4807,1745929445.9464898,188.64727020263672
4808,1745929446.1411805,183.16912651062012
4809,1745929446.3356962,183.4714412689209
4810,1745929446.5309162,184.17811393737793
4811,1745929446.72555,182.85250663757324
4812,1745929446.921636,185.2719783782959
4813,1745929447.1173804,184.7820281982422
4814,1745929447.3110673,182.91616439819336
4815,1745929447.5075603,184.8912239074707
4816,1745929447.7038403,185.6541633605957
4817,1745929447.9122763,197.31879234313965
4818,1745929448.1070135,184.03100967407227
4819,1745929448.3008645,183.33053588867188
4820,1745929448.4951496,183.72058868408203
4821,1745929448.6925685,186.2502098083496
4822,1745929448.887878,184.6942901611328
4823,1745929449.0862963,187.30425834655762
4824,1745929449.2828212,185.95552444458008
4825,1745929449.4802213,185.84680557250977
4826,1745929449.6766791,185.87923049926758
4827,1745929449.934287,246.59395217895508
4828,1745929450.1296186,184.54909324645996
4829,1745929450.325404,184.7372055053711
4830,1745929450.5216904,185.26148796081543
4831,1745929450.71758,185.24789810180664
4832,1745929450.9147615,186.0063076019287
4833,1745929451.1112647,185.3337287902832
4834,1745929452.1323793,nan
4835,1745929452.3288302,185.93144416809082
4836,1745929452.5272691,187.40153312683105
4837,1745929452.722631,184.83328819274902
4838,1745929452.9188757,186.0361099243164
4839,1745929453.1165724,186.67221069335938
4840,1745929453.3125532,184.95774269104004
4841,1745929453.5082228,184.9839687347412
4842,1745929453.7053094,186.5067481994629
4843,1745929453.90341,187.31999397277832
4844,1745929454.1027486,188.80414962768555
4845,1745929454.297031,183.1529140472412
4846,1745929454.4926856,184.40866470336914
4847,1745929454.6914089,188.2011890411377
4848,1745929454.8904,187.95371055603027
4849,1745929455.0944586,193.54629516601562
4850,1745929455.2958963,190.8886432647705
4851,1745929455.4915638,184.17930603027344
4852,1745929455.6905448,187.52455711364746
4853,1745929455.8863828,184.78751182556152
4854,1745929456.0840464,187.0732307434082
4855,1745929456.2804403,185.4705810546875
4856,1745929456.4774857,186.08927726745605
4857,1745929456.674506,186.2800121307373
4858,1745929456.870798,186.0654354095459
4859,1745929457.0679836,186.16914749145508
4860,1745929457.2626255,184.52692031860352
4861,1745929457.4586632,184.678316116333
4862,1745929457.6562274,186.41400337219238
4863,1745929457.8539908,186.52892112731934
4864,1745929458.048991,184.0207576751709
4865,1745929458.2445006,184.9956512451172
4866,1745929458.4424367,186.77639961242676
4867,1745929458.6399295,186.84625625610352
4868,1745929458.8375807,186.59663200378418
4869,1745929459.0335133,185.35351753234863
4870,1745929459.2296643,185.52279472351074
4871,1745929459.4268918,186.71178817749023
4872,1745929459.625286,187.15214729309082
4873,1745929459.8249857,189.08143043518066
4874,1745929460.02089,184.8583221435547
4875,1745929460.219347,186.81621551513672
4876,1745929460.4158187,185.90831756591797
4877,1745929460.6124928,185.6379508972168
4878,1745929460.8065617,183.4735870361328
4879,1745929461.0003645,182.6777458190918
4880,1745929461.1963978,184.99112129211426
4881,1745929461.392909,184.91673469543457
4882,1745929461.5882223,184.69595909118652
4883,1745929461.7833865,184.3886375427246
4884,1745929461.980635,186.30123138427734
4885,1745929462.17933,187.19482421875
4886,1745929462.374371,183.87532234191895
4887,1745929462.5713472,185.66370010375977
4888,1745929462.7699397,187.61420249938965
4889,1745929462.9655054,185.0440502166748
4890,1745929463.1613064,184.8125457763672
4891,1745929463.3584464,185.5330467224121
4892,1745929463.5522804,183.23826789855957
4893,1745929463.7493236,185.83273887634277
4894,1745929463.9457178,185.04834175109863
4895,1745929464.1406372,183.92682075500488
4896,1745929464.337425,185.09507179260254
4897,1745929464.5416021,193.5887336730957
4898,1745929464.735748,183.13026428222656
4899,1745929464.9327545,185.7166290283203
4900,1745929465.1298926,186.96069717407227
4901,1745929465.3250618,184.1440200805664
4902,1745929465.5215704,185.7905387878418
4903,1745929465.7158062,184.04579162597656
4904,1745929465.9133363,186.8724822998047
4905,1745929466.1106167,186.7053508758545
4906,1745929466.3080287,187.08539009094238
4907,1745929466.5013378,183.17294120788574
4908,1745929466.6957653,183.43067169189453
4909,1745929466.8935418,186.74397468566895
4910,1745929467.087434,182.84106254577637
4911,1745929467.2823257,183.75110626220703
4912,1745929467.4777393,184.2963695526123
4913,1745929467.6721704,184.03053283691406
4914,1745929467.8662243,183.3946704864502
4915,1745929468.0611472,184.08679962158203
4916,1745929468.2564366,184.65924263000488
4917,1745929468.4499269,182.37709999084473
4918,1745929468.6483614,187.4091625213623
4919,1745929468.843658,185.12225151062012
4920,1745929469.0408595,186.3384246826172
4921,1745929469.2337294,182.35230445861816
4922,1745929469.4289062,184.13400650024414
4923,1745929469.6238925,183.96878242492676
4924,1745929469.8283267,193.7415599822998
4925,1745929470.0263925,187.44921684265137
4926,1745929470.2223957,185.18781661987305
4927,1745929470.4199762,186.28454208374023
4928,1745929470.6159933,185.44578552246094
4929,1745929470.8128183,185.7924461364746
4930,1745929471.0088754,185.5337619781494
4931,1745929471.2041018,184.13662910461426
4932,1745929471.4004037,185.05573272705078
4933,1745929471.595546,184.51237678527832
4934,1745929471.7931995,187.14523315429688
4935,1745929471.9894557,185.6403350830078
4936,1745929472.1836507,183.17604064941406
4937,1745929472.3814251,187.07990646362305
4938,1745929472.5760787,183.87556076049805
4939,1745929472.7723825,185.78600883483887
4940,1745929473.791471,nan
4941,1745929473.9878364,185.62793731689453
4942,1745929474.1828,183.945894241333
4943,1745929474.3849933,191.09010696411133
4944,1745929474.579521,184.00955200195312
4945,1745929474.7783356,188.309907913208
4946,1745929474.9777045,188.34185600280762
4947,1745929475.1716595,183.69698524475098
4948,1745929475.3692434,187.07776069641113
4949,1745929475.567307,186.58089637756348
4950,1745929475.7625663,184.7071647644043
4951,1745929475.9604657,187.2873306274414
4952,1745929476.1567423,185.075044631958
4953,1745929476.3538496,186.58161163330078
4954,1745929476.5485394,183.5484504699707
4955,1745929476.743274,183.57110023498535
4956,1745929476.9396753,185.9152317047119
4957,1745929477.1344094,183.68005752563477
4958,1745929477.3306627,185.29176712036133
4959,1745929477.527462,185.61339378356934
4960,1745929477.7234247,185.45198440551758
4961,1745929477.9236875,189.0110969543457
4962,1745929478.1214046,187.20746040344238
4963,1745929478.3184776,186.4643096923828
4964,1745929478.5165672,187.43157386779785
4965,1745929478.7147946,186.94758415222168
4966,1745929478.909704,184.22269821166992
4967,1745929479.1071062,186.39636039733887
4968,1745929479.3028166,184.6778392791748
4969,1745929479.5056198,191.69282913208008
4970,1745929479.702337,185.27841567993164
4971,1745929479.8990848,186.1743927001953
4972,1745929480.095131,185.5313777923584
4973,1745929480.2933698,187.26611137390137
4974,1745929480.4911466,187.23726272583008
4975,1745929480.6871123,185.46438217163086
4976,1745929480.8823776,184.2055320739746
4977,1745929481.0807393,186.8298053741455
4978,1745929481.2769604,185.6977939605713
4979,1745929481.4748635,187.61157989501953
4980,1745929481.670662,185.21523475646973
4981,1745929481.8655784,184.12518501281738
4982,1745929482.0616004,183.98547172546387
4983,1745929482.2572758,184.8163604736328
4984,1745929482.4548306,186.5370273590088
4985,1745929482.6507893,183.9272975921631
4986,1745929482.8472488,186.35153770446777
4987,1745929483.0440843,185.72497367858887
4988,1745929484.066577,nan
4989,1745929484.263723,186.32030487060547
4990,1745929484.4606278,186.40685081481934
4991,1745929484.6572683,186.0980987548828
4992,1745929484.8627074,194.5054531097412
4993,1745929485.8855736,nan
4994,1745929486.0828257,186.65099143981934
4995,1745929486.280733,186.73205375671387
4996,1745929486.477681,186.0640048980713
4997,1745929486.6743634,185.52446365356445
4998,1745929486.8712707,186.30385398864746
4999,1745929487.0672977,185.44888496398926
5000,1745929487.2646093,186.3260269165039
5001,1745929487.4603374,184.79633331298828
5002,1745929487.6607692,188.91286849975586
5003,1745929487.856833,184.07058715820312
5004,1745929488.0513554,183.9926242828369
5005,1745929488.2485492,186.17582321166992
5006,1745929488.4435682,184.4804286956787
5007,1745929488.6378067,183.55870246887207
5008,1745929488.831567,182.7068328857422
5009,1745929489.0311403,188.507080078125
5010,1745929489.2257466,183.49003791809082
5011,1745929489.4214976,184.71646308898926
5012,1745929489.6175613,185.5478286743164
5013,1745929489.81249,184.44228172302246
5014,1745929490.012424,188.43364715576172
5015,1745929490.210315,187.58392333984375
5016,1745929490.4043543,182.9969882965088
5017,1745929490.5994234,183.01033973693848
5018,1745929490.792486,182.4326515197754
5019,1745929490.9879124,184.21506881713867
5020,1745929491.183051,184.09371376037598
5021,1745929491.3779478,184.29112434387207
5022,1745929491.5734956,185.00518798828125
5023,1745929491.770433,185.92500686645508
5024,1745929491.9664326,185.14442443847656
5025,1745929492.1607027,183.74252319335938
5026,1745929492.357606,186.3415241241455
5027,1745929492.5529623,184.58056449890137
5028,1745929492.7507234,185.7302188873291
5029,1745929492.9497018,188.3401870727539
5030,1745929493.143367,182.86752700805664
5031,1745929493.3408988,186.56635284423828
5032,1745929493.5366452,185.15825271606445
5033,1745929493.7338183,186.17701530456543
5034,1745929493.9295456,185.2114200592041
5035,1745929494.1268916,186.82622909545898
5036,1745929494.3224785,185.05573272705078
5037,1745929494.5252242,191.6353702545166
5038,1745929494.7237089,187.25085258483887
5039,1745929494.9356017,201.36213302612305
5040,1745929495.1311696,185.3165626525879
5041,1745929495.3307867,187.09468841552734
5042,1745929496.353518,nan
5043,1745929496.551188,186.8753433227539
5044,1745929496.7511299,189.43047523498535
5045,1745929496.9476342,185.38904190063477
5046,1745929497.1423345,184.4470500946045
5047,1745929497.3387556,185.6095790863037
5048,1745929497.5333178,184.02504920959473
5049,1745929497.7296169,185.10150909423828
5050,1745929497.925589,185.04738807678223
5051,1745929498.1221323,185.29319763183594
5052,1745929498.3180392,185.2097511291504
5053,1745929498.5123663,183.8059425354004
5054,1745929498.7096775,186.28811836242676
5055,1745929498.9056528,184.94892120361328
5056,1745929499.1016324,185.2250099182129
5057,1745929499.2981584,186.13648414611816
5058,1745929499.493467,184.85474586486816
5059,1745929499.6937838,189.81075286865234
5060,1745929499.8963895,190.92082977294922
5061,1745929500.0915499,184.68236923217773
5062,1745929500.2885015,185.67419052124023
5063,1745929500.4840822,184.6773624420166
5064,1745929500.6793206,184.70001220703125
5065,1745929500.8775296,187.0567798614502
5066,1745929501.0726087,184.05652046203613
5067,1745929501.2713192,187.6521110534668
5068,1745929501.4663281,184.48734283447266
5069,1745929501.662346,185.28985977172852
5070,1745929501.8585293,185.04095077514648
5071,1745929502.0546055,185.16016006469727
5072,1745929502.2507823,185.5909824371338
5073,1745929502.4505312,188.6434555053711
5074,1745929502.6461782,185.31179428100586
5075,1745929502.842726,186.02681159973145
5076,1745929503.0372548,183.96449089050293
5077,1745929503.233533,185.23740768432617
5078,1745929503.4285555,183.98284912109375
5079,1745929503.6250117,185.41789054870605
5080,1745929503.8214943,185.7616901397705
5081,1745929504.0177526,185.3499412536621
5082,1745929504.2112706,182.74402618408203
5083,1745929504.4087057,185.83083152770996
5084,1745929504.605885,186.5682601928711
5085,1745929504.8028324,185.9126091003418
5086,1745929504.9983835,184.49854850769043
5087,1745929505.1945484,184.7703456878662
5088,1745929505.3921378,186.5062713623047
5089,1745929505.5863342,184.08775329589844
5090,1745929505.7834456,186.47027015686035
5091,1745929505.9815488,187.08229064941406
5092,1745929506.1760392,184.19599533081055
5093,1745929506.3729887,185.85777282714844
5094,1745929506.5683832,184.87310409545898
5095,1745929506.7624943,183.5160255432129
5096,1745929506.958345,184.31949615478516
5097,1745929507.1535933,184.63540077209473
5098,1745929507.348534,184.40604209899902
5099,1745929507.5467892,186.798095703125
5100,1745929507.7423754,184.56244468688965
5101,1745929507.9406805,187.25228309631348
5102,1745929508.1358259,184.46588516235352
5103,1745929508.3293452,182.48677253723145
5104,1745929508.5230658,182.66868591308594
5105,1745929508.7178495,183.6550235748291
5106,1745929508.9105444,181.6730499267578
5107,1745929509.1051116,183.17675590515137
5108,1745929509.3025522,186.90919876098633
5109,1745929509.5063639,193.18461418151855
5110,1745929509.7022872,184.8752498626709
5111,1745929509.8999448,186.53011322021484
5112,1745929510.097441,186.9523525238037
5113,1745929510.290901,183.0883026123047
5114,1745929510.4867108,185.02330780029297
5115,1745929510.6813784,184.1428279876709
5116,1745929510.877045,184.44228172302246
5117,1745929511.07619,188.1096363067627
5118,1745929511.2706575,183.95471572875977
5119,1745929511.4685788,186.54227256774902
5120,1745929511.6647048,185.32156944274902
5121,1745929511.8596506,183.64572525024414
5122,1745929512.0590336,188.34996223449707
5123,1745929512.254634,185.06574630737305
5124,1745929512.4523997,186.72776222229004
5125,1745929512.6489916,185.43291091918945
5126,1745929512.8449535,185.21690368652344
5127,1745929513.0404015,184.8604679107666
5128,1745929513.2348976,183.3949089050293
5129,1745929513.430577,185.02092361450195
5130,1745929513.624347,183.38441848754883
5131,1745929513.8213298,185.95552444458008
5132,1745929514.0185268,186.112642288208
5133,1745929514.2152948,185.73832511901855
5134,1745929514.4124823,184.48829650878906
5135,1745929514.607711,184.661865234375
5136,1745929514.806439,187.95156478881836
5137,1745929515.0022738,184.7236156463623
5138,1745929515.1962523,182.7223300933838
5139,1745929515.3947356,187.42728233337402
5140,1745929515.5895889,183.8088035583496
5141,1745929515.7856684,185.03212928771973
5142,1745929515.9826643,186.59424781799316
5143,1745929516.1767974,183.38942527770996
5144,1745929516.373568,185.577392578125
5145,1745929516.56917,185.0740909576416
5146,1745929516.7657688,186.01560592651367
5147,1745929516.9605372,184.29136276245117
5148,1745929517.1546614,183.3212375640869
5149,1745929517.3495758,183.6569309234619
5150,1745929517.546291,185.65654754638672
5151,1745929517.7413752,184.920072555542
5152,1745929517.9354334,183.78138542175293
5153,1745929518.1288533,182.9078197479248
5154,1745929518.3234549,183.58254432678223
5155,1745929518.5171845,182.6632022857666
5156,1745929518.713331,185.0748062133789
5157,1745929518.9077435,183.34245681762695
5158,1745929519.1009223,182.90257453918457
5159,1745929519.2960446,184.18359756469727
5160,1745929519.4901953,183.93945693969727
5161,1745929519.6834981,182.75952339172363
5162,1745929519.8774548,182.8615665435791
5163,1745929520.0741177,185.08195877075195
5164,1745929520.267736,182.44576454162598
5165,1745929520.4625442,184.28635597229004
5166,1745929520.6594417,185.866117477417
5167,1745929520.8554587,185.32061576843262
5168,1745929521.0497992,184.24010276794434
5169,1745929521.244012,183.15911293029785
5170,1745929521.4380016,183.46023559570312
5171,1745929521.6326559,184.1440200805664
5172,1745929521.8314157,188.1706714630127
5173,1745929522.0286663,186.22064590454102
5174,1745929522.225198,185.0590705871582
5175,1745929522.420327,184.65137481689453
5176,1745929522.6141982,183.02536010742188
5177,1745929522.8092992,184.57913398742676
5178,1745929523.0044425,184.1280460357666
5179,1745929523.1996074,184.0815544128418
5180,1745929523.3964257,185.28509140014648
5181,1745929523.592832,185.78481674194336
5182,1745929523.788844,184.97228622436523
5183,1745929523.9857802,185.80913543701172
5184,1745929524.1824117,185.59718132019043
5185,1745929524.3793807,186.45715713500977
5186,1745929524.5848107,194.32830810546875
5187,1745929524.780571,184.71503257751465
5188,1745929524.9776225,185.80222129821777
5189,1745929525.1724746,184.30852890014648
5190,1745929525.3673007,184.0074062347412
5191,1745929525.5614634,183.12954902648926
5192,1745929525.755471,183.0615997314453
5193,1745929525.9512408,184.8440170288086
5194,1745929526.1441844,182.1746826171875
5195,1745929526.3399906,184.71980094909668
5196,1745929526.533572,182.39760398864746
5197,1745929526.7284815,183.39872360229492
5198,1745929526.9232223,183.70819091796875
5199,1745929527.1165764,182.8174591064453
5200,1745929527.3100972,182.97123908996582
5201,1745929527.50469,183.56561660766602
5202,1745929527.697999,183.05277824401855
5203,1745929527.8964818,187.2410774230957
5204,1745929528.0904443,183.62903594970703
5205,1745929528.2845256,183.5639476776123
5206,1745929528.4809704,185.51969528198242
5207,1745929528.6750686,182.5854778289795
5208,1745929528.8691483,183.7775707244873
5209,1745929529.0626607,183.24017524719238
5210,1745929529.2562957,183.10832977294922
5211,1745929529.4512634,183.8700771331787
5212,1745929529.6471665,184.67259407043457
5213,1745929529.855866,198.2121467590332
5214,1745929530.0506413,183.5775375366211
5215,1745929530.2442403,183.2141876220703
5216,1745929530.4409354,186.15460395812988
5217,1745929530.6345856,183.1197738647461
5218,1745929530.8276062,182.47437477111816
5219,1745929531.0223541,183.61663818359375
5220,1745929531.2161663,183.56013298034668
5221,1745929531.411572,184.3576431274414
5222,1745929531.6058414,183.73703956604004
5223,1745929531.8004842,183.70604515075684
5224,1745929531.9946153,183.00557136535645
5225,1745929532.1893435,183.67815017700195
5226,1745929532.3837595,183.75372886657715
5227,1745929532.5793312,184.3578815460205
5228,1745929532.7737496,183.39037895202637
5229,1745929532.9685028,184.5998764038086
5230,1745929533.1624606,183.39776992797852
5231,1745929533.3644037,191.3456916809082
5232,1745929533.5594532,184.52739715576172
5233,1745929533.7556043,185.64867973327637
5234,1745929533.9515045,184.86547470092773
5235,1745929534.149232,186.39278411865234
5236,1745929534.3458357,185.3201389312744
5237,1745929534.5428467,185.98198890686035
5238,1745929534.7384264,185.43219566345215
5239,1745929534.9346902,185.5916976928711
5240,1745929535.1324093,187.1945858001709
5241,1745929535.3286848,185.73713302612305
5242,1745929535.5226045,183.45975875854492
5243,1745929535.7164776,183.26807022094727
5244,1745929535.9097526,182.60741233825684
5245,1745929536.1040232,183.73584747314453
5246,1745929536.2978146,183.27808380126953
5247,1745929536.4971695,188.74835968017578
5248,1745929536.691022,182.8937530517578
5249,1745929536.8850095,182.7702522277832
5250,1745929537.0798123,183.76636505126953
5251,1745929537.2733238,182.47294425964355
5252,1745929537.4685986,184.04006958007812
5253,1745929537.6722796,192.51656532287598
5254,1745929537.865547,182.6949119567871
5255,1745929538.061687,185.4114532470703
5256,1745929539.0783522,nan
5257,1745929539.2757342,186.86604499816895
5258,1745929539.477319,190.13714790344238
5259,1745929539.6706269,182.68585205078125
5260,1745929539.86512,183.09426307678223
5261,1745929540.0594575,183.81071090698242
5262,1745929540.2533123,182.73496627807617
5263,1745929540.449537,185.014009475708
5264,1745929540.6445367,182.95741081237793
5265,1745929540.8367436,182.06429481506348
5266,1745929541.0311158,183.17556381225586
5267,1745929541.2251291,183.67600440979004
5268,1745929541.4192975,183.14051628112793
5269,1745929541.613158,183.35890769958496
5270,1745929541.8074346,183.23659896850586
5271,1745929542.0012548,183.32791328430176
5272,1745929542.1972764,184.97967720031738
5273,1745929542.3942423,185.90712547302246
5274,1745929542.5908394,186.08951568603516
5275,1745929542.7895463,186.9800090789795
5276,1745929542.986836,186.65313720703125
5277,1745929543.182209,183.31003189086914
5278,1745929543.3776298,185.36925315856934
5279,1745929543.5734925,185.31179428100586
5280,1745929543.767092,183.05253982543945
5281,1745929543.9638026,185.68682670593262
5282,1745929544.1600215,185.35637855529785
5283,1745929544.3557029,185.166597366333
5284,1745929544.551567,185.23907661437988
5285,1745929544.746101,184.11517143249512
5286,1745929544.9422767,185.49537658691406
5287,1745929545.156319,202.9874324798584
5288,1745929545.353413,186.0370635986328
5289,1745929545.550845,186.7828369140625
5290,1745929545.7490027,186.61141395568848
5291,1745929545.944313,184.1881275177002
5292,1745929546.1406283,185.20021438598633
5293,1745929546.3350816,183.4280490875244
5294,1745929546.5304587,184.8301887512207
5295,1745929546.7243042,183.33768844604492
5296,1745929546.9225612,186.71393394470215
5297,1745929547.1179352,184.0345859527588
5298,1745929547.3175828,188.62175941467285
5299,1745929547.513908,185.72521209716797
5300,1745929547.708354,183.915376663208
5301,1745929547.9031773,184.0646266937256
5302,1745929548.0964346,182.71803855895996
5303,1745929548.2951994,188.12203407287598
5304,1745929548.4889002,183.18891525268555
5305,1745929548.6852603,184.77749824523926
5306,1745929548.8804038,184.3433380126953
5307,1745929549.0743535,183.08711051940918
5308,1745929549.2683914,182.69801139831543
5309,1745929549.4614215,182.42979049682617
5310,1745929549.6623263,189.50605392456055
5311,1745929549.859332,186.05589866638184
5312,1745929550.0552037,184.4794750213623
5313,1745929550.2523892,185.85467338562012
5314,1745929550.4473715,184.42416191101074
5315,1745929550.6441329,185.72521209716797
5316,1745929550.8406048,185.43696403503418
5317,1745929551.038471,186.04588508605957
5318,1745929551.2326162,184.0534210205078
5319,1745929551.4309514,187.00718879699707
5320,1745929551.6278057,186.29217147827148
5321,1745929551.8237994,185.46152114868164
5322,1745929552.0208495,186.0363483428955
5323,1745929552.2176883,185.64510345458984
5324,1745929552.4137578,185.53638458251953
5325,1745929552.6113014,186.4931583404541
5326,1745929552.808047,185.8079433441162
5327,1745929553.0069149,187.82639503479004
5328,1745929553.2014132,183.97212028503418
5329,1745929553.3960464,184.0505599975586
5330,1745929553.5963597,188.7826919555664
5331,1745929553.7924962,185.4534149169922
5332,1745929553.9912279,187.36791610717773
5333,1745929554.1887739,186.5243911743164
5334,1745929554.3837788,184.37767028808594
5335,1745929554.587917,193.0849552154541
5336,1745929554.7904303,192.15846061706543
5337,1745929554.9855049,184.55886840820312
5338,1745929555.1831317,186.58447265625
5339,1745929555.3784344,184.36813354492188
5340,1745929555.5726812,183.92658233642578
5341,1745929555.7707243,187.50452995300293
5342,1745929555.9659903,183.72869491577148
5343,1745929556.1604395,183.44616889953613
5344,1745929556.358003,186.88488006591797
5345,1745929556.5530186,183.47811698913574
5346,1745929556.7484584,184.36145782470703
5347,1745929556.9425962,183.50529670715332
5348,1745929557.1363099,182.72686004638672
5349,1745929557.3307405,183.92539024353027
5350,1745929557.52592,184.65328216552734
5351,1745929557.71885,182.39998817443848
5352,1745929557.9122012,182.54351615905762
5353,1745929558.1063027,182.79266357421875
5354,1745929558.3013434,184.01837348937988
5355,1745929558.4955595,183.68268013000488
5356,1745929558.6897557,183.54082107543945
5357,1745929558.888289,187.3459815979004
5358,1745929559.0827699,183.24947357177734
5359,1745929559.278575,185.2860450744629
5360,1745929559.4723616,183.23040008544922
5361,1745929559.6711297,188.23909759521484
5362,1745929559.866855,185.09960174560547
5363,1745929560.0660288,188.6591911315918
5364,1745929560.2635374,186.2633228302002
5365,1745929560.4570642,182.97815322875977
5366,1745929560.653014,184.90982055664062
5367,1745929560.8505144,186.41281127929688
5368,1745929561.0464587,185.38594245910645
5369,1745929561.2415257,184.47303771972656
5370,1745929561.4358568,184.0057373046875
5371,1745929561.6327043,185.67132949829102
5372,1745929561.828758,185.00804901123047
5373,1745929562.0246181,185.32156944274902
5374,1745929562.2209642,185.26864051818848
5375,1745929562.4150395,183.54487419128418
5376,1745929562.6144795,188.91024589538574
5377,1745929562.8121939,187.09611892700195
5378,1745929563.0104458,187.1509552001953
5379,1745929563.2062397,184.600830078125
5380,1745929563.40488,187.5591278076172
5381,1745929563.6040123,187.70718574523926
5382,1745929563.800882,186.3391399383545
5383,1745929564.0008736,188.6301040649414
5384,1745929564.196023,184.60822105407715
5385,1745929564.3958104,189.2235279083252
5386,1745929564.5908408,183.66503715515137
5387,1745929564.7892733,186.8898868560791
5388,1745929564.9861968,186.3875389099121
5389,1745929565.1800685,183.28189849853516
5390,1745929565.3735785,182.9664707183838
5391,1745929565.568589,184.39102172851562
5392,1745929565.7615023,182.3899745941162
5393,1745929565.9564767,183.9292049407959
5394,1745929566.1512706,184.34667587280273
5395,1745929566.3464208,184.77511405944824
5396,1745929566.5426266,185.2424144744873
5397,1745929566.7382603,184.5114231109619
5398,1745929566.9328766,183.93421173095703
5399,1745929567.127052,183.45117568969727
5400,1745929567.3233058,185.6837272644043
5401,1745929567.5187247,184.88121032714844
5402,1745929567.7149851,185.75215339660645
5403,1745929567.9083703,182.8453540802002
5404,1745929568.1006758,181.86664581298828
5405,1745929568.2942557,182.06286430358887
5406,1745929568.4886959,183.35676193237305
5407,1745929568.6820905,182.82222747802734
5408,1745929568.8766284,183.29811096191406
5409,1745929569.0705612,182.97982215881348
5410,1745929569.2655303,183.45189094543457
5411,1745929569.459288,183.2280158996582
5412,1745929569.664613,194.5056915283203
5413,1745929569.866411,191.33305549621582
5414,1745929570.0591662,182.19852447509766
5415,1745929570.255012,184.60845947265625
5416,1745929570.4500964,183.99643898010254
5417,1745929570.644496,183.88652801513672
5418,1745929570.8396196,183.96759033203125
5419,1745929571.0324948,182.58023262023926
5420,1745929571.226176,182.64198303222656
5421,1745929571.4223173,184.58032608032227
5422,1745929571.6157658,182.4169158935547
5423,1745929571.815476,188.5819435119629
5424,1745929572.0103557,184.21316146850586
5425,1745929572.2068822,185.87470054626465
5426,1745929572.4056244,188.28511238098145
5427,1745929572.601384,185.0268840789795
5428,1745929572.7973185,185.4228973388672
5429,1745929572.993917,185.95576286315918
5430,1745929573.191675,186.4628791809082
5431,1745929573.3878126,185.3928565979004
5432,1745929573.5841281,185.78696250915527
5433,1745929573.7806444,185.0595474243164
5434,1745929573.9761086,184.8444938659668
5435,1745929574.1709642,183.81118774414062
5436,1745929574.368896,186.3112449645996
5437,1745929574.564358,184.4174861907959
5438,1745929574.7574115,182.19733238220215
5439,1745929574.9524086,183.97212028503418
5440,1745929575.147546,184.32378768920898
5441,1745929575.3413863,182.65581130981445
5442,1745929575.5366724,184.7529411315918
5443,1745929575.7313685,184.16690826416016
5444,1745929575.925329,183.5033893585205
5445,1745929576.1177788,182.3270320892334
5446,1745929576.3167799,186.82527542114258
5447,1745929576.5107014,183.8688850402832
5448,1745929576.70869,186.90872192382812
5449,1745929576.901068,182.0685863494873
5450,1745929577.0953486,182.68585205078125
5451,1745929577.300912,194.68116760253906
5452,1745929577.4964678,184.8773956298828
5453,1745929577.6922188,184.5080852508545
5454,1745929577.8883963,185.6539249420166
5455,1745929578.08271,183.95256996154785
5456,1745929578.2782173,184.97443199157715
5457,1745929578.4734545,184.22293663024902
5458,1745929578.6697204,185.17303466796875
5459,1745929578.8688543,188.56287002563477
5460,1745929579.0625918,183.1643581390381
5461,1745929579.2586317,184.21053886413574
5462,1745929579.454669,185.0135326385498
5463,1745929579.656007,190.59419631958008
5464,1745929579.855886,188.75885009765625
5465,1745929580.0507476,184.72957611083984
5466,1745929580.2486763,185.9583854675293
5467,1745929580.444043,184.5536231994629
5468,1745929580.639481,184.9055290222168
5469,1745929580.8345716,183.884859085083
5470,1745929581.0322876,186.78045272827148
5471,1745929581.2281137,185.1184368133545
5472,1745929581.4268,187.58225440979004
5473,1745929581.6211987,183.8221549987793
5474,1745929581.8186498,186.1593723297119
5475,1745929582.0185947,189.3479824066162
5476,1745929582.2139719,184.70335006713867
5477,1745929582.410334,185.84060668945312
5478,1745929582.6064537,185.1203441619873
5479,1745929582.8055437,186.7210865020752
5480,1745929582.9986987,183.03155899047852
5481,1745929583.1943429,184.57436561584473
5482,1745929583.3908617,184.99088287353516
5483,1745929583.584997,182.9061508178711
5484,1745929583.7815487,186.02585792541504
5485,1745929583.979228,186.28239631652832
5486,1745929584.1823657,191.8487548828125
5487,1745929584.377266,183.38608741760254
5488,1745929584.579823,192.04998016357422
5489,1745929584.7756813,185.3334903717041
5490,1745929584.9726396,186.48695945739746
5491,1745929585.1655335,182.77740478515625
5492,1745929585.3594582,182.39188194274902
5493,1745929585.5553522,185.13250350952148
5494,1745929585.7547035,188.521146774292
5495,1745929585.9511044,185.3647232055664
5496,1745929586.145258,183.2273006439209
5497,1745929586.344262,188.13300132751465
5498,1745929586.5382814,182.9526424407959
5499,1745929586.7369206,187.50476837158203
5500,1745929586.9321845,184.8151683807373
5501,1745929587.1276495,184.47637557983398
5502,1745929587.3208175,182.50107765197754
5503,1745929587.515854,183.5041046142578
5504,1745929587.710086,183.15362930297852
5505,1745929587.9042475,183.08782577514648
5506,1745929588.1023455,187.18457221984863
5507,1745929588.3005989,187.44778633117676
5508,1745929588.493335,182.21306800842285
5509,1745929588.6887968,184.2656135559082
5510,1745929588.882817,183.4862232208252
5511,1745929589.0757926,182.3899745941162
5512,1745929589.2708147,183.50458145141602
5513,1745929589.4654765,183.61806869506836
5514,1745929589.6585834,182.4936866760254
5515,1745929589.855586,185.40620803833008
5516,1745929590.0508668,184.3430995941162
5517,1745929590.2495153,188.25578689575195
5518,1745929590.4443152,183.90846252441406
5519,1745929590.6390336,184.36646461486816
5520,1745929590.8336797,184.13066864013672
5521,1745929591.030372,186.08975410461426
5522,1745929591.2252421,183.4859848022461
5523,1745929591.4213202,185.7905387878418
5524,1745929591.617664,185.36710739135742
5525,1745929591.8139403,185.27674674987793
5526,1745929592.009712,184.65638160705566
5527,1745929592.2068613,186.1245632171631
5528,1745929592.4010088,183.59684944152832
5529,1745929592.6105304,198.39930534362793
5530,1745929592.8063602,185.34469604492188
5531,1745929593.0013726,183.97068977355957
5532,1745929593.1981432,185.75453758239746
5533,1745929593.3939693,185.1806640625
5534,1745929593.592319,187.94846534729004
5535,1745929593.7872689,184.2498779296875
5536,1745929593.982604,184.6299171447754
5537,1745929594.179023,185.89043617248535
5538,1745929594.377048,186.91205978393555
5539,1745929594.5711088,183.78853797912598
5540,1745929594.7714176,188.77148628234863
5541,1745929594.974002,191.93005561828613
5542,1745929595.1707659,186.1276626586914
5543,1745929595.3642054,182.4016571044922
5544,1745929595.5613568,185.05096435546875
5545,1745929595.757309,184.91339683532715
5546,1745929595.9506683,182.27148056030273
5547,1745929596.1455178,183.180570602417
5548,1745929596.3406684,184.62729454040527
5549,1745929596.5345705,182.8010082244873
5550,1745929596.7296169,184.00001525878906
5551,1745929596.925983,185.75453758239746
5552,1745929597.1198587,183.26401710510254
5553,1745929597.3123858,182.0058822631836
5554,1745929597.5063298,182.6333999633789
5555,1745929597.7016232,184.2665672302246
5556,1745929597.8954356,183.67815017700195
5557,1745929598.0906103,184.65209007263184
5558,1745929598.2878013,185.97769737243652
5559,1745929598.482616,184.08608436584473
5560,1745929598.6764119,182.6918125152588
5561,1745929598.8715446,184.1130256652832
5562,1745929599.0654078,183.22515487670898
5563,1745929599.258871,182.9228401184082
5564,1745929599.4526813,182.6479434967041
5565,1745929599.6618211,198.22287559509277
5566,1745929599.8585732,186.08403205871582
5567,1745929600.0510538,182.25502967834473
5568,1745929600.24634,183.5920810699463
5569,1745929600.4414513,184.0827465057373
5570,1745929600.6383657,185.88829040527344
5571,1745929600.837577,188.67778778076172
5572,1745929601.033804,185.31370162963867
5573,1745929601.2286918,183.96759033203125
5574,1745929601.4228365,183.02106857299805
5575,1745929601.6173487,183.7625503540039
5576,1745929601.8153348,186.91468238830566
5577,1745929602.009135,183.06303024291992
5578,1745929602.204605,184.34739112854004
5579,1745929602.3998601,184.14735794067383
5580,1745929602.593584,183.20560455322266
5581,1745929602.7903545,185.70804595947266
5582,1745929602.9853814,183.97259712219238
5583,1745929603.1793518,183.14242362976074
5584,1745929603.37345,183.4084987640381
5585,1745929603.5671544,182.9853057861328
5586,1745929603.7609663,182.73377418518066
5587,1745929603.9579146,185.81342697143555
5588,1745929604.1541834,185.23645401000977
5589,1745929604.347681,182.98053741455078
5590,1745929604.541364,182.65199661254883
5591,1745929604.745816,193.53461265563965
5592,1745929604.944264,187.3953342437744
5593,1745929605.140049,184.981107711792
5594,1745929605.3355317,183.98690223693848
5595,1745929605.5305228,184.25416946411133
5596,1745929605.7258086,184.07678604125977
5597,1745929605.9214551,184.61275100708008
5598,1745929606.1194184,186.83743476867676
5599,1745929606.3136804,183.75778198242188
5600,1745929606.510213,185.7001781463623
5601,1745929606.7053673,184.13329124450684
5602,1745929606.9026997,186.79475784301758
5603,1745929607.0997198,186.13409996032715
5604,1745929607.2945492,183.78448486328125
5605,1745929607.4922543,186.62023544311523
5606,1745929607.6878538,184.63659286499023
5607,1745929607.8835387,184.47446823120117
5608,1745929608.082564,188.40265274047852
5609,1745929608.285805,192.77000427246094
5610,1745929608.4807127,183.9132308959961
5611,1745929608.676245,185.05001068115234
5612,1745929608.885712,198.8842487335205
5613,1745929609.090382,194.1077709197998
5614,1745929609.2882555,186.83838844299316
5615,1745929609.4848197,185.78863143920898
5616,1745929609.6809175,185.05001068115234
5617,1745929609.8831909,191.6337013244629
5618,1745929610.0777273,183.83121490478516
5619,1745929610.274438,186.19775772094727
5620,1745929610.470625,185.4708194732666
5621,1745929610.6684797,186.58900260925293
5622,1745929610.8637137,184.96346473693848
5623,1745929611.059832,185.30964851379395
5624,1745929611.2559168,185.1520538330078
5625,1745929611.4552448,188.3108615875244
5626,1745929611.6635125,197.71337509155273
5627,1745929611.8613448,186.67268753051758
5628,1745929612.0980873,225.71420669555664
5629,1745929612.2948709,186.2790584564209
5630,1745929612.4981632,192.31939315795898
5631,1745929612.695521,186.34414672851562
5632,1745929612.895465,189.5315647125244
5633,1745929613.091644,185.65678596496582
5634,1745929613.2858758,183.35556983947754
5635,1745929613.4807637,183.53939056396484
5636,1745929613.6765532,184.27610397338867
5637,1745929613.871489,184.18025970458984
5638,1745929614.0675697,185.04667282104492
5639,1745929614.2609625,183.29262733459473
5640,1745929614.457512,184.97586250305176
5641,1745929614.6609867,192.427396774292
5642,1745929614.859959,187.1335506439209
5643,1745929615.0597625,189.24975395202637
5644,1745929615.2549021,184.5846176147461
5645,1745929615.4492736,183.82835388183594
5646,1745929615.6433942,183.08091163635254
5647,1745929615.9102402,255.72538375854492
5648,1745929616.1057873,184.60440635681152
5649,1745929616.3006248,183.80451202392578
5650,1745929616.4942791,182.6331615447998
5651,1745929616.6883328,182.99365043640137
5652,1745929616.881689,182.29389190673828
5653,1745929617.0774028,184.6754550933838
5654,1745929617.2733314,184.7677230834961
5655,1745929617.471768,187.28899955749512
5656,1745929617.6651871,182.3556423187256
5657,1745929617.8595238,183.29572677612305
5658,1745929618.054845,184.71789360046387
5659,1745929618.2501135,184.68880653381348
5660,1745929618.4454913,184.5080852508545
5661,1745929618.6432288,186.83886528015137
5662,1745929618.8396404,185.89472770690918
5663,1745929619.034522,183.92348289489746
5664,1745929619.2284915,182.70611763000488
5665,1745929619.4228075,183.07900428771973
5666,1745929619.6163135,183.1660270690918
5667,1745929620.6443713,nan
5668,1745929620.8388917,184.19504165649414
5669,1745929621.0345914,184.94868278503418
5670,1745929621.23087,185.76288223266602
5671,1745929621.4266233,184.71670150756836
5672,1745929621.622208,184.95965003967285
5673,1745929621.8171766,184.55982208251953
5674,1745929622.0147855,186.58018112182617
5675,1745929622.2096233,184.1287612915039
5676,1745929622.4090676,189.23306465148926
5677,1745929622.6060646,185.94884872436523
5678,1745929622.8040435,187.32547760009766
5679,1745929623.005408,190.14310836791992
5680,1745929623.19965,183.1526756286621
5681,1745929623.392681,182.42406845092773
5682,1745929623.590673,186.9375705718994
5683,1745929623.7895803,188.37904930114746
5684,1745929623.9832547,183.47644805908203
5685,1745929624.1793904,184.8123073577881
5686,1745929625.1974258,nan
5687,1745929625.3941271,186.18345260620117
5688,1745929625.5922766,186.0971450805664
5689,1745929625.7888823,186.0957145690918
5690,1745929625.9859707,186.56039237976074
5691,1745929626.180902,184.46946144104004
5692,1745929626.3806531,188.2493495941162
5693,1745929626.5775502,186.2027645111084
5694,1745929626.7737606,185.35256385803223
5695,1745929626.972318,187.51287460327148
5696,1745929627.1690123,185.64105033874512
5697,1745929627.3652687,185.67967414855957
5698,1745929627.5630648,187.2539520263672
5699,1745929627.759936,185.84537506103516
5700,1745929627.9559507,184.80563163757324
5701,1745929628.1540372,186.85674667358398
5702,1745929628.3476005,183.0148696899414
5703,1745929628.5422237,183.5489273071289
5704,1745929629.5553885,nan
5705,1745929629.7579718,192.05594062805176
5706,1745929629.9537017,184.71479415893555
5707,1745929630.1502137,185.79769134521484
5708,1745929630.3467767,185.81056594848633
5709,1745929630.5445366,186.7074966430664
5710,1745929630.739908,184.26203727722168
5711,1745929631.7563581,nan
5712,1745929631.9527874,185.55593490600586
5713,1745929632.1494124,185.93311309814453
5714,1745929632.3443832,184.36121940612793
5715,1745929632.5390651,184.22627449035645
5716,1745929632.7335384,183.94899368286133
5717,1745929632.92801,183.42852592468262
5718,1745929633.1245987,185.53519248962402
5719,1745929633.3212485,186.11836433410645
5720,1745929633.5179873,186.22994422912598
5721,1745929633.714739,185.6374740600586
5722,1745929633.912218,187.1485710144043
5723,1745929634.1093452,186.323881149292
5724,1745929634.3065078,186.46240234375
5725,1745929634.5039997,186.88464164733887
5726,1745929634.7011423,185.9138011932373
5727,1745929634.9009411,188.6730194091797
5728,1745929635.100584,187.52336502075195
5729,1745929635.2953076,184.20052528381348
5730,1745929635.490922,184.56625938415527
5731,1745929635.6876373,185.44912338256836
5732,1745929635.883235,184.87548828125
5733,1745929636.0791788,185.3351593017578
5734,1745929636.274517,184.72719192504883
5735,1745929636.4729207,187.3774528503418
5736,1745929636.6686487,185.56523323059082
5737,1745929636.8656878,185.94765663146973
5738,1745929637.0608149,183.80141258239746
5739,1745929637.2573037,185.96363067626953
5740,1745929637.452803,184.44275856018066
5741,1745929637.6486807,185.1816177368164
5742,1745929637.8443184,184.50260162353516
5743,1745929638.0397294,184.4017505645752
5744,1745929638.237191,186.92350387573242
5745,1745929638.431338,183.5312843322754
5746,1745929638.627855,185.4853630065918
5747,1745929638.8238502,183.80212783813477
5748,1745929639.0200896,185.6980323791504
5749,1745929639.2163937,185.22047996520996
5750,1745929639.4126906,185.6234073638916
5751,1745929639.611713,188.14444541931152
5752,1745929639.8235097,201.13611221313477
5753,1745929640.020733,186.1259937286377
5754,1745929640.2174716,185.73951721191406
5755,1745929640.4134629,185.46748161315918
5756,1745929640.6104438,185.7779026031494
5757,1745929640.8068902,186.17558479309082
5758,1745929641.0043876,186.47217750549316
5759,1745929641.1997406,184.78941917419434
5760,1745929641.3949268,184.20815467834473
5761,1745929641.5908964,184.92579460144043
5762,1745929641.786451,184.19837951660156
5763,1745929641.9836328,186.22803688049316
5764,1745929643.0024168,nan
5765,1745929643.1964786,183.4547519683838
5766,1745929643.3909461,183.40182304382324
5767,1745929643.584641,183.12573432922363
5768,1745929643.7812448,185.70661544799805
5769,1745929643.9750109,183.57586860656738
5770,1745929644.1703765,184.34667587280273
5771,1745929644.364699,183.92515182495117
5772,1745929644.566396,190.66500663757324
5773,1745929644.7636485,185.9748363494873
5774,1745929644.9582646,184.0062141418457
5775,1745929645.1506588,181.78081512451172
5776,1745929645.3456006,183.91108512878418
5777,1745929645.5409937,184.08489227294922
5778,1745929645.7367227,184.70096588134766
5779,1745929645.930951,183.71868133544922
5780,1745929646.1264517,184.37814712524414
5781,1745929646.321633,184.15594100952148
5782,1745929646.5169206,184.26752090454102
5783,1745929646.713899,186.54632568359375
5784,1745929646.909133,184.71336364746094
5785,1745929647.1044323,184.67020988464355
5786,1745929647.3011394,186.01322174072266
5787,1745929647.4963598,184.14998054504395
5788,1745929647.6907718,183.37488174438477
5789,1745929647.8866172,184.33284759521484
5790,1745929648.080294,183.03632736206055
5791,1745929648.2754788,184.45372581481934
5792,1745929648.4739668,187.6816749572754
5793,1745929648.6685677,183.6414337158203
5794,1745929648.8626764,183.5954189300537
5795,1745929649.0566108,183.63022804260254
5796,1745929649.2510324,183.38727951049805
5797,1745929649.4452562,183.11476707458496
5798,1745929649.644434,188.16280364990234
5799,1745929649.8424594,187.17718124389648
5800,1745929650.0390074,185.9111785888672
5801,1745929650.2347987,184.63516235351562
5802,1745929650.4305906,184.77559089660645
5803,1745929650.6273625,185.77051162719727
5804,1745929650.8233106,185.6253147125244
5805,1745929651.0225463,188.1723403930664
5806,1745929651.2209177,187.84475326538086
5807,1745929651.4167912,185.34255027770996
5808,1745929651.6134608,186.13338470458984
5809,1745929651.8106673,186.17796897888184
5810,1745929652.0079174,186.16271018981934
5811,1745929652.2043498,185.81795692443848
5812,1745929652.4005353,184.99159812927246
5813,1745929652.5996556,188.10486793518066
5814,1745929652.797349,187.17575073242188
5815,1745929653.0004435,192.0790672302246
5816,1745929653.1976676,186.08713150024414
5817,1745929653.3940587,185.8813762664795
5818,1745929653.5912716,186.60259246826172
5819,1745929653.7914376,189.55349922180176
5820,1745929653.9883113,185.70542335510254
5821,1745929654.1852827,186.39731407165527
5822,1745929654.38235,185.73498725891113
5823,1745929654.580468,187.07013130187988
5824,1745929654.7776022,186.68556213378906
5825,1745929654.9740522,185.90259552001953
5826,1745929655.1721413,186.9645118713379
5827,1745929655.3682747,185.621976852417
5828,1745929655.5632074,184.76247787475586
5829,1745929655.760298,186.05446815490723
5830,1745929655.955164,184.15474891662598
5831,1745929656.154736,188.55834007263184
5832,1745929656.3506255,184.7391128540039
5833,1745929656.5456214,184.07678604125977
5834,1745929656.7400413,183.89105796813965
5835,1745929656.9337566,183.1820011138916
5836,1745929657.1286254,183.83002281188965
5837,1745929657.3249207,185.72115898132324
5838,1745929657.519397,183.47978591918945
5839,1745929657.714954,184.31758880615234
5840,1745929657.9085836,182.92784690856934
5841,1745929658.1043677,184.42702293395996
5842,1745929658.3023415,186.5990161895752
5843,1745929658.497722,184.71169471740723
5844,1745929658.691284,182.53493309020996
5845,1745929658.8882601,185.87017059326172
5846,1745929659.0811384,182.36589431762695
5847,1745929659.275865,183.20250511169434
5848,1745929659.4769557,190.568208694458
5849,1745929659.6824865,194.43297386169434
5850,1745929659.8766906,183.64691734313965
5851,1745929660.084241,195.8763599395752
5852,1745929660.2797794,184.42392349243164
5853,1745929660.4743958,183.58254432678223
5854,1745929660.6709514,185.50539016723633
5855,1745929660.8676877,185.66417694091797
5856,1745929661.0637856,185.06598472595215
5857,1745929661.258028,183.80379676818848
5858,1745929661.4528513,183.96425247192383
5859,1745929661.6482852,184.9222183227539
5860,1745929661.8436878,183.87436866760254
5861,1745929662.0397282,184.59486961364746
5862,1745929662.2369618,186.74015998840332
5863,1745929662.4315796,183.56728553771973
5864,1745929662.625452,183.36248397827148
5865,1745929662.82008,183.06756019592285
5866,1745929663.0151093,184.01837348937988
5867,1745929663.209676,183.52866172790527
5868,1745929663.408456,187.7434253692627
5869,1745929663.610854,191.63894653320312
5870,1745929663.8048325,182.95550346374512
5871,1745929664.0011866,185.30893325805664
5872,1745929664.2013485,189.6369457244873
5873,1745929664.3986945,186.19561195373535
5874,1745929664.5967925,187.07752227783203
5875,1745929664.7936122,185.75668334960938
5876,1745929664.990108,185.88614463806152
5877,1745929665.1890402,187.85929679870605
5878,1745929665.3866467,186.87772750854492
5879,1745929665.5926266,195.42288780212402
5880,1745929665.7914777,188.2927417755127
5881,1745929665.9877403,184.8466396331787
5882,1745929666.184156,186.3546371459961
5883,1745929666.380867,186.28644943237305
5884,1745929666.5795188,187.4868869781494
5885,1745929666.777657,187.44683265686035
5886,1745929666.9743338,186.1553192138672
5887,1745929667.1748762,189.29553031921387
5888,1745929667.369884,183.94851684570312
5889,1745929667.5736437,193.21417808532715
5890,1745929667.7694123,184.71860885620117
5891,1745929667.965205,185.15467643737793
5892,1745929668.160918,185.09316444396973
5893,1745929668.3565118,184.39292907714844
5894,1745929668.5544589,186.97500228881836
5895,1745929668.7486017,183.9594841003418
5896,1745929668.946423,187.05153465270996
5897,1745929669.1445417,187.5588893890381
5898,1745929669.338901,183.99906158447266
5899,1745929669.5366335,186.7208480834961
5900,1745929669.733396,185.1785182952881
5901,1745929669.9295504,185.34231185913086
5902,1745929670.126673,186.0959529876709
5903,1745929670.3216999,184.13186073303223
5904,1745929670.5158894,183.8223934173584
5905,1745929670.7102199,184.03148651123047
5906,1745929670.9104378,188.31825256347656
5907,1745929671.10445,183.46571922302246
5908,1745929671.3044405,188.72547149658203
5909,1745929671.5022867,186.64288520812988
5910,1745929671.6967728,183.95328521728516
5911,1745929671.8952086,186.8264675140381
5912,1745929672.0921733,186.4161491394043
5913,1745929672.2896562,186.96117401123047
5914,1745929672.4874487,186.49840354919434
5915,1745929672.6833088,185.35161018371582
5916,1745929672.879328,185.0893497467041
5917,1745929673.0732853,182.9214096069336
5918,1745929673.2699287,185.54425239562988
5919,1745929673.4677527,186.7663860321045
5920,1745929673.6623337,183.5784912109375
5921,1745929673.858923,184.99517440795898
5922,1745929674.056823,187.38865852355957
5923,1745929674.2524352,185.35971641540527
5924,1745929674.4486413,185.6694221496582
5925,1745929674.6540687,194.17572021484375
5926,1745929674.8564658,191.67065620422363
5927,1745929675.873252,nan
5928,1745929676.0676723,183.6237907409668
5929,1745929676.2645466,185.7912540435791
5930,1745929676.4609663,185.34445762634277
5931,1745929676.660508,188.49706649780273
5932,1745929676.8572035,185.56714057922363
5933,1745929677.0533788,185.63556671142578
5934,1745929677.2509587,186.97333335876465
5935,1745929677.44567,184.1144561767578
5936,1745929677.6406047,184.36789512634277
5937,1745929677.8389158,187.11113929748535
5938,1745929678.0351906,185.5783462524414
5939,1745929678.2307608,184.7546100616455
5940,1745929678.429703,187.35170364379883
5941,1745929679.4510643,nan
5942,1745929679.653891,192.30341911315918
5943,1745929679.8511198,186.68842315673828
5944,1745929680.0487967,185.15515327453613
5945,1745929680.2461593,186.78522109985352
5946,1745929680.4435554,186.28501892089844
5947,1745929681.4587176,nan
5948,1745929681.654906,185.67609786987305
5949,1745929681.8502474,184.29994583129883
5950,1745929682.0479603,186.86914443969727
5951,1745929682.2422655,182.81149864196777
5952,1745929682.4361098,183.0456256866455
5953,1745929683.680904,1233.4272861480713
5954,1745929683.8787322,186.7821216583252
5955,1745929684.0763845,186.57803535461426
5956,1745929684.2738752,186.4612102508545
5957,1745929684.4683404,183.4397315979004
5958,1745929684.6630402,183.6254596710205
5959,1745929684.8578675,183.52746963500977
5960,1745929685.056341,187.4825954437256
5961,1745929685.25245,185.48226356506348
5962,1745929685.4476736,184.34405326843262
5963,1745929685.641546,183.4421157836914
5964,1745929685.8368235,184.36670303344727
5965,1745929686.032469,184.48448181152344
5966,1745929686.2268302,183.7162971496582
5967,1745929686.4235384,186.10858917236328
5968,1745929686.6245954,189.8634433746338
5969,1745929686.819125,183.5339069366455
5970,1745929687.832289,nan
5971,1745929688.0293663,186.6159439086914
5972,1745929688.2235289,183.6254596710205
5973,1745929688.4211786,186.22827529907227
5974,1745929688.6148927,183.37392807006836
5975,1745929688.810384,184.30304527282715
5976,1745929689.0060291,184.52715873718262
5977,1745929689.2009296,183.03823471069336
5978,1745929689.395072,183.11548233032227
5979,1745929689.5972795,190.99187850952148
5980,1745929689.7915888,182.83772468566895
5981,1745929689.9985,195.43194770812988
5982,1745929691.0203333,nan
5983,1745929691.2150853,184.00907516479492
5984,1745929691.4094763,183.37202072143555
5985,1745929691.604016,183.59613418579102
5986,1745929691.7992694,184.71574783325195
5987,1745929691.9957926,186.00726127624512
5988,1745929692.1904192,183.61496925354004
5989,1745929692.3850553,183.89153480529785
5990,1745929692.577816,182.24501609802246
5991,1745929692.7715344,182.67250061035156
5992,1745929692.9686215,185.93931198120117
5993,1745929693.1642568,184.80181694030762
5994,1745929693.3584216,183.62832069396973
5995,1745929693.5696778,200.26755332946777
5996,1745929693.7673326,186.62428855895996
5997,1745929693.9645808,186.20681762695312
5998,1745929694.1606963,185.05167961120605
5999,1745929694.3552043,183.93993377685547
6000,1745929694.5840268,217.59963035583496
