1,1745916322.2497509,183.03155899047852
2,1745916322.443761,182.97076225280762
3,1745916322.647032,192.29412078857422
4,1745916322.8404653,182.3747158050537
5,1745916323.0343797,183.1505298614502
6,1745916323.2295473,184.63659286499023
7,1745916323.4227421,182.9545497894287
8,1745916323.617205,183.1345558166504
9,1745916323.871138,243.18885803222656
10,1745916324.0653307,183.17508697509766
11,1745916324.2596152,183.0127239227295
12,1745916324.453749,183.16888809204102
13,1745916325.4729784,nan
14,1745916325.709527,225.90303421020508
15,1745916325.9050484,184.87024307250977
16,1745916326.0997317,183.55512619018555
17,1745916326.2928388,182.48796463012695
18,1745916326.4878316,183.71295928955078
19,1745916326.6825025,183.19463729858398
20,1745916326.875103,181.94174766540527
21,1745916327.0700579,183.42971801757812
22,1745916327.2638717,182.85417556762695
23,1745916327.53914,264.36877250671387
24,1745916327.753793,203.60946655273438
25,1745916327.9474912,182.9378604888916
26,1745916328.1416218,183.57515335083008
27,1745916328.3369377,184.23175811767578
28,1745916328.530744,183.26735496520996
29,1745916328.7768686,234.83800888061523
30,1745916328.9712105,183.36892127990723
31,1745916329.1657972,183.394193649292
32,1745916330.1859412,nan
33,1745916330.4217632,225.15034675598145
34,1745916330.720735,287.92595863342285
35,1745916330.9148104,182.68299102783203
36,1745916331.1079662,183.0747127532959
37,1745916331.30225,183.2263469696045
38,1745916331.5459957,232.4509620666504
39,1745916331.7404468,183.40444564819336
40,1745916331.934829,183.66074562072754
41,1745916332.1298442,183.70532989501953
42,1745916332.3236694,183.0766201019287
43,1745916332.573745,238.71827125549316
44,1745916332.76813,183.34150314331055
45,1745916332.962111,182.49821662902832
46,1745916333.1568882,183.73775482177734
47,1745916333.35019,182.76643753051758
48,1745916333.5911489,230.41343688964844
49,1745916333.7852945,183.04967880249023
50,1745916333.992929,197.1144676208496
51,1745916334.1859846,182.4052333831787
52,1745916334.4149847,217.88382530212402
53,1745916334.6097257,183.86602401733398
54,1745916334.8047352,183.81667137145996
55,1745916334.99858,183.5458278656006
56,1745916335.1938477,183.93945693969727
57,1745916335.3872805,182.9090118408203
58,1745916335.5815954,183.78233909606934
59,1745916335.7765634,183.9308738708496
60,1745916335.9701643,183.06684494018555
61,1745916336.1633306,182.61313438415527
62,1745916336.3584466,183.9466094970703
63,1745916336.5590177,190.00482559204102
64,1745916336.752983,183.09903144836426
65,1745916336.9467754,182.7545166015625
66,1745916337.1405563,182.74974822998047
67,1745916337.335796,184.07011032104492
68,1745916337.5299356,183.43830108642578
69,1745916337.787706,246.92606925964355
70,1745916337.9816124,183.3939552307129
71,1745916338.175682,183.40444564819336
72,1745916338.3700287,183.26282501220703
73,1745916338.5640466,182.95741081237793
74,1745916338.8107915,235.81290245056152
75,1745916339.0051613,182.77978897094727
76,1745916339.1987298,183.35556983947754
77,1745916339.3928173,183.2296848297119
78,1745916339.6308224,227.64849662780762
79,1745916339.8247104,183.5346221923828
80,1745916340.018938,183.4707260131836
81,1745916340.213229,183.1066608428955
82,1745916340.4077988,183.73417854309082
83,1745916340.600788,182.36017227172852
84,1745916340.7943218,182.39450454711914
85,1745916340.9889357,183.5775375366211
86,1745916341.2676334,267.65990257263184
87,1745916341.462206,183.8693618774414
88,1745916342.4877634,nan
89,1745916343.0326645,534.2681407928467
90,1745916343.2275927,184.1275691986084
91,1745916343.4224901,182.7566623687744
92,1745916343.7316723,298.2001304626465
93,1745916343.9253824,183.19416046142578
94,1745916344.1292195,192.7037239074707
95,1745916344.32391,184.15546417236328
96,1745916344.5406337,206.56824111938477
97,1745916344.7354026,184.2479705810547
98,1745916344.928996,182.5087070465088
99,1745916345.1235218,183.11738967895508
100,1745916345.3552861,221.11105918884277
101,1745916345.5494397,182.7068328857422
102,1745916345.7438245,183.84647369384766
103,1745916345.9375098,182.67154693603516
104,1745916346.1317217,183.17675590515137
105,1745916346.325798,183.27569961547852
106,1745916346.544933,208.45818519592285
107,1745916346.7395072,183.55369567871094
108,1745916346.933495,182.97576904296875
109,1745916347.1269488,182.8758716583252
110,1745916347.3216515,183.66622924804688
111,1745916347.5167131,184.54217910766602
112,1745916347.7116413,184.21649932861328
113,1745916348.0170166,294.8346138000488
114,1745916348.2112756,183.44497680664062
115,1745916348.405974,183.4585666656494
116,1745916348.6004438,183.31265449523926
117,1745916348.8539128,242.42877960205078
118,1745916349.0479698,183.01749229431152
119,1745916349.2420738,182.99579620361328
120,1745916349.4439058,190.80781936645508
121,1745916349.6375396,182.59954452514648
122,1745916349.8325968,183.91084671020508
123,1745916350.0256643,182.71660804748535
124,1745916350.2196727,182.70373344421387
125,1745916350.414157,183.55846405029297
126,1745916350.6921577,267.474889755249
127,1745916350.8874524,184.21220779418945
128,1745916351.0911484,192.55781173706055
129,1745916351.2854173,183.23659896850586
130,1745916351.4865565,190.6876564025879
131,1745916351.6810322,183.7630271911621
132,1745916351.876005,184.27610397338867
133,1745916352.070707,183.9282512664795
134,1745916352.266013,183.7632656097412
135,1745916352.4606295,184.22389030456543
136,1745916352.6550195,183.89344215393066
137,1745916352.8497946,183.7623119354248
138,1745916353.0431216,182.82699584960938
139,1745916353.3510196,296.8597412109375
140,1745916353.545032,183.28547477722168
141,1745916353.7387297,183.17723274230957
142,1745916354.7594025,nan
143,1745916354.9537559,183.43567848205566
144,1745916355.147237,182.96384811401367
145,1745916355.3408036,183.03298950195312
146,1745916355.5349627,183.4726333618164
147,1745916355.8000145,253.97777557373047
148,1745916355.9946458,183.72702598571777
149,1745916356.1900003,184.32092666625977
150,1745916356.3848786,183.21895599365234
151,1745916356.621782,226.81236267089844
152,1745916356.8151488,182.70468711853027
153,1745916357.009647,183.44831466674805
154,1745916357.2044606,184.58151817321777
155,1745916357.3980465,182.9540729522705
156,1745916357.6633608,254.26697731018066
157,1745916357.9597442,285.8712673187256
158,1745916358.154981,184.44418907165527
159,1745916358.3484802,183.13360214233398
160,1745916358.5785,219.51055526733398
161,1745916358.8934774,304.4145107269287
162,1745916359.0870905,183.02011489868164
163,1745916359.2809339,182.8014850616455
164,1745916359.4748619,182.90066719055176
165,1745916359.669002,183.08115005493164
166,1745916359.863125,182.5709342956543
167,1745916360.0571957,183.01844596862793
168,1745916360.2517033,183.91036987304688
169,1745916360.4467611,182.7239990234375
170,1745916360.7182238,260.95104217529297
171,1745916360.9121146,183.45403671264648
172,1745916361.1069214,184.1440200805664
173,1745916361.3018875,183.7596893310547
174,1745916361.5478778,235.48412322998047
175,1745916361.8587594,300.07290840148926
176,1745916362.0836868,214.097261428833
177,1745916362.2783682,183.41732025146484
178,1745916362.4737287,184.18216705322266
179,1745916362.6674826,182.71350860595703
180,1745916362.975749,297.1518039703369
181,1745916363.1694233,182.93261528015137
182,1745916363.365438,184.63611602783203
183,1745916363.5598712,183.16292762756348
184,1745916363.7544336,182.6937198638916
185,1745916363.9487674,183.99357795715332
186,1745916364.1418612,182.79600143432617
187,1745916364.335874,182.99627304077148
188,1745916364.6185126,272.05801010131836
189,1745916364.9316852,300.6024360656738
190,1745916365.1249394,183.19463729858398
191,1745916365.3194857,183.2730770111084
192,1745916365.5145752,184.36956405639648
193,1745916365.7086527,183.45904350280762
194,1745916365.9388433,219.1755771636963
195,1745916366.133121,183.38513374328613
196,1745916366.3272684,183.15625190734863
197,1745916366.5285316,190.2024745941162
198,1745916366.7224436,183.29429626464844
199,1745916366.916525,183.05730819702148
200,1745916367.1097915,182.708740234375
201,1745916367.3036065,183.13884735107422
202,1745916367.4980247,183.37202072143555
203,1745916367.6911652,182.41143226623535
204,1745916367.9961317,294.1100597381592
205,1745916368.188866,182.16991424560547
206,1745916368.3839529,183.65049362182617
207,1745916368.5774188,183.31432342529297
208,1745916368.770837,182.69085884094238
209,1745916368.9654396,183.22300910949707
210,1745916369.1590848,182.61241912841797
211,1745916369.3531663,183.00604820251465
212,1745916369.5488904,184.7226619720459
213,1745916369.7426882,183.2573413848877
214,1745916369.935336,182.42859840393066
215,1745916370.1299546,183.46452713012695
216,1745916370.3237736,182.77335166931152
217,1745916370.5690382,234.41672325134277
218,1745916370.7620513,182.70158767700195
219,1745916371.0549436,281.8288803100586
220,1745916371.2492137,182.73282051086426
221,1745916371.5988083,338.4287357330322
222,1745916371.895406,286.35096549987793
223,1745916372.1217453,215.4402732849121
224,1745916372.3148782,182.45291709899902
225,1745916372.5110703,184.34739112854004
226,1745916372.704906,182.93118476867676
227,1745916373.0100787,293.9157485961914
228,1745916373.2038827,182.82771110534668
229,1745916373.3984993,183.82930755615234
230,1745916373.591599,182.82032012939453
231,1745916373.8346655,232.05184936523438
232,1745916374.128545,283.3542823791504
233,1745916374.3226423,183.49671363830566
234,1745916374.5171754,183.73370170593262
235,1745916374.7112424,183.50458145141602
236,1745916374.9655764,243.38126182556152
237,1745916375.1602607,184.2353343963623
238,1745916375.3546102,183.10952186584473
239,1745916375.5500915,183.7618350982666
240,1745916375.7436051,182.98029899597168
241,1745916375.9382284,183.3200454711914
242,1745916376.130662,181.9136142730713
243,1745916376.325213,183.77137184143066
244,1745916376.5995374,263.72623443603516
245,1745916376.7935307,183.81452560424805
246,1745916376.98762,183.20155143737793
247,1745916377.181448,182.81865119934082
248,1745916377.3754196,182.94954299926758
249,1745916377.6186006,231.66298866271973
250,1745916377.8113852,182.3883056640625
251,1745916378.006711,184.29279327392578
252,1745916378.1999273,182.72686004638672
253,1745916378.3946235,183.6705207824707
254,1745916378.652087,246.1552619934082
255,1745916378.9618742,299.21674728393555
256,1745916379.1566453,183.88938903808594
257,1745916379.3510013,183.8078498840332
258,1745916379.5443585,182.84368515014648
259,1745916379.738968,183.6378574371338
260,1745916379.934312,184.23843383789062
261,1745916380.1629753,217.96298027038574
262,1745916380.3570058,183.51316452026367
263,1745916380.550577,182.72137641906738
264,1745916380.7445595,182.94763565063477
265,1745916381.006751,251.4476776123047
266,1745916381.200504,183.1059455871582
267,1745916381.3955388,184.47089195251465
268,1745916381.5987558,192.64793395996094
269,1745916382.6230104,nan
270,1745916383.636805,nan
271,1745916384.660887,nan
272,1745916384.893156,221.6651439666748
273,1745916385.0867734,182.8451156616211
274,1745916385.2819018,184.01479721069336
275,1745916385.5114744,219.45548057556152
276,1745916385.704992,182.99031257629395
277,1745916385.8997781,183.7480068206787
278,1745916386.097055,186.45834922790527
279,1745916386.291008,182.91258811950684
280,1745916386.4850607,182.66534805297852
281,1745916386.6852977,189.12529945373535
282,1745916386.879715,183.3968162536621
283,1745916387.0906644,199.9955177307129
284,1745916387.284955,183.13121795654297
285,1745916387.4792078,182.50703811645508
286,1745916387.6745493,184.2172145843506
287,1745916387.9698503,284.4359874725342
288,1745916388.1638193,183.1371784210205
289,1745916388.357607,183.52985382080078
290,1745916388.5520437,183.36176872253418
291,1745916388.7465842,183.50458145141602
292,1745916388.9395702,182.81126022338867
293,1745916389.1351562,184.54360961914062
294,1745916389.3875027,241.93811416625977
295,1745916389.5820901,183.5479736328125
296,1745916389.8581827,265.5608654022217
297,1745916390.1039875,234.785795211792
298,1745916390.2982707,183.24017524719238
299,1745916390.4922612,183.39276313781738
300,1745916390.6856303,182.8594207763672
301,1745916390.9328332,236.35601997375488
302,1745916391.1271925,183.30955505371094
303,1745916391.3221734,184.40556526184082
304,1745916391.516409,183.7632656097412
305,1745916391.7106624,183.73799324035645
306,1745916391.904406,182.59525299072266
307,1745916392.1686306,253.5562515258789
308,1745916392.3631897,183.69054794311523
309,1745916392.5565262,183.18533897399902
310,1745916392.7499838,183.09712409973145
311,1745916392.9433765,182.43646621704102
312,1745916393.174964,220.54696083068848
313,1745916393.3688416,182.8136444091797
314,1745916394.3931568,nan
315,1745916394.5883594,184.28611755371094
316,1745916394.83023,230.8182716369629
317,1745916395.02516,183.87818336486816
318,1745916395.229731,193.93682479858398
319,1745916395.4241624,183.78424644470215
320,1745916395.6583934,223.25682640075684
321,1745916395.851995,183.06803703308105
322,1745916396.0469613,183.29596519470215
323,1745916396.2420473,184.3123435974121
324,1745916396.4356613,182.999849319458
325,1745916396.6366353,190.41132926940918
326,1745916396.8297439,182.70039558410645
327,1745916397.0253463,184.71026420593262
328,1745916397.288622,252.59971618652344
329,1745916397.583425,284.1675281524658
330,1745916397.777057,183.09330940246582
331,1745916397.9707282,183.03251266479492
332,1745916398.1648133,182.96194076538086
333,1745916398.3600802,184.23771858215332
334,1745916398.5536213,183.31122398376465
335,1745916398.8253877,261.03782653808594
336,1745916399.018592,182.27839469909668
337,1745916399.2132854,183.63213539123535
338,1745916399.4068966,182.56640434265137
339,1745916399.6014545,183.41493606567383
340,1745916399.8308873,217.55003929138184
341,1745916400.024505,183.09283256530762
342,1745916400.2187023,183.16245079040527
343,1745916400.4135087,183.1223964691162
344,1745916400.6068778,182.84034729003906
345,1745916400.8010175,183.1214427947998
346,1745916400.9941895,182.65080451965332
347,1745916401.2790227,274.1250991821289
348,1745916401.4928966,202.59475708007812
349,1745916401.6881669,183.81333351135254
350,1745916401.881837,182.92713165283203
351,1745916402.07718,184.20839309692383
352,1745916402.2713966,183.42041969299316
353,1745916402.4654477,183.03990364074707
354,1745916402.7265966,250.53739547729492
355,1745916403.0156713,278.5453796386719
356,1745916403.2098904,183.84981155395508
357,1745916403.4038317,183.78973007202148
358,1745916403.5983505,183.55274200439453
359,1745916403.79191,183.45141410827637
360,1745916403.985215,182.26337432861328
361,1745916404.2616556,265.03610610961914
362,1745916404.455613,182.91211128234863
363,1745916404.7602618,293.7901020050049
364,1745916405.071154,300.2912998199463
365,1745916405.264968,182.85703659057617
366,1745916405.459359,183.36915969848633
367,1745916406.4856188,nan
368,1745916406.6810138,185.1062774658203
369,1745916406.8741105,182.56640434265137
370,1745916407.0686564,183.38441848754883
371,1745916407.2622852,183.37297439575195
372,1745916407.4565475,183.12406539916992
373,1745916407.7241092,256.2592029571533
374,1745916407.9177346,183.08091163635254
375,1745916408.112993,183.85887145996094
376,1745916408.3074048,183.6526393890381
377,1745916408.5009327,183.00628662109375
378,1745916408.759681,248.01969528198242
379,1745916409.0574167,286.70597076416016
380,1745916409.251602,182.91735649108887
381,1745916409.4467282,184.098482131958
382,1745916409.6409037,182.88040161132812
383,1745916409.8350863,183.13169479370117
384,1745916410.081089,234.7695827484131
385,1745916410.2747376,182.60931968688965
386,1745916410.4693985,183.38370323181152
387,1745916410.663263,183.39228630065918
388,1745916410.9097013,235.36205291748047
389,1745916411.1034238,182.9855442047119
390,1745916411.2973962,183.37631225585938
391,1745916411.4997613,191.53451919555664
392,1745916411.6938992,183.32743644714355
393,1745916411.8881414,183.6230754852295
394,1745916412.081994,183.1822395324707
395,1745916412.2746897,182.4626922607422
396,1745916412.4694984,184.07607078552246
397,1745916412.7540803,273.7405300140381
398,1745916413.0485847,284.17444229125977
399,1745916413.24257,182.93046951293945
400,1745916413.4371555,183.69626998901367
401,1745916413.631003,183.0284595489502
402,1745916413.8713434,229.3069362640381
403,1745916414.0656345,183.51221084594727
404,1745916414.2585793,182.5399398803711
405,1745916414.4537716,184.15284156799316
406,1745916414.6491354,184.3278408050537
407,1745916414.890584,230.92961311340332
408,1745916415.0846968,183.2423210144043
409,1745916415.2792947,183.52866172790527
410,1745916415.4728003,182.97457695007324
411,1745916415.6678405,184.01026725769043
412,1745916415.8905911,212.46004104614258
413,1745916416.0848808,183.11238288879395
414,1745916416.2795172,183.9926242828369
415,1745916416.472657,182.5549602508545
416,1745916416.6674476,183.57539176940918
417,1745916416.8607965,182.83677101135254
418,1745916417.0552285,183.2418441772461
419,1745916417.2499046,184.15307998657227
420,1745916417.4426959,182.60765075683594
421,1745916417.6379833,184.29207801818848
422,1745916418.650689,nan
423,1745916419.1965091,535.3024005889893
424,1745916419.3907082,183.44473838806152
425,1745916419.5856216,183.3958625793457
426,1745916419.81456,218.43838691711426
427,1745916420.124728,299.1902828216553
428,1745916420.319214,183.6535930633545
429,1745916420.512347,182.5392246246338
430,1745916420.7065177,183.32648277282715
431,1745916420.9007595,183.64477157592773
432,1745916421.149764,238.47198486328125
433,1745916421.4450386,284.69109535217285
434,1745916421.639555,183.26067924499512
435,1745916422.6520998,nan
436,1745916422.8866985,223.6483097076416
437,1745916423.1717288,273.3807563781738
438,1745916423.3653407,183.30669403076172
439,1745916423.5599396,184.34882164001465
440,1745916423.7530384,182.62171745300293
441,1745916423.9476714,183.60018730163574
442,1745916424.141672,182.7549934387207
443,1745916424.3371048,183.9730739593506
444,1745916424.5310938,183.46786499023438
445,1745916424.8267257,285.2511405944824
446,1745916425.020217,182.81102180480957
447,1745916426.0365996,nan
448,1745916426.229532,182.5575828552246
449,1745916426.4242253,183.51435661315918
450,1745916426.6182632,183.4549903869629
451,1745916426.8118794,183.1068992614746
452,1745916427.006764,183.79592895507812
453,1745916427.2006283,183.37178230285645
454,1745916427.3943996,183.2449436187744
455,1745916427.5888116,183.7632656097412
456,1745916427.783045,183.6855411529541
457,1745916428.0231087,229.92253303527832
458,1745916428.3064919,272.8452682495117
459,1745916428.5007334,183.35866928100586
460,1745916428.694216,182.97576904296875
461,1745916428.8889174,183.53533744812012
462,1745916429.0825737,183.121919631958
463,1745916429.297247,203.61876487731934
464,1745916429.490815,183.0434799194336
465,1745916429.6852694,183.22157859802246
466,1745916429.9139802,217.5424098968506
467,1745916430.108008,183.5014820098877
468,1745916430.301026,182.26075172424316
469,1745916430.496172,183.851957321167
470,1745916430.6896353,182.79528617858887
471,1745916430.8842466,183.52699279785156
472,1745916431.0785406,183.23063850402832
473,1745916431.271776,182.58023262023926
474,1745916431.4658985,183.04753303527832
475,1745916431.659471,183.0427646636963
476,1745916431.854881,184.17716026306152
477,1745916432.1012435,236.07850074768066
478,1745916432.375608,263.26441764831543
479,1745916432.570031,183.72106552124023
480,1745916432.7639322,183.48097801208496
481,1745916432.9588816,183.81953239440918
482,1745916433.1522124,182.67345428466797
483,1745916433.345681,182.36041069030762
484,1745916433.6287959,271.7783451080322
485,1745916433.822686,183.03418159484863
486,1745916434.017822,183.88915061950684
487,1745916434.2116408,182.9385757446289
488,1745916434.4065802,183.60352516174316
489,1745916434.600765,183.40587615966797
490,1745916434.7971823,185.90950965881348
491,1745916434.9919486,183.35580825805664
492,1745916435.1849482,182.59906768798828
493,1745916435.3794954,183.49266052246094
494,1745916435.5730412,182.66582489013672
495,1745916435.7670407,183.00437927246094
496,1745916435.9603097,182.62982368469238
497,1745916436.1538615,182.53207206726074
498,1745916436.3896446,224.2734432220459
499,1745916436.5841012,183.6109161376953
500,1745916436.7783446,183.14099311828613
501,1745916436.973047,183.92038345336914
502,1745916437.1665773,182.91211128234863
503,1745916437.4255002,248.23546409606934
504,1745916437.7357316,299.1304397583008
505,1745916438.0346398,288.318395614624
506,1745916438.2280757,182.42239952087402
507,1745916438.4212687,182.13725090026855
508,1745916438.615948,183.59899520874023
509,1745916438.8100321,183.6256980895996
510,1745916439.0596967,239.39990997314453
511,1745916439.2538655,183.0577850341797
512,1745916439.4478364,183.43544006347656
513,1745916440.4667377,nan
514,1745916440.6599464,182.7242374420166
515,1745916440.9040003,233.24823379516602
516,1745916441.0988088,183.7756633758545
517,1745916441.2932565,183.07113647460938
518,1745916441.4946663,190.07611274719238
519,1745916441.6891553,183.36963653564453
520,1745916441.929689,229.50172424316406
521,1745916442.1229694,183.0921173095703
522,1745916442.317112,182.1146011352539
523,1745916442.510635,182.9838752746582
524,1745916442.7049165,183.09569358825684
525,1745916442.9511178,235.16273498535156
526,1745916443.1459384,183.4549903869629
527,1745916443.3400533,183.48312377929688
528,1745916443.5338013,182.85012245178223
529,1745916443.727802,183.38680267333984
530,1745916443.921833,183.0277442932129
531,1745916444.1167629,183.88843536376953
532,1745916444.3109276,183.6550235748291
533,1745916444.5041058,182.59763717651367
534,1745916444.6969948,182.2822093963623
535,1745916444.9154127,207.34357833862305
536,1745916445.1096258,183.32171440124512
537,1745916445.3043208,183.83526802062988
538,1745916445.4982057,182.8625202178955
539,1745916445.712683,203.6895751953125
540,1745916445.9065225,183.27951431274414
541,1745916446.1021743,185.1346492767334
542,1745916446.295019,182.56020545959473
543,1745916446.4892375,183.15601348876953
544,1745916446.683137,183.3641529083252
545,1745916446.87522,181.5624237060547
546,1745916447.069575,182.753324508667
547,1745916447.2632356,183.03513526916504
548,1745916447.4564714,182.6331615447998
549,1745916447.6498344,182.83486366271973
550,1745916447.844002,183.14623832702637
551,1745916448.0379345,183.05587768554688
552,1745916448.2338452,184.99135971069336
553,1745916448.4281545,183.81762504577637
554,1745916448.6219566,183.15672874450684
555,1745916448.8913956,259.0138912200928
556,1745916449.0853927,183.55870246887207
557,1745916450.107698,nan
558,1745916450.3129485,194.37670707702637
559,1745916450.5073736,183.6984157562256
560,1745916450.7006981,182.78098106384277
561,1745916450.9322793,220.70050239562988
562,1745916451.1271663,183.99977684020996
563,1745916451.3208942,183.00676345825195
564,1745916451.5158901,183.9468479156494
565,1745916451.7089858,182.56688117980957
566,1745916451.903323,183.3016872406006
567,1745916452.0978498,183.2873821258545
568,1745916452.2921188,183.2268238067627
569,1745916452.4851508,181.99539184570312
570,1745916452.6797087,183.0289363861084
571,1745916452.873599,183.14743041992188
572,1745916453.898853,nan
573,1745916454.1486864,239.24565315246582
574,1745916454.3442078,184.34906005859375
575,1745916454.5384207,183.94184112548828
576,1745916454.7338276,184.89718437194824
577,1745916454.9306712,186.2797737121582
578,1745916455.2113624,269.6995735168457
579,1745916455.4057627,183.23540687561035
580,1745916455.6002438,183.14599990844727
581,1745916455.7948499,183.39967727661133
582,1745916456.0251884,219.35272216796875
583,1745916456.219219,183.32648277282715
584,1745916456.4123454,182.57927894592285
585,1745916456.6143408,191.0548210144043
586,1745916456.8087053,183.84480476379395
587,1745916457.086905,267.7042484283447
588,1745916457.4000463,302.6406764984131
589,1745916457.5947576,182.88040161132812
590,1745916457.7883136,183.03894996643066
591,1745916457.9825346,183.14027786254883
592,1745916458.175103,182.0962429046631
593,1745916458.4224315,235.62216758728027
594,1745916458.6168675,183.76898765563965
595,1745916458.813025,185.6372356414795
596,1745916459.0089364,185.11724472045898
597,1745916459.2021081,182.99221992492676
598,1745916459.4013684,188.2498264312744
599,1745916459.5948007,182.87992477416992
600,1745916459.8390403,232.2254180908203
601,1745916460.033407,183.83097648620605
602,1745916460.2278843,183.93731117248535
603,1745916460.4216363,183.12644958496094
604,1745916460.6157534,183.4127902984619
605,1745916460.8093476,182.85441398620605
606,1745916461.0810447,260.64181327819824
607,1745916461.3881693,296.28968238830566
608,1745916461.6948686,296.5250015258789
609,1745916462.007398,302.0176887512207
610,1745916462.3025227,284.26313400268555
611,1745916462.4971607,183.9749813079834
612,1745916462.6912878,183.64548683166504
613,1745916462.885376,183.37583541870117
614,1745916463.0797954,183.78496170043945
615,1745916463.2740488,183.40754508972168
616,1745916463.4682996,182.9831600189209
617,1745916463.7296376,250.31471252441406
618,1745916463.9321203,191.96152687072754
619,1745916464.1264763,183.78448486328125
620,1745916465.143762,nan
621,1745916466.1653178,nan
622,1745916466.3602586,184.41009521484375
623,1745916466.5538816,183.08687210083008
624,1745916466.7481303,183.0739974975586
625,1745916466.9425478,183.90154838562012
626,1745916467.211622,258.8529586791992
627,1745916467.4068782,183.8538646697998
628,1745916467.602659,185.13846397399902
629,1745916467.7966993,183.0141544342041
630,1745916468.0349765,227.66590118408203
631,1745916468.2288115,183.31384658813477
632,1745916468.4234014,183.87842178344727
633,1745916468.617769,183.8388442993164
634,1745916468.812725,183.87699127197266
635,1745916469.0616252,237.8830909729004
636,1745916469.255568,183.4118366241455
637,1745916469.450037,182.95907974243164
638,1745916469.6430068,182.5416088104248
639,1745916469.8807824,226.5150547027588
640,1745916470.075041,183.45141410827637
641,1745916470.2697413,183.66289138793945
642,1745916471.289885,nan
643,1745916471.4916632,191.40362739562988
644,1745916471.684941,182.647705078125
645,1745916471.9287553,232.07449913024902
646,1745916472.1225975,182.93452262878418
647,1745916472.3168776,183.38823318481445
648,1745916472.5103974,182.6944351196289
649,1745916472.704604,183.11333656311035
650,1745916472.8988094,183.29834938049316
651,1745916473.1689193,258.5456371307373
652,1745916473.3629434,183.5002899169922
653,1745916473.5566862,183.18486213684082
654,1745916473.7521052,184.56482887268066
655,1745916473.9456942,183.03227424621582
656,1745916474.1397908,183.20417404174805
657,1745916474.3338947,183.02655220031738
658,1745916474.527622,182.58285522460938
659,1745916474.7217896,183.38775634765625
660,1745916474.9156194,183.32171440124512
661,1745916475.2039342,276.86166763305664
662,1745916475.398032,183.5916042327881
663,1745916475.5922053,183.62879753112793
664,1745916475.786751,182.88230895996094
665,1745916476.026697,228.67488861083984
666,1745916476.247591,210.343599319458
667,1745916476.55337,294.719934463501
668,1745916476.7464685,182.4643611907959
669,1745916476.9406576,183.1495761871338
670,1745916477.1350777,183.09545516967773
671,1745916477.329888,183.69770050048828
672,1745916477.5697775,228.74212265014648
673,1745916477.8651543,284.045934677124
674,1745916478.0588903,182.64436721801758
675,1745916478.253393,183.36915969848633
676,1745916478.4476147,182.97243118286133
677,1745916478.6412456,182.90209770202637
678,1745916478.8374715,184.86356735229492
679,1745916479.108854,260.12468338012695
680,1745916479.3032665,183.55274200439453
681,1745916479.4967322,182.85441398620605
682,1745916479.692068,183.70628356933594
683,1745916479.8851924,182.78980255126953
684,1745916480.0799286,183.20178985595703
685,1745916480.3188624,228.40166091918945
686,1745916480.5121377,182.72852897644043
687,1745916480.7072241,184.02695655822754
688,1745916480.9003232,182.5711727142334
689,1745916481.151568,240.2040958404541
690,1745916481.457727,295.46451568603516
691,1745916481.6512082,182.43050575256348
692,1745916482.6732605,nan
693,1745916482.86695,183.17675590515137
694,1745916483.098818,220.77369689941406
695,1745916483.2936182,183.72702598571777
696,1745916483.4871233,182.969331741333
697,1745916483.6815767,183.8388442993164
698,1745916483.8757617,183.4564208984375
699,1745916484.125157,238.36493492126465
700,1745916484.4302561,294.4629192352295
701,1745916484.623442,182.64150619506836
702,1745916484.8185723,183.43472480773926
703,1745916485.012746,182.94739723205566
704,1745916485.205083,181.8394660949707
705,1745916485.4508905,233.78539085388184
706,1745916485.6452022,184.06033515930176
707,1745916485.8387349,183.21847915649414
708,1745916486.0328274,183.18819999694824
709,1745916486.227225,183.35533142089844
710,1745916486.421845,184.08632278442383
711,1745916486.6227415,190.28711318969727
712,1745916486.8179293,184.2520236968994
713,1745916487.0980468,269.2446708679199
714,1745916487.292107,183.52293968200684
715,1745916487.4866138,183.58469009399414
716,1745916487.680373,182.9080581665039
717,1745916487.8744276,182.85489082336426
718,1745916488.0689306,183.46714973449707
719,1745916488.3219678,242.45405197143555
720,1745916488.6145146,281.1863422393799
721,1745916488.8110237,185.7459545135498
722,1745916489.0051322,182.96408653259277
723,1745916489.1987996,182.60812759399414
724,1745916489.3931818,183.39848518371582
725,1745916489.65919,255.5406093597412
726,1745916489.9487069,278.4738540649414
727,1745916490.1428487,183.02416801452637
728,1745916490.3368125,183.24899673461914
729,1745916490.530951,183.52746963500977
730,1745916490.725315,183.32290649414062
731,1745916490.9196427,183.27760696411133
732,1745916491.1736152,243.2849407196045
733,1745916491.3675525,183.60447883605957
734,1745916491.5621655,183.62188339233398
735,1745916491.757985,184.09490585327148
736,1745916491.997748,229.2487621307373
737,1745916492.192532,183.7000846862793
738,1745916492.3869462,183.8841438293457
739,1745916492.5807457,183.49266052246094
740,1745916492.773951,182.90996551513672
741,1745916492.9692984,183.71033668518066
742,1745916493.2203393,240.5707836151123
743,1745916493.4156225,184.15403366088867
744,1745916494.427736,nan
745,1745916495.4481864,nan
746,1745916495.642851,184.10611152648926
747,1745916495.8368638,182.9354763031006
748,1745916496.0317512,183.93707275390625
749,1745916496.2253902,182.74736404418945
750,1745916496.4202223,183.11643600463867
751,1745916496.6138968,182.97171592712402
752,1745916496.8082454,184.01026725769043
753,1745916497.0029068,183.9609146118164
754,1745916497.1973627,183.44593048095703
755,1745916497.391461,182.96551704406738
756,1745916497.6225855,220.1540470123291
757,1745916497.8159091,182.8007698059082
758,1745916498.0104046,183.81905555725098
759,1745916498.275027,254.09483909606934
760,1745916498.469028,183.4406852722168
761,1745916498.6641772,184.112548828125
762,1745916498.8580747,183.61854553222656
763,1745916499.0520253,183.11119079589844
764,1745916499.246861,182.3127269744873
765,1745916499.4397893,182.87253379821777
766,1745916499.6330247,182.78741836547852
767,1745916499.8276813,183.610200881958
768,1745916500.0215611,183.39800834655762
769,1745916500.2157612,183.66336822509766
770,1745916500.500711,274.28436279296875
771,1745916500.6946907,182.9359531402588
772,1745916500.890155,184.218168258667
773,1745916501.083964,183.0422878265381
774,1745916501.2778027,183.02583694458008
775,1745916501.471894,182.89875984191895
776,1745916501.6669686,184.55815315246582
777,1745916501.860015,182.36708641052246
778,1745916502.0546985,183.6402416229248
779,1745916502.2488298,183.5172176361084
780,1745916502.44288,183.41922760009766
781,1745916502.636704,183.13145637512207
782,1745916502.8311489,183.35509300231934
783,1745916503.051646,209.88821983337402
784,1745916503.2450488,182.8441619873047
785,1745916503.4397848,183.1796169281006
786,1745916503.6342778,183.8388442993164
787,1745916503.828935,183.1190586090088
788,1745916504.0734842,234.47823524475098
789,1745916504.2678058,183.58945846557617
790,1745916504.462294,183.08687210083008
791,1745916504.656965,183.6252212524414
792,1745916504.851227,183.65192413330078
793,1745916505.046554,184.60679054260254
794,1745916505.240528,182.9071044921875
795,1745916505.4349775,183.2752227783203
796,1745916505.6291735,182.8761100769043
797,1745916505.8233447,183.03155899047852
798,1745916506.0165935,182.68656730651855
799,1745916506.2105622,183.2261085510254
800,1745916506.4374874,216.1099910736084
801,1745916506.63151,183.25567245483398
802,1745916506.825697,183.68124961853027
803,1745916507.0197985,183.28285217285156
804,1745916507.2598746,229.5374870300293
805,1745916507.4539728,183.58445167541504
806,1745916507.6524136,187.73818016052246
807,1745916507.845942,182.4784278869629
808,1745916508.0420935,185.13131141662598
809,1745916508.2358227,183.1817626953125
810,1745916508.4784174,231.55522346496582
811,1745916508.672432,183.34197998046875
812,1745916508.8664758,183.52198600769043
813,1745916509.060648,183.49242210388184
814,1745916509.3191466,247.77865409851074
815,1745916509.5128026,183.14099311828613
816,1745916509.7080371,184.54837799072266
817,1745916509.9016523,183.08424949645996
818,1745916510.0958505,183.80403518676758
819,1745916510.28949,182.42597579956055
820,1745916510.5425267,241.67323112487793
821,1745916510.7357495,182.6150417327881
822,1745916510.9299688,183.20059776306152
823,1745916511.1231797,182.4359893798828
824,1745916511.3175297,183.3200454711914
825,1745916511.51173,183.4566593170166
826,1745916511.7055757,183.30717086791992
827,1745916511.8997967,183.14075469970703
828,1745916512.176498,266.12257957458496
829,1745916512.3711097,183.97903442382812
830,1745916512.5648286,183.1834316253662
831,1745916512.7592952,183.13980102539062
832,1745916512.9530976,183.46476554870605
833,1745916513.1469336,183.18605422973633
834,1745916513.3417006,183.84575843811035
835,1745916513.5364866,183.63475799560547
836,1745916513.802891,255.8903694152832
837,1745916513.9979444,183.47907066345215
838,1745916514.1921751,183.43162536621094
839,1745916514.3856614,182.95931816101074
840,1745916514.5796473,183.47454071044922
841,1745916514.7740817,183.40182304382324
842,1745916514.9680104,183.03179740905762
843,1745916515.252928,273.8673686981201
844,1745916515.4468124,183.37440490722656
845,1745916515.6487708,190.94228744506836
846,1745916515.8426669,182.9826831817627
847,1745916516.037696,184.28874015808105
848,1745916516.2320154,183.7780475616455
849,1745916516.425358,183.04824829101562
850,1745916516.6198103,183.78210067749023
851,1745916516.813187,182.86752700805664
852,1745916517.0086248,184.42583084106445
853,1745916517.2968633,278.0013084411621
854,1745916517.6053908,297.6245880126953
855,1745916517.800106,182.66654014587402
856,1745916517.99566,184.48686599731445
857,1745916518.189069,183.18867683410645
858,1745916518.3829145,183.31575393676758
859,1745916518.6317365,237.52832412719727
860,1745916518.8249347,182.67416954040527
861,1745916519.019506,183.5331916809082
862,1745916519.2140179,183.9163303375244
863,1745916519.406832,182.18231201171875
864,1745916519.6008756,182.6176643371582
865,1745916519.8566856,244.66180801391602
866,1745916520.1665597,298.8014221191406
867,1745916520.5752041,397.125244140625
868,1745916520.7695687,183.3188533782959
869,1745916520.9632368,183.14337730407715
870,1745916521.157574,182.57904052734375
871,1745916521.3516712,182.65223503112793
872,1745916521.5953662,232.52487182617188
873,1745916521.7901254,183.40301513671875
874,1745916522.8065994,nan
875,1745916523.0004654,183.3360195159912
876,1745916523.2285833,217.09680557250977
877,1745916523.421841,182.71660804748535
878,1745916523.615941,182.93046951293945
879,1745916523.811129,184.4003200531006
880,1745916524.0480063,226.31192207336426
881,1745916524.242128,183.59112739562988
882,1745916525.2540348,nan
883,1745916525.449329,184.7515106201172
884,1745916525.6480107,187.47973442077637
885,1745916525.841622,183.11572074890137
886,1745916526.0359342,183.75706672668457
887,1745916526.295092,247.88498878479004
888,1745916526.4901798,183.29715728759766
889,1745916526.698993,197.57628440856934
890,1745916526.8923545,182.7545166015625
891,1745916527.0869045,183.51078033447266
892,1745916527.2802527,182.58285522460938
893,1745916527.474748,183.39943885803223
894,1745916527.6698828,184.09299850463867
895,1745916527.8635278,183.08615684509277
896,1745916528.0584972,184.1268539428711
897,1745916528.3529296,283.8895320892334
898,1745916528.665153,301.70631408691406
899,1745916528.8605742,183.89654159545898
900,1745916529.0546696,183.6380958557129
901,1745916529.249288,183.83002281188965
902,1745916529.4439998,183.78305435180664
903,1745916529.6837044,229.17437553405762
904,1745916529.8768747,182.60669708251953
905,1745916530.0705616,182.64436721801758
906,1745916530.2650037,183.20894241333008
907,1745916530.5035696,227.88119316101074
908,1745916530.8005474,286.16809844970703
909,1745916530.9948997,183.35318565368652
910,1745916531.1899698,183.91919136047363
911,1745916531.3826108,181.99920654296875
912,1745916531.57863,184.9839687347412
913,1745916531.773468,183.83407592773438
914,1745916532.0301676,245.98240852355957
915,1745916532.2242692,183.06636810302734
916,1745916532.4179351,182.63578414916992
917,1745916532.6125102,183.5479736328125
918,1745916532.8066742,183.13288688659668
919,1745916533.0007305,183.0132007598877
920,1745916533.1958838,184.5417022705078
921,1745916533.463238,257.21192359924316
922,1745916533.6587725,184.4022274017334
923,1745916533.853248,183.95352363586426
924,1745916534.0487795,184.84902381896973
925,1745916534.242221,182.52897262573242
926,1745916534.4377244,184.42058563232422
927,1745916534.708136,258.1522464752197
928,1745916534.9015615,182.89446830749512
929,1745916535.0966687,184.09180641174316
930,1745916535.2913983,183.80975723266602
931,1745916535.4855742,183.0124855041504
932,1745916535.6802912,183.5002899169922
933,1745916535.87502,183.5947036743164
934,1745916536.142693,256.55341148376465
935,1745916536.4376936,284.5149040222168
936,1745916536.6326716,184.1440200805664
937,1745916536.828794,185.38999557495117
938,1745916537.0217261,182.3265552520752
939,1745916537.2181082,184.9813461303711
940,1745916537.4647627,235.88919639587402
941,1745916537.7036521,227.84876823425293
942,1745916537.9888663,274.599552154541
943,1745916538.183637,184.01217460632324
944,1745916538.3789191,184.65590476989746
945,1745916538.5740783,183.5916042327881
946,1745916538.767285,182.3863983154297
947,1745916538.9619784,183.66384506225586
948,1745916539.1565971,183.52890014648438
949,1745916539.4005523,232.3894500732422
950,1745916539.5955613,184.6160888671875
951,1745916539.7895029,183.37059020996094
952,1745916539.9832454,182.70301818847656
953,1745916540.2353616,241.03689193725586
954,1745916540.5319653,285.5532169342041
955,1745916540.725129,182.38377571105957
956,1745916540.9194236,182.78002738952637
957,1745916541.114959,184.48853492736816
958,1745916541.3711548,245.4383373260498
959,1745916541.6688757,285.94326972961426
960,1745916541.8650904,185.9147548675537
961,1745916542.0589645,183.1510066986084
962,1745916542.2525222,182.6610565185547
963,1745916542.4475303,184.4487190246582
964,1745916542.696851,238.42573165893555
965,1745916542.8905602,182.57474899291992
966,1745916543.0852137,183.41398239135742
967,1745916543.2803888,184.6475601196289
968,1745916543.47466,183.3209991455078
969,1745916543.6683362,183.1521987915039
970,1745916543.863877,185.01710891723633
971,1745916544.0576906,182.82222747802734
972,1745916544.2516658,182.88350105285645
973,1745916544.4457002,183.65097045898438
974,1745916544.7580607,301.30624771118164
975,1745916544.9522674,183.49719047546387
976,1745916545.9719255,nan
977,1745916546.1740844,191.38765335083008
978,1745916546.50079,316.16759300231934
979,1745916546.696514,184.62371826171875
980,1745916546.8905146,183.2737922668457
981,1745916547.0852268,183.60543251037598
982,1745916547.413505,316.76506996154785
983,1745916547.6082234,183.64644050598145
984,1745916547.8008878,182.24787712097168
985,1745916547.9949753,183.05158615112305
986,1745916548.1900175,183.9158535003662
987,1745916548.3855987,184.53121185302734
988,1745916548.5791876,183.3796501159668
989,1745916548.8237064,233.99996757507324
990,1745916549.016984,182.77978897094727
991,1745916549.2107759,182.75046348571777
992,1745916549.406527,184.40914154052734
993,1745916549.6006038,183.80498886108398
994,1745916549.8475974,235.9762191772461
995,1745916550.042917,183.9926242828369
996,1745916550.251553,197.59321212768555
997,1745916551.2680411,nan
998,1745916551.4627268,184.15284156799316
999,1745916551.6577165,183.97188186645508
1000,1745916551.90894,240.95773696899414
1001,1745916552.102923,183.4568977355957
1002,1745916552.2979548,183.86483192443848
1003,1745916552.493661,183.43234062194824
1004,1745916552.6888564,184.9656105041504
1005,1745916552.8837497,184.23199653625488
1006,1745916553.077814,183.55464935302734
1007,1745916553.2715683,183.2716464996338
1008,1745916553.4655483,183.22515487670898
1009,1745916553.6605651,182.9855442047119
1010,1745916553.8538256,183.20894241333008
1011,1745916554.0478716,183.01987648010254
1012,1745916554.241579,183.0737590789795
1013,1745916554.4365382,183.93492698669434
1014,1745916554.6299825,182.82437324523926
1015,1745916554.8233502,182.56163597106934
1016,1745916555.019211,184.50260162353516
1017,1745916555.21203,182.49106407165527
1018,1745916555.422282,199.22804832458496
1019,1745916555.6150036,182.47008323669434
1020,1745916555.8101072,183.5026741027832
1021,1745916556.0030308,182.39831924438477
1022,1745916556.1967757,183.22229385375977
1023,1745916556.3931584,183.37607383728027
1024,1745916556.586896,183.09473991394043
1025,1745916556.7808042,182.83343315124512
1026,1745916556.9752192,183.37678909301758
1027,1745916557.1709213,185.07647514343262
1028,1745916557.3642259,182.65938758850098
1029,1745916557.5598936,184.72814559936523
1030,1745916557.814663,244.39144134521484
1031,1745916558.0096343,184.27777290344238
1032,1745916558.202668,182.9211711883545
1033,1745916558.3969057,182.82055854797363
1034,1745916558.6621156,254.31060791015625
1035,1745916558.8554466,182.89995193481445
1036,1745916559.049795,183.3186149597168
1037,1745916559.2437336,183.43400955200195
1038,1745916559.4376347,182.8775405883789
1039,1745916559.632599,184.01670455932617
1040,1745916559.8268588,183.2294464111328
1041,1745916560.0207658,183.08544158935547
1042,1745916560.2167192,184.6632957458496
1043,1745916560.5196147,292.5417423248291
1044,1745916560.8150315,284.78097915649414
1045,1745916561.0091953,183.63285064697266
1046,1745916561.2029474,183.14194679260254
1047,1745916561.3967845,182.969331741333
1048,1745916561.5914793,184.10015106201172
1049,1745916561.840061,236.99235916137695
1050,1745916562.0344121,183.50648880004883
1051,1745916562.2276556,182.3890209197998
1052,1745916563.248859,nan
1053,1745916563.4451075,185.6539249420166
1054,1745916563.639563,183.8843822479248
1055,1745916563.8328035,183.0613613128662
1056,1745916564.0269191,183.03298950195312
1057,1745916564.220725,183.25066566467285
1058,1745916564.4137757,182.38019943237305
1059,1745916564.6078432,183.00151824951172
1060,1745916564.8017907,183.29453468322754
1061,1745916564.9967532,184.38959121704102
1062,1745916565.191403,183.81786346435547
1063,1745916565.3860004,183.47620964050293
1064,1745916565.6278622,231.5070629119873
1065,1745916565.8219123,183.41851234436035
1066,1745916566.0165098,183.71343612670898
1067,1745916566.2098744,183.08687210083008
1068,1745916566.4041817,183.17365646362305
1069,1745916566.6509726,236.2987995147705
1070,1745916566.845862,183.73870849609375
1071,1745916567.0481806,191.5895938873291
1072,1745916567.2415588,182.82747268676758
1073,1745916567.4352646,182.22379684448242
1074,1745916567.6307764,183.62140655517578
1075,1745916567.824921,183.04204940795898
1076,1745916568.019825,184.19313430786133
1077,1745916568.2130015,182.6801300048828
1078,1745916568.4913425,267.8506374359131
1079,1745916568.6859605,183.57491493225098
1080,1745916568.8796093,182.9690933227539
1081,1745916569.0740778,183.76660346984863
1082,1745916569.2675416,182.9354763031006
1083,1745916569.5230794,244.24505233764648
1084,1745916569.7167451,182.92808532714844
1085,1745916569.910771,183.49337577819824
1086,1745916570.105053,183.26854705810547
1087,1745916570.2997813,183.823823928833
1088,1745916570.543838,232.6490879058838
1089,1745916570.7374313,183.1378936767578
1090,1745916570.9327998,184.29970741271973
1091,1745916571.128677,184.77511405944824
1092,1745916571.3225462,183.74347686767578
1093,1745916571.515751,182.6930046081543
1094,1745916571.7098954,183.19106101989746
1095,1745916571.9042046,183.77947807312012
1096,1745916572.097764,183.00652503967285
1097,1745916572.291899,183.2280158996582
1098,1745916572.486659,183.76445770263672
1099,1745916572.6799629,182.49964714050293
1100,1745916572.876657,185.5146884918213
1101,1745916573.0695052,182.33513832092285
1102,1745916573.2645195,183.6388111114502
1103,1745916573.457986,182.76405334472656
1104,1745916573.7269926,257.9183578491211
1105,1745916574.0219555,284.6076488494873
1106,1745916574.2165256,183.52007865905762
1107,1745916574.4102392,183.2873821258545
1108,1745916574.6044264,183.66765975952148
1109,1745916574.8404443,225.29864311218262
1110,1745916575.0333555,182.80577659606934
1111,1745916575.2267447,182.84106254577637
1112,1745916575.421655,183.26687812805176
1113,1745916575.6239722,191.206693649292
1114,1745916575.8179758,183.26973915100098
1115,1745916576.072837,243.76368522644043
1116,1745916576.2672858,183.54129791259766
1117,1745916576.460971,183.05587768554688
1118,1745916576.6551166,183.46571922302246
1119,1745916576.849824,183.66479873657227
1120,1745916577.0446515,183.82763862609863
1121,1745916577.2397106,183.95161628723145
1122,1745916577.5036602,253.07989120483398
1123,1745916577.6983159,184.11636352539062
1124,1745916577.8921344,182.78765678405762
1125,1745916578.088189,184.36217308044434
1126,1745916578.324331,225.37946701049805
1127,1745916578.5191674,184.03315544128418
1128,1745916578.712914,183.2261085510254
1129,1745916579.7288785,nan
1130,1745916579.9601252,220.67642211914062
1131,1745916580.153669,183.02392959594727
1132,1745916580.3477638,183.0923557281494
1133,1745916580.5413885,182.76286125183105
1134,1745916580.7365067,184.06176567077637
1135,1745916580.9953642,248.11482429504395
1136,1745916581.1905627,183.90965461730957
1137,1745916581.3837197,182.56139755249023
1138,1745916581.5787365,183.71033668518066
1139,1745916581.8000877,210.8325958251953
1140,1745916581.9945138,183.5610866546631
1141,1745916582.1890385,183.49480628967285
1142,1745916582.383044,182.9550266265869
1143,1745916582.6152897,221.2049961090088
1144,1745916582.8095117,183.02512168884277
1145,1745916583.003615,183.5191249847412
1146,1745916583.1977134,183.08186531066895
1147,1745916583.3923159,183.52270126342773
1148,1745916583.596516,193.1767463684082
1149,1745916583.809074,201.27606391906738
1150,1745916584.0541515,234.4372272491455
1151,1745916584.2648418,199.8746395111084
1152,1745916584.459446,183.48979949951172
1153,1745916584.6542387,184.36455726623535
1154,1745916584.8479104,182.82365798950195
1155,1745916585.041619,183.12811851501465
1156,1745916585.240903,188.706636428833
1157,1745916585.434779,183.35890769958496
1158,1745916585.6319299,186.54155731201172
1159,1745916585.8419032,198.93240928649902
1160,1745916586.854103,nan
1161,1745916587.0489902,184.23223495483398
1162,1745916587.2427006,182.65366554260254
1163,1745916587.4841824,230.1654815673828
1164,1745916587.6785345,183.3333969116211
1165,1745916587.8724763,183.68959426879883
1166,1745916588.0649598,181.97274208068848
1167,1745916588.368779,292.5148010253906
1168,1745916588.6767316,297.29557037353516
1169,1745916588.9732893,286.0374450683594
1170,1745916589.171718,186.9349479675293
1171,1745916589.3666406,183.93206596374512
1172,1745916589.5621798,184.2195987701416
1173,1745916589.756609,183.59088897705078
1174,1745916589.9972103,230.4399013519287
1175,1745916590.19121,183.85577201843262
1176,1745916590.385257,183.3782196044922
1177,1745916590.5928032,196.52628898620605
1178,1745916590.7892313,185.41955947875977
1179,1745916591.02205,222.092866897583
1180,1745916591.2156625,183.10546875
1181,1745916591.4109702,184.20934677124023
1182,1745916591.604495,182.9836368560791
1183,1745916591.7986841,183.75015258789062
1184,1745916592.0492585,239.98212814331055
1185,1745916592.3597252,299.4518280029297
1186,1745916592.6469731,276.72338485717773
1187,1745916592.8410575,182.9979419708252
1188,1745916593.0351565,183.18986892700195
1189,1745916593.2280118,182.7075481414795
1190,1745916593.4218771,183.22181701660156
1191,1745916593.6821992,249.7842311859131
1192,1745916593.875135,182.71660804748535
1193,1745916594.0707986,183.62903594970703
1194,1745916594.2649472,183.15434455871582
1195,1745916594.5041935,228.20162773132324
1196,1745916594.699257,184.04078483581543
1197,1745916594.8937154,183.93254280090332
1198,1745916595.0883765,184.45563316345215
1199,1745916595.2835362,184.6292018890381
1200,1745916595.476776,182.71851539611816
1201,1745916595.670695,182.6157569885254
1202,1745916595.8679705,185.8978271484375
1203,1745916596.0621824,183.1531524658203
1204,1745916596.3453214,272.0954418182373
1205,1745916596.54025,183.40682983398438
1206,1745916596.7353437,184.34977531433105
1207,1745916596.9301004,183.319091796875
1208,1745916597.1246774,183.74967575073242
1209,1745916597.3187351,183.5005283355713
1210,1745916597.567958,238.3568286895752
1211,1745916597.7632353,184.63683128356934
1212,1745916597.957563,183.62879753112793
1213,1745916598.1517324,183.1190586090088
1214,1745916598.3985925,236.2682819366455
1215,1745916598.710731,301.3737201690674
1216,1745916598.9994507,278.20420265197754
1217,1745916599.1928525,182.3112964630127
1218,1745916599.3877606,183.85934829711914
1219,1745916599.5819263,183.38775634765625
1220,1745916599.7764802,183.43186378479004
1221,1745916599.9703362,183.18724632263184
1222,1745916600.1630313,182.39426612854004
1223,1745916600.4481947,274.1281986236572
1224,1745916600.6421828,182.91664123535156
1225,1745916600.836664,183.42852592468262
1226,1745916601.0307972,183.37440490722656
1227,1745916601.2246637,182.78932571411133
1228,1745916601.42181,186.10668182373047
1229,1745916601.6726155,240.08464813232422
1230,1745916601.8674042,183.74896049499512
1231,1745916602.8855584,nan
1232,1745916603.104975,208.96625518798828
1233,1745916603.301028,184.53264236450195
1234,1745916603.4955406,184.09252166748047
1235,1745916603.6909368,184.39340591430664
1236,1745916603.8848588,183.18939208984375
1237,1745916604.079938,184.1871738433838
1238,1745916604.3319273,241.58072471618652
1239,1745916604.525127,182.603120803833
1240,1745916605.5483096,nan
1241,1745916606.5722215,nan
1242,1745916606.767461,184.62109565734863
1243,1745916606.9626665,182.94000625610352
1244,1745916607.156793,184.05580520629883
1245,1745916607.3510046,183.36892127990723
1246,1745916607.5448174,183.28213691711426
1247,1745916607.7388935,183.05659294128418
1248,1745916607.9338512,183.51054191589355
1249,1745916608.9538393,nan
1250,1745916609.149978,185.50848960876465
1251,1745916609.345204,184.60512161254883
1252,1745916609.5401464,183.9005947113037
1253,1745916609.7620416,211.65895462036133
1254,1745916610.0738575,301.09357833862305
1255,1745916610.3426552,257.74598121643066
1256,1745916610.5867362,233.05940628051758
1257,1745916610.8815563,283.5681438446045
1258,1745916611.075058,182.9845905303955
1259,1745916611.26922,183.15792083740234
1260,1745916611.4645026,184.07702445983887
1261,1745916611.6582859,183.09998512268066
1262,1745916611.8514626,182.3887825012207
1263,1745916612.0447888,182.29341506958008
1264,1745916612.3293073,273.2088565826416
1265,1745916612.6390262,298.92730712890625
1266,1745916612.9315212,281.4784049987793
1267,1745916613.1255286,183.19416046142578
1268,1745916613.3203273,184.19241905212402
1269,1745916613.5148108,183.85004997253418
1270,1745916613.7551222,229.7961711883545
1271,1745916613.9507132,184.22412872314453
1272,1745916614.1452818,184.04197692871094
1273,1745916614.3410852,185.1327419281006
1274,1745916614.5366166,185.00041961669922
1275,1745916614.7314034,183.8853359222412
1276,1745916614.9250267,183.26210975646973
1277,1745916615.117977,182.80720710754395
1278,1745916615.3130736,183.91060829162598
1279,1745916615.5114381,187.31451034545898
1280,1745916615.7045796,182.17206001281738
1281,1745916616.0118208,296.1902618408203
1282,1745916616.322735,300.2920150756836
1283,1745916616.6195362,285.5663299560547
1284,1745916616.8139358,183.6550235748291
1285,1745916617.007641,182.98721313476562
1286,1745916617.2019658,183.92062187194824
1287,1745916617.3967202,183.71987342834473
1288,1745916617.645171,237.1349334716797
1289,1745916617.8396702,183.45904350280762
1290,1745916618.0345132,183.6111545562744
1291,1745916618.235808,190.19389152526855
1292,1745916619.2597976,nan
1293,1745916619.452701,182.39426612854004
1294,1745916619.6478853,183.20631980895996
1295,1745916619.8433306,184.38363075256348
1296,1745916620.115495,261.5385055541992
1297,1745916620.4064953,280.6408405303955
1298,1745916620.717693,300.65321922302246
1299,1745916620.9119437,183.40396881103516
1300,1745916621.1055322,183.35914611816406
1301,1745916622.130769,nan
1302,1745916623.152511,nan
1303,1745916623.3483665,185.33825874328613
1304,1745916623.5414004,182.448148727417
1305,1745916623.7358217,183.58755111694336
1306,1745916623.9306366,184.02385711669922
1307,1745916624.1254904,183.8393211364746
1308,1745916624.410076,274.0521430969238
1309,1745916624.7198913,299.1952896118164
1310,1745916625.0265267,295.5343723297119
1311,1745916625.2218385,184.20124053955078
1312,1745916625.4155576,183.19082260131836
1313,1745916625.608558,182.4643611907959
1314,1745916625.8038404,184.22579765319824
1315,1745916626.0367165,222.34725952148438
1316,1745916626.2317376,184.49974060058594
1317,1745916626.42667,183.89177322387695
1318,1745916626.6217048,182.95979499816895
1319,1745916626.8158722,183.0885410308838
1320,1745916627.011121,184.7054958343506
1321,1745916627.2041667,182.32989311218262
1322,1745916627.398792,183.6075782775879
1323,1745916627.593128,184.04030799865723
1324,1745916627.7878478,184.00883674621582
1325,1745916627.9827716,184.03339385986328
1326,1745916628.299943,306.39100074768066
1327,1745916628.6079564,297.440767288208
1328,1745916628.9165545,298.0842590332031
1329,1745916629.2244906,297.3301410675049
1330,1745916629.421365,186.34939193725586
1331,1745916630.436782,nan
1332,1745916630.6327195,184.97967720031738
1333,1745916630.8273876,183.62689018249512
1334,1745916631.061831,223.79708290100098
1335,1745916631.2553537,183.0005645751953
1336,1745916631.4528806,185.7430934906006
1337,1745916631.6467428,182.80482292175293
1338,1745916631.8416724,184.3266487121582
1339,1745916632.0364301,183.65740776062012
1340,1745916632.2309904,184.02981758117676
1341,1745916632.4842834,242.97571182250977
1342,1745916632.6785128,183.10117721557617
1343,1745916632.872942,183.34221839904785
1344,1745916633.0666528,183.17413330078125
1345,1745916633.2619154,184.44490432739258
1346,1745916633.4564457,183.4104061126709
1347,1745916633.6804578,213.49120140075684
1348,1745916633.8747313,183.23135375976562
1349,1745916634.0691123,182.8618049621582
1350,1745916634.263703,183.5339069366455
1351,1745916634.6488912,374.15194511413574
1352,1745916634.9439142,283.97631645202637
1353,1745916635.1384873,183.53819847106934
1354,1745916635.332864,182.64269828796387
1355,1745916635.5330188,190.07277488708496
1356,1745916635.7274299,183.82692337036133
1357,1745916635.921987,183.7153434753418
1358,1745916636.1170053,184.27276611328125
1359,1745916636.3102555,182.94596672058105
1360,1745916636.5036073,182.82818794250488
1361,1745916636.699968,185.26220321655273
1362,1745916636.909679,198.746919631958
1363,1745916637.103538,183.11786651611328
1364,1745916637.2979538,182.99317359924316
1365,1745916637.494336,183.3508014678955
1366,1745916637.7206566,216.25375747680664
1367,1745916638.0320473,300.34446716308594
1368,1745916638.2249467,182.4779510498047
1369,1745916638.4205053,183.82000923156738
1370,1745916638.6140807,182.9085350036621
1371,1745916638.8088102,183.96353721618652
1372,1745916639.045772,226.27830505371094
1373,1745916639.2399805,183.19320678710938
1374,1745916639.4343488,183.8374137878418
1375,1745916639.628136,183.02035331726074
1376,1745916639.8222616,183.26973915100098
1377,1745916640.0610096,227.70118713378906
1378,1745916640.2548404,183.32386016845703
1379,1745916640.4509966,184.8888397216797
1380,1745916640.6545203,192.47841835021973
1381,1745916640.8905938,225.10194778442383
1382,1745916641.0850513,183.9287281036377
1383,1745916641.2789629,182.39617347717285
1384,1745916641.4782941,188.07625770568848
1385,1745916641.6718853,183.06589126586914
1386,1745916641.865,182.0676326751709
1387,1745916642.059648,182.9853057861328
1388,1745916642.3291485,258.3770751953125
1389,1745916642.6386368,298.9790439605713
1390,1745916642.9349296,284.6112251281738
1391,1745916643.1286995,183.24017524719238
1392,1745916643.3236012,184.36551094055176
1393,1745916643.5167851,182.6767921447754
1394,1745916643.7111766,183.1493377685547
1395,1745916643.905653,184.09419059753418
1396,1745916644.0999322,183.45141410827637
1397,1745916644.3740308,263.51332664489746
1398,1745916644.567862,183.0582618713379
1399,1745916644.7619832,183.48193168640137
1400,1745916644.9567885,184.29040908813477
1401,1745916645.1506426,183.61878395080566
1402,1745916645.3441355,182.9855442047119
1403,1745916645.5378861,183.05349349975586
1404,1745916645.732933,183.6414337158203
1405,1745916646.0089698,265.5191421508789
1406,1745916646.2028682,182.88207054138184
1407,1745916647.2184768,nan
1408,1745916647.4127767,183.96830558776855
1409,1745916647.60691,183.32314491271973
1410,1745916647.8004682,182.9681396484375
1411,1745916647.9957225,183.63237380981445
1412,1745916648.1890037,182.75928497314453
1413,1745916648.38241,182.7390193939209
1414,1745916648.6707778,277.4767875671387
1415,1745916648.8653255,183.8974952697754
1416,1745916649.8886204,nan
1417,1745916650.913019,nan
1418,1745916651.1598465,1260.213851928711
1419,1745916651.1718962,248.1558322906494
1420,1745916651.3538775,182.98792839050293
1421,1745916651.365435,182.7564239501953
1422,1745916651.5474646,183.03561210632324
1423,1745916651.5601037,183.62021446228027
1424,1745916651.7435536,184.79609489440918
1425,1745916651.7540781,182.7678680419922
1426,1745916651.9373481,183.26997756958008
1427,1745916651.9478662,182.2669506072998
1428,1745916652.1311724,183.30621719360352
1429,1745916652.142996,183.5033893585205
1430,1745916652.3248668,182.87396430969238
1431,1745916652.3367355,183.04204940795898
1432,1745916652.5188465,182.89494514465332
1433,1745916652.5306516,182.71303176879883
1434,1745916652.712997,182.94215202331543
1435,1745916652.7250962,183.53819847106934
1436,1745916652.906828,182.7375888824463
1437,1745916652.9185958,182.97052383422852
1438,1745916653.1019764,184.39650535583496
1439,1745916653.1125057,183.39896202087402
1440,1745916653.2966208,184.11517143249512
1441,1745916653.306746,182.76309967041016
1442,1745916653.4893942,182.6481819152832
1443,1745916653.502698,184.88693237304688
1444,1745916653.685461,183.76421928405762
1445,1745916653.6969132,183.52055549621582
1446,1745916653.8812313,184.891939163208
1447,1745916653.8922668,184.2336654663086
1448,1745916654.0752263,183.46643447875977
1449,1745916654.087849,184.54837799072266
1450,1745916654.2692266,182.38306045532227
1451,1745916654.281507,183.10928344726562
1452,1745916654.4640174,183.52627754211426
1453,1745916654.4751282,182.88159370422363
1454,1745916654.6604788,185.3506565093994
1455,1745916654.6721683,185.12415885925293
1456,1745916654.854229,183.06803703308105
1457,1745916654.8658996,183.29358100891113
1458,1745916655.04772,182.8453540802002
1459,1745916655.059947,183.26091766357422
1460,1745916655.241902,183.0897331237793
1461,1745916655.2531037,182.63626098632812
1462,1745916655.435589,182.99412727355957
1463,1745916655.44662,182.47413635253906
1464,1745916655.629063,182.9509735107422
1465,1745916655.6402135,182.84082412719727
1466,1745916655.8222451,182.54685401916504
1467,1745916655.834524,183.2733154296875
1468,1745916656.0167875,183.40611457824707
1469,1745916656.0283387,183.19225311279297
1470,1745916656.2107015,183.37106704711914
1471,1745916656.2226489,183.76803398132324
1472,1745916656.4048615,183.21871757507324
1473,1745916656.4154015,182.58285522460938
1474,1745916656.5988696,183.46810340881348
1475,1745916656.6106243,183.64739418029785
1476,1745916656.7915127,182.4173927307129
1477,1745916656.803961,183.1376552581787
1478,1745916656.9864426,183.55345726013184
1479,1745916656.998196,183.5486888885498
1480,1745916657.1830127,185.89091300964355
1481,1745916657.1950421,185.7457160949707
1482,1745916657.3797388,185.70303916931152
1483,1745916657.39177,185.1208209991455
1484,1745916657.5744367,183.7601661682129
1485,1745916657.5854964,183.29858779907227
1486,1745916657.7674603,182.48653411865234
1487,1745916657.7795076,182.97958374023438
1488,1745916657.96183,183.32791328430176
1489,1745916657.9734309,183.3822727203369
1490,1745916658.155756,183.3326816558838
1491,1745916658.1677039,183.76469612121582
1492,1745916658.350236,183.54201316833496
1493,1745916658.3623867,184.06963348388672
1494,1745916658.5447378,183.35890769958496
1495,1745916658.5550587,182.33418464660645
1496,1745916658.7392137,184.15498733520508
1497,1745916658.7502348,183.79521369934082
1498,1745916658.9320443,182.3291778564453
1499,1745916658.9445927,183.30693244934082
1500,1745916659.126885,184.04197692871094
1501,1745916659.1390305,183.59875679016113
1502,1745916659.3212674,183.2420825958252
1503,1745916659.3322968,182.72662162780762
1504,1745916659.5155907,183.80093574523926
1505,1745916659.52688,183.5460662841797
1506,1745916659.708715,182.84368515014648
1507,1745916659.7203588,183.05182456970215
1508,1745916659.9031875,183.34674835205078
1509,1745916659.914725,183.3040714263916
1510,1745916660.098102,183.37702751159668
1511,1745916660.109971,184.06414985656738
1512,1745916660.2930086,184.39197540283203
1513,1745916660.304617,184.2491626739502
1514,1745916660.4866152,183.00247192382812
1515,1745916660.498218,183.07948112487793
1516,1745916660.680602,183.3937168121338
1517,1745916660.692501,183.7441921234131
1518,1745916660.8766882,184.79490280151367
1519,1745916660.8880372,184.54861640930176
1520,1745916661.070973,183.4418773651123
1521,1745916661.082884,184.2479705810547
1522,1745916661.264878,183.01153182983398
1523,1745916661.2765317,183.14266204833984
1524,1745916661.4613192,185.80245971679688
1525,1745916661.4733727,186.11526489257812
1526,1745916661.6549358,182.57808685302734
1527,1745916661.6678026,183.90703201293945
1528,1745916661.849636,183.17699432373047
1529,1745916661.869615,191.37144088745117
1530,1745916662.0445275,183.81476402282715
1531,1745916662.0625925,182.07907676696777
1532,1745916662.2386258,182.4183464050293
1533,1745916662.2576537,184.16428565979004
1534,1745916662.43238,183.2737922668457
1535,1745916662.450912,182.62434005737305
1536,1745916662.627567,184.16309356689453
1537,1745916662.6431134,181.6084384918213
1538,1745916662.8217535,183.15458297729492
1539,1745916662.836712,182.5728416442871
1540,1745916663.0158448,183.64214897155762
1541,1745916663.0303106,182.87181854248047
1542,1745916663.2098134,183.32147598266602
1543,1745916663.2258658,185.23693084716797
1544,1745916663.402793,181.93316459655762
1545,1745916663.4182537,181.8225383758545
1546,1745916663.5986936,184.89336967468262
1547,1745916663.6117334,182.43956565856934
1548,1745916663.7955728,186.356782913208
1549,1745916663.8066702,184.41534042358398
1550,1745916663.9899073,183.7635040283203
1551,1745916664.00165,184.44275856018066
1552,1745916664.1830692,182.42740631103516
1553,1745916664.1953363,183.27569961547852
1554,1745916664.3780706,183.73966217041016
1555,1745916664.3900917,184.2186450958252
1556,1745916664.571844,182.76429176330566
1557,1745916664.5833309,182.7070713043213
1558,1745916664.7665613,183.75062942504883
1559,1745916664.7786798,184.51905250549316
1560,1745916664.9606962,183.02106857299805
1561,1745916664.972915,183.6082935333252
1562,1745916665.154788,183.11190605163574
1563,1745916665.166417,183.20322036743164
1564,1745916665.3485715,183.16221237182617
1565,1745916665.3671758,190.43517112731934
1566,1745916665.5497255,190.08326530456543
1567,1745916665.5611105,182.8010082244873
1568,1745916665.7435815,182.47103691101074
1569,1745916665.7556052,183.3343505859375
1570,1745916665.9395423,184.44275856018066
1571,1745916665.9505837,183.9592456817627
1572,1745916666.1338606,183.79688262939453
1573,1745916666.145426,183.81476402282715
1574,1745916666.3278315,183.4118366241455
1575,1745916666.3400657,183.70628356933594
1576,1745916666.5227098,183.64977836608887
1577,1745916666.5343037,183.7022304534912
1578,1745916666.7166965,182.89947509765625
1579,1745916666.728236,182.90305137634277
1580,1745916666.9105873,183.35771560668945
1581,1745916666.9221435,183.47406387329102
1582,1745916667.1041477,183.01677703857422
1583,1745916667.115051,182.373046875
1584,1745916667.297781,182.72995948791504
1585,1745916667.309997,183.36772918701172
1586,1745916667.4922276,183.3021640777588
1587,1745916667.5043156,183.8064193725586
1588,1745916667.6865144,183.24923515319824
1589,1745916667.6984134,183.52508544921875
1590,1745916667.8800237,182.6174259185791
1591,1745916667.892099,183.1686496734619
1592,1745916668.0740767,182.99293518066406
1593,1745916668.0851204,182.78050422668457
1594,1745916668.269042,183.92157554626465
1595,1745916668.2808256,184.14998054504395
1596,1745916668.4627597,183.1209659576416
1597,1745916668.4753644,184.2339038848877
1598,1745916668.6568813,182.5251579284668
1599,1745916668.669249,183.29572677612305
1600,1745916668.8509972,182.76476860046387
1601,1745916668.8627758,183.21466445922852
1602,1745916669.0451648,182.89852142333984
1603,1745916669.0567744,182.97863006591797
1604,1745916669.2390075,182.7986240386963
1605,1745916669.2510266,183.08782577514648
1606,1745916669.4327555,182.2352409362793
1607,1745916669.4443018,182.24310874938965
1608,1745916669.62574,181.95509910583496
1609,1745916669.637771,182.41214752197266
1610,1745916669.8195777,182.8172206878662
1611,1745916669.8306127,182.23333358764648
1612,1745916670.0131638,183.06827545166016
1613,1745916670.0248663,183.27021598815918
1614,1745916670.2078636,183.52937698364258
1615,1745916670.2194629,183.72344970703125
1616,1745916670.4008682,182.4169158935547
1617,1745916670.4128773,182.92737007141113
1618,1745916670.5955122,183.64405632019043
1619,1745916670.6066606,183.26711654663086
1620,1745916670.7886064,182.50584602355957
1621,1745916670.8002663,182.42764472961426
1622,1745916670.9840934,184.35049057006836
1623,1745916670.9956434,184.33761596679688
1624,1745916671.1775053,182.87348747253418
1625,1745916671.1896515,183.32242965698242
1626,1745916671.3713827,182.88898468017578
1627,1745916671.3833082,182.18255043029785
1628,1745916671.5656803,183.37774276733398
1629,1745916671.5766187,182.79409408569336
1630,1745916671.7601566,184.05771255493164
1631,1745916671.7713275,183.37750434875488
1632,1745916671.9547887,183.03847312927246
1633,1745916671.965805,183.99524688720703
1634,1745916672.148523,183.2256317138672
1635,1745916672.1595755,182.74784088134766
1636,1745916672.3417635,182.70587921142578
1637,1745916672.353246,182.26051330566406
1638,1745916672.535681,182.9547882080078
1639,1745916672.5467136,182.41333961486816
1640,1745916672.7292373,182.5237274169922
1641,1745916672.7402892,182.0359230041504
1642,1745916672.9235466,183.78019332885742
1643,1745916672.9345758,183.21585655212402
1644,1745916673.1174655,182.8896999359131
1645,1745916673.1303406,184.40485000610352
1646,1745916673.3129013,183.56657028198242
1647,1745916673.3245187,183.46786499023438
1648,1745916673.5059004,182.40046501159668
1649,1745916673.5179236,182.88207054138184
1650,1745916673.700331,183.41755867004395
1651,1745916673.7124045,183.73513221740723
1652,1745916673.8949895,183.59923362731934
1653,1745916673.9066675,183.84432792663574
1654,1745916674.0889852,183.333158493042
1655,1745916674.1019695,184.9651336669922
1656,1745916674.284167,184.60440635681152
1657,1745916674.2965944,184.09228324890137
1658,1745916674.4804614,183.85720252990723
1659,1745916674.4910913,183.89272689819336
1660,1745916674.673875,183.30025672912598
1661,1745916674.6854901,183.24542045593262
1662,1745916674.8680882,183.1045150756836
1663,1745916674.8801708,183.9301586151123
1664,1745916675.06233,183.17580223083496
1665,1745916675.073733,182.95001983642578
1666,1745916675.2557724,183.16936492919922
1667,1745916675.2667933,182.25622177124023
1668,1745916675.449725,182.93166160583496
1669,1745916675.4617715,183.55298042297363
1670,1745916675.6450944,183.3059787750244
1671,1745916675.6557171,183.42137336730957
1672,1745916675.8377028,182.4936866760254
1673,1745916675.8496115,182.95526504516602
1674,1745916676.0318933,183.29501152038574
1675,1745916676.0435638,183.5155487060547
1676,1745916676.22559,182.53111839294434
1677,1745916676.2376606,183.43377113342285
1678,1745916676.4208767,184.2210292816162
1679,1745916676.432014,183.95566940307617
1680,1745916676.614437,183.4394931793213
1681,1745916676.6249661,182.4326515197754
1682,1745916676.8076506,182.68442153930664
1683,1745916676.8196528,183.1657886505127
1684,1745916677.0018861,183.27569961547852
1685,1745916677.013352,182.68060684204102
1686,1745916677.196637,184.30089950561523
1687,1745916677.207443,183.1347942352295
1688,1745916677.3897617,182.31868743896484
1689,1745916677.4016063,183.030366897583
1690,1745916677.583638,183.04181098937988
1691,1745916677.5955162,183.39872360229492
1692,1745916677.7766354,182.1277141571045
1693,1745916677.7888367,183.19296836853027
1694,1745916677.9719558,184.13209915161133
1695,1745916677.9836826,184.47160720825195
1696,1745916678.1672368,184.55886840820312
1697,1745916678.1782985,184.401273727417
1698,1745916678.3607066,182.40809440612793
1699,1745916678.3725426,183.2139492034912
1700,1745916678.5556486,183.62712860107422
1701,1745916678.5667942,183.22515487670898
1702,1745916678.7498095,183.0153465270996
1703,1745916678.7610838,183.258056640625
1704,1745916678.9443085,183.22467803955078
1705,1745916678.956483,184.06248092651367
1706,1745916679.1389418,183.4712028503418
1707,1745916679.1512935,184.49664115905762
1708,1745916679.3337405,183.73489379882812
1709,1745916679.345779,182.50632286071777
1710,1745916679.527449,183.18486213684082
1711,1745916679.5394986,183.67314338684082
1712,1745916679.722141,183.6566925048828
1713,1745916679.7331738,182.62863159179688
1714,1745916679.9168067,184.1413974761963
1715,1745916679.927969,183.7773323059082
1716,1745916680.110602,183.6545467376709
1717,1745916680.1216166,183.00175666809082
1718,1745916680.304628,183.5174560546875
1719,1745916680.3231075,190.38152694702148
1720,1745916680.5053635,189.86940383911133
1721,1745916680.5183089,184.06033515930176
1722,1745916680.700997,183.78615379333496
1723,1745916680.713033,183.7599277496338
1724,1745916680.8953965,183.37750434875488
1725,1745916680.9064183,182.7552318572998
1726,1745916681.0889912,183.07781219482422
1727,1745916681.1009753,183.53772163391113
1728,1745916681.2827039,182.73687362670898
1729,1745916681.2947302,183.21490287780762
1730,1745916681.4772954,183.57205390930176
1731,1745916681.4883063,182.77454376220703
1732,1745916681.6705604,182.75809288024902
1733,1745916681.681799,182.74474143981934
1734,1745916681.8649135,183.11452865600586
1735,1745916681.8767605,183.3937168121338
1736,1745916682.058544,182.8007698059082
1737,1745916682.070126,182.88326263427734
1738,1745916682.253708,184.0972900390625
1739,1745916682.265603,184.3280792236328
1740,1745916682.4476342,183.08281898498535
1741,1745916682.4597056,183.53009223937988
1742,1745916682.6421893,183.5794448852539
1743,1745916682.653967,183.9122772216797
1744,1745916682.8353717,182.91234970092773
1745,1745916682.8471487,182.66868591308594
1746,1745916683.0296674,183.03298950195312
1747,1745916683.0417507,183.42065811157227
1748,1745916683.2235763,182.83438682556152
1749,1745916683.2354932,183.07209014892578
1750,1745916683.4182715,183.7913990020752
1751,1745916683.4293191,183.28118324279785
1752,1745916683.6119785,183.1800937652588
1753,1745916683.6234617,183.60376358032227
1754,1745916683.8069932,184.0505599975586
1755,1745916683.817577,182.95574188232422
1756,1745916684.001694,184.11707878112793
1757,1745916684.012721,183.71820449829102
1758,1745916684.195359,183.14576148986816
1759,1745916684.2067273,182.9700469970703
1760,1745916684.3898878,183.16054344177246
1761,1745916684.4007897,182.45434761047363
1762,1745916684.5848184,184.02862548828125
1763,1745916684.5958545,183.54558944702148
1764,1745916684.777841,182.49225616455078
1765,1745916684.7895718,182.68489837646484
1766,1745916684.9724836,183.43853950500488
1767,1745916684.9846537,184.00216102600098
1768,1745916685.1666663,183.0301284790039
1769,1745916685.1790059,183.8245391845703
1770,1745916685.36089,182.88898468017578
1771,1745916685.372632,183.11214447021484
1772,1745916685.5534673,182.36041069030762
1773,1745916685.5650356,181.86402320861816
1774,1745916685.7469788,182.4631690979004
1775,1745916685.7591102,183.04061889648438
1776,1745916685.9419081,183.81047248840332
1777,1745916685.9539382,183.7911605834961
1778,1745916686.136726,183.79735946655273
1779,1745916686.1482782,183.91704559326172
1780,1745916686.3303304,183.06922912597656
1781,1745916686.3430464,184.5998764038086
1782,1745916686.5264952,182.9507350921631
1783,1745916686.5380356,183.82549285888672
1784,1745916686.720042,183.0146312713623
1785,1745916686.731908,183.52937698364258
1786,1745916686.91462,183.72774124145508
1787,1745916686.9268754,184.50570106506348
1788,1745916687.1086352,182.8749179840088
1789,1745916687.1204953,183.0885410308838
1790,1745916687.3034616,184.0972900390625
1791,1745916687.315509,184.0834617614746
1792,1745916687.4971325,182.631254196167
1793,1745916687.5087745,182.73591995239258
1794,1745916687.689832,182.06262588500977
1795,1745916687.702008,182.7225685119629
1796,1745916687.883875,182.8749179840088
1797,1745916687.8951375,182.0962429046631
1798,1745916688.0780416,182.90400505065918
1799,1745916688.090079,183.35866928100586
1800,1745916688.2730875,184.03339385986328
1801,1745916688.2843542,183.67624282836914
1802,1745916688.4653854,182.04808235168457
1803,1745916688.4785066,183.66169929504395
1804,1745916688.6607778,183.28142166137695
1805,1745916688.671831,182.9817295074463
1806,1745916688.8544714,183.150053024292
1807,1745916688.865939,183.06374549865723
1808,1745916689.0487354,183.30764770507812
1809,1745916689.059766,182.52158164978027
1810,1745916689.2425687,183.31289291381836
1811,1745916689.2536254,182.80982971191406
1812,1745916689.4366493,183.02392959594727
1813,1745916689.4487112,183.79878997802734
1814,1745916689.6305554,182.85226821899414
1815,1745916689.6423209,183.49385261535645
1816,1745916689.8249197,183.6099624633789
1817,1745916689.8370547,183.69269371032715
1818,1745916690.0189302,182.33227729797363
1819,1745916690.0313203,183.07113647460938
1820,1745916690.2130878,182.77525901794434
1821,1745916690.2253213,182.94286727905273
1822,1745916690.4082735,183.9919090270996
1823,1745916690.4201593,184.309720993042
1824,1745916690.6019135,182.84249305725098
1825,1745916690.613685,183.05635452270508
1826,1745916690.7957652,183.09402465820312
1827,1745916690.807336,182.95645713806152
1828,1745916690.9899745,183.15911293029785
1829,1745916691.00242,183.81571769714355
1830,1745916691.1864274,185.02211570739746
1831,1745916691.1980572,184.56721305847168
1832,1745916691.38027,183.22062492370605
1833,1745916691.392451,184.0989589691162
1834,1745916691.5753076,183.86316299438477
1835,1745916691.5864985,183.36200714111328
1836,1745916691.7689164,183.43329429626465
1837,1745916691.780614,183.42304229736328
1838,1745916691.9627917,183.18796157836914
1839,1745916691.9747508,183.52866172790527
1840,1745916692.1566153,182.97839164733887
1841,1745916692.1676583,182.32488632202148
1842,1745916692.3514044,183.7460994720459
1843,1745916692.363579,184.57412719726562
1844,1745916692.545296,182.72757530212402
1845,1745916692.5568807,182.31701850891113
1846,1745916692.7401347,183.8071346282959
1847,1745916692.7519825,184.01694297790527
1848,1745916692.933552,182.5859546661377
1849,1745916692.945025,182.5261116027832
1850,1745916693.127518,182.4929714202881
1851,1745916693.1395469,183.1355094909668
1852,1745916693.3209531,182.41024017333984
1853,1745916693.3330474,182.41047859191895
1854,1745916693.5140092,181.97107315063477
1855,1745916693.5250251,181.45179748535156
1856,1745916693.7080004,182.97529220581055
1857,1745916693.71979,183.22992324829102
1858,1745916693.9016023,182.82175064086914
1859,1745916693.9132745,182.8751564025879
1860,1745916694.09511,182.8913688659668
1861,1745916694.1066883,182.8165054321289
1862,1745916694.289329,183.17770957946777
1863,1745916694.3013666,184.0357780456543
1864,1745916694.4843864,183.0465793609619
1865,1745916694.4959445,184.20052528381348
1866,1745916694.6778986,182.9662322998047
1867,1745916694.6899438,183.88009071350098
1868,1745916694.872184,183.25448036193848
1869,1745916694.8843524,183.89391899108887
1870,1745916695.0666509,181.748628616333
1871,1745916695.077893,183.3183765411377
1872,1745916695.2596111,182.7261447906494
1873,1745916695.2716193,182.8606128692627
1874,1745916695.4539127,183.3040714263916
1875,1745916695.4731646,190.9635066986084
1876,1745916695.6557856,190.7815933227539
1877,1745916695.6668313,183.1531524658203
1878,1745916695.8500683,183.75468254089355
1879,1745916695.874565,196.6571807861328
1880,1745916696.0445435,184.2367649078369
1881,1745916696.0690415,183.2296848297119
1882,1745916696.2377424,182.79027938842773
1883,1745916696.2626681,183.03585052490234
1884,1745916696.4320333,183.2106113433838
1885,1745916696.4557662,182.58976936340332
1886,1745916696.6255114,182.96217918395996
1887,1745916696.6487644,182.1298599243164
1888,1745916696.8200011,183.49337577819824
1889,1745916696.841956,182.1451187133789
1890,1745916697.0155048,184.4310760498047
1891,1745916697.0350907,182.50012397766113
1892,1745916697.2094228,182.9819679260254
1893,1745916697.2285755,182.86991119384766
1894,1745916697.4037564,183.29405784606934
1895,1745916697.4217656,182.15537071228027
1896,1745916697.5979826,182.74593353271484
1897,1745916697.6150093,182.18612670898438
1898,1745916697.7916505,183.15768241882324
1899,1745916697.809459,183.40492248535156
1900,1745916697.9865444,183.6373805999756
1901,1745916698.0024261,182.4662685394287
1902,1745916698.1808221,183.4127902984619
1903,1745916698.1958756,182.7535629272461
1904,1745916698.374179,182.3110580444336
1905,1745916698.388953,182.33180046081543
1906,1745916698.5694947,183.7470531463623
1907,1745916698.5816433,181.96797370910645
1908,1745916698.7629383,182.81197547912598
1909,1745916698.7739787,181.6248893737793
1910,1745916698.9573572,183.3784580230713
1911,1745916698.9694934,183.71319770812988
1912,1745916699.1528094,184.32164192199707
1913,1745916699.1639144,184.1871738433838
1914,1745916699.3475258,183.61139297485352
1915,1745916699.3591712,184.190034866333
1916,1745916699.5426202,183.96496772766113
1917,1745916699.5531259,182.9071044921875
1918,1745916699.7357504,182.62457847595215
1919,1745916699.747781,183.3169460296631
1920,1745916699.9300494,183.2752227783203
1921,1745916699.9425557,183.94804000854492
1922,1745916700.1250162,183.84957313537598
1923,1745916700.1366968,183.75730514526367
1924,1745916700.318982,182.84082412719727
1925,1745916700.32995,182.7528476715088
1926,1745916700.5123465,182.91711807250977
1927,1745916700.5244544,183.60042572021484
1928,1745916700.7065396,183.10070037841797
1929,1745916700.717771,182.71803855895996
1930,1745916700.8996203,182.87324905395508
1931,1745916700.911648,183.26520919799805
1932,1745916701.0941503,183.50911140441895
1933,1745916701.1049798,182.8145980834961
1934,1745916701.2896,183.60066413879395
1935,1745916701.3003588,183.5193634033203
1936,1745916701.4828272,182.97219276428223
1937,1745916701.4944866,183.07018280029297
1938,1745916701.677361,183.88748168945312
1939,1745916701.689159,184.1449737548828
1940,1745916701.8713717,183.50982666015625
1941,1745916701.883179,183.09712409973145
1942,1745916702.0649607,182.8305721282959
1943,1745916702.0775068,183.6228370666504
1944,1745916702.2597754,183.2728385925293
1945,1745916702.2714088,183.33816528320312
1946,1745916702.4534,183.0120086669922
1947,1745916702.4651752,182.94453620910645
1948,1745916702.6469636,182.79576301574707
1949,1745916702.6590586,183.34341049194336
1950,1745916702.8407283,182.67512321472168
1951,1745916702.8515837,181.98919296264648
1952,1745916703.034402,182.81817436218262
1953,1745916703.0464845,183.57014656066895
1954,1745916703.229104,183.63475799560547
1955,1745916703.240575,183.67815017700195
1956,1745916703.4235086,183.50529670715332
1957,1745916703.4342995,182.84273147583008
1958,1745916703.617252,183.47549438476562
1959,1745916703.6283748,183.05683135986328
1960,1745916703.8108854,183.0294132232666
1961,1745916703.82246,182.97624588012695
1962,1745916704.0037458,182.29436874389648
1963,1745916704.0160096,183.0904483795166
1964,1745916704.1979032,183.08091163635254
1965,1745916704.2099562,183.69293212890625
1966,1745916704.392262,183.31480026245117
1967,1745916704.403786,183.31003189086914
1968,1745916704.586574,183.7923526763916
1969,1745916704.598373,184.15212631225586
1970,1745916704.7810128,183.64858627319336
1971,1745916704.7930357,184.48472023010254
1972,1745916704.9753697,182.83748626708984
1973,1745916704.9880567,184.16666984558105
1974,1745916705.1699893,182.94239044189453
1975,1745916705.181093,182.49106407165527
1976,1745916705.363898,182.80506134033203
1977,1745916705.3749216,182.27910995483398
1978,1745916705.5578887,182.9671859741211
1979,1745916705.5694442,183.00604820251465
1980,1745916705.7518144,182.38592147827148
1981,1745916705.7628672,182.89613723754883
1982,1745916705.9448678,182.52015113830566
1983,1745916705.956584,182.66987800598145
1984,1745916706.1389546,182.94095993041992
1985,1745916706.150492,183.1204891204834
1986,1745916706.337653,187.67762184143066
1987,1745916706.3496935,188.40837478637695
1988,1745916706.5315702,182.88421630859375
1989,1745916706.5438054,183.5939884185791
1990,1745916706.7251754,182.38258361816406
1991,1745916706.7367668,182.53731727600098
1992,1745916706.9197178,183.5153102874756
1993,1745916706.9307232,182.88111686706543
1994,1745916707.1134834,183.28142166137695
1995,1745916707.1245277,182.76143074035645
1996,1745916707.3078203,183.81094932556152
1997,1745916707.3182774,182.71803855895996
1998,1745916707.5013032,183.02583694458008
1999,1745916707.5145516,185.03403663635254
2000,1745916707.6955354,183.6988925933838
2001,1745916707.7078671,182.68442153930664
2002,1745916707.890532,183.76922607421875
2003,1745916707.9022264,183.53724479675293
2004,1745916708.0846303,183.4735870361328
2005,1745916708.0966167,183.8974952697754
2006,1745916708.2799022,183.79950523376465
2007,1745916708.291722,183.83383750915527
2008,1745916708.4746022,183.88986587524414
2009,1745916708.48674,183.6252212524414
2010,1745916708.6688251,183.09974670410156
2011,1745916708.6804578,183.02011489868164
2012,1745916708.862894,183.5460662841797
2013,1745916708.8751388,183.79640579223633
2014,1745916709.0576947,183.57086181640625
2015,1745916709.0696042,184.3106746673584
2016,1745916709.251631,183.1052303314209
2017,1745916709.2635164,183.3648681640625
2018,1745916709.4458933,183.39085578918457
2019,1745916709.4575405,183.42852592468262
2020,1745916709.6397388,183.3195686340332
2021,1745916709.650804,182.85012245178223
2022,1745916709.8337061,182.90209770202637
2023,1745916709.845207,182.95526504516602
2024,1745916710.027293,183.1037998199463
2025,1745916710.039097,183.2437515258789
2026,1745916710.222194,184.10778045654297
2027,1745916710.2342594,184.2787265777588
2028,1745916710.416521,183.26926231384277
2029,1745916710.4355786,190.79303741455078
2030,1745916710.6186507,191.0874843597412
2031,1745916710.6302772,183.7630271911621
2032,1745916710.8130443,183.7899684906006
2033,1745916710.8240912,183.17890167236328
2034,1745916711.0071838,183.60114097595215
2035,1745916711.018638,183.83121490478516
2036,1745916711.2009697,183.3786964416504
2037,1745916711.2119837,182.63936042785645
2038,1745916711.397426,184.9353313446045
2039,1745916711.4085903,185.58740615844727
2040,1745916711.5908988,183.31480026245117
2041,1745916711.6024241,183.73441696166992
2042,1745916711.784654,182.73687362670898
2043,1745916711.796584,183.13860893249512
2044,1745916711.9785643,183.06350708007812
2045,1745916711.9900236,182.91211128234863
2046,1745916712.1726196,183.61163139343262
2047,1745916712.1841931,183.15577507019043
2048,1745916712.3658159,182.63745307922363
2049,1745916712.3780239,183.30955505371094
2050,1745916712.5595422,182.5239658355713
2051,1745916712.572039,183.48264694213867
2052,1745916712.7541513,183.1223964691162
2053,1745916712.7654963,183.04443359375
2054,1745916712.9494202,183.92395973205566
2055,1745916712.9599292,182.9698085784912
2056,1745916713.1424973,182.56807327270508
2057,1745916713.1547625,183.58683586120605
2058,1745916713.3369408,183.19416046142578
2059,1745916713.3487945,183.66289138793945
2060,1745916713.5296934,181.90455436706543
2061,1745916713.5417285,182.45911598205566
2062,1745916713.72555,182.8145980834961
2063,1745916713.7366703,183.79974365234375
2064,1745916713.9188566,183.197021484375
2065,1745916713.9309945,183.79807472229004
2066,1745916714.1139858,183.99667739868164
2067,1745916714.1266642,185.1489543914795
2068,1745916714.3078299,183.1822395324707
2069,1745916714.3204482,183.11190605163574
2070,1745916714.501472,183.04109573364258
2071,1745916714.5135436,182.77668952941895
2072,1745916714.6951392,182.59882926940918
2073,1745916714.7068746,182.79671669006348
2074,1745916714.8893461,183.01057815551758
2075,1745916714.9008553,182.96146392822266
2076,1745916715.0830748,182.7712059020996
2077,1745916715.0940485,182.4951171875
2078,1745916715.2770295,183.58516693115234
2079,1745916715.2889192,183.7615966796875
2080,1745916715.4709249,183.0132007598877
2081,1745916715.482787,183.18986892700195
2082,1745916715.6649768,183.1965446472168
2083,1745916715.6765668,183.17699432373047
2084,1745916715.8589125,182.89780616760254
2085,1745916715.870287,183.18629264831543
2086,1745916716.0530488,183.4089756011963
2087,1745916716.0642345,183.01963806152344
2088,1745916716.2467828,183.14743041992188
2089,1745916716.2591422,183.81595611572266
2090,1745916716.44085,182.71470069885254
2091,1745916716.4531577,183.49385261535645
2092,1745916716.6355147,183.37297439575195
2093,1745916716.6470451,182.90448188781738
2094,1745916716.8301802,183.64763259887695
2095,1745916716.8420248,183.8974952697754
2096,1745916717.0254397,184.01169776916504
2097,1745916717.0366943,183.82716178894043
2098,1745916717.2198792,183.71319770812988
2099,1745916717.230893,183.6705207824707
2100,1745916717.4137232,183.3362579345703
2101,1745916717.425027,183.1185817718506
2102,1745916717.6067612,182.74259567260742
2103,1745916717.6188471,183.29954147338867
2104,1745916717.8017247,183.97116661071777
2105,1745916717.8132992,184.27324295043945
2106,1745916717.9951816,182.88826942443848
2107,1745916718.007001,183.1681728363037
2108,1745916718.1890748,182.61218070983887
2109,1745916718.201088,183.11643600463867
2110,1745916718.3841298,184.56292152404785
2111,1745916718.395175,183.5479736328125
2112,1745916718.5779536,183.29691886901855
2113,1745916718.5889895,182.78050422668457
2114,1745916718.7715507,182.56115913391113
2115,1745916718.7836442,183.46166610717773
2116,1745916718.9658358,183.23922157287598
2117,1745916718.9778492,183.85004997253418
2118,1745916719.1605275,183.6850643157959
2119,1745916719.1721873,183.8235855102539
2120,1745916719.355148,183.4697723388672
2121,1745916719.3669386,183.69674682617188
2122,1745916719.5516722,185.25195121765137
2123,1745916719.5634153,185.26363372802734
2124,1745916719.7457318,183.37416648864746
2125,1745916719.7576663,183.14719200134277
2126,1745916719.9399393,183.2878589630127
2127,1745916719.9517386,183.52746963500977
2128,1745916720.134392,183.6683750152588
2129,1745916720.1464822,184.24248695373535
2130,1745916720.328607,183.13145637512207
2131,1745916720.340273,183.17270278930664
2132,1745916720.5226371,182.88612365722656
2133,1745916720.534667,183.35556983947754
2134,1745916720.7170172,183.35390090942383
2135,1745916720.729311,183.61687660217285
2136,1745916720.9121583,182.94644355773926
2137,1745916720.923562,184.1111183166504
2138,1745916721.1057358,183.1803321838379
2139,1745916721.1178145,183.9611530303955
2140,1745916721.3007236,183.91752243041992
2141,1745916721.3122241,183.71939659118652
2142,1745916721.4937866,182.5697422027588
2143,1745916721.505136,182.6016902923584
2144,1745916721.6886013,183.46524238586426
2145,1745916721.6996315,182.9357147216797
2146,1745916721.882638,183.52174758911133
2147,1745916721.8941305,183.44616889953613
2148,1745916722.0754733,182.35206604003906
2149,1745916722.0874949,183.13884735107422
2150,1745916722.269273,182.7855110168457
2151,1745916722.2811751,183.15386772155762
2152,1745916722.4637501,183.58254432678223
2153,1745916722.475254,183.56776237487793
2154,1745916722.6584954,184.3099594116211
2155,1745916722.6701999,184.35025215148926
2156,1745916722.8522391,183.0453872680664
2157,1745916722.8642797,183.86435508728027
2158,1745916723.0464869,183.21585655212402
2159,1745916723.0573802,182.58953094482422
2160,1745916723.2392511,182.39092826843262
2161,1745916723.2512844,182.81817436218262
2162,1745916723.4332004,182.9209327697754
2163,1745916723.4456584,183.84528160095215
2164,1745916723.627883,183.37059020996094
2165,1745916723.6390657,183.24589729309082
2166,1745916723.821828,183.30979347229004
2167,1745916723.8338795,183.6855411529541
2168,1745916724.0168126,183.94112586975098
2169,1745916724.0292919,184.6156120300293
2170,1745916724.2114742,183.19249153137207
2171,1745916724.223442,183.9296817779541
2172,1745916724.4051974,182.76190757751465
2173,1745916724.4167411,182.69038200378418
2174,1745916724.5996718,183.44593048095703
2175,1745916724.6112804,183.41612815856934
2176,1745916724.794153,182.87992477416992
2177,1745916724.8045743,182.6775074005127
2178,1745916724.988107,183.53271484375
2179,1745916724.9985032,182.7549934387207
2180,1745916725.1822515,183.7482452392578
2181,1745916725.1935,183.72297286987305
2182,1745916725.376559,184.08536911010742
2183,1745916725.394169,190.4740333557129
2184,1745916725.5775466,190.46878814697266
2185,1745916725.5895915,183.23779106140137
2186,1745916725.7712824,182.71422386169434
2187,1745916725.7837996,183.69126319885254
2188,1745916725.9655156,182.7235221862793
2189,1745916725.9775715,183.23993682861328
2190,1745916726.1598797,183.32266807556152
2191,1745916726.1718702,183.2258701324463
2192,1745916726.355645,185.22882461547852
2193,1745916726.3669202,184.50522422790527
2194,1745916726.5499086,183.6068630218506
2195,1745916726.5615225,183.8829517364502
2196,1745916726.743506,182.9979419708252
2197,1745916726.7551775,183.13074111938477
2198,1745916726.9366472,182.47747421264648
2199,1745916726.948878,182.66725540161133
2200,1745916727.1306229,182.77788162231445
2201,1745916727.142646,183.26258659362793
2202,1745916727.3247085,183.06827545166016
2203,1745916727.3374362,184.24367904663086
2204,1745916727.5189178,182.48772621154785
2205,1745916727.529968,181.97178840637207
2206,1745916727.711728,182.2826862335205
2207,1745916727.7245772,183.55822563171387
2208,1745916727.9070265,183.45260620117188
2209,1745916727.917446,182.3408603668213
2210,1745916728.1013327,183.88676643371582
2211,1745916728.1127913,183.36081504821777
2212,1745916728.2958646,184.19480323791504
2213,1745916728.306931,183.1204891204834
2214,1745916728.4904177,184.00835990905762
2215,1745916728.502479,183.45212936401367
2216,1745916728.6842813,182.80434608459473
2217,1745916728.695313,182.2972297668457
2218,1745916728.8799145,184.6015453338623
2219,1745916728.892069,185.61315536499023
2220,1745916729.0748386,182.77764320373535
2221,1745916729.0854921,182.8920841217041
2222,1745916729.2681663,183.1948757171631
2223,1745916729.28024,183.72488021850586
2224,1745916729.4628756,183.65216255187988
2225,1745916729.474847,184.07654762268066
2226,1745916729.6575692,183.71939659118652
2227,1745916729.6692984,183.9272975921631
2228,1745916729.8516057,183.31289291381836
2229,1745916729.8623843,182.54947662353516
2230,1745916730.0458603,183.99691581726074
2231,1745916730.0567563,183.34317207336426
2232,1745916730.238639,182.4197769165039
2233,1745916730.2511709,183.36176872253418
2234,1745916730.4334235,183.2602024078369
2235,1745916730.4450796,183.77423286437988
2236,1745916730.6276543,183.09450149536133
2237,1745916730.6399684,183.84528160095215
2238,1745916730.823144,184.18097496032715
2239,1745916730.834528,183.95280838012695
2240,1745916731.0170014,183.57110023498535
2241,1745916731.0290837,184.2668056488037
2242,1745916731.2117774,183.7000846862793
2243,1745916731.2233129,183.69174003601074
2244,1745916731.4057066,182.89995193481445
2245,1745916731.416534,182.39784240722656
2246,1745916731.599099,182.56497383117676
2247,1745916731.6111498,182.88350105285645
2248,1745916731.7931213,182.9819679260254
2249,1745916731.803581,181.89311027526855
2250,1745916731.9865353,182.9543113708496
2251,1745916731.9981253,183.3486557006836
2252,1745916732.1804829,183.3662986755371
2253,1745916732.1926205,183.88700485229492
2254,1745916732.3745093,182.89995193481445
2255,1745916732.3872292,184.09037590026855
2256,1745916732.5694995,183.9287281036377
2257,1745916732.5812724,183.5484504699707
2258,1745916732.7637107,183.0728054046631
2259,1745916732.7757287,183.7167739868164
2260,1745916732.9579253,182.19661712646484
2261,1745916732.9699533,183.20393562316895
2262,1745916733.1517076,182.76166915893555
2263,1745916733.163387,183.2141876220703
2264,1745916733.3468015,184.44252014160156
2265,1745916733.3581142,183.67362022399902
2266,1745916733.5619648,193.31121444702148
2267,1745916733.7735145,201.05552673339844
2268,1745916733.9884562,203.97686958312988
2269,1745916735.0034554,nan
2270,1745916736.0298138,nan
2271,1745916737.0516276,nan
2272,1745916738.0729783,nan
2273,1745916739.0931478,nan
2274,1745916739.312903,208.22715759277344
2275,1745916740.3240964,nan
2276,1745916740.6382122,303.57813835144043
2277,1745916740.9356654,286.1166000366211
2278,1745916741.958033,nan
2279,1745916742.9840941,nan
2280,1745916743.996488,nan
2281,1745916745.0218465,nan
2282,1745916746.043204,nan
2283,1745916746.3706636,316.85829162597656
2284,1745916747.3891053,nan
2285,1745916748.4017243,nan
2286,1745916749.4231362,nan
2287,1745916749.6242917,190.643310546875
2288,1745916750.64991,nan
2289,1745916751.6724653,nan
2290,1745916752.69408,nan
2291,1745916753.7164154,nan
2292,1745916754.7298243,nan
2293,1745916755.7519724,nan
2294,1745916755.945593,183.27999114990234
2295,1745916756.140561,184.220552444458
2296,1745916756.3400033,188.2169246673584
2297,1745916756.5399396,189.46433067321777
2298,1745916756.738941,187.99233436584473
2299,1745916757.0137482,263.73910903930664
2300,1745916757.2133896,188.6136531829834
2301,1745916757.5387118,314.28050994873047
2302,1745916757.7389526,189.1007423400879
2303,1745916757.939566,189.5754337310791
2304,1745916758.1397207,188.65633010864258
2305,1745916758.3389616,189.07999992370605
2306,1745916759.3617475,nan
2307,1745916760.3868372,nan
2308,1745916760.6057277,208.12225341796875
2309,1745916760.80785,191.10751152038574
2310,1745916761.1170409,298.6457347869873
2311,1745916761.4045813,277.00161933898926
2312,1745916762.421664,nan
2313,1745916763.4450886,nan
2314,1745916764.4709299,nan
2315,1745916765.4954844,nan
2316,1745916766.5104885,nan
2317,1745916766.7121372,190.93060493469238
2318,1745916766.912886,189.79144096374512
2319,1745916767.1148942,190.48619270324707
2320,1745916767.3623378,236.92822456359863
2321,1745916768.3892353,nan
2322,1745916769.4129195,nan
2323,1745916769.6176512,194.20433044433594
2324,1745916770.6427622,nan
2325,1745916771.6680698,nan
2326,1745916771.8704412,191.8044090270996
2327,1745916772.0705478,189.52012062072754
2328,1745916772.2716222,189.79239463806152
2329,1745916772.4716551,189.29100036621094
2330,1745916772.675345,192.64841079711914
2331,1745916773.6986396,nan
2332,1745916773.8992536,190.08159637451172
2333,1745916774.0986078,188.8442039489746
2334,1745916775.1108978,nan
2335,1745916776.1340508,nan
2336,1745916777.154657,nan
2337,1745916778.1796463,nan
2338,1745916778.41498,224.6847152709961
2339,1745916779.433524,nan
2340,1745916779.6511245,207.01098442077637
2341,1745916779.8519351,190.29545783996582
2342,1745916780.8639867,nan
2343,1745916781.0647056,190.18864631652832
2344,1745916781.2654922,190.14549255371094
2345,1745916781.5829597,306.3828945159912
2346,1745916781.7832365,189.2406940460205
2347,1745916781.9843385,190.56463241577148
2348,1745916782.185054,189.93163108825684
2349,1745916782.406781,210.71219444274902
2350,1745916783.4288037,nan
2351,1745916783.6477754,208.3759307861328
2352,1745916783.8569403,198.30989837646484
2353,1745916784.8738527,nan
2354,1745916785.0746422,190.28711318969727
2355,1745916786.0870047,nan
2356,1745916787.111549,nan
2357,1745916788.1386034,nan
2358,1745916788.454869,305.7403564453125
2359,1745916788.7515492,285.811185836792
2360,1745916789.7712715,nan
2361,1745916790.797926,nan
2362,1745916791.8231947,nan
2363,1745916792.025102,191.40386581420898
2364,1745916792.225747,189.26310539245605
2365,1745916793.2525437,nan
2366,1745916794.272326,nan
2367,1745916794.4672177,184.1256618499756
2368,1745916794.6916604,213.78350257873535
2369,1745916794.8865843,183.87770652770996
2370,1745916795.0797515,182.66010284423828
2371,1745916795.274226,183.4418773651123
2372,1745916795.468362,183.01844596862793
2373,1745916795.715004,235.4438304901123
2374,1745916795.9089627,182.9216480255127
2375,1745916796.1034172,183.40706825256348
2376,1745916796.2966604,182.7096939086914
2377,1745916796.5251217,218.12009811401367
2378,1745916796.7192433,182.6012134552002
2379,1745916796.913491,182.8632354736328
2380,1745916797.1079593,183.11500549316406
2381,1745916797.301493,183.31456184387207
2382,1745916797.565455,253.44491004943848
2383,1745916797.7588983,182.91497230529785
2384,1745916797.952941,183.02392959594727
2385,1745916798.1473184,183.3353042602539
2386,1745916798.3423703,184.51333045959473
2387,1745916798.5856555,232.77807235717773
2388,1745916798.7801883,183.69483947753906
2389,1745916798.9737208,183.09831619262695
2390,1745916799.167619,183.3653450012207
2391,1745916799.3616004,183.29215049743652
2392,1745916799.6104343,237.7915382385254
2393,1745916799.804148,183.12668800354004
2394,1745916799.9998028,184.2055320739746
2395,1745916800.193841,183.0117702484131
2396,1745916800.3878303,183.7484836578369
2397,1745916800.6417897,243.43085289001465
2398,1745916800.938213,285.47024726867676
2399,1745916801.1308067,182.0666790008545
2400,1745916801.3255424,183.46214294433594
2401,1745916801.5188022,182.50727653503418
2402,1745916801.7135754,183.73560905456543
2403,1745916801.937365,213.2258415222168
2404,1745916802.1307268,182.85489082336426
2405,1745916802.325136,183.4850311279297
2406,1745916802.5198197,183.59613418579102
2407,1745916802.7142873,183.59017372131348
2408,1745916802.9986148,274.08885955810547
2409,1745916803.30485,295.6044673919678
2410,1745916803.6028385,286.9417667388916
2411,1745916803.7973263,183.80498886108398
2412,1745916803.9978638,189.47911262512207
2413,1745916804.1927044,183.89892578125
2414,1745916804.3870027,183.5017204284668
2415,1745916804.6282082,229.92634773254395
2416,1745916804.8219185,183.11715126037598
2417,1745916805.0165966,184.11016464233398
2418,1745916805.2108548,183.5610866546631
2419,1745916805.404844,182.9071044921875
2420,1745916805.5988858,183.4094524383545
2421,1745916805.8001742,190.28282165527344
2422,1745916805.9949157,183.72011184692383
2423,1745916806.1882029,182.76000022888184
2424,1745916806.4744105,275.09593963623047
2425,1745916806.668048,183.00580978393555
2426,1745916806.862275,183.24828147888184
2427,1745916807.0563715,183.0449104309082
2428,1745916807.2512524,183.64572525024414
2429,1745916807.4464674,184.65614318847656
2430,1745916807.6404784,183.05373191833496
2431,1745916807.8356879,182.97314643859863
2432,1745916808.0286055,182.7988624572754
2433,1745916808.2230692,183.61544609069824
2434,1745916808.4166121,183.17699432373047
2435,1745916808.72905,300.7702827453613
2436,1745916808.9219742,182.71255493164062
2437,1745916809.1176322,184.60726737976074
2438,1745916809.3117468,183.09688568115234
2439,1745916809.5056298,183.35676193237305
2440,1745916809.6989136,182.16180801391602
2441,1745916809.8935087,183.54153633117676
2442,1745916810.0876048,183.06970596313477
2443,1745916810.2822385,183.96425247192383
2444,1745916810.475455,182.68132209777832
2445,1745916810.7714396,285.0635051727295
2446,1745916810.9655583,183.45904350280762
2447,1745916811.1606276,184.46779251098633
2448,1745916811.3547592,183.5000514984131
2449,1745916811.5496483,184.3578815460205
2450,1745916811.7426872,182.95884132385254
2451,1745916811.9368403,183.33959579467773
2452,1745916812.1315124,183.5954189300537
2453,1745916812.3263843,183.68911743164062
2454,1745916812.6103468,273.1435298919678
2455,1745916812.804458,183.5310459136963
2456,1745916813.8291228,nan
2457,1745916814.024376,184.85426902770996
2458,1745916814.219688,184.26895141601562
2459,1745916814.414529,184.03387069702148
2460,1745916814.6701422,245.1150417327881
2461,1745916814.9672732,286.0851287841797
2462,1745916815.1651585,186.71345710754395
2463,1745916815.3591821,183.22086334228516
2464,1745916815.5599053,190.21344184875488
2465,1745916816.5781512,nan
2466,1745916816.772508,183.84313583374023
2467,1745916816.9665847,183.5625171661377
2468,1745916817.2188854,241.76645278930664
2469,1745916817.4132757,183.3364963531494
2470,1745916817.6068275,182.81960487365723
2471,1745916817.8024614,184.08441543579102
2472,1745916817.997246,183.44879150390625
2473,1745916818.1915605,183.7766170501709
2474,1745916818.3849907,183.2573413848877
2475,1745916819.4065542,nan
2476,1745916820.0396588,622.4136352539062
2477,1745916820.233714,183.43448638916016
2478,1745916820.428344,183.4580898284912
2479,1745916820.7037117,264.9424076080322
2480,1745916820.8976793,182.91902542114258
2481,1745916821.0914786,182.71589279174805
2482,1745916821.3208838,218.0788516998291
2483,1745916821.514969,182.89875984191895
2484,1745916821.7215395,195.5244541168213
2485,1745916821.9153416,182.77478218078613
2486,1745916822.1090238,182.15703964233398
2487,1745916822.334193,212.66579627990723
2488,1745916822.5275466,182.81984329223633
2489,1745916822.7215226,182.46769905090332
2490,1745916822.9155083,182.96217918395996
2491,1745916823.109921,183.3944320678711
2492,1745916823.3038993,183.37416648864746
2493,1745916823.5634897,249.07350540161133
2494,1745916823.7570233,182.6019287109375
2495,1745916823.9507122,182.42549896240234
2496,1745916824.1454,183.60042572021484
2497,1745916824.38993,233.63447189331055
2498,1745916824.5833652,182.73425102233887
2499,1745916824.7785807,184.06963348388672
2500,1745916824.972922,183.8088035583496
2501,1745916825.1667697,183.37392807006836
2502,1745916825.4198797,242.84887313842773
2503,1745916825.6890652,258.13841819763184
2504,1745916825.883847,183.72058868408203
2505,1745916826.0766602,182.26933479309082
2506,1745916826.2713819,183.33959579467773
2507,1745916826.54912,266.6187286376953
2508,1745916826.7429435,183.06899070739746
2509,1745916826.9373713,183.394193649292
2510,1745916827.1318214,183.441162109375
2511,1745916827.3269176,183.99357795715332
2512,1745916827.5747716,237.105131149292
2513,1745916827.8713782,285.81738471984863
2514,1745916828.0650356,182.62815475463867
2515,1745916828.2593966,182.830810546875
2516,1745916828.4535675,183.12382698059082
2517,1745916828.648454,183.84885787963867
2518,1745916828.887022,228.1966209411621
2519,1745916829.0809336,183.31027030944824
2520,1745916829.2742093,182.7852725982666
2521,1745916829.4708633,185.59622764587402
2522,1745916829.7134368,232.0568561553955
2523,1745916829.9095783,185.6405735015869
2524,1745916830.103411,183.20894241333008
2525,1745916830.29801,183.56680870056152
2526,1745916830.4991784,190.60993194580078
2527,1745916830.6927176,182.72709846496582
2528,1745916830.9353719,232.13768005371094
2529,1745916831.1297338,182.79290199279785
2530,1745916831.3233566,183.09903144836426
2531,1745916831.5163624,182.49821662902832
2532,1745916831.7106576,183.1974983215332
2533,1745916831.905188,183.2880973815918
2534,1745916832.0999186,183.20059776306152
2535,1745916832.2948132,183.84814262390137
2536,1745916832.586766,281.2941074371338
2537,1745916832.8986087,301.2659549713135
2538,1745916833.2052987,295.8991527557373
2539,1745916833.4989557,281.62384033203125
2540,1745916833.6935894,184.12375450134277
2541,1745916833.8879976,182.65342712402344
2542,1745916834.080874,182.5416088104248
2543,1745916834.2750936,183.16984176635742
2544,1745916834.5271645,241.44363403320312
2545,1745916834.7218826,183.66646766662598
2546,1745916834.9167402,183.8822364807129
2547,1745916835.9379783,nan
2548,1745916836.1315274,183.0148696899414
2549,1745916836.3257134,183.1839084625244
2550,1745916836.537547,200.5913257598877
2551,1745916836.7321253,183.16888809204102
2552,1745916836.9271324,183.98761749267578
2553,1745916837.1212313,183.10785293579102
2554,1745916837.3144422,182.60645866394043
2555,1745916837.5170033,191.52140617370605
2556,1745916837.8076313,279.51598167419434
2557,1745916838.0793738,260.84351539611816
2558,1745916838.2846897,194.60511207580566
2559,1745916838.4794025,184.51738357543945
2560,1745916839.4967837,nan
2561,1745916839.9674473,460.27064323425293
2562,1745916840.164899,186.87748908996582
2563,1745916840.3589575,183.01987648010254
2564,1745916840.55359,183.95733833312988
2565,1745916840.7475975,183.60376358032227
2566,1745916840.9419765,183.8662624359131
2567,1745916841.136839,184.16690826416016
2568,1745916841.3303442,183.06779861450195
2569,1745916841.6008775,259.5343589782715
2570,1745916841.7950382,183.1226348876953
2571,1745916841.9880865,182.59096145629883
2572,1745916842.180794,181.91766738891602
2573,1745916842.3753216,183.49766731262207
2574,1745916842.6250315,238.8455867767334
2575,1745916842.935709,300.2021312713623
2576,1745916843.1307104,183.44497680664062
2577,1745916843.3237517,182.22379684448242
2578,1745916843.5177104,182.50131607055664
2579,1745916843.712013,183.09879302978516
2580,1745916843.9050338,182.51943588256836
2581,1745916844.1005318,183.9773654937744
2582,1745916844.2955406,182.99293518066406
2583,1745916844.4887054,182.73234367370605
2584,1745916844.684207,184.89313125610352
2585,1745916844.8819368,186.6912841796875
2586,1745916845.0765862,183.4573745727539
2587,1745916845.271285,183.96735191345215
2588,1745916845.4649594,183.12668800354004
2589,1745916845.6741562,198.1656551361084
2590,1745916845.8690963,183.41326713562012
2591,1745916846.0635507,183.9461326599121
2592,1745916846.2589974,184.4344139099121
2593,1745916846.4532928,183.7904453277588
2594,1745916846.6477304,183.42113494873047
2595,1745916846.8420057,183.75515937805176
2596,1745916847.0353906,182.80863761901855
2597,1745916847.274586,228.1668186187744
2598,1745916847.4747534,189.2087459564209
2599,1745916847.668896,182.5857162475586
2600,1745916847.8628461,183.38561058044434
2601,1745916848.0573375,183.82525444030762
2602,1745916848.251664,183.70366096496582
2603,1745916848.446952,184.5695972442627
2604,1745916848.6406395,183.5334300994873
2605,1745916848.8342512,182.5735569000244
2606,1745916849.0287242,183.55727195739746
2607,1745916849.225255,186.00082397460938
2608,1745916849.4180489,182.25741386413574
2609,1745916849.612216,183.09617042541504
2610,1745916849.8057501,182.97576904296875
2611,1745916849.9996946,182.8160285949707
2612,1745916850.193664,183.18724632263184
2613,1745916850.3876,182.9087734222412
2614,1745916850.6120112,213.59515190124512
2615,1745916850.9212685,298.6278533935547
2616,1745916851.2103784,278.05304527282715
2617,1745916851.4043193,183.37130546569824
2618,1745916851.5981765,183.25185775756836
2619,1745916851.793533,184.30018424987793
2620,1745916851.9883108,184.10086631774902
2621,1745916852.1818304,182.99102783203125
2622,1745916852.3752737,182.91687965393066
2623,1745916852.6522007,265.6877040863037
2624,1745916852.8468044,183.5789680480957
2625,1745916853.0524125,195.08981704711914
2626,1745916853.2469685,183.54344367980957
2627,1745916853.4411108,183.17031860351562
2628,1745916853.6348128,183.08281898498535
2629,1745916854.661633,nan
2630,1745916855.6874652,nan
2631,1745916855.8915331,193.39871406555176
2632,1745916856.085365,183.31599235534668
2633,1745916856.2792852,183.20202827453613
2634,1745916856.4729533,183.14146995544434
2635,1745916856.6669714,182.99412727355957
2636,1745916856.860977,182.95574188232422
2637,1745916857.0544677,182.91282653808594
2638,1745916857.2493,183.8819980621338
2639,1745916857.4603107,200.55484771728516
2640,1745916857.6547549,183.75420570373535
2641,1745916857.84865,182.87181854248047
2642,1745916858.0425816,183.1209659576416
2643,1745916858.2369597,183.13336372375488
2644,1745916858.4311497,183.1490993499756
2645,1745916858.685227,242.97642707824707
2646,1745916858.8807926,184.04579162597656
2647,1745916859.0867584,195.29461860656738
2648,1745916859.2809691,182.6164722442627
2649,1745916859.474152,182.88254737854004
2650,1745916859.6685836,183.38561058044434
2651,1745916859.8622303,182.61146545410156
2652,1745916860.055074,182.26957321166992
2653,1745916860.2494907,183.37249755859375
2654,1745916860.4445353,183.63165855407715
2655,1745916860.750721,295.2275276184082
2656,1745916861.0508807,289.11733627319336
2657,1745916861.2456465,183.71844291687012
2658,1745916861.4389622,182.91330337524414
2659,1745916862.4584289,nan
2660,1745916862.6519303,182.861328125
2661,1745916862.8456564,182.67560005187988
2662,1745916863.0993388,243.15834045410156
2663,1745916863.294125,184.19647216796875
2664,1745916864.3085475,nan
2665,1745916864.526622,207.2443962097168
2666,1745916864.7204306,183.16936492919922
2667,1745916865.734512,nan
2668,1745916865.9386606,193.44401359558105
2669,1745916866.1717894,222.6712703704834
2670,1745916866.3655074,183.07137489318848
2671,1745916866.5591383,182.45840072631836
2672,1745916866.7533364,183.26282501220703
2673,1745916866.9465907,182.7068328857422
2674,1745916867.141612,183.24589729309082
2675,1745916867.3351798,182.4655532836914
2676,1745916867.6009007,254.1980743408203
2677,1745916867.7956753,183.66289138793945
2678,1745916867.988601,182.72757530212402
2679,1745916868.1837952,184.06200408935547
2680,1745916868.3778148,183.24828147888184
2681,1745916868.572753,183.43496322631836
2682,1745916868.833035,249.78327751159668
2683,1745916869.027372,183.70580673217773
2684,1745916869.2206423,182.85083770751953
2685,1745916870.2458382,nan
2686,1745916870.43963,183.13217163085938
2687,1745916870.6821644,231.24337196350098
2688,1745916870.9926126,299.4077205657959
2689,1745916871.1868715,183.61830711364746
2690,1745916871.380732,183.3209991455078
2691,1745916871.5750957,182.96027183532715
2692,1745916871.76933,183.1643581390381
2693,1745916871.9633896,183.333158493042
2694,1745916872.1571958,183.10546875
2695,1745916872.3507483,183.01844596862793
2696,1745916872.5454433,183.67719650268555
2697,1745916872.8283513,272.31764793395996
2698,1745916873.0223436,183.28309059143066
2699,1745916873.215272,182.36613273620605
2700,1745916874.2404351,nan
2701,1745916874.4340491,183.0883026123047
2702,1745916874.664382,219.3009853363037
2703,1745916874.8584652,183.05349349975586
2704,1745916875.0520082,182.91044235229492
2705,1745916875.2467988,183.82787704467773
2706,1745916875.4405382,183.18986892700195
2707,1745916875.6427033,191.1449432373047
2708,1745916876.6675549,nan
2709,1745916877.689752,nan
2710,1745916877.9555938,255.21183013916016
2711,1745916878.239878,273.44226837158203
2712,1745916879.2516668,nan
2713,1745916879.4498334,187.5154972076416
2714,1745916880.470891,nan
2715,1745916880.6691918,187.67309188842773
2716,1745916880.92655,247.25723266601562
2717,1745916881.9436858,nan
2718,1745916882.966681,nan
2719,1745916883.9900427,nan
2720,1745916884.188789,188.11416625976562
2721,1745916885.2100227,nan
2722,1745916886.2339559,nan
2723,1745916887.2480328,nan
2724,1745916888.2747047,nan
2725,1745916888.4714081,186.19346618652344
2726,1745916889.4869924,nan
2727,1745916890.5004385,nan
2728,1745916891.5275946,nan
2729,1745916891.725696,187.41130828857422
2730,1745916891.9804535,243.70765686035156
2731,1745916892.1782231,186.7680549621582
2732,1745916892.3764336,187.15620040893555
2733,1745916892.574708,187.2870922088623
2734,1745916893.5936458,nan
2735,1745916894.6153722,nan
2736,1745916895.6366556,nan
2737,1745916896.6590145,nan
2738,1745916896.856846,187.32643127441406
2739,1745916897.8800647,nan
2740,1745916898.9008393,nan
2741,1745916899.9239283,nan
2742,1745916900.1221156,187.91770935058594
2743,1745916900.321013,187.59822845458984
2744,1745916900.5208302,188.78555297851562
2745,1745916900.719558,187.18504905700684
2746,1745916900.9766235,246.98185920715332
2747,1745916901.2915041,303.3175468444824
2748,1745916901.4906065,188.5232925415039
2749,1745916901.691988,191.05076789855957
2750,1745916902.7155216,nan
2751,1745916903.7406137,nan
2752,1745916904.7616928,nan
2753,1745916905.7877312,nan
2754,1745916906.815285,nan
2755,1745916907.8311198,nan
2756,1745916908.854797,nan
2757,1745916909.8793144,nan
2758,1745916910.0781877,188.42411041259766
2759,1745916910.277084,187.8681182861328
2760,1745916910.4764464,188.05408477783203
2761,1745916910.6733363,186.35272979736328
2762,1745916910.870962,186.59257888793945
2763,1745916911.1301,247.70832061767578
2764,1745916912.1528487,nan
2765,1745916913.1776485,nan
2766,1745916914.2043233,nan
2767,1745916914.4020634,187.21771240234375
2768,1745916914.599759,187.18671798706055
2769,1745916915.620412,nan
2770,1745916916.6423273,nan
2771,1745916917.6585512,nan
2772,1745916918.6832914,nan
2773,1745916919.6986783,nan
2774,1745916919.8965368,187.45160102844238
2775,1745916920.0945797,187.3934268951416
2776,1745916920.2926495,187.5908374786377
2777,1745916920.4979532,194.0600872039795
2778,1745916921.5113437,nan
2779,1745916921.710035,188.16781044006348
2780,1745916921.978288,257.21168518066406
2781,1745916922.9977689,nan
2782,1745916924.0206394,nan
2783,1745916925.0442195,nan
2784,1745916926.0705256,nan
2785,1745916926.2740033,192.87919998168945
2786,1745916926.499454,214.93816375732422
2787,1745916926.6979997,187.9596710205078
2788,1745916926.8949432,186.5234375
2789,1745916927.9191954,nan
2790,1745916928.3230853,393.2366371154785
2791,1745916928.524305,190.42634963989258
2792,1745916928.7215314,186.7060661315918
2793,1745916929.7347012,nan
2794,1745916929.9538455,208.59050750732422
2795,1745916930.1519616,187.60323524475098
2796,1745916931.178782,nan
2797,1745916931.3970828,207.75341987609863
2798,1745916931.5954485,188.22336196899414
2799,1745916931.9065855,300.08935928344727
2800,1745916932.104864,187.20245361328125
2801,1745916933.118279,nan
2802,1745916934.1412036,nan
2803,1745916935.1678298,nan
2804,1745916935.3649008,186.62238121032715
2805,1745916935.5709255,194.350004196167
2806,1745916935.7707171,188.67063522338867
2807,1745916936.788865,nan
2808,1745916937.8135507,nan
2809,1745916938.1096272,285.4323387145996
2810,1745916938.3046196,183.95519256591797
2811,1745916938.4987512,183.30907821655273
2812,1745916938.6930263,182.5556755065918
2813,1745916938.9772599,273.73695373535156
2814,1745916939.171926,184.1280460357666
2815,1745916939.365753,183.2890510559082
2816,1745916939.559611,183.5613250732422
2817,1745916939.7536361,182.95598030090332
2818,1745916939.9474988,183.17556381225586
2819,1745916940.1739213,215.24477005004883
2820,1745916940.3689384,184.52811241149902
2821,1745916940.5625145,182.64436721801758
2822,1745916940.7565417,182.99603462219238
2823,1745916940.9502835,183.32791328430176
2824,1745916941.2330027,271.7287540435791
2825,1745916941.502837,259.17768478393555
2826,1745916941.6966348,183.2869052886963
2827,1745916942.7102382,nan
2828,1745916942.9041643,183.25114250183105
2829,1745916943.098681,183.42971801757812
2830,1745916943.2930214,182.96289443969727
2831,1745916943.5795527,276.0119438171387
2832,1745916943.7754552,184.86905097961426
2833,1745916943.9688785,182.39283561706543
2834,1745916944.1639128,182.97362327575684
2835,1745916944.3569582,182.94191360473633
2836,1745916944.5520868,184.07273292541504
2837,1745916944.745452,182.32989311218262
2838,1745916945.023941,267.40002632141113
2839,1745916945.3199441,284.97958183288574
2840,1745916945.5144408,183.4254264831543
2841,1745916945.7083266,182.83915519714355
2842,1745916945.9028728,183.4430694580078
2843,1745916946.1525013,239.09568786621094
2844,1745916946.4498928,286.3771915435791
2845,1745916946.6440115,183.28380584716797
2846,1745916946.83793,182.84893035888672
2847,1745916947.0310962,182.27481842041016
2848,1745916947.2304943,188.37332725524902
2849,1745916947.4654372,224.19023513793945
2850,1745916947.6608026,183.2599639892578
2851,1745916947.8538015,182.83462524414062
2852,1745916948.0475287,182.69777297973633
2853,1745916948.2421074,183.4886074066162
2854,1745916948.435706,183.31551551818848
2855,1745916948.6291108,183.04157257080078
2856,1745916948.8227289,182.58070945739746
2857,1745916949.1214652,287.6574993133545
2858,1745916949.4168901,284.2698097229004
2859,1745916949.6109998,182.88111686706543
2860,1745916950.6234598,nan
2861,1745916950.8166966,182.72781372070312
2862,1745916951.0616314,233.80780220031738
2863,1745916951.2558086,183.0916404724121
2864,1745916951.4497478,183.21752548217773
2865,1745916951.6440043,183.72607231140137
2866,1745916951.8378642,183.34293365478516
2867,1745916952.079972,230.73172569274902
2868,1745916952.274536,183.31146240234375
2869,1745916952.4681025,183.1839084625244
2870,1745916952.6612327,182.6307773590088
2871,1745916952.8552146,182.8289031982422
2872,1745916953.0484257,182.46173858642578
2873,1745916953.2421315,182.83772468566895
2874,1745916953.520778,267.58646965026855
2875,1745916953.714637,183.12716484069824
2876,1745916954.7306046,nan
2877,1745916954.9248166,183.53796005249023
2878,1745916955.151052,216.0968780517578
2879,1745916955.3455856,182.7867031097412
2880,1745916955.5401173,184.0059757232666
2881,1745916955.7334816,182.99603462219238
2882,1745916955.9774032,232.9103946685791
2883,1745916956.170838,182.85536766052246
2884,1745916956.364837,182.84988403320312
2885,1745916956.5596592,183.12573432922363
2886,1745916956.7533042,182.52825736999512
2887,1745916956.9469852,182.69896507263184
2888,1745916957.14095,182.966947555542
2889,1745916957.4192653,267.1082019805908
2890,1745916957.71472,284.8978042602539
2891,1745916957.9087112,182.96098709106445
2892,1745916958.1049685,185.66274642944336
2893,1745916958.3389113,223.23107719421387
2894,1745916958.6267264,277.2088050842285
2895,1745916958.820689,182.5106143951416
2896,1745916959.0151272,183.23516845703125
2897,1745916959.208758,182.50346183776855
2898,1745916959.4586458,238.84320259094238
2899,1745916959.7673798,297.38736152648926
2900,1745916959.9610748,182.85489082336426
2901,1745916960.1546373,183.04848670959473
2902,1745916960.3487618,183.43234062194824
2903,1745916960.543512,183.53867530822754
2904,1745916960.7366054,182.56115913391113
2905,1745916960.9317532,184.5078468322754
2906,1745916961.1980026,255.80334663391113
2907,1745916961.3924286,183.79473686218262
2908,1745916962.4057727,nan
2909,1745916962.6098065,193.29333305358887
2910,1745916962.8031838,182.8153133392334
2911,1745916962.997,183.02154541015625
2912,1745916963.1916552,183.55965614318848
2913,1745916963.3865602,183.59971046447754
2914,1745916963.653476,256.30855560302734
2915,1745916963.8473494,183.08138847351074
2916,1745916964.0422058,183.80022048950195
2917,1745916964.2375004,184.9069595336914
2918,1745916964.4318163,183.68768692016602
2919,1745916964.6432755,200.92344284057617
2920,1745916964.8374922,183.18724632263184
2921,1745916965.0311372,183.01701545715332
2922,1745916965.2248638,182.67273902893066
2923,1745916965.5041845,268.27406883239746
2924,1745916965.8112519,296.4444160461426
2925,1745916966.1214433,298.97117614746094
2926,1745916966.3148758,182.56711959838867
2927,1745916966.5097823,183.2265853881836
2928,1745916966.7035148,183.1831932067871
2929,1745916966.8966234,182.52301216125488
2930,1745916967.1304083,222.81551361083984
2931,1745916967.3250122,183.78543853759766
2932,1745916967.51842,182.88445472717285
2933,1745916967.7127533,183.61544609069824
2934,1745916967.9652767,241.96100234985352
2935,1745916968.1967013,220.3695774078369
2936,1745916968.3918233,183.6550235748291
2937,1745916968.585579,182.908296585083
2938,1745916968.7804036,183.59947204589844
2939,1745916968.9746332,183.69126319885254
2940,1745916969.2810426,295.52197456359863
2941,1745916969.475191,183.09617042541504
2942,1745916969.6698334,182.97672271728516
2943,1745916969.8643963,183.83145332336426
2944,1745916970.1034865,228.06692123413086
2945,1745916970.296976,182.8293800354004
2946,1745916970.4920113,183.66360664367676
2947,1745916970.6866567,183.5939884185791
2948,1745916970.8809843,183.90679359436035
2949,1745916971.0745385,183.0298900604248
2950,1745916971.268847,182.9984188079834
2951,1745916971.5455399,265.6240463256836
2952,1745916971.855142,298.8402843475342
2953,1745916972.1492255,283.56027603149414
2954,1745916972.3434327,183.52866172790527
2955,1745916972.5377827,183.08520317077637
2956,1745916972.7319446,183.0427646636963
2957,1745916972.9256923,182.7108860015869
2958,1745916973.119751,182.93380737304688
2959,1745916973.3136854,182.71183967590332
2960,1745916973.5916607,266.9398784637451
2961,1745916973.8994818,297.513484954834
2962,1745916974.093757,183.23206901550293
2963,1745916974.288623,184.04269218444824
2964,1745916975.3021462,nan
2965,1745916976.3188963,nan
2966,1745916976.513873,184.3419075012207
2967,1745916976.7067573,182.35158920288086
2968,1745916976.9005253,182.59620666503906
2969,1745916977.0950897,183.70604515075684
2970,1745916977.2898726,183.6714744567871
2971,1745916977.582223,281.5725803375244
2972,1745916977.7760165,182.97410011291504
2973,1745916977.9953468,208.24670791625977
2974,1745916978.1887548,182.3587417602539
2975,1745916978.383424,183.64405632019043
2976,1745916978.5775301,183.5012435913086
2977,1745916978.7716203,183.3477020263672
2978,1745916978.965131,182.9850673675537
2979,1745916979.159268,183.6111545562744
2980,1745916979.353585,183.1190586090088
2981,1745916979.6296678,265.55681228637695
2982,1745916979.8233614,182.77239799499512
2983,1745916980.0173955,183.51984024047852
2984,1745916980.2134833,185.40382385253906
2985,1745916980.4078112,183.81166458129883
2986,1745916980.6099095,191.07604026794434
2987,1745916980.8029165,182.39951133728027
2988,1745916980.9973366,183.14743041992188
2989,1745916981.1915736,183.57038497924805
2990,1745916981.386511,184.17859077453613
2991,1745916981.5802052,183.46118927001953
2992,1745916981.7745194,183.4573745727539
2993,1745916982.0838099,298.23923110961914
2994,1745916982.2779486,183.1221580505371
2995,1745916982.4722571,183.30979347229004
2996,1745916982.666581,183.43806266784668
2997,1745916982.8624423,184.82661247253418
2998,1745916983.0564537,183.49599838256836
2999,1745916983.2506495,183.67552757263184
3000,1745916983.4443922,183.09593200683594
3001,1745916983.6390395,183.5629940032959
3002,1745916983.9325316,282.7727794647217
3003,1745916984.1270182,183.4871768951416
3004,1745916984.3207138,183.16960334777832
3005,1745916984.5156605,184.41438674926758
3006,1745916984.7087965,182.6174259185791
3007,1745916984.9036717,183.53009223937988
3008,1745916985.1618166,247.10416793823242
3009,1745916985.468739,295.943021774292
3010,1745916985.777491,298.2494831085205
3011,1745916986.0874596,298.92635345458984
3012,1745916986.385339,287.1589660644531
3013,1745916986.5809531,184.46850776672363
3014,1745916986.7831204,190.96016883850098
3015,1745916986.9766061,182.2514533996582
3016,1745916987.9963582,nan
3017,1745916988.4124806,405.63130378723145
3018,1745916988.6059074,182.80959129333496
3019,1745916988.8006203,183.68077278137207
3020,1745916988.993998,183.17842483520508
3021,1745916989.1888826,183.85028839111328
3022,1745916989.38258,183.16388130187988
3023,1745916989.5776846,184.19694900512695
3024,1745916989.770686,182.36970901489258
3025,1745916989.9641397,182.4486255645752
3026,1745916990.1603353,185.1673126220703
3027,1745916990.3899195,218.99008750915527
3028,1745916990.6838696,283.0965518951416
3029,1745916990.8777359,182.8303337097168
3030,1745916991.0715694,183.46810340881348
3031,1745916991.2655034,182.89613723754883
3032,1745916991.5067685,230.7577133178711
3033,1745916991.7006001,183.20870399475098
3034,1745916992.7153304,nan
3035,1745916992.9104662,184.62085723876953
3036,1745916993.1045306,183.38513374328613
3037,1745916993.340874,225.5725860595703
3038,1745916993.5364454,184.4348907470703
3039,1745916993.7408752,193.72296333312988
3040,1745916994.7636693,nan
3041,1745916994.9574106,183.11572074890137
3042,1745916995.151136,182.65700340270996
3043,1745916995.4027064,240.4940128326416
3044,1745916995.713988,300.25792121887207
3045,1745916995.9080708,183.4883689880371
3046,1745916996.1023943,183.64453315734863
3047,1745916996.3015163,188.0192756652832
3048,1745916996.4956214,183.48979949951172
3049,1745916996.689628,183.26950073242188
3050,1745916996.8845534,183.40301513671875
3051,1745916997.0796208,183.83121490478516
3052,1745916997.351955,261.7368698120117
3053,1745916997.5468047,183.73918533325195
3054,1745916997.741514,183.53533744812012
3055,1745916997.935054,183.03275108337402
3056,1745916998.1713765,224.49278831481934
3057,1745916998.4665833,284.4963073730469
3058,1745916998.6610172,183.85076522827148
3059,1745916998.8542545,182.62672424316406
3060,1745916999.0487232,183.43687057495117
3061,1745916999.2850094,225.76260566711426
3062,1745916999.4800632,182.76000022888184
3063,1745916999.6728013,182.59906768798828
3064,1745916999.868167,184.2348575592041
3065,1745917000.106347,227.6756763458252
3066,1745917000.2992902,182.42454528808594
3067,1745917000.4937093,183.21824073791504
3068,1745917000.688612,183.72631072998047
3069,1745917000.8829226,183.6683750152588
3070,1745917001.0771708,184.07797813415527
3071,1745917001.3477564,259.9601745605469
3072,1745917001.6404333,281.2631130218506
3073,1745917001.8340201,183.152437210083
3074,1745917002.0281508,182.9969882965088
3075,1745917002.222529,184.1905117034912
3076,1745917002.4585438,225.06070137023926
3077,1745917002.653029,183.7625503540039
3078,1745917002.8465981,183.05563926696777
3079,1745917003.0406592,183.51435661315918
3080,1745917003.271899,220.58844566345215
3081,1745917003.4674916,184.4344139099121
3082,1745917003.662299,183.27093124389648
3083,1745917003.8588068,186.42044067382812
3084,1745917004.1019073,232.1000099182129
3085,1745917004.298343,185.72497367858887
3086,1745917004.493236,184.2198371887207
3087,1745917004.6878505,184.0982437133789
3088,1745917004.8828933,183.99548530578613
3089,1745917005.076507,183.14385414123535
3090,1745917005.3277547,240.5562400817871
3091,1745917005.5208673,182.49988555908203
3092,1745917005.7157295,182.65128135681152
3093,1745917005.909836,183.9895248413086
3094,1745917006.1573482,236.9847297668457
3095,1745917006.46484,296.83876037597656
3096,1745917006.6675177,191.62726402282715
3097,1745917006.8615649,183.02178382873535
3098,1745917007.056421,183.8066577911377
3099,1745917007.2493978,182.68203735351562
3100,1745917007.4433813,182.58094787597656
3101,1745917007.6831079,228.7740707397461
3102,1745917007.8778017,183.64429473876953
3103,1745917008.0728047,184.03983116149902
3104,1745917008.2671328,183.03990364074707
3105,1745917008.462796,185.255765914917
3106,1745917008.6583984,184.48400497436523
3107,1745917008.8544066,184.8275661468506
3108,1745917009.049429,184.0050220489502
3109,1745917009.2434633,183.35747718811035
3110,1745917009.4376957,182.89422988891602
3111,1745917009.63209,183.34698677062988
3112,1745917009.945635,302.52552032470703
3113,1745917010.2454598,289.74246978759766
3114,1745917010.4410179,184.97991561889648
3115,1745917011.4697459,nan
3116,1745917012.492662,nan
3117,1745917012.8088884,305.66954612731934
3118,1745917013.0025027,182.9969882965088
3119,1745917013.1978595,184.31568145751953
3120,1745917013.3913803,182.8765869140625
3121,1745917013.58644,184.2174530029297
3122,1745917013.8346078,237.4093532562256
3123,1745917014.145378,299.72362518310547
3124,1745917014.4380286,281.8915843963623
3125,1745917014.6309974,182.17897415161133
3126,1745917014.8250408,183.01677703857422
3127,1745917015.0265865,191.01786613464355
3128,1745917015.2204435,183.32815170288086
3129,1745917015.4693916,237.8554344177246
3130,1745917015.6654894,185.58597564697266
3131,1745917016.6813986,nan
3132,1745917016.874906,182.75785446166992
3133,1745917017.0707076,184.77272987365723
3134,1745917017.2633684,182.3728084564209
3135,1745917017.4574218,183.030366897583
3136,1745917017.652151,182.83557891845703
3137,1745917017.9438965,281.5136909484863
3138,1745917018.138587,184.1747760772705
3139,1745917018.4415298,292.2983169555664
3140,1745917018.7504082,297.8363037109375
3141,1745917018.943859,183.03513526916504
3142,1745917019.1379874,183.1064224243164
3143,1745917019.3326585,184.04102325439453
3144,1745917019.5269535,183.71176719665527
3145,1745917019.7777436,240.2322292327881
3146,1745917020.0038064,215.26455879211426
3147,1745917020.197795,182.82842636108398
3148,1745917020.3917003,183.38727951049805
3149,1745917020.5849285,183.08258056640625
3150,1745917020.871489,274.7998237609863
3151,1745917021.0649507,182.9357147216797
3152,1745917021.2584965,182.74259567260742
3153,1745917021.4527483,183.2125186920166
3154,1745917021.7164094,252.4886131286621
3155,1745917021.9108422,182.91664123535156
3156,1745917022.9244065,nan
3157,1745917023.118809,184.11874771118164
3158,1745917023.3606,230.99732398986816
3159,1745917023.6572459,285.9306335449219
3160,1745917023.8510976,183.22205543518066
3161,1745917024.0448809,182.72757530212402
3162,1745917024.239672,183.70914459228516
3163,1745917024.4336557,183.30097198486328
3164,1745917024.6271558,183.0582618713379
3165,1745917024.8753104,236.68599128723145
3166,1745917025.0694218,183.5496425628662
3167,1745917025.2800357,199.84722137451172
3168,1745917026.310336,nan
3169,1745917026.5050588,183.52985382080078
3170,1745917026.698853,182.80482292175293
3171,1745917026.8926716,182.769775390625
3172,1745917027.0865421,183.31408500671387
3173,1745917027.280638,183.152437210083
3174,1745917027.5536094,261.92712783813477
3175,1745917027.7479923,184.01193618774414
3176,1745917027.9410431,182.74545669555664
3177,1745917028.1371927,184.6921443939209
3178,1745917028.3322837,184.36026573181152
3179,1745917028.5264764,183.67242813110352
3180,1745917028.7198024,182.6789379119873
3181,1745917028.913732,182.72900581359863
3182,1745917029.1070924,183.12668800354004
3183,1745917029.3016896,183.5482120513916
3184,1745917029.4946542,182.45387077331543
3185,1745917029.813366,307.5525760650635
3186,1745917030.1091661,285.2318286895752
3187,1745917030.302637,182.9524040222168
3188,1745917030.4962869,182.66749382019043
3189,1745917030.6903465,182.68442153930664
3190,1745917030.910034,207.54194259643555
3191,1745917031.1029649,182.71112442016602
3192,1745917031.2978826,183.5925579071045
3193,1745917031.4913268,182.39283561706543
3194,1745917031.7535539,250.83231925964355
3195,1745917031.9493623,185.23359298706055
3196,1745917032.1440427,184.01074409484863
3197,1745917032.337781,182.8165054321289
3198,1745917032.531335,183.00390243530273
3199,1745917032.7795658,237.41412162780762
3200,1745917032.9741251,183.46858024597168
3201,1745917033.1688924,184.19575691223145
3202,1745917033.3641915,184.39817428588867
3203,1745917033.5580225,183.0439567565918
3204,1745917033.8054578,236.42492294311523
3205,1745917034.1141453,297.81603813171387
3206,1745917034.4232652,298.04325103759766
3207,1745917034.6177986,182.4936866760254
3208,1745917034.8114269,183.38346481323242
3209,1745917035.0047965,183.06255340576172
3210,1745917035.1990368,182.5096607208252
3211,1745917035.393177,183.17389488220215
3212,1745917035.650398,246.17719650268555
3213,1745917035.9465706,285.14671325683594
3214,1745917036.1398716,182.9843521118164
3215,1745917036.3328905,182.46769905090332
3216,1745917036.5273623,183.06732177734375
3217,1745917036.7213619,183.42328071594238
3218,1745917036.9151204,182.7378273010254
3219,1745917037.1087058,183.06994438171387
3220,1745917037.3077557,187.83807754516602
3221,1745917037.5937605,275.4631042480469
3222,1745917037.8918304,286.792516708374
3223,1745917038.0868974,184.02338027954102
3224,1745917038.2796886,181.7481517791748
3225,1745917038.473652,182.7089786529541
3226,1745917038.667796,183.59971046447754
3227,1745917038.9086366,229.56061363220215
3228,1745917039.103125,183.5188865661621
3229,1745917039.2967548,183.11452865600586
3230,1745917039.4908137,182.95574188232422
3231,1745917039.7421505,240.4038906097412
3232,1745917040.054496,301.1159896850586
3233,1745917040.3231444,256.9127082824707
3234,1745917040.524089,190.5817985534668
3235,1745917040.7176802,182.4486255645752
3236,1745917040.9118025,182.92808532714844
3237,1745917041.1050334,182.58929252624512
3238,1745917041.299516,182.96289443969727
3239,1745917041.59118,280.8072566986084
3240,1745917041.7846398,182.70611763000488
3241,1745917041.9785063,183.20822715759277
3242,1745917042.173744,184.19933319091797
3243,1745917043.1907148,nan
3244,1745917043.4224668,221.10366821289062
3245,1745917043.616909,183.35866928100586
3246,1745917043.8119004,184.05771255493164
3247,1745917044.0055454,183.11047554016113
3248,1745917044.23372,217.6358699798584
3249,1745917044.426693,182.61981010437012
3250,1745917044.6205046,182.6941967010498
3251,1745917044.8139365,182.76071548461914
3252,1745917045.00845,183.2108497619629
3253,1745917045.202565,183.09378623962402
3254,1745917045.4729807,259.51695442199707
3255,1745917045.6658103,182.31701850891113
3256,1745917045.8604739,183.69483947753906
3257,1745917046.8835876,nan
3258,1745917047.0796874,185.59575080871582
3259,1745917047.2726877,182.63816833496094
3260,1745917047.4674602,183.60424041748047
3261,1745917047.7233646,245.15271186828613
3262,1745917047.91666,182.76643753051758
3263,1745917048.1107721,183.47930908203125
3264,1745917048.305405,183.60018730163574
3265,1745917048.499698,183.75635147094727
3266,1745917048.694423,184.19933319091797
3267,1745917048.887862,183.3195686340332
3268,1745917049.0815692,182.66034126281738
3269,1745917049.2765858,183.9752197265625
3270,1745917049.4706917,183.4242343902588
3271,1745917049.7786863,296.94461822509766
3272,1745917050.090487,300.7161617279053
3273,1745917050.3866456,285.20965576171875
3274,1745917050.5811172,183.27903747558594
3275,1745917050.7748132,183.58945846557617
3276,1745917050.969069,183.07900428771973
3277,1745917051.1643937,183.8064193725586
3278,1745917051.3592029,183.77017974853516
3279,1745917051.5554292,185.69016456604004
3280,1745917051.7839878,217.393159866333
3281,1745917051.9777262,183.22372436523438
3282,1745917052.1716893,183.19416046142578
3283,1745917052.365094,182.39164352416992
3284,1745917052.559676,183.29191207885742
3285,1745917052.8354728,264.7395133972168
3286,1745917053.0285194,182.84058570861816
3287,1745917053.2215328,182.4800968170166
3288,1745917053.4171789,183.8994026184082
3289,1745917053.6701646,242.112398147583
3290,1745917053.8638043,183.37035179138184
3291,1745917054.057949,183.6256980895996
3292,1745917054.2531767,184.71693992614746
3293,1745917055.2751474,nan
3294,1745917055.5096412,223.95777702331543
3295,1745917055.7029736,182.44576454162598
3296,1745917056.7164876,nan
3297,1745917056.911537,184.11588668823242
3298,1745917057.1057594,183.90583992004395
3299,1745917057.299083,182.62863159179688
3300,1745917057.5542476,244.13347244262695
3301,1745917057.748391,183.07828903198242
3302,1745917057.9428291,183.14433097839355
3303,1745917058.9644341,nan
3304,1745917059.1588252,183.67505073547363
3305,1745917059.3533823,183.00771713256836
3306,1745917059.6017363,237.6997470855713
3307,1745917059.797146,184.08823013305664
3308,1745917060.8131614,nan
3309,1745917061.8389149,nan
3310,1745917062.0447092,195.5556869506836
3311,1745917062.2376974,182.80935287475586
3312,1745917062.432206,183.65073204040527
3313,1745917062.679542,236.70458793640137
3314,1745917062.960247,269.2761421203613
3315,1745917063.1540887,183.22491645812988
3316,1745917063.3506868,185.35971641540527
3317,1745917063.545097,183.90226364135742
3318,1745917063.7385046,182.87420272827148
3319,1745917063.9334242,184.2045783996582
3320,1745917064.2182374,274.26767349243164
3321,1745917064.4123635,183.59136581420898
3322,1745917064.6057148,182.83581733703613
3323,1745917064.7993913,182.6610565185547
3324,1745917064.9940999,183.57515335083008
3325,1745917065.1867085,181.80274963378906
3326,1745917065.3815453,183.2418441772461
3327,1745917065.6539803,261.38854026794434
3328,1745917065.9501379,285.48336029052734
3329,1745917066.1437716,182.91974067687988
3330,1745917066.3389275,184.1585636138916
3331,1745917066.532348,182.67369270324707
3332,1745917066.7263958,183.00843238830566
3333,1745917066.919672,182.74664878845215
3334,1745917067.1142733,183.85601043701172
3335,1745917067.3098183,184.5085620880127
3336,1745917067.5945826,274.402379989624
3337,1745917067.903817,298.0337142944336
3338,1745917068.2154443,300.60482025146484
3339,1745917068.409684,183.31408500671387
3340,1745917068.6044207,183.81571769714355
3341,1745917068.7978125,183.16340446472168
3342,1745917068.9916747,183.24995040893555
3343,1745917069.1857145,182.79075622558594
3344,1745917069.3806267,183.7778091430664
3345,1745917069.6386468,247.79653549194336
3346,1745917069.833352,183.5043430328369
3347,1745917070.847567,nan
3348,1745917071.063205,205.3854465484619
3349,1745917071.2567682,182.97314643859863
3350,1745917071.4519026,183.9606761932373
3351,1745917071.6838646,221.4336395263672
3352,1745917071.878412,183.8548183441162
3353,1745917072.0728936,183.9442253112793
3354,1745917072.2678568,184.2517852783203
3355,1745917072.4615269,182.79099464416504
3356,1745917072.654953,182.24096298217773
3357,1745917072.9053187,239.3171787261963
3358,1745917073.1002543,183.70294570922852
3359,1745917073.293512,182.94215202331543
3360,1745917073.4868486,182.56282806396484
3361,1745917073.7445488,246.6280460357666
3362,1745917073.938697,182.72686004638672
3363,1745917074.132743,183.53271484375
3364,1745917074.3248615,181.58984184265137
3365,1745917075.3426547,nan
3366,1745917075.576614,223.08039665222168
3367,1745917075.7712405,183.5639476776123
3368,1745917075.9655674,183.66336822509766
3369,1745917076.9877176,nan
3370,1745917077.1828468,184.5378875732422
3371,1745917077.377162,183.20226669311523
3372,1745917077.6277554,240.05436897277832
3373,1745917077.8212664,182.73568153381348
3374,1745917078.026731,194.57435607910156
3375,1745917078.220437,183.0906867980957
3376,1745917078.4145744,183.61425399780273
3377,1745917078.6078234,182.71350860595703
3378,1745917078.802372,183.32910537719727
3379,1745917078.9965403,183.0916404724121
3380,1745917079.1908417,183.1660270690918
3381,1745917079.3846023,183.0601692199707
3382,1745917079.578378,182.9054355621338
3383,1745917079.8865418,294.42548751831055
3384,1745917080.079495,182.73472785949707
3385,1745917080.2742853,183.7773323059082
3386,1745917080.4677937,182.7080249786377
3387,1745917080.6617622,182.80887603759766
3388,1745917080.8933668,220.70884704589844
3389,1745917081.0865076,182.13939666748047
3390,1745917081.2804837,182.87014961242676
3391,1745917081.4746404,183.24971199035645
3392,1745917081.720427,234.8916530609131
3393,1745917081.9147213,183.60114097595215
3394,1745917082.9383833,nan
3395,1745917083.1416817,192.4886703491211
3396,1745917083.335268,182.5556755065918
3397,1745917083.5299296,183.95328521728516
3398,1745917083.7764726,235.8541488647461
3399,1745917084.0817356,294.67177391052246
3400,1745917084.3910782,298.17771911621094
3401,1745917084.6679242,266.38126373291016
3402,1745917084.8983831,219.40231323242188
3403,1745917085.1536367,244.41933631896973
3404,1745917085.3476284,182.96360969543457
3405,1745917085.5483105,190.14811515808105
3406,1745917085.7428265,183.47835540771484
3407,1745917086.0188754,265.5198574066162
3408,1745917086.213376,183.45022201538086
3409,1745917086.4076219,183.7174892425537
3410,1745917086.60155,183.333158493042
3411,1745917086.7955246,182.94477462768555
3412,1745917086.9902096,183.44759941101074
3413,1745917087.1834238,182.19494819641113
3414,1745917087.3777742,183.32719802856445
3415,1745917087.5712543,182.6472282409668
3416,1745917087.7656164,183.37488174438477
3417,1745917087.9594095,182.77883529663086
3418,1745917088.1537688,183.43639373779297
3419,1745917088.3971717,233.03556442260742
3420,1745917088.5918262,182.34872817993164
3421,1745917088.8967733,294.89636421203613
3422,1745917089.1401935,232.5613498687744
3423,1745917089.334678,183.4573745727539
3424,1745917089.5282953,183.03823471069336
3425,1745917089.722565,183.2277774810791
3426,1745917090.0177176,284.41572189331055
3427,1745917090.3278341,299.07941818237305
3428,1745917090.6392598,300.64964294433594
3429,1745917090.9347062,284.6240997314453
3430,1745917091.1279254,182.18636512756348
3431,1745917091.32487,185.65678596496582
3432,1745917091.5193205,183.2408905029297
3433,1745917091.761593,231.22048377990723
3434,1745917091.9824612,209.9742889404297
3435,1745917092.1763508,183.3488941192627
3436,1745917092.370351,183.8095188140869
3437,1745917092.5632493,182.4352741241455
3438,1745917092.756941,182.68108367919922
3439,1745917092.9850175,217.04721450805664
3440,1745917093.1790254,183.85004997253418
3441,1745917093.3738465,184.2825412750244
3442,1745917093.5677667,183.41493606567383
3443,1745917093.7615585,182.68465995788574
3444,1745917094.004763,232.39588737487793
3445,1745917094.1993198,183.46834182739258
3446,1745917094.3944075,184.08441543579102
3447,1745917094.5890906,182.97982215881348
3448,1745917094.782867,183.2900047302246
3449,1745917095.0286973,234.78150367736816
3450,1745917095.2223394,182.86371231079102
3451,1745917095.4165843,183.20536613464355
3452,1745917095.610194,182.55925178527832
3453,1745917095.8429725,221.6935157775879
3454,1745917096.0383198,184.27133560180664
3455,1745917096.2315629,182.55162239074707
3456,1745917096.4249203,182.31964111328125
3457,1745917096.6242638,187.81208992004395
3458,1745917096.8176522,182.90114402770996
3459,1745917097.0116005,182.90948867797852
3460,1745917097.2043238,182.1446418762207
3461,1745917097.398537,183.1974983215332
3462,1745917097.706669,297.52302169799805
3463,1745917097.9995072,282.31167793273926
3464,1745917098.1947029,184.06105041503906
3465,1745917098.3884683,183.14075469970703
3466,1745917098.5833893,183.0298900604248
3467,1745917098.8886862,294.0967082977295
3468,1745917099.0817678,182.5559139251709
3469,1745917099.2748785,181.86497688293457
3470,1745917099.4791634,192.75569915771484
3471,1745917099.6736536,183.62760543823242
3472,1745917099.868754,184.19170379638672
3473,1745917100.155652,276.39055252075195
3474,1745917100.4417443,275.4669189453125
3475,1745917100.643289,190.49763679504395
3476,1745917100.8373718,182.8749179840088
3477,1745917101.8495796,nan
3478,1745917102.8622074,nan
3479,1745917103.886601,nan
3480,1745917104.106307,209.12957191467285
3481,1745917104.2999232,182.91354179382324
3482,1745917104.4935384,183.09807777404785
3483,1745917104.687315,182.73377418518066
3484,1745917104.9649267,266.4504051208496
3485,1745917105.159639,183.75158309936523
3486,1745917105.3534653,183.1040382385254
3487,1745917105.5480604,182.45363235473633
3488,1745917105.741964,183.34555625915527
3489,1745917105.9365993,183.84838104248047
3490,1745917106.1299236,182.8444004058838
3491,1745917106.409035,267.98152923583984
3492,1745917106.6537411,234.1933250427246
3493,1745917106.84782,183.3329200744629
3494,1745917107.042043,183.58588218688965
3495,1745917107.2404065,187.41917610168457
3496,1745917107.4347591,183.14123153686523
3497,1745917107.6289241,182.52992630004883
3498,1745917107.8238108,183.53891372680664
3499,1745917108.1446924,310.31203269958496
3500,1745917108.3391695,183.11071395874023
3501,1745917108.533664,183.69579315185547
3502,1745917108.7288346,183.90274047851562
3503,1745917108.92264,183.48050117492676
3504,1745917109.1165295,182.8911304473877
3505,1745917109.3103154,182.69014358520508
3506,1745917109.5046396,183.44378471374512
3507,1745917109.6988409,183.55751037597656
3508,1745917109.9896584,279.59179878234863
3509,1745917110.1829243,182.89899826049805
3510,1745917110.3777993,183.8390827178955
3511,1745917110.5724425,183.14862251281738
3512,1745917110.76596,182.98888206481934
3513,1745917111.0031345,226.12643241882324
3514,1745917111.197412,183.54439735412598
3515,1745917111.391357,182.7528476715088
3516,1745917111.5854707,183.09760093688965
3517,1745917111.825161,228.86157035827637
3518,1745917112.0187216,183.03608894348145
3519,1745917112.2136843,183.48264694213867
3520,1745917112.4566057,232.3915958404541
3521,1745917112.652632,183.8386058807373
3522,1745917112.9519122,289.034366607666
3523,1745917113.1464036,183.46548080444336
3524,1745917113.3414285,184.49139595031738
3525,1745917113.534902,183.09450149536133
3526,1745917113.7279391,182.26361274719238
3527,1745917113.9224868,183.52317810058594
3528,1745917114.116493,183.33864212036133
3529,1745917114.3847601,257.7483654022217
3530,1745917114.578427,183.01916122436523
3531,1745917115.5968595,nan
3532,1745917115.8084252,201.033353805542
3533,1745917116.0027752,183.1650733947754
3534,1745917116.196669,183.69817733764648
3535,1745917116.3905349,183.3326816558838
3536,1745917116.5841136,182.01518058776855
3537,1745917116.7778182,182.59596824645996
3538,1745917116.9724977,183.35247039794922
3539,1745917117.257776,274.6620178222656
3540,1745917117.4517663,183.6562156677246
3541,1745917117.6467214,184.09061431884766
3542,1745917117.8403063,183.00366401672363
3543,1745917118.0350444,183.67981910705566
3544,1745917118.2302284,183.68816375732422
3545,1745917118.4740353,232.76114463806152
3546,1745917118.6681879,183.96377563476562
3547,1745917118.8621452,183.37154388427734
3548,1745917119.056463,183.65836143493652
3549,1745917119.3151798,248.27980995178223
3550,1745917119.509449,183.1352710723877
3551,1745917119.8264802,305.97901344299316
3552,1745917120.122587,285.38966178894043
3553,1745917120.3164544,183.27879905700684
3554,1745917120.5268812,199.8288631439209
3555,1745917120.7206903,183.23111534118652
3556,1745917120.9516609,220.37720680236816
3557,1745917121.2476337,285.4294776916504
3558,1745917121.4450176,186.4008903503418
3559,1745917121.6391394,183.55250358581543
3560,1745917121.8336108,184.18550491333008
3561,1745917122.0270982,183.14790725708008
3562,1745917122.2735968,235.4574203491211
3563,1745917122.4676058,183.63285064697266
3564,1745917122.660959,182.3439598083496
3565,1745917123.6804614,nan
3566,1745917123.9188633,227.87976264953613
3567,1745917124.2127175,283.3247184753418
3568,1745917124.4068007,183.17842483520508
3569,1745917124.6014473,183.54558944702148
3570,1745917124.7945774,182.40880966186523
3571,1745917125.0389488,233.0310344696045
3572,1745917125.2327883,182.9056739807129
3573,1745917125.4363306,192.46387481689453
3574,1745917125.6309805,183.44712257385254
3575,1745917125.8238912,182.78861045837402
3576,1745917126.0175703,183.16125869750977
3577,1745917126.2109153,182.60717391967773
3578,1745917126.4048936,183.0434799194336
3579,1745917126.6581178,242.69366264343262
3580,1745917126.852988,183.4263801574707
3581,1745917127.0502775,186.7239475250244
3582,1745917127.245406,183.9301586151123
3583,1745917127.439329,183.3939552307129
3584,1745917127.6344376,184.06105041503906
3585,1745917127.9038591,258.3203315734863
3586,1745917128.0974967,183.33053588867188
3587,1745917128.2914693,183.54129791259766
3588,1745917128.485175,182.9967498779297
3589,1745917128.679444,183.14504623413086
3590,1745917128.8731515,183.17699432373047
3591,1745917129.1352618,251.58238410949707
3592,1745917129.3502634,204.09226417541504
3593,1745917129.544433,183.65478515625
3594,1745917129.7380137,182.62195587158203
3595,1745917129.9326274,183.57324600219727
3596,1745917130.1615605,218.81413459777832
3597,1745917130.4695868,296.9667911529541
3598,1745917130.7801628,299.87573623657227
3599,1745917131.0766797,285.9828472137451
3600,1745917131.270809,182.692289352417
3601,1745917131.4654834,183.4561824798584
3602,1745917131.660454,183.4399700164795
3603,1745917131.8536963,183.02679061889648
3604,1745917132.1129367,248.20995330810547
3605,1745917132.4077132,283.6320400238037
3606,1745917132.6010602,182.31892585754395
3607,1745917132.797109,185.01543998718262
3608,1745917132.9907293,182.54756927490234
3609,1745917133.185413,183.6540699005127
3610,1745917133.3785274,182.80601501464844
3611,1745917133.5723844,182.98864364624023
3612,1745917133.7670937,183.66503715515137
3613,1745917133.9629014,184.39483642578125
3614,1745917134.1569157,182.92760848999023
3615,1745917134.4639764,295.9325313568115
3616,1745917134.7598898,285.39490699768066
3617,1745917134.9541373,183.18605422973633
3618,1745917135.1489804,183.61973762512207
3619,1745917135.3435748,183.78567695617676
3620,1745917135.538583,183.4888458251953
3621,1745917135.7310567,182.15131759643555
3622,1745917135.9964514,254.33731079101562
3623,1745917136.192789,185.13917922973633
3624,1745917136.3854961,182.40952491760254
3625,1745917136.5807114,184.02886390686035
3626,1745917136.7747734,183.32242965698242
3627,1745917136.9696739,184.39364433288574
3628,1745917137.2232645,242.8278923034668
3629,1745917137.4165092,182.73162841796875
3630,1745917137.6116333,183.2730770111084
3631,1745917137.8057628,183.63022804260254
3632,1745917137.9994574,182.9843521118164
3633,1745917138.2508214,240.27323722839355
3634,1745917138.4442353,182.8770637512207
3635,1745917138.6385024,183.2292079925537
3636,1745917138.8317325,182.75928497314453
3637,1745917139.025601,182.6319694519043
3638,1745917139.275105,238.97647857666016
3639,1745917139.4692805,183.09402465820312
3640,1745917139.6631937,183.3646297454834
3641,1745917139.8577683,183.2597255706787
3642,1745917140.052672,184.3702793121338
3643,1745917140.2453935,182.5852394104004
3644,1745917140.4402065,183.5651397705078
3645,1745917140.6337173,182.98792839050293
3646,1745917140.8281765,183.81571769714355
3647,1745917141.022498,182.89995193481445
3648,1745917141.2219656,188.59243392944336
3649,1745917141.4164095,183.49170684814453
3650,1745917141.6099005,182.91950225830078
3651,1745917141.8276398,207.01861381530762
3652,1745917142.0224817,184.11803245544434
3653,1745917142.2952669,262.27784156799316
3654,1745917142.4897003,184.30066108703613
3655,1745917142.6839633,183.2284927368164
3656,1745917142.960872,265.69342613220215
3657,1745917143.270582,299.12471771240234
3658,1745917143.4643247,182.83891677856445
3659,1745917143.6580439,182.82461166381836
3660,1745917143.8524082,183.32910537719727
3661,1745917144.1297991,266.85547828674316
3662,1745917144.3891566,248.33321571350098
3663,1745917144.5827837,183.21537971496582
3664,1745917144.7768755,183.10976028442383
3665,1745917145.006724,219.32554244995117
3666,1745917145.2016027,183.33745002746582
3667,1745917145.4242003,211.75527572631836
3668,1745917145.619027,183.40492248535156
3669,1745917145.812835,183.65192413330078
3670,1745917146.0365686,213.08636665344238
3671,1745917146.2320638,184.9842071533203
3672,1745917146.425311,182.72042274475098
3673,1745917146.6190875,183.19082260131836
3674,1745917146.8126264,182.84249305725098
3675,1745917147.007001,183.89534950256348
3676,1745917147.2001293,182.18708038330078
3677,1745917147.3954282,183.26497077941895
3678,1745917147.5887225,182.7530860900879
3679,1745917147.7829263,183.17008018493652
3680,1745917147.9762518,182.51299858093262
3681,1745917148.1705687,183.35366249084473
3682,1745917148.365085,183.4425926208496
3683,1745917148.5598798,183.87627601623535
3684,1745917148.7555342,184.6139430999756
3685,1745917148.9495094,183.43162536621094
3686,1745917149.1435406,182.9206943511963
3687,1745917149.4094837,255.2814483642578
3688,1745917149.6026483,182.4798583984375
3689,1745917149.7974954,183.93611907958984
3690,1745917150.820477,nan
3691,1745917151.2581224,426.97858810424805
3692,1745917151.4520972,182.95621871948242
3693,1745917151.646835,183.69197845458984
3694,1745917151.8410704,183.16221237182617
3695,1745917152.0356727,184.13186073303223
3696,1745917152.2848012,238.09432983398438
3697,1745917152.5394304,243.84284019470215
3698,1745917152.7342138,183.95519256591797
3699,1745917152.9283407,183.3627223968506
3700,1745917153.121616,182.53517150878906
3701,1745917153.4030619,270.32947540283203
3702,1745917153.5967963,182.82151222229004
3703,1745917153.7920392,184.16905403137207
3704,1745917154.816722,nan
3705,1745917155.2397099,412.31632232666016
3706,1745917155.4335515,182.79576301574707
3707,1745917155.6276598,183.152437210083
3708,1745917155.8215427,183.2273006439209
3709,1745917156.0149603,182.67560005187988
3710,1745917156.209753,183.69078636169434
3711,1745917156.4047375,184.30328369140625
3712,1745917156.5976865,182.53803253173828
3713,1745917156.7914245,182.7995777130127
3714,1745917156.9852352,182.84249305725098
3715,1745917157.1798232,183.2733154296875
3716,1745917157.3903356,199.9971866607666
3717,1745917157.5837934,182.92975425720215
3718,1745917157.7787197,183.90369415283203
3719,1745917157.972277,183.44831466674805
3720,1745917158.1671135,183.31408500671387
3721,1745917158.3620598,183.92515182495117
3722,1745917158.613058,239.95661735534668
3723,1745917158.8081448,184.04865264892578
3724,1745917159.002866,183.85839462280273
3725,1745917159.1968465,183.44998359680176
3726,1745917159.4427538,235.29291152954102
3727,1745917159.635154,181.87999725341797
3728,1745917159.8307319,184.06200408935547
3729,1745917160.0246232,183.38441848754883
3730,1745917160.2252996,189.5461082458496
3731,1745917160.4742155,237.8671169281006
3732,1745917160.6756608,190.92464447021484
3733,1745917160.9855957,298.8471984863281
3734,1745917161.181016,184.65924263000488
3735,1745917161.3748,182.8165054321289
3736,1745917161.5701973,184.3559741973877
3737,1745917161.7647257,183.3655834197998
3738,1745917161.9985642,223.1271266937256
3739,1745917162.192902,183.53533744812012
3740,1745917162.386424,183.00104141235352
3741,1745917162.581783,183.84623527526855
3742,1745917162.7767088,183.90369415283203
3743,1745917162.9708042,183.59780311584473
3744,1745917163.1647792,183.02321434020996
3745,1745917163.3589466,183.6545467376709
3746,1745917163.5575297,188.0643367767334
3747,1745917163.784096,216.0358428955078
3748,1745917164.0648692,269.9544429779053
3749,1745917164.259219,183.88032913208008
3750,1745917164.5773964,307.64031410217285
3751,1745917164.7709708,182.86705017089844
3752,1745917165.0181677,236.1621856689453
3753,1745917165.2127078,183.12692642211914
3754,1745917165.4062326,182.90376663208008
3755,1745917165.602122,185.03308296203613
3756,1745917165.7965724,183.42852592468262
3757,1745917166.1035428,296.3733673095703
3758,1745917166.2975047,183.43424797058105
3759,1745917166.490713,182.9833984375
3760,1745917166.6854084,183.28332901000977
3761,1745917166.8793256,182.8923225402832
3762,1745917167.0735822,183.37345123291016
3763,1745917167.268804,184.93938446044922
3764,1745917167.5212255,241.5788173675537
3765,1745917167.7153819,183.44449996948242
3766,1745917167.909162,182.76047706604004
3767,1745917168.1047459,184.46636199951172
3768,1745917168.2988403,183.51101875305176
3769,1745917168.4936469,183.89320373535156
3770,1745917168.6864612,182.19923973083496
3771,1745917168.880362,182.40118026733398
3772,1745917169.1773582,285.45665740966797
3773,1745917169.4489324,260.9996795654297
3774,1745917169.6427402,183.1045150756836
3775,1745917169.8368618,183.31289291381836
3776,1745917170.031179,182.75761604309082
3777,1745917170.2955856,253.70049476623535
3778,1745917170.4904373,183.8698387145996
3779,1745917170.6851125,183.74323844909668
3780,1745917171.7108903,nan
3781,1745917171.905404,183.97212028503418
3782,1745917172.0989828,183.42256546020508
3783,1745917172.292711,183.20274353027344
3784,1745917172.546343,242.59161949157715
3785,1745917172.7397158,182.9831600189209
3786,1745917172.9337308,182.90352821350098
3787,1745917173.1267822,182.47509002685547
3788,1745917173.3205214,182.70492553710938
3789,1745917173.5154514,184.30542945861816
3790,1745917173.7082036,182.20257759094238
3791,1745917173.9874234,267.7731513977051
3792,1745917174.2988014,300.3954887390137
3793,1745917174.5947468,285.2928638458252
3794,1745917174.7881827,183.06565284729004
3795,1745917174.9814575,182.74283409118652
3796,1745917175.1752899,183.1979751586914
3797,1745917175.3684833,182.68251419067383
3798,1745917175.568625,189.48101997375488
3799,1745917175.762263,182.62267112731934
3800,1745917175.9569392,183.59804153442383
3801,1745917176.150604,182.80768394470215
3802,1745917176.3437865,182.57379531860352
3803,1745917176.5385299,183.70366096496582
3804,1745917176.731824,182.68156051635742
3805,1745917176.9252253,182.37543106079102
3806,1745917177.1193824,182.61265754699707
3807,1745917177.3142312,183.83169174194336
3808,1745917177.508355,183.23540687561035
3809,1745917177.7032373,184.523344039917
3810,1745917177.8966062,182.85727500915527
3811,1745917178.0904047,182.4042797088623
3812,1745917178.3947327,293.2896614074707
3813,1745917178.7056572,299.3335723876953
3814,1745917178.999546,282.29761123657227
3815,1745917179.192554,182.47675895690918
3816,1745917179.3874483,183.43162536621094
3817,1745917179.5813084,182.63816833496094
3818,1745917179.7755356,183.27832221984863
3819,1745917180.0199342,233.86859893798828
3820,1745917180.2137525,182.65771865844727
3821,1745917180.4077744,182.9359531402588
3822,1745917180.6023188,184.19718742370605
3823,1745917180.7965224,183.69579315185547
3824,1745917180.9927266,184.59630012512207
3825,1745917181.2536101,250.25439262390137
3826,1745917181.448557,184.2966079711914
3827,1745917181.6421747,183.10546875
3828,1745917181.8367605,184.05771255493164
3829,1745917182.030283,182.98983573913574
3830,1745917182.2676365,226.31216049194336
3831,1745917182.4619071,183.2261085510254
3832,1745917182.655655,183.1364631652832
3833,1745917182.8495557,183.0003261566162
3834,1745917183.0443275,183.69364738464355
3835,1745917183.2935634,238.93189430236816
3836,1745917183.4934201,188.49492073059082
3837,1745917183.7004254,195.9390640258789
3838,1745917183.8949597,184.02361869812012
3839,1745917184.0900958,184.52048301696777
3840,1745917184.2843177,183.35390090942383
3841,1745917184.528354,233.5505485534668
3842,1745917184.7231123,184.251070022583
3843,1745917184.9172347,183.2585334777832
3844,1745917185.9426372,nan
3845,1745917186.180194,227.0336151123047
3846,1745917186.373633,182.89875984191895
3847,1745917186.5683527,183.7024688720703
3848,1745917186.76216,183.3510398864746
3849,1745917186.95733,184.6461296081543
3850,1745917187.1515586,183.72011184692383
3851,1745917187.3455803,183.32552909851074
3852,1745917187.6119266,255.32054901123047
3853,1745917187.8071926,184.3130588531494
3854,1745917188.0020678,183.85577201843262
3855,1745917188.1956544,183.0739974975586
3856,1745917188.3904538,183.76445770263672
3857,1745917188.5845904,182.92498588562012
3858,1745917188.7786663,183.36796760559082
3859,1745917188.974337,184.26799774169922
3860,1745917189.1687577,183.92443656921387
3861,1745917189.447114,267.6994800567627
3862,1745917189.6409636,182.45792388916016
3863,1745917189.8343093,182.83367156982422
3864,1745917190.0283806,182.98101425170898
3865,1745917190.271729,232.2239875793457
3866,1745917190.5692868,286.71765327453613
3867,1745917190.9888918,408.56432914733887
3868,1745917191.1825593,183.02059173583984
3869,1745917191.3763778,182.88087844848633
3870,1745917191.5702047,183.08568000793457
3871,1745917191.763686,182.42907524108887
3872,1745917191.9581673,182.96217918395996
3873,1745917192.1527054,183.49933624267578
3874,1745917192.419131,255.47361373901367
3875,1745917192.6124735,183.0582618713379
3876,1745917192.8063307,182.70301818847656
3877,1745917193.0021226,185.5909824371338
3878,1745917193.1963317,183.15958976745605
3879,1745917193.42969,221.94600105285645
3880,1745917193.6236722,183.40516090393066
3881,1745917193.8177645,183.69150161743164
3882,1745917194.0109742,182.5871467590332
3883,1745917194.2567706,234.7548007965088
3884,1745917194.4501956,183.26234817504883
3885,1745917194.6442828,183.57563018798828
3886,1745917194.8387291,183.92109870910645
3887,1745917195.08259,232.82885551452637
3888,1745917195.3808932,287.28556632995605
3889,1745917195.5755,183.58612060546875
3890,1745917195.7700882,183.91752243041992
3891,1745917195.9645245,183.3939552307129
3892,1745917196.1589417,183.3038330078125
3893,1745917196.3527336,182.74903297424316
3894,1745917196.5467281,183.2716464996338
3895,1745917196.740272,183.00914764404297
3896,1745917196.9366086,185.02092361450195
3897,1745917197.1304398,183.31146240234375
3898,1745917197.32407,182.59882926940918
3899,1745917197.5184364,183.08019638061523
3900,1745917197.711711,182.68299102783203
3901,1745917197.9052422,182.54375457763672
3902,1745917198.1544445,237.3948097229004
3903,1745917198.449788,284.1200828552246
3904,1745917198.6442816,182.85632133483887
3905,1745917198.839037,183.72535705566406
3906,1745917199.033149,183.29286575317383
3907,1745917199.2712665,227.09226608276367
3908,1745917199.4658184,184.04483795166016
3909,1745917199.6716363,195.55091857910156
3910,1745917199.8654313,183.2425594329834
3911,1745917200.0589957,182.36565589904785
3912,1745917200.2535908,183.8092803955078
3913,1745917200.4476607,183.63165855407715
3914,1745917200.6419427,182.3408603668213
3915,1745917200.8354473,183.02583694458008
3916,1745917201.0284503,182.7380657196045
3917,1745917201.2225268,183.03632736206055
3918,1745917201.5287683,295.44997215270996
3919,1745917201.7227166,183.4406852722168
3920,1745917201.91639,183.1517219543457
3921,1745917202.12179,194.62275505065918
3922,1745917203.1457088,nan
3923,1745917203.343505,187.22939491271973
3924,1745917203.5838015,229.4480800628662
3925,1745917203.777617,182.95955657958984
3926,1745917203.9724088,183.78090858459473
3927,1745917204.1651428,182.481050491333
3928,1745917204.359007,183.11429023742676
3929,1745917204.5985994,228.46150398254395
3930,1745917204.7921972,182.9850673675537
3931,1745917204.986681,183.44664573669434
3932,1745917205.1812398,183.89344215393066
3933,1745917205.4091089,217.3304557800293
3934,1745917205.6099722,190.6735897064209
3935,1745917205.8065176,185.49704551696777
3936,1745917206.0019877,184.54599380493164
3937,1745917206.196692,184.1437816619873
3938,1745917206.3899603,182.41167068481445
3939,1745917206.5836673,182.36994743347168
3940,1745917206.7778451,183.2723617553711
3941,1745917207.0652902,276.3986587524414
3942,1745917207.3641605,288.32077980041504
3943,1745917207.5574002,182.63721466064453
3944,1745917207.7513957,182.88397789001465
3945,1745917207.944809,182.3880672454834
3946,1745917208.1385295,182.4815273284912
3947,1745917208.332494,182.76119232177734
3948,1745917208.5923991,249.45640563964844
3949,1745917208.7863867,182.97219276428223
3950,1745917208.979806,182.8901767730713
3951,1745917209.1725478,182.2965145111084
3952,1745917209.3671596,183.29668045043945
3953,1745917209.620651,243.08204650878906
3954,1745917209.8145895,182.81292915344238
3955,1745917210.0088358,183.3512783050537
3956,1745917210.2023904,183.15768241882324
3957,1745917210.3966,183.68840217590332
3958,1745917210.6473844,240.2048110961914
3959,1745917210.9548347,296.9229221343994
3960,1745917211.264409,298.05803298950195
3961,1745917211.5615556,286.37003898620605
3962,1745917211.7557313,183.5947036743164
3963,1745917211.9497268,183.8674545288086
3964,1745917212.1438284,183.32409858703613
3965,1745917212.3872228,232.86986351013184
3966,1745917212.6593578,260.7879638671875
3967,1745917212.8615305,191.42389297485352
3968,1745917213.055116,182.54637718200684
3969,1745917213.2490456,182.79051780700684
3970,1745917213.4428113,182.6338768005371
3971,1745917213.7207716,266.92795753479004
3972,1745917213.9155667,183.66622924804688
3973,1745917214.1098106,183.20465087890625
3974,1745917214.3042011,183.08615684509277
3975,1745917214.4984486,183.70771408081055
3976,1745917214.7318447,222.4254608154297
3977,1745917214.9255228,182.64508247375488
3978,1745917215.119287,182.74164199829102
3979,1745917215.313919,183.79449844360352
3980,1745917215.5078373,183.31456184387207
3981,1745917215.7371511,218.76907348632812
3982,1745917215.9302673,182.57546424865723
3983,1745917216.123533,182.74307250976562
3984,1745917216.3179822,183.42351913452148
3985,1745917216.5119214,183.40611457824707
3986,1745917216.7053936,182.96432495117188
3987,1745917216.8989072,182.88660049438477
3988,1745917217.0929337,183.0577850341797
3989,1745917217.2878711,183.90846252441406
3990,1745917217.4995487,201.16019248962402
3991,1745917217.6935368,183.6991310119629
3992,1745917217.887496,182.82389640808105
3993,1745917218.0817204,183.38537216186523
3994,1745917218.3209484,228.5928726196289
3995,1745917218.5148375,182.78884887695312
3996,1745917218.7207994,194.16546821594238
3997,1745917218.9156718,184.56029891967773
3998,1745917219.2533593,326.78771018981934
3999,1745917219.541939,277.0650386810303
4000,1745917219.7356853,183.3939552307129
4001,1745917219.9290793,182.37972259521484
4002,1745917220.1237545,183.65931510925293
4003,1745917220.374422,240.156888961792
4004,1745917220.6683776,282.7458381652832
4005,1745917220.8616552,183.0439567565918
4006,1745917221.0552201,183.32219123840332
4007,1745917221.249547,183.37249755859375
4008,1745917221.4435306,183.06922912597656
4009,1745917221.639206,184.15164947509766
4010,1745917221.8326669,183.0146312713623
4011,1745917222.0284352,185.14537811279297
4012,1745917222.2217646,183.1204891204834
4013,1745917222.416532,184.14902687072754
4014,1745917222.609677,182.47008323669434
4015,1745917222.8292778,208.53924751281738
4016,1745917223.0237477,183.65859985351562
4017,1745917223.2179525,183.81404876708984
4018,1745917224.2416494,nan
4019,1745917225.2629838,nan
4020,1745917226.2865877,nan
4021,1745917226.481937,184.95440483093262
4022,1745917226.675045,182.44338035583496
4023,1745917226.87135,184.29040908813477
4024,1745917227.1285808,246.63186073303223
4025,1745917227.322441,183.35533142089844
4026,1745917228.3341029,nan
4027,1745917228.527674,183.09521675109863
4028,1745917228.7218528,183.13026428222656
4029,1745917228.9159698,183.44545364379883
4030,1745917229.110598,183.4275722503662
4031,1745917229.3046396,183.52770805358887
4032,1745917229.4988205,183.67743492126465
4033,1745917229.693309,183.9609146118164
4034,1745917229.886454,182.98029899597168
4035,1745917230.0804112,183.7296485900879
4036,1745917230.2732682,182.38282203674316
4037,1745917230.4684606,184.0980052947998
4038,1745917230.710466,231.40788078308105
4039,1745917230.904337,182.82723426818848
4040,1745917231.921996,nan
4041,1745917232.1157036,183.182954788208
4042,1745917232.3616824,234.9417209625244
4043,1745917232.7375832,365.04459381103516
4044,1745917232.9316905,182.77502059936523
4045,1745917233.125362,183.14242362976074
4046,1745917233.3206794,184.1757297515869
4047,1745917233.5864053,254.49776649475098
4048,1745917233.8124452,215.05498886108398
4049,1745917234.00635,183.38513374328613
4050,1745917234.2007942,183.3794116973877
4051,1745917234.3948991,182.9659938812256
4052,1745917234.7016404,295.25256156921387
4053,1745917234.8954167,182.82151222229004
4054,1745917235.0894144,182.92903900146484
4055,1745917235.2832828,182.82842636108398
4056,1745917235.5388122,244.50397491455078
4057,1745917235.819645,270.322322845459
4058,1745917236.0131016,183.00747871398926
4059,1745917236.2073216,183.55417251586914
4060,1745917236.40188,183.98261070251465
4061,1745917236.595096,182.55043029785156
4062,1745917236.7899325,183.30693244934082
4063,1745917236.983633,182.90972709655762
4064,1745917237.178554,183.8850975036621
4065,1745917237.373234,184.02981758117676
4066,1745917237.685101,300.8451461791992
4067,1745917237.8794782,182.8629970550537
4068,1745917238.074725,184.0841770172119
4069,1745917238.2685838,183.67886543273926
4070,1745917238.4803786,201.2648582458496
4071,1745917238.7115543,220.13354301452637
4072,1745917238.9068084,184.2784881591797
4073,1745917239.2089734,291.42069816589355
4074,1745917239.402585,182.39426612854004
4075,1745917239.616552,202.9592990875244
4076,1745917239.812135,184.65852737426758
4077,1745917240.0068173,183.3968162536621
4078,1745917240.2003212,183.32290649414062
4079,1745917240.4364505,224.4091033935547
4080,1745917240.6304998,183.3500862121582
4081,1745917240.8402274,198.53615760803223
4082,1745917241.033687,183.07209014892578
4083,1745917241.2278197,182.6610565185547
4084,1745917241.4216747,182.98792839050293
4085,1745917241.669525,236.80973052978516
4086,1745917241.8626626,182.62815475463867
4087,1745917242.0565841,182.80506134033203
4088,1745917242.2510884,184.00931358337402
4089,1745917242.4444885,182.3413372039795
4090,1745917242.6947658,239.1040325164795
4091,1745917242.8885002,182.85346031188965
4092,1745917243.0832615,183.23898315429688
4093,1745917243.2776105,183.31646919250488
4094,1745917243.4715853,183.43305587768555
4095,1745917243.7166545,233.95490646362305
4096,1745917243.9104605,182.8784942626953
4097,1745917244.1065078,185.00328063964844
4098,1745917244.315395,198.39715957641602
4099,1745917244.5395532,213.1328582763672
4100,1745917244.7506506,199.8000144958496
4101,1745917244.9448357,183.16340446472168
4102,1745917245.2523139,296.68712615966797
4103,1745917245.4466445,183.10952186584473
4104,1745917245.6556554,197.94607162475586
4105,1745917245.849278,183.23326110839844
4106,1745917246.0429244,183.11405181884766
4107,1745917246.238557,184.59033966064453
4108,1745917246.4320905,182.8477382659912
4109,1745917246.625467,183.06732177734375
4110,1745917246.8196387,183.6986541748047
4111,1745917247.0886862,258.54015350341797
4112,1745917247.2824116,182.84296989440918
4113,1745917247.4757228,182.6918125152588
4114,1745917247.669935,183.1972599029541
4115,1745917247.8709247,189.96572494506836
4116,1745917248.0652869,183.31336975097656
4117,1745917248.2589626,183.1517219543457
4118,1745917248.453478,183.4695339202881
4119,1745917248.7232234,259.2124938964844
4120,1745917248.9180799,183.6700439453125
4121,1745917249.112379,183.27641487121582
4122,1745917249.3066044,183.57539176940918
4123,1745917249.5622885,245.06759643554688
4124,1745917249.860335,287.35828399658203
4125,1745917250.0543258,182.68966674804688
4126,1745917250.2474382,182.3108196258545
4127,1745917251.2685642,nan
4128,1745917251.502329,222.98073768615723
4129,1745917251.6967394,183.396577835083
4130,1745917251.8903081,182.46722221374512
4131,1745917252.085301,183.7453842163086
4132,1745917252.2787085,182.82794952392578
4133,1745917252.527009,237.76936531066895
4134,1745917252.7217019,183.74180793762207
4135,1745917252.9164078,183.455228805542
4136,1745917253.1095233,182.79528617858887
4137,1745917253.3033082,182.55162239074707
4138,1745917253.5487504,234.37047004699707
4139,1745917253.7432382,183.24732780456543
4140,1745917253.9451878,191.25914573669434
4141,1745917254.1386309,182.7566623687744
4142,1745917254.3540375,203.98521423339844
4143,1745917254.6789584,313.8267993927002
4144,1745917254.9765532,287.08958625793457
4145,1745917255.1704693,183.54082107543945
4146,1745917255.3948982,213.49239349365234
4147,1745917255.5970001,191.06817245483398
4148,1745917255.791368,183.56561660766602
4149,1745917255.9851894,182.72161483764648
4150,1745917256.1805918,183.64644050598145
4151,1745917256.403442,211.7149829864502
4152,1745917256.598137,183.5792064666748
4153,1745917256.791827,182.64126777648926
4154,1745917256.9864495,183.5620403289795
4155,1745917257.180594,182.78026580810547
4156,1745917257.3736355,182.94525146484375
4157,1745917257.6327634,248.05378913879395
4158,1745917257.8263927,183.00127983093262
4159,1745917258.0212593,183.84146690368652
4160,1745917258.2164714,184.19814109802246
4161,1745917258.47141,244.50087547302246
4162,1745917258.7678065,285.37893295288086
4163,1745917258.9618742,183.52913856506348
4164,1745917259.155104,182.74760246276855
4165,1745917259.3498821,183.72201919555664
4166,1745917259.58774,227.34355926513672
4167,1745917259.7826395,183.82859230041504
4168,1745917259.9770613,183.3822727203369
4169,1745917260.1700642,181.8861961364746
4170,1745917260.3773317,195.86563110351562
4171,1745917260.5715427,183.1667423248291
4172,1745917260.7776403,195.57785987854004
4173,1745917260.971709,183.3634376525879
4174,1745917261.2174442,235.08405685424805
4175,1745917261.5336235,305.6488037109375
4176,1745917261.8447492,300.1127243041992
4177,1745917262.047447,191.5273666381836
4178,1745917262.2422497,183.74967575073242
4179,1745917262.4365463,183.5339069366455
4180,1745917262.6300335,182.85226821899414
4181,1745917262.823059,182.65008926391602
4182,1745917263.0592797,225.05450248718262
4183,1745917263.2535412,183.64357948303223
4184,1745917263.450288,185.54353713989258
4185,1745917263.6430762,182.27076530456543
4186,1745917263.8849745,230.92007637023926
4187,1745917264.0788178,182.3103427886963
4188,1745917264.2730253,183.16960334777832
4189,1745917264.4677107,183.5496425628662
4190,1745917264.7086835,229.93159294128418
4191,1745917264.902375,183.15982818603516
4192,1745917265.0975423,183.37035179138184
4193,1745917266.1095731,nan
4194,1745917266.3039548,183.77280235290527
4195,1745917266.5051475,191.01810455322266
4196,1745917266.6984115,182.74211883544922
4197,1745917266.8926454,183.5799217224121
4198,1745917267.145586,242.2478199005127
4199,1745917267.339572,183.1355094909668
4200,1745917267.533871,183.48932266235352
4201,1745917267.727376,182.98792839050293
4202,1745917267.921773,183.79783630371094
4203,1745917268.1148338,182.5411319732666
4204,1745917268.3942814,267.9305076599121
4205,1745917268.588479,181.88714981079102
4206,1745917268.7824724,183.43186378479004
4207,1745917268.9768295,182.9817295074463
4208,1745917269.1704054,183.0430030822754
4209,1745917269.4207397,239.5038604736328
4210,1745917269.6141386,182.88278579711914
4211,1745917270.6289263,nan
4212,1745917271.654101,nan
4213,1745917271.8518157,187.19744682312012
4214,1745917272.046256,183.41541290283203
4215,1745917272.2404037,183.549165725708
4216,1745917272.495674,244.7216510772705
4217,1745917272.7918415,285.67028045654297
4218,1745917272.985098,182.74688720703125
4219,1745917273.179425,182.31534957885742
4220,1745917273.3736415,183.84766578674316
4221,1745917273.6147735,229.93850708007812
4222,1745917273.8096406,183.2864284515381
4223,1745917274.0038235,183.8231086730957
4224,1745917274.1977105,182.51490592956543
4225,1745917274.4266415,217.02885627746582
4226,1745917274.620168,183.02297592163086
4227,1745917274.8151138,183.9296817779541
4228,1745917275.008922,183.37655067443848
4229,1745917275.2474844,227.8275489807129
4230,1745917275.4414692,183.1529140472412
4231,1745917276.4549363,nan
4232,1745917276.648242,182.76309967041016
4233,1745917276.8412793,182.51347541809082
4234,1745917277.0367298,183.95566940307617
4235,1745917277.2305067,183.18605422973633
4236,1745917277.424255,183.22443962097168
4237,1745917277.7180188,281.59022331237793
4238,1745917277.990307,261.76929473876953
4239,1745917278.1834676,182.04331398010254
4240,1745917278.3778431,183.0904483795166
4241,1745917278.5729494,183.9914321899414
4242,1745917278.8384726,255.01012802124023
4243,1745917279.0325832,183.54034423828125
4244,1745917279.2270327,183.78114700317383
4245,1745917279.4577506,219.6652889251709
4246,1745917279.7716448,303.31873893737793
4247,1745917279.9945128,212.31937408447266
4248,1745917280.1892319,183.61163139343262
4249,1745917280.3935053,193.7408447265625
4250,1745917281.4185958,nan
4251,1745917282.440776,nan
4252,1745917282.6356251,184.24296379089355
4253,1745917282.830118,183.43496322631836
4254,1745917283.0240364,182.46936798095703
4255,1745917283.217208,182.1448802947998
4256,1745917283.4665368,238.16680908203125
4257,1745917283.7649314,287.10007667541504
4258,1745917283.9605067,183.4118366241455
4259,1745917284.154153,183.04061889648438
4260,1745917284.348877,184.1890811920166
4261,1745917285.3668666,nan
4262,1745917286.3897448,nan
4263,1745917286.582944,182.67512321472168
4264,1745917286.7772627,183.29095840454102
4265,1745917287.0292947,241.46604537963867
4266,1745917287.223389,183.0735206604004
4267,1745917287.4180114,183.32815170288086
4268,1745917287.610994,182.5110912322998
4269,1745917287.80531,183.26997756958008
4270,1745917287.9982429,182.58309364318848
4271,1745917288.1915903,182.47485160827637
4272,1745917288.3863442,183.26354026794434
4273,1745917288.6740098,276.8206596374512
4274,1745917288.867499,183.00914764404297
4275,1745917289.0618272,183.1357479095459
4276,1745917289.2563298,183.4571361541748
4277,1745917289.4500484,182.49893188476562
4278,1745917289.6444623,183.14170837402344
4279,1745917289.8395684,184.0813159942627
4280,1745917290.033226,183.06350708007812
4281,1745917290.2267194,183.32195281982422
4282,1745917290.4211752,183.42137336730957
4283,1745917290.6153696,183.8977336883545
4284,1745917290.809273,183.08496475219727
4285,1745917291.0326595,212.36801147460938
4286,1745917291.3317091,288.0096435546875
4287,1745917291.5253887,182.97958374023438
4288,1745917291.7197032,183.43710899353027
4289,1745917292.7447193,nan
4290,1745917292.9383018,183.28309059143066
4291,1745917293.1322284,183.31599235534668
4292,1745917293.3873045,244.16327476501465
4293,1745917293.6956832,297.9321479797363
4294,1745917294.0048738,297.9588508605957
4295,1745917294.1993878,182.9979419708252
4296,1745917294.3942277,183.65955352783203
4297,1745917294.5885243,183.45928192138672
4298,1745917295.6028774,nan
4299,1745917296.6266282,nan
4300,1745917296.8288286,191.67041778564453
4301,1745917297.0222456,182.90400505065918
4302,1745917297.217453,184.14020538330078
4303,1745917297.479189,251.20997428894043
4304,1745917297.6726043,182.79194831848145
4305,1745917297.8985538,214.75458145141602
4306,1745917298.0934274,183.74061584472656
4307,1745917298.2875454,182.97410011291504
4308,1745917298.6006021,302.2878170013428
4309,1745917298.7947335,183.60018730163574
4310,1745917298.9895654,183.77971649169922
4311,1745917300.0163546,nan
4312,1745917300.2101023,183.16268920898438
4313,1745917300.4037504,183.01725387573242
4314,1745917300.6525626,238.08836936950684
4315,1745917300.8462243,183.14361572265625
4316,1745917301.0405607,183.74061584472656
4317,1745917301.2337146,182.7843189239502
4318,1745917301.4283254,183.56919288635254
4319,1745917301.6790721,240.28968811035156
4320,1745917301.9794428,288.85483741760254
4321,1745917302.1728284,182.5423240661621
4322,1745917302.3674204,183.54225158691406
4323,1745917302.561888,183.38942527770996
4324,1745917302.8065927,233.5202693939209
4325,1745917303.0005116,183.39252471923828
4326,1745917303.1951356,183.04014205932617
4327,1745917303.3892817,183.5479736328125
4328,1745917303.583964,183.86340141296387
4329,1745917303.829785,235.3055477142334
4330,1745917304.0410717,200.27685165405273
4331,1745917304.2346723,183.05325508117676
4332,1745917304.4289265,183.14743041992188
4333,1745917304.6235282,183.5649013519287
4334,1745917304.843206,208.86754989624023
4335,1745917305.037053,183.02178382873535
4336,1745917305.2310965,183.17341804504395
4337,1745917305.4243107,182.19447135925293
4338,1745917305.6719089,236.43040657043457
4339,1745917305.9795978,296.3106632232666
4340,1745917306.17261,182.481050491333
4341,1745917306.3667438,183.1820011138916
4342,1745917306.560145,182.86609649658203
4343,1745917306.753557,182.64365196228027
4344,1745917306.947478,182.96384811401367
4345,1745917307.1410582,183.00962448120117
4346,1745917307.3347275,183.1645965576172
4347,1745917307.5290651,183.26783180236816
4348,1745917307.7233124,183.3503246307373
4349,1745917308.028433,294.3687438964844
4350,1745917308.222227,182.77692794799805
4351,1745917308.4165509,183.1679344177246
4352,1745917308.61071,183.28189849853516
4353,1745917308.8054795,183.9921474456787
4354,1745917308.999413,183.36057662963867
4355,1745917309.1943607,184.0684413909912
4356,1745917309.4477873,242.63286590576172
4357,1745917309.6419446,183.09617042541504
4358,1745917310.6584122,nan
4359,1745917311.680806,nan
4360,1745917311.8987994,207.42559432983398
4361,1745917312.09242,182.90233612060547
4362,1745917312.2877505,184.05413627624512
4363,1745917312.4965875,198.22239875793457
4364,1745917312.6904194,182.72829055786133
4365,1745917312.88406,182.220458984375
4366,1745917313.0787604,182.71207809448242
4367,1745917313.2720804,182.86991119384766
4368,1745917313.5520082,268.8865661621094
4369,1745917313.7451746,182.0662021636963
4370,1745917313.9422698,185.39023399353027
4371,1745917314.1356723,182.8746795654297
4372,1745917314.3297985,183.00461769104004
4373,1745917314.5682786,227.44369506835938
4374,1745917314.7615027,182.69681930541992
4375,1745917315.7794352,nan
4376,1745917316.0895548,299.5336055755615
4377,1745917316.2839043,183.37488174438477
4378,1745917316.4775412,183.10952186584473
4379,1745917316.6708636,182.82699584960938
4380,1745917316.8650243,183.2296848297119
4381,1745917317.0591986,183.37011337280273
4382,1745917317.253898,183.70389938354492
4383,1745917317.5506456,286.057710647583
4384,1745917317.8603313,298.95853996276855
4385,1745917318.1015482,230.1950454711914
4386,1745917318.295389,182.7995777130127
4387,1745917318.4890623,183.1345558166504
4388,1745917318.6820705,182.18111991882324
4389,1745917318.9769948,283.7259769439697
4390,1745917319.170898,183.39180946350098
4391,1745917320.1924293,nan
4392,1745917320.386348,183.16292762756348
4393,1745917320.6281705,230.5612564086914
4394,1745917320.9015772,262.1011734008789
4395,1745917321.0945473,182.86681175231934
4396,1745917321.2897332,183.7010383605957
4397,1745917321.4834938,183.23254585266113
4398,1745917321.7501206,255.98430633544922
4399,1745917322.0588858,297.75547981262207
4400,1745917322.2528267,183.0911636352539
4401,1745917322.447366,183.76731872558594
4402,1745917322.641044,182.91950225830078
4403,1745917322.833871,182.38329887390137
4404,1745917323.1748614,329.96535301208496
4405,1745917323.3687944,183.41708183288574
4406,1745917324.387763,nan
4407,1745917324.6093247,211.02523803710938
4408,1745917324.8030639,183.22181701660156
4409,1745917324.9984434,183.49313735961914
4410,1745917325.1923153,183.75229835510254
4411,1745917325.422854,219.79713439941406
4412,1745917325.6170115,182.9671859741211
4413,1745917325.8106506,182.93404579162598
4414,1745917326.0044367,182.7831268310547
4415,1745917326.197737,182.7840805053711
4416,1745917326.3916764,183.0434799194336
4417,1745917326.6594348,257.13133811950684
4418,1745917326.854803,184.32140350341797
4419,1745917327.0486326,182.3117733001709
4420,1745917327.242443,182.71708488464355
4421,1745917327.4363704,183.00700187683105
4422,1745917327.6303196,182.6791763305664
4423,1745917327.8245237,183.18414688110352
4424,1745917328.0856452,250.3821849822998
4425,1745917328.2795393,183.41374397277832
4426,1745917328.4736319,183.48193168640137
4427,1745917328.667967,183.20226669311523
4428,1745917328.9229076,243.90840530395508
4429,1745917329.1188443,185.41932106018066
4430,1745917329.313269,183.2747459411621
4431,1745917329.5078816,183.58182907104492
4432,1745917330.5218947,nan
4433,1745917330.768693,236.24467849731445
4434,1745917331.0649981,285.1278781890869
4435,1745917331.2604296,184.12089347839355
4436,1745917331.4554272,183.79616737365723
4437,1745917332.4780686,nan
4438,1745917332.7016015,212.74995803833008
4439,1745917332.8953383,183.213472366333
4440,1745917333.0896924,183.1367015838623
4441,1745917333.2837105,183.41684341430664
4442,1745917333.477938,183.6416721343994
4443,1745917333.722859,233.86645317077637
4444,1745917333.9169593,183.91728401184082
4445,1745917334.109892,182.4207305908203
4446,1745917334.3034837,182.3432445526123
4447,1745917334.4977634,183.1378936767578
4448,1745917334.74901,240.13876914978027
4449,1745917334.9437993,183.7918758392334
4450,1745917335.13775,183.43091011047363
4451,1745917335.331688,183.37321281433105
4452,1745917335.5727518,230.47327995300293
4453,1745917335.8878436,304.03971672058105
4454,1745917336.1729422,274.55902099609375
4455,1745917336.366822,182.7988624572754
4456,1745917336.5604322,182.4333667755127
4457,1745917336.755425,183.68053436279297
4458,1745917336.9486163,182.66558647155762
4459,1745917337.144583,183.97974967956543
4460,1745917337.3389482,183.83193016052246
4461,1745917337.6129441,263.39101791381836
4462,1745917337.8074358,183.9437484741211
4463,1745917338.0006607,183.00271034240723
4464,1745917338.1949854,183.19964408874512
4465,1745917338.3895402,183.5310459136963
4466,1745917338.6407187,240.40818214416504
4467,1745917338.835737,184.01408195495605
4468,1745917339.0294585,183.26902389526367
4469,1745917339.223238,182.6615333557129
4470,1745917339.4628081,228.32560539245605
4471,1745917339.6574762,183.92157554626465
4472,1745917339.8518517,183.61258506774902
4473,1745917340.046506,184.1428279876709
4474,1745917340.2406533,183.49599838256836
4475,1745917340.4351118,183.3200454711914
4476,1745917340.6926048,246.97184562683105
4477,1745917340.9504945,247.0724582672119
4478,1745917341.143902,183.09354782104492
4479,1745917341.3377,183.27713012695312
4480,1745917341.5400562,191.7276382446289
4481,1745917341.8154504,264.3282413482666
4482,1745917342.0095563,183.47954750061035
4483,1745917342.2027524,182.86848068237305
4484,1745917342.3972566,183.4249496459961
4485,1745917342.591205,182.92808532714844
4486,1745917342.8393672,237.2148036956787
4487,1745917343.0336268,183.17151069641113
4488,1745917343.227462,183.32314491271973
4489,1745917344.2456396,nan
4490,1745917344.438722,182.41572380065918
4491,1745917344.674062,223.89984130859375
4492,1745917344.8684564,183.6693286895752
4493,1745917345.0636399,184.52119827270508
4494,1745917345.2577274,183.47954750061035
4495,1745917345.5063422,237.55908012390137
4496,1745917345.8197033,302.66475677490234
4497,1745917346.0153399,184.73434448242188
4498,1745917346.209364,183.29453468322754
4499,1745917346.4034398,183.46285820007324
4500,1745917346.5973175,182.8615665435791
4501,1745917346.7923932,183.87937545776367
4502,1745917346.9851959,182.63912200927734
4503,1745917347.234354,237.31231689453125
4504,1745917347.4295127,184.01384353637695
4505,1745917347.6252105,185.61577796936035
4506,1745917347.8197522,183.6104393005371
4507,1745917348.0137444,183.19392204284668
4508,1745917348.2343836,209.9740505218506
4509,1745917348.4274762,182.57784843444824
4510,1745917348.6224554,183.67624282836914
4511,1745917348.815593,183.02059173583984
4512,1745917349.0089052,182.79504776000977
4513,1745917349.2023683,182.97219276428223
4514,1745917349.5050838,291.64767265319824
4515,1745917349.7001617,184.04579162597656
4516,1745917349.8948264,184.1881275177002
4517,1745917350.0888348,183.71248245239258
4518,1745917350.2825136,183.16078186035156
4519,1745917350.4763749,182.82294273376465
4520,1745917350.7305954,243.5133457183838
4521,1745917351.0397427,298.39587211608887
4522,1745917351.348569,298.3131408691406
4523,1745917351.6436827,283.7328910827637
4524,1745917351.8381078,183.3817958831787
4525,1745917352.0326128,184.07607078552246
4526,1745917352.2256155,182.2962760925293
4527,1745917352.419886,183.2258701324463
4528,1745917352.6148033,184.23748016357422
4529,1745917352.8732393,247.0695972442627
4530,1745917353.067498,182.88493156433105
4531,1745917353.261762,183.23397636413574
4532,1745917353.458528,184.39364433288574
4533,1745917353.6966293,227.96273231506348
4534,1745917354.0042655,297.1470355987549
4535,1745917354.2583084,243.0136203765869
4536,1745917354.4520764,182.7402114868164
4537,1745917354.6452115,182.60622024536133
4538,1745917354.8395085,182.92737007141113
4539,1745917355.1233354,272.89748191833496
4540,1745917355.3166673,182.6920509338379
4541,1745917355.5104592,182.52086639404297
4542,1745917355.7042518,182.6326847076416
4543,1745917355.8978674,183.09760093688965
4544,1745917356.137365,228.96790504455566
4545,1745917356.3330948,184.71360206604004
4546,1745917356.5342047,190.37628173828125
4547,1745917356.7285836,183.06899070739746
4548,1745917356.9226089,182.95788764953613
4549,1745917357.11626,183.00890922546387
4550,1745917357.3107984,183.24017524719238
4551,1745917357.5039186,182.4331283569336
4552,1745917357.6981115,182.97433853149414
4553,1745917357.8914928,182.7695369720459
4554,1745917358.0876963,185.45174598693848
4555,1745917358.2818158,183.26377868652344
4556,1745917358.4766958,184.3557357788086
4557,1745917358.670266,183.43591690063477
4558,1745917358.8636942,182.51490592956543
4559,1745917359.057742,183.0296516418457
4560,1745917359.3334708,264.9674415588379
4561,1745917359.6414,297.41883277893066
4562,1745917359.9310138,279.0677547454834
4563,1745917360.1247437,183.25543403625488
4564,1745917360.318882,183.01749229431152
4565,1745917360.5127518,183.3510398864746
4566,1745917360.7564766,233.02030563354492
4567,1745917360.94991,182.7096939086914
4568,1745917361.1437154,182.8482151031494
4569,1745917361.3373895,183.0446720123291
4570,1745917361.5792494,230.32259941101074
4571,1745917361.7728455,183.52150917053223
4572,1745917361.9673736,184.32116508483887
4573,1745917362.990432,nan
4574,1745917363.1852658,184.3094825744629
4575,1745917363.3790388,182.75141716003418
4576,1745917363.633852,244.18973922729492
4577,1745917363.8269742,182.62290954589844
4578,1745917364.021052,182.79790878295898
4579,1745917364.2155733,183.29691886901855
4580,1745917364.4087985,182.88683891296387
4581,1745917364.6026747,182.83534049987793
4582,1745917364.8620267,248.75974655151367
4583,1745917365.0550077,182.45196342468262
4584,1745917365.2497652,183.23731422424316
4585,1745917365.4435349,182.62386322021484
4586,1745917365.638153,183.4399700164795
4587,1745917365.8856816,236.70196533203125
4588,1745917366.0799506,183.3500862121582
4589,1745917366.2737303,183.26306343078613
4590,1745917366.4685082,182.21235275268555
4591,1745917366.6627913,183.93445014953613
4592,1745917366.8566804,183.35676193237305
4593,1745917367.0495603,182.27028846740723
4594,1745917367.242891,182.31844902038574
4595,1745917367.4374187,183.50911140441895
4596,1745917367.7335267,285.0964069366455
4597,1745917367.9262488,182.1911334991455
4598,1745917368.1205633,183.24017524719238
4599,1745917368.314656,182.70492553710938
4600,1745917368.5078006,182.61957168579102
4601,1745917368.7022429,183.30883979797363
4602,1745917368.9422483,228.84774208068848
4603,1745917369.1349673,181.87546730041504
4604,1745917369.329194,182.59620666503906
4605,1745917369.5236018,182.9361915588379
4606,1745917369.7174773,183.36868286132812
4607,1745917369.9666862,238.69895935058594
4608,1745917370.16127,183.23659896850586
4609,1745917370.3547292,182.56831169128418
4610,1745917370.5493574,183.05349349975586
4611,1745917370.793048,233.17909240722656
4612,1745917370.9867818,182.71279335021973
4613,1745917372.0076258,nan
4614,1745917372.2101674,191.65563583374023
4615,1745917372.404518,183.4399700164795
4616,1745917372.598934,183.90989303588867
4617,1745917372.852195,242.23017692565918
4618,1745917373.045611,182.85584449768066
4619,1745917373.2397544,183.30812454223633
4620,1745917373.4334671,182.66654014587402
4621,1745917373.6272066,182.58047103881836
4622,1745917373.8783774,240.1294708251953
4623,1745917374.1706305,281.23974800109863
4624,1745917374.3640814,182.9512119293213
4625,1745917374.5578794,182.78264999389648
4626,1745917374.7518475,183.43663215637207
4627,1745917374.9921124,229.23660278320312
4628,1745917375.1862152,182.7719211578369
4629,1745917376.1988583,nan
4630,1745917376.394679,184.74197387695312
4631,1745917376.5886776,183.47644805908203
4632,1745917376.7826552,183.66003036499023
4633,1745917376.9765918,183.2582950592041
4634,1745917377.1712542,184.42225456237793
4635,1745917377.4537098,271.88849449157715
4636,1745917377.647649,182.88779258728027
4637,1745917377.8422887,183.59065055847168
4638,1745917378.8642862,nan
4639,1745917379.8853521,nan
4640,1745917380.0873947,191.67780876159668
4641,1745917380.3214355,223.33526611328125
4642,1745917380.5154448,183.0596923828125
4643,1745917380.709429,182.91854858398438
4644,1745917380.9051204,183.49671363830566
4645,1745917381.0985243,182.85822868347168
4646,1745917381.293702,184.03077125549316
4647,1745917381.54887,244.82011795043945
4648,1745917381.7433758,184.13972854614258
4649,1745917381.9373214,183.75349044799805
4650,1745917382.9566553,nan
4651,1745917383.9765108,nan
4652,1745917384.2104049,223.33741188049316
4653,1745917384.4117837,190.2639865875244
4654,1745917384.6063237,183.7446689605713
4655,1745917384.821891,204.49590682983398
4656,1745917385.0152683,182.8305721282959
4657,1745917385.2096364,183.49885940551758
4658,1745917385.4037514,182.94787406921387
4659,1745917385.6437223,228.93667221069336
4660,1745917385.8388195,183.9447021484375
4661,1745917386.0335732,184.40723419189453
4662,1745917386.230077,185.48107147216797
4663,1745917386.4239597,182.98053741455078
4664,1745917386.6176333,183.3353042602539
4665,1745917386.812545,183.8979721069336
4666,1745917387.005508,182.69586563110352
4667,1745917387.1992362,183.0000877380371
4668,1745917387.3940277,183.74323844909668
4669,1745917387.7018614,297.24860191345215
4670,1745917387.9995656,287.11819648742676
4671,1745917388.1941543,183.79950523376465
4672,1745917388.4068122,202.10003852844238
4673,1745917388.6007557,182.89709091186523
4674,1745917388.7955022,183.55512619018555
4675,1745917389.0064828,200.10852813720703
4676,1745917389.1999698,182.5540065765381
4677,1745917389.3942199,183.2127571105957
4678,1745917389.5888767,183.17556381225586
4679,1745917389.8519151,252.48217582702637
4680,1745917390.1392705,276.6869068145752
4681,1745917390.332909,182.94310569763184
4682,1745917390.527917,184.02600288391113
4683,1745917390.7209182,182.4650764465332
4684,1745917390.9729002,240.6022548675537
4685,1745917391.2838218,300.37760734558105
4686,1745917391.573327,278.5165309906006
4687,1745917391.767358,182.91473388671875
4688,1745917391.9621391,183.7291717529297
4689,1745917392.1566086,183.6106777191162
4690,1745917392.4020607,234.0538501739502
4691,1745917392.5964458,183.33029747009277
4692,1745917392.7905297,183.3662986755371
4693,1745917392.9842944,182.80792236328125
4694,1745917393.1777213,182.2962760925293
4695,1745917393.3722394,183.1521987915039
4696,1745917393.6319711,249.21488761901855
4697,1745917393.8260026,182.98745155334473
4698,1745917394.8425825,nan
4699,1745917395.8642836,nan
4700,1745917396.0663357,191.48564338684082
4701,1745917396.2974534,220.33381462097168
4702,1745917396.490926,182.8625202178955
4703,1745917396.685234,183.78758430480957
4704,1745917396.8797355,183.18510055541992
4705,1745917397.0740998,183.34317207336426
4706,1745917397.267953,183.3169460296631
4707,1745917397.4626188,183.4101676940918
4708,1745917397.6907675,217.38195419311523
4709,1745917397.8863795,184.54885482788086
4710,1745917398.0810747,183.5610866546631
4711,1745917398.2744784,182.77931213378906
4712,1745917398.4699237,183.69626998901367
4713,1745917398.662817,182.3577880859375
4714,1745917398.8580546,184.20100212097168
4715,1745917399.050775,182.48295783996582
4716,1745917399.2446837,183.1674575805664
4717,1745917399.4385037,182.8012466430664
4718,1745917399.6700807,220.7796573638916
4719,1745917399.865154,184.0522289276123
4720,1745917400.0584862,182.72805213928223
4721,1745917400.2529588,183.4557056427002
4722,1745917400.4565232,192.95668601989746
4723,1745917400.6550233,187.61420249938965
4724,1745917400.8501089,183.56847763061523
4725,1745917401.044471,183.9759349822998
4726,1745917401.2383163,182.80363082885742
4727,1745917401.432286,182.9226016998291
4728,1745917401.6519377,208.73475074768066
4729,1745917401.8465261,183.48336219787598
4730,1745917402.0403671,183.06851387023926
4731,1745917402.2344267,183.16936492919922
4732,1745917402.4283228,183.2447052001953
4733,1745917402.6226513,183.29358100891113
4734,1745917402.8166876,182.91473388671875
4735,1745917403.0596783,231.88471794128418
4736,1745917403.354316,284.1055393218994
4737,1745917403.548486,183.14409255981445
4738,1745917403.7412875,182.49249458312988
4739,1745917403.9348488,182.50179290771484
4740,1745917404.177942,231.72450065612793
4741,1745917404.3716862,182.95931816101074
4742,1745917404.5772514,194.4432258605957
4743,1745917404.772378,183.9010715484619
4744,1745917405.0037692,220.353364944458
4745,1745917405.1974032,183.09807777404785
4746,1745917405.3908782,182.4030876159668
4747,1745917405.5848176,182.91950225830078
4748,1745917405.779467,183.89415740966797
4749,1745917405.9737651,183.7308406829834
4750,1745917406.1676505,182.72018432617188
4751,1745917406.3617973,183.42018127441406
4752,1745917406.556579,183.84909629821777
4753,1745917406.7520425,185.22286415100098
4754,1745917406.9454615,182.88922309875488
4755,1745917407.1747246,218.02639961242676
4756,1745917407.3696074,183.84933471679688
4757,1745917407.5628965,182.79790878295898
4758,1745917407.7576723,184.04126167297363
4759,1745917407.9513254,182.65724182128906
4760,1745917408.1464748,183.6071014404297
4761,1745917408.44849,291.4752960205078
4762,1745917408.6427572,183.23254585266113
4763,1745917408.837499,183.6872100830078
4764,1745917409.0310779,183.1505298614502
4765,1745917409.2249157,182.70230293273926
4766,1745917409.4199605,183.22086334228516
4767,1745917409.7077103,276.7188549041748
4768,1745917409.903684,184.4635009765625
4769,1745917410.0985277,184.2794418334961
4770,1745917410.2914126,182.63840675354004
4771,1745917410.485391,182.76333808898926
4772,1745917410.6797972,183.88962745666504
4773,1745917410.87315,182.8293800354004
4774,1745917411.1509738,266.8280601501465
4775,1745917411.4485238,286.4704132080078
4776,1745917411.6426644,183.08711051940918
4777,1745917411.8365273,182.80553817749023
4778,1745917412.0303702,183.20870399475098
4779,1745917412.223701,182.30962753295898
4780,1745917412.4189205,182.94501304626465
4781,1745917412.6129296,183.78639221191406
4782,1745917412.8062894,182.84344673156738
4783,1745917413.0000432,182.90448188781738
4784,1745917413.1945357,183.1340789794922
4785,1745917413.38825,183.19320678710938
4786,1745917413.5824525,183.24804306030273
4787,1745917413.7762113,182.6491355895996
4788,1745917413.9723468,185.07862091064453
4789,1745917414.1663291,183.69126319885254
4790,1745917414.4143472,237.49780654907227
4791,1745917414.6089878,183.3512783050537
4792,1745917414.8034546,183.43615531921387
4793,1745917414.9965084,182.5120449066162
4794,1745917415.1908941,182.94262886047363
4795,1745917415.3842227,182.14654922485352
4796,1745917415.578431,182.9676628112793
4797,1745917415.8313434,242.39206314086914
4798,1745917416.0248644,182.15227127075195
4799,1745917416.2199094,183.52079391479492
4800,1745917416.4138978,183.3364963531494
4801,1745917416.6081083,183.24613571166992
4802,1745917416.8017285,183.11333656311035
4803,1745917417.0455747,233.35552215576172
4804,1745917417.2387354,182.24287033081055
4805,1745917417.4335816,183.29787254333496
4806,1745917417.6278353,183.20012092590332
4807,1745917417.8946462,256.05034828186035
4808,1745917418.0886571,182.82508850097656
4809,1745917419.1049964,nan
4810,1745917420.1269643,nan
4811,1745917420.3305027,192.99006462097168
4812,1745917420.5246928,183.51054191589355
4813,1745917420.7182744,183.0575466156006
4814,1745917420.9113858,182.77359008789062
4815,1745917421.1052768,182.84344673156738
4816,1745917421.2995331,183.22181701660156
4817,1745917421.59115,280.8358669281006
4818,1745917421.901515,299.53861236572266
4819,1745917422.1889372,276.63159370422363
4820,1745917422.382784,183.13360214233398
4821,1745917422.584871,190.52624702453613
4822,1745917422.7796266,183.2408905029297
4823,1745917422.9734597,183.23278427124023
4824,1745917423.2199886,236.0672950744629
4825,1745917423.4126523,182.18278884887695
4826,1745917423.607445,183.74395370483398
4827,1745917423.8008623,182.4784278869629
4828,1745917423.9947078,182.66987800598145
4829,1745917424.2493672,244.5056438446045
4830,1745917424.4446135,184.7240924835205
4831,1745917424.648161,193.04990768432617
4832,1745917424.8445866,185.41216850280762
4833,1745917425.0866058,231.4319610595703
4834,1745917425.2809205,183.17127227783203
4835,1745917425.4750214,183.08782577514648
4836,1745917425.668408,182.69109725952148
4837,1745917425.8616636,182.31844902038574
4838,1745917426.0564647,183.1514835357666
4839,1745917426.250486,183.49480628967285
4840,1745917426.443765,182.51919746398926
4841,1745917426.6392744,184.20720100402832
4842,1745917426.8338196,183.26544761657715
4843,1745917427.1136076,269.2530155181885
4844,1745917427.3076508,183.243989944458
4845,1745917427.500864,182.67226219177246
4846,1745917427.7005703,188.19427490234375
4847,1745917427.9406636,229.04324531555176
4848,1745917428.2496476,298.3283996582031
4849,1745917428.5375872,277.04358100891113
4850,1745917428.7316754,182.8441619873047
4851,1745917428.9256966,182.91091918945312
4852,1745917429.1203249,184.32116508483887
4853,1745917429.31377,182.94119834899902
4854,1745917429.5637107,238.79170417785645
4855,1745917429.757569,183.4273338317871
4856,1745917429.9671562,198.92573356628418
4857,1745917430.9830124,nan
4858,1745917431.1785362,185.09531021118164
4859,1745917431.37253,183.46548080444336
4860,1745917431.5663927,182.8782558441162
4861,1745917431.7606652,183.0160617828369
4862,1745917431.9547997,183.21609497070312
4863,1745917432.1486042,182.5540065765381
4864,1745917432.3426697,183.2590103149414
4865,1745917432.5377035,183.61425399780273
4866,1745917432.7333431,185.10127067565918
4867,1745917432.9440353,200.27542114257812
4868,1745917433.1375594,182.82485008239746
4869,1745917433.330938,182.4510097503662
4870,1745917433.525288,183.27021598815918
4871,1745917433.7696936,233.37173461914062
4872,1745917433.963922,183.63165855407715
4873,1745917434.1582477,183.29143524169922
4874,1745917434.3514957,182.58213996887207
4875,1745917434.5777018,215.56782722473145
4876,1745917434.7704384,182.31916427612305
4877,1745917434.9650857,183.45093727111816
4878,1745917435.1586444,182.94644355773926
4879,1745917435.420697,251.0066032409668
4880,1745917435.6143558,182.04331398010254
4881,1745917435.8087337,183.33911895751953
4882,1745917436.0050123,185.23812294006348
4883,1745917436.1997025,183.6414337158203
4884,1745917436.394588,184.38410758972168
4885,1745917436.5879605,183.26807022094727
4886,1745917436.7815583,182.67393112182617
4887,1745917436.975633,182.73377418518066
4888,1745917437.1695762,182.90328979492188
4889,1745917437.363174,182.56688117980957
4890,1745917437.5755033,201.28488540649414
4891,1745917437.8704772,284.45911407470703
4892,1745917438.0637276,182.7387809753418
4893,1745917438.258613,183.58683586120605
4894,1745917438.4532888,184.1263771057129
4895,1745917438.6469307,182.6033592224121
4896,1745917438.8407836,183.21657180786133
4897,1745917439.1030343,251.5859603881836
4898,1745917439.4123647,298.78783226013184
4899,1745917439.7101595,287.2884273529053
4900,1745917439.903947,183.24899673461914
4901,1745917440.0975237,182.5878620147705
4902,1745917440.2927382,184.03100967407227
4903,1745917440.4866369,183.32815170288086
4904,1745917440.680479,182.6927661895752
4905,1745917440.874431,182.90162086486816
4906,1745917441.1152115,230.25107383728027
4907,1745917441.3091362,182.59167671203613
4908,1745917441.5099814,189.80073928833008
4909,1745917441.7034907,182.9988956451416
4910,1745917441.9628365,248.83008003234863
4911,1745917442.156854,183.57157707214355
4912,1745917442.350607,183.2447052001953
4913,1745917442.5446415,183.1531524658203
4914,1745917442.738335,183.11357498168945
4915,1745917442.9315193,182.65271186828613
4916,1745917443.201422,258.6081027984619
4917,1745917443.4875205,275.48694610595703
4918,1745917443.681331,182.9204559326172
4919,1745917443.875446,183.5782527923584
4920,1745917444.0701492,184.0667724609375
4921,1745917444.3138819,232.7742576599121
4922,1745917444.5070112,182.44075775146484
4923,1745917444.7004187,182.3725700378418
4924,1745917444.8945804,183.10976028442383
4925,1745917445.1245887,218.84560585021973
4926,1745917445.321576,186.22064590454102
4927,1745917445.515692,183.5026741027832
4928,1745917445.710462,183.72750282287598
4929,1745917445.9493632,228.3804416656494
4930,1745917446.145046,185.31179428100586
4931,1745917446.3393354,182.76047706604004
4932,1745917446.5334272,182.6186180114746
4933,1745917446.7278953,183.28619003295898
4934,1745917446.922034,183.59041213989258
4935,1745917447.193857,261.00945472717285
4936,1745917447.3887506,183.55965614318848
4937,1745917447.582973,183.70294570922852
4938,1745917447.7775614,184.06009674072266
4939,1745917447.9707196,182.54995346069336
4940,1745917448.2198255,237.65254020690918
4941,1745917448.4132285,182.36541748046875
4942,1745917448.6068408,182.52849578857422
4943,1745917448.801546,183.17198753356934
4944,1745917448.9952896,182.58142471313477
4945,1745917449.189826,183.48002433776855
4946,1745917449.384432,183.75110626220703
4947,1745917449.6339085,238.8925552368164
4948,1745917449.8281906,183.1061840057373
4949,1745917450.0356143,196.60234451293945
4950,1745917450.233215,186.57755851745605
4951,1745917450.4265716,182.4209690093994
4952,1745917450.6229403,185.028076171875
4953,1745917450.817954,183.77113342285156
4954,1745917451.0117826,183.33792686462402
4955,1745917451.20533,182.70349502563477
4956,1745917451.3987036,182.54804611206055
4957,1745917451.5933902,183.40420722961426
4958,1745917451.7874813,183.63690376281738
4959,1745917451.9818442,183.6535930633545
4960,1745917452.1745849,182.10840225219727
4961,1745917452.368665,183.45236778259277
4962,1745917452.5695014,189.48626518249512
4963,1745917452.763594,183.0604076385498
4964,1745917452.957076,182.9845905303955
4965,1745917453.1513286,182.89852142333984
4966,1745917453.3442454,182.4169158935547
4967,1745917453.5394256,183.7904453277588
4968,1745917453.7327132,182.86418914794922
4969,1745917453.9273503,184.07917022705078
4970,1745917454.12161,183.76755714416504
4971,1745917454.3148026,182.57498741149902
4972,1745917454.5088944,182.56258964538574
4973,1745917454.7024648,182.084321975708
4974,1745917454.8965476,183.04944038391113
4975,1745917455.0897725,182.69109725952148
4976,1745917455.2836726,182.94906616210938
4977,1745917455.4793515,185.02020835876465
4978,1745917455.6724005,182.5244426727295
4979,1745917455.8673768,183.9308738708496
4980,1745917456.0610223,182.62004852294922
4981,1745917456.2573245,185.2700710296631
4982,1745917456.451478,183.13121795654297
4983,1745917456.6466515,184.34596061706543
4984,1745917456.8405225,183.27021598815918
4985,1745917457.0340652,182.5234889984131
4986,1745917457.22727,182.46150016784668
4987,1745917457.4212642,182.49845504760742
4988,1745917457.731057,297.7907657623291
4989,1745917457.9241905,182.82508850097656
4990,1745917458.1185925,183.85004997253418
4991,1745917458.311797,182.6927661895752
4992,1745917458.5067754,183.41684341430664
4993,1745917458.701621,183.1657886505127
4994,1745917458.8952823,182.44433403015137
4995,1745917459.0904973,183.39252471923828
4996,1745917459.285416,183.67457389831543
4997,1745917459.4793184,183.14576148986816
4998,1745917460.493231,nan
4999,1745917460.6964114,192.54684448242188
5000,1745917460.8904219,183.22229385375977
5001,1745917461.1136239,212.42499351501465
5002,1745917461.3080924,183.55464935302734
5003,1745917461.5021584,183.60447883605957
5004,1745917462.5266852,nan
5005,1745917462.7204618,183.08496475219727
5006,1745917462.9158874,184.3888759613037
5007,1745917463.167506,240.8468723297119
5008,1745917463.3616972,183.457612991333
5009,1745917463.5556893,183.20941925048828
5010,1745917463.7497087,183.11762809753418
5011,1745917463.9437358,183.26926231384277
5012,1745917464.1911728,236.42420768737793
5013,1745917464.502351,300.1573085784912
5014,1745917464.6965365,183.5196018218994
5015,1745917464.8909702,183.73823165893555
5016,1745917465.0856345,184.29875373840332
5017,1745917465.2791703,183.15386772155762
5018,1745917465.4777255,188.16375732421875
5019,1745917465.6727116,183.81690979003906
5020,1745917465.9252996,241.9900894165039
5021,1745917466.1205747,183.9134693145752
5022,1745917466.3154736,184.10181999206543
5023,1745917466.5087845,182.96360969543457
5024,1745917466.7029874,183.67910385131836
5025,1745917466.8965464,183.04967880249023
5026,1745917467.090723,183.6400032043457
5027,1745917467.2855904,184.16905403137207
5028,1745917467.486783,190.67835807800293
5029,1745917467.7738416,276.17883682250977
5030,1745917467.9684327,183.25090408325195
5031,1745917468.1705976,189.71729278564453
5032,1745917468.3635404,182.71374702453613
5033,1745917469.3909235,nan
5034,1745917469.586554,185.12701988220215
5035,1745917469.780275,183.0291748046875
5036,1745917469.975653,184.3578815460205
5037,1745917470.1692526,182.85274505615234
5038,1745917470.4212255,240.9067153930664
5039,1745917470.6151743,183.43591690063477
5040,1745917470.8090003,183.1378936767578
5041,1745917471.0026665,183.09593200683594
5042,1745917471.2462974,232.85961151123047
5043,1745917471.4415438,184.12423133850098
5044,1745917471.6357038,183.61568450927734
5045,1745917471.8299384,182.98768997192383
5046,1745917472.0703,229.20727729797363
5047,1745917472.2640433,182.61075019836426
5048,1745917472.4592032,184.1292381286621
5049,1745917473.4719315,nan
5050,1745917474.4978883,nan
5051,1745917474.699407,190.79327583312988
5052,1745917474.8937764,183.64453315734863
5053,1745917475.0874846,183.56919288635254
5054,1745917475.2816386,183.49003791809082
5055,1745917475.4752827,182.97195434570312
5056,1745917475.6697316,183.11023712158203
5057,1745917475.8639808,183.7460994720459
5058,1745917476.057211,182.54423141479492
5059,1745917476.2516944,183.14814567565918
5060,1745917476.4452236,182.86752700805664
5061,1745917476.6398883,183.62116813659668
5062,1745917476.8341417,183.55393409729004
5063,1745917477.0273898,182.97171592712402
5064,1745917477.2210557,182.56354331970215
5065,1745917477.4152973,182.94620513916016
5066,1745917477.6090908,182.75809288024902
5067,1745917477.9009907,280.72547912597656
5068,1745917478.0955546,183.4888458251953
5069,1745917478.289584,182.7864646911621
5070,1745917478.4843285,183.72178077697754
5071,1745917478.6777377,183.05492401123047
5072,1745917478.872186,183.91156196594238
5073,1745917479.0663874,183.1820011138916
5074,1745917479.3287427,251.30820274353027
5075,1745917479.5229468,183.16340446472168
5076,1745917480.5365512,nan
5077,1745917480.748864,201.7068862915039
5078,1745917480.9424515,183.0728054046631
5079,1745917481.1367447,183.35533142089844
5080,1745917481.3306854,182.9087734222412
5081,1745917481.5245054,183.26830863952637
5082,1745917481.807591,272.43542671203613
5083,1745917482.1026146,284.5001220703125
5084,1745917482.2980602,184.30304527282715
5085,1745917482.4995003,189.92233276367188
5086,1745917483.523881,nan
5087,1745917483.743197,208.77838134765625
5088,1745917483.9400883,186.66601181030273
5089,1745917484.260294,309.6435070037842
5090,1745917484.5521233,281.299352645874
5091,1745917484.7574387,194.17881965637207
5092,1745917484.9518294,183.74896049499512
5093,1745917485.145487,182.7094554901123
5094,1745917485.3387864,182.53707885742188
5095,1745917485.5326455,182.74521827697754
5096,1745917485.7268777,182.96170234680176
5097,1745917486.0037625,266.3707733154297
5098,1745917486.299396,285.10046005249023
5099,1745917486.492481,182.5563907623291
5100,1745917486.686723,183.1951141357422
5101,1745917486.8800888,182.85512924194336
5102,1745917487.1274948,236.60039901733398
5103,1745917487.3213577,182.82532691955566
5104,1745917487.514913,182.71589279174805
5105,1745917487.7104337,184.00263786315918
5106,1745917487.9032176,182.29222297668457
5107,1745917488.0979576,183.55631828308105
5108,1745917488.291397,182.42478370666504
5109,1745917488.547638,244.9352741241455
5110,1745917488.7415915,183.11715126037598
5111,1745917488.9364562,183.549165725708
5112,1745917489.1306117,183.60090255737305
5113,1745917489.3243184,182.68203735351562
5114,1745917489.5198693,184.24415588378906
5115,1745917489.7795074,249.1147518157959
5116,1745917489.9732645,183.14552307128906
5117,1745917490.9900236,nan
5118,1745917491.224706,223.87361526489258
5119,1745917491.5343163,298.8879680633545
5120,1745917491.8421881,296.8273162841797
5121,1745917492.0354657,182.56855010986328
5122,1745917492.2301157,183.4414005279541
5123,1745917492.4254022,183.8822364807129
5124,1745917492.61882,182.9087734222412
5125,1745917492.813243,183.3810806274414
5126,1745917493.0078065,184.04555320739746
5127,1745917493.2026656,183.84265899658203
5128,1745917493.3955705,182.7869415283203
5129,1745917493.673468,267.05026626586914
5130,1745917493.8684497,184.25941467285156
5131,1745917494.064511,185.03284454345703
5132,1745917494.257743,182.73186683654785
5133,1745917494.4519215,182.91091918945312
5134,1745917494.68958,226.9134521484375
5135,1745917494.883428,183.3364963531494
5136,1745917495.0769207,182.96408653259277
5137,1745917495.2713544,183.1514835357666
5138,1745917495.5303054,248.002290725708
5139,1745917495.8195343,278.2151699066162
5140,1745917496.0123937,182.33060836791992
5141,1745917496.2074306,183.80331993103027
5142,1745917496.4020078,184.03148651123047
5143,1745917496.6403973,227.81014442443848
5144,1745917496.8353357,183.88843536376953
5145,1745917497.0290308,183.15410614013672
5146,1745917497.2230341,182.86871910095215
5147,1745917497.4166205,182.58094787597656
5148,1745917497.6175532,189.8040771484375
5149,1745917497.881474,252.65240669250488
5150,1745917498.1894515,296.9369888305664
5151,1745917498.38357,183.0737590789795
5152,1745917498.578829,184.21292304992676
5153,1745917498.773033,183.1977367401123
5154,1745917498.9680476,183.68101119995117
5155,1745917499.1630201,183.82740020751953
5156,1745917499.4010074,226.56011581420898
5157,1745917499.5956044,184.07154083251953
5158,1745917499.7892327,182.84344673156738
5159,1745917499.9846733,184.46707725524902
5160,1745917500.178789,182.48963356018066
5161,1745917500.423925,234.25984382629395
5162,1745917500.6186473,183.67910385131836
5163,1745917500.8115222,182.13701248168945
5164,1745917501.0048406,182.10339546203613
5165,1745917501.1991599,182.9822063446045
5166,1745917501.3931115,182.92951583862305
5167,1745917501.5867302,182.41524696350098
5168,1745917501.865628,267.486572265625
5169,1745917502.0598075,183.87794494628906
5170,1745917503.0781114,nan
5171,1745917503.2964294,207.78298377990723
5172,1745917503.4903514,182.4038028717041
5173,1745917503.684597,183.29620361328125
5174,1745917503.886381,190.66143035888672
5175,1745917504.081505,184.14020538330078
5176,1745917504.2752116,183.20512771606445
5177,1745917504.4683185,182.56711959838867
5178,1745917504.7450838,265.72155952453613
5179,1745917504.9386752,182.52229690551758
5180,1745917505.1346126,185.09411811828613
5181,1745917505.3282244,183.04681777954102
5182,1745917505.5227368,183.86006355285645
5183,1745917505.7166557,183.37464332580566
5184,1745917505.9108534,182.65581130981445
5185,1745917506.1727526,249.85074996948242
5186,1745917506.4853692,301.5751838684082
5187,1745917506.679722,183.09569358825684
5188,1745917506.873271,182.37709999084473
5189,1745917507.0675864,182.73639678955078
5190,1745917507.2624185,183.81571769714355
5191,1745917507.4565544,183.44855308532715
5192,1745917507.6497726,182.70254135131836
5193,1745917507.844391,183.87603759765625
5194,1745917508.038809,183.52413177490234
5195,1745917508.2339141,184.00216102600098
5196,1745917508.4278696,183.06612968444824
5197,1745917508.7386143,300.2340793609619
5198,1745917508.9316447,182.31916427612305
5199,1745917509.126275,183.1068992614746
5200,1745917509.32084,182.52921104431152
5201,1745917509.5136213,182.65676498413086
5202,1745917509.7082775,183.7618350982666
5203,1745917509.9576979,238.97147178649902
5204,1745917510.271467,303.30514907836914
5205,1745917510.4662745,184.19957160949707
5206,1745917510.6598866,182.5997829437256
5207,1745917510.8536522,182.72781372070312
5208,1745917511.0486026,183.9120388031006
5209,1745917511.2418516,182.8603744506836
5210,1745917511.4367218,183.82692337036133
5211,1745917511.6300838,182.98578262329102
5212,1745917511.9083424,267.383337020874
5213,1745917512.1015806,182.31773376464844
5214,1745917512.2964249,183.62903594970703
5215,1745917512.4981213,190.63377380371094
5216,1745917513.5165381,nan
5217,1745917514.5286431,nan
5218,1745917514.7276711,188.07435035705566
5219,1745917514.921458,183.0883026123047
5220,1745917515.1162422,183.77137184143066
5221,1745917515.3103557,183.54296684265137
5222,1745917515.5795486,258.12220573425293
5223,1745917515.7734108,182.8162670135498
5224,1745917515.967172,182.7387809753418
5225,1745917516.1614487,183.23683738708496
5226,1745917516.3550515,182.35087394714355
5227,1745917516.6220257,254.92167472839355
5228,1745917516.8151116,182.57975578308105
5229,1745917517.0100508,183.57372283935547
5230,1745917517.205282,183.81285667419434
5231,1745917517.3991208,183.305025100708
5232,1745917517.5938332,183.5501194000244
5233,1745917517.848896,244.44985389709473
5234,1745917518.139846,279.89673614501953
5235,1745917518.3334668,183.05253982543945
5236,1745917518.5283246,183.84289741516113
5237,1745917518.723641,184.47184562683105
5238,1745917518.9177554,183.61997604370117
5239,1745917519.1107204,182.4510097503662
5240,1745917519.305304,183.23063850402832
5241,1745917519.5823185,265.71011543273926
5242,1745917519.7765543,183.41755867004395
5243,1745917519.969721,182.63483047485352
5244,1745917520.1642268,183.455228805542
5245,1745917520.4036894,228.67655754089355
5246,1745917520.7006114,285.8622074127197
5247,1745917520.8944538,183.29477310180664
5248,1745917521.0878575,182.87920951843262
5249,1745917521.2821755,183.258056640625
5250,1745917521.4763932,183.20178985595703
5251,1745917521.7317858,245.22113800048828
5252,1745917521.9250343,182.48653411865234
5253,1745917522.1207647,184.19671058654785
5254,1745917522.3435428,212.2499942779541
5255,1745917522.5376418,183.23993682861328
5256,1745917522.7313359,182.90305137634277
5257,1745917522.925623,182.87920951843262
5258,1745917523.1192677,182.65557289123535
5259,1745917523.3138342,183.49838256835938
5260,1745917523.507051,182.6789379119873
5261,1745917523.780388,262.1769905090332
5262,1745917523.9734862,182.4512481689453
5263,1745917524.168375,183.75658988952637
5264,1745917524.3614817,183.0122470855713
5265,1745917524.5555222,182.6467514038086
5266,1745917524.8009758,235.368013381958
5267,1745917524.9950707,183.48217010498047
5268,1745917525.189038,183.23254585266113
5269,1745917525.3833683,183.2127571105957
5270,1745917525.5784347,183.85910987854004
5271,1745917525.772598,183.4421157836914
5272,1745917526.024606,241.44673347473145
5273,1745917526.2185185,183.38966369628906
5274,1745917526.412051,183.02083015441895
5275,1745917526.6070905,184.15355682373047
5276,1745917526.8003972,182.73568153381348
5277,1745917526.9934983,182.6024055480957
5278,1745917527.1885886,184.07297134399414
5279,1745917527.4677455,268.2485580444336
5280,1745917527.6765735,198.48251342773438
5281,1745917527.9783196,291.20922088623047
5282,1745917528.172961,183.86149406433105
5283,1745917528.3665257,183.0291748046875
5284,1745917528.603346,225.61025619506836
5285,1745917528.8982518,284.40284729003906
5286,1745917529.0925171,183.14170837402344
5287,1745917529.2867851,183.05492401123047
5288,1745917529.4802454,182.95955657958984
5289,1745917529.6749256,183.6538314819336
5290,1745917529.9149122,229.44068908691406
5291,1745917530.10886,183.38561058044434
5292,1745917530.3023703,183.37178230285645
5293,1745917530.496267,183.380126953125
5294,1745917530.6899116,183.0289363861084
5295,1745917530.936278,235.3196144104004
5296,1745917531.1329682,185.56833267211914
5297,1745917531.3273287,183.8371753692627
5298,1745917531.5212092,182.86371231079102
5299,1745917531.7723422,240.5989170074463
5300,1745917532.0807045,297.84154891967773
5301,1745917532.390875,299.5617389678955
5302,1745917532.6853516,284.12795066833496
5303,1745917532.8829012,186.41424179077148
5304,1745917533.0785968,185.14585494995117
5305,1745917533.2741241,184.6160888671875
5306,1745917533.4713438,186.6776943206787
5307,1745917533.6676183,185.75000762939453
5308,1745917533.862837,184.6780776977539
5309,1745917534.0865502,212.63432502746582
5310,1745917534.2838566,186.62166595458984
5311,1745917534.4782772,183.90607833862305
5312,1745917534.676576,187.1352195739746
5313,1745917534.9437637,256.70695304870605
5314,1745917535.1404262,185.9724521636963
5315,1745917535.336466,185.41502952575684
5316,1745917535.5310016,183.50958824157715
5317,1745917535.7287126,186.60950660705566
5318,1745917535.953234,213.6235237121582
5319,1745917536.1494236,184.9067211151123
5320,1745917536.3437724,183.81667137145996
5321,1745917536.5405982,185.58502197265625
5322,1745917536.737059,185.8959197998047
5323,1745917536.9326482,185.04691123962402
5324,1745917537.1269798,183.8088035583496
5325,1745917537.3223455,184.4918727874756
5326,1745917537.5190904,185.66107749938965
5327,1745917537.7167263,186.9027614593506
5328,1745917538.018464,291.58949851989746
5329,1745917538.2126849,183.6535930633545
5330,1745917538.4089298,185.23454666137695
5331,1745917538.603729,184.28969383239746
5332,1745917538.8004165,185.62936782836914
5333,1745917538.996564,185.12463569641113
5334,1745917539.192817,185.5461597442627
5335,1745917539.3876023,183.97808074951172
5336,1745917539.5806615,182.61003494262695
5337,1745917539.7766588,184.49997901916504
5338,1745917539.9702694,183.06422233581543
5339,1745917540.2677171,286.21959686279297
5340,1745917540.5796628,300.8277416229248
5341,1745917540.8771286,286.7696285247803
5342,1745917541.0727768,185.1367950439453
5343,1745917541.2672012,183.84885787963867
5344,1745917541.464508,185.2247714996338
5345,1745917541.658315,183.18724632263184
5346,1745917541.904779,235.8410358428955
5347,1745917542.100157,184.13329124450684
5348,1745917542.2954412,184.7095489501953
5349,1745917543.319599,nan
5350,1745917543.5413918,211.20357513427734
5351,1745917543.7366495,183.8994026184082
5352,1745917543.9316952,184.9074363708496
5353,1745917544.1250916,182.53850936889648
5354,1745917544.3552694,219.1317081451416
5355,1745917544.5490768,183.18510055541992
5356,1745917544.757678,197.6323127746582
5357,1745917544.9840238,215.27099609375
5358,1745917545.1774483,182.59787559509277
5359,1745917545.371544,183.20298194885254
5360,1745917545.5659902,183.84313583374023
5361,1745917545.7606425,184.0062141418457
5362,1745917545.9540281,182.7850341796875
5363,1745917546.209203,244.66371536254883
5364,1745917546.5147889,295.0403690338135
5365,1745917546.709025,183.69340896606445
5366,1745917546.9021459,182.33966827392578
5367,1745917547.0964184,183.22515487670898
5368,1745917547.2907462,183.09664726257324
5369,1745917547.48559,184.28444862365723
5370,1745917547.7408645,244.75502967834473
5371,1745917547.9355886,183.44902992248535
5372,1745917548.9482038,nan
5373,1745917549.1479082,189.14294242858887
5374,1745917549.342262,183.8231086730957
5375,1745917549.5368123,183.8076114654541
5376,1745917549.7889497,241.61195755004883
5377,1745917549.9819145,182.51991271972656
5378,1745917550.2114718,218.51062774658203
5379,1745917550.4062886,183.76851081848145
5380,1745917550.716639,298.97308349609375
5381,1745917551.0180337,290.03429412841797
5382,1745917551.2153134,186.13862991333008
5383,1745917551.4082372,181.95056915283203
5384,1745917551.6034534,184.18550491333008
5385,1745917551.7975688,183.83479118347168
5386,1745917551.9909036,182.92808532714844
5387,1745917552.184427,183.0000877380371
5388,1745917552.3785505,183.15792083740234
5389,1745917552.5729687,183.94923210144043
5390,1745917552.8647878,281.28814697265625
5391,1745917553.0739229,198.43053817749023
5392,1745917553.2683215,183.3655834197998
5393,1745917553.4695756,190.02771377563477
5394,1745917553.6641226,184.02719497680664
5395,1745917553.8588657,183.61496925354004
5396,1745917554.052319,182.9390525817871
5397,1745917554.2983372,234.87067222595215
5398,1745917554.5926306,283.0700874328613
5399,1745917554.7861707,183.00247192382812
5400,1745917555.80794,nan
5401,1745917556.8263597,nan
5402,1745917557.0756748,238.59119415283203
5403,1745917557.2700913,183.38823318481445
5404,1745917557.463686,183.0759048461914
5405,1745917557.6652143,190.92035293579102
5406,1745917557.8596542,183.31003189086914
5407,1745917558.0536914,183.7458610534668
5408,1745917558.2481425,184.06105041503906
5409,1745917558.4423242,183.13264846801758
5410,1745917558.6363277,182.91687965393066
5411,1745917558.8938935,245.82386016845703
5412,1745917559.088333,183.35700035095215
5413,1745917559.2824006,183.2599639892578
5414,1745917559.4764044,183.23445320129395
5415,1745917559.6697152,182.77978897094727
5416,1745917559.8646455,184.40580368041992
5417,1745917560.058962,183.4878921508789
5418,1745917560.3407044,270.97368240356445
5419,1745917560.6562846,304.8367500305176
5420,1745917560.9447377,277.13942527770996
5421,1745917561.1388578,183.38394165039062
5422,1745917561.3326466,183.32719802856445
5423,1745917561.5278025,184.1132640838623
5424,1745917561.7212923,182.85822868347168
5425,1745917561.9758508,243.67642402648926
5426,1745917562.170355,183.63237380981445
5427,1745917563.1963682,nan
5428,1745917563.3914707,184.32331085205078
5429,1745917563.6200151,217.05293655395508
5430,1745917563.9302528,299.6509075164795
5431,1745917564.124013,182.7688217163086
5432,1745917564.3184626,183.32767486572266
5433,1745917564.5116737,182.5425624847412
5434,1745917564.706636,183.88676643371582
5435,1745917564.9414873,224.24697875976562
5436,1745917565.1362877,183.59947204589844
5437,1745917565.3296616,182.8598976135254
5438,1745917565.524427,183.82024765014648
5439,1745917565.7184355,183.2740306854248
5440,1745917565.969106,239.91751670837402
5441,1745917566.163069,182.91568756103516
5442,1745917566.3583333,184.3099594116211
5443,1745917566.5525,183.20894241333008
5444,1745917566.7471168,183.21895599365234
5445,1745917566.944012,186.36178970336914
5446,1745917567.137793,182.99174308776855
5447,1745917567.3319995,183.16030502319336
5448,1745917567.5264187,184.30733680725098
5449,1745917567.7202282,183.02416801452637
5450,1745917567.929539,198.78435134887695
5451,1745917568.2373877,296.82445526123047
5452,1745917568.4324055,183.35413932800293
5453,1745917568.6263008,183.27951431274414
5454,1745917568.8205025,183.3503246307373
5455,1745917569.0150838,183.5308074951172
5456,1745917569.2106164,184.24510955810547
5457,1745917569.4040895,182.53827095031738
5458,1745917569.5985525,183.31623077392578
5459,1745917569.7926831,183.46667289733887
5460,1745917570.0627923,259.3116760253906
5461,1745917570.256297,183.14766883850098
5462,1745917570.45045,183.05015563964844
5463,1745917571.4766634,nan
5464,1745917571.710714,223.49071502685547
5465,1745917571.9056392,183.91704559326172
5466,1745917572.0997567,183.03537368774414
5467,1745917572.2933688,183.08281898498535
5468,1745917572.5066743,202.22210884094238
5469,1745917573.5322266,nan
5470,1745917573.7524414,209.54513549804688
5471,1745917573.9466562,183.7174892425537
5472,1745917574.1410084,183.2873821258545
5473,1745917575.1537578,nan
5474,1745917575.3472333,183.06422233581543
5475,1745917575.6024182,244.5070743560791
5476,1745917575.9124894,299.0448474884033
5477,1745917576.1074188,184.00931358337402
5478,1745917576.3015141,183.58564376831055
5479,1745917576.4963055,183.7759017944336
5480,1745917576.6898835,183.05015563964844
5481,1745917576.8830945,182.67297744750977
5482,1745917577.0774076,183.26044082641602
5483,1745917577.2728019,184.07225608825684
5484,1745917577.4665651,183.25519561767578
5485,1745917577.6608827,183.1502914428711
5486,1745917577.9455702,273.6496925354004
5487,1745917578.139929,183.37416648864746
5488,1745917578.33487,183.89129638671875
5489,1745917578.5277703,182.3580265045166
5490,1745917578.7227056,183.9280128479004
5491,1745917578.91699,183.7005615234375
5492,1745917579.1492252,221.7111587524414
5493,1745917579.3452454,185.2855682373047
5494,1745917579.539416,183.06922912597656
5495,1745917579.7336884,183.57014656066895
5496,1745917580.0010157,256.35433197021484
5497,1745917580.3149626,303.42984199523926
5498,1745917580.6028953,277.30464935302734
5499,1745917580.7967827,183.26783180236816
5500,1745917580.9896839,182.71970748901367
5501,1745917581.1841664,183.4852695465088
5502,1745917581.377412,182.6493740081787
5503,1745917581.5728455,184.2329502105713
5504,1745917581.7664616,183.45284461975098
5505,1745917582.0085645,231.57238960266113
5506,1745917582.202555,183.1188201904297
5507,1745917582.3970182,183.42828750610352
5508,1745917582.5918727,183.75706672668457
5509,1745917582.7856438,183.2430362701416
5510,1745917583.0151768,218.9176082611084
5511,1745917583.2090557,182.51824378967285
5512,1745917583.4040816,184.01551246643066
5513,1745917583.5976508,182.98888206481934
5514,1745917583.8907979,282.3951244354248
5515,1745917584.0837438,182.41167068481445
5516,1745917584.2785385,183.76898765563965
5517,1745917584.4730768,183.4266185760498
5518,1745917584.666284,182.13629722595215
5519,1745917584.9131362,234.9832057952881
5520,1745917585.106646,183.06803703308105
5521,1745917585.2990446,181.90479278564453
5522,1745917585.4935155,183.18486213684082
5523,1745917585.6877406,183.69722366333008
5524,1745917585.9345787,236.2990379333496
5525,1745917586.1297252,183.96592140197754
5526,1745917586.3227534,182.2187900543213
5527,1745917586.5170305,183.24637413024902
5528,1745917586.7101085,182.54733085632324
5529,1745917586.9043987,183.30717086791992
5530,1745917587.0988188,183.3944320678711
5531,1745917587.298972,189.1345977783203
5532,1745917587.5011036,191.00475311279297
5533,1745917587.696743,184.62276458740234
5534,1745917587.8902519,183.1200122833252
5535,1745917588.0837693,182.84845352172852
5536,1745917588.2772243,183.2900047302246
5537,1745917588.4720607,183.64477157592773
5538,1745917588.7013624,218.77527236938477
5539,1745917588.8955967,183.7010383605957
5540,1745917589.088943,182.83891677856445
5541,1745917589.2835083,183.5465431213379
5542,1745917589.477429,183.22396278381348
5543,1745917589.6710606,182.95621871948242
5544,1745917589.8654034,183.152437210083
5545,1745917590.136643,260.1008415222168
5546,1745917590.3306153,183.44712257385254
5547,1745917590.523776,182.7387809753418
5548,1745917591.5423803,nan
5549,1745917591.7774546,224.55954551696777
5550,1745917592.0848925,296.8711853027344
5551,1745917592.3693502,274.0921974182129
5552,1745917592.5636802,183.03155899047852
5553,1745917592.7585561,183.75277519226074
5554,1745917592.9525876,183.4239959716797
5555,1745917593.2186549,255.46741485595703
5556,1745917593.4147985,185.6069564819336
5557,1745917593.608702,183.41970443725586
5558,1745917593.8023393,182.46173858642578
5559,1745917593.996286,181.99419975280762
5560,1745917594.1901245,183.58683586120605
5561,1745917594.4466376,245.5289363861084
5562,1745917594.6414773,183.75420570373535
5563,1745917594.8353398,183.35223197937012
5564,1745917595.0301633,183.7599277496338
5565,1745917595.2239187,182.70373344421387
5566,1745917595.4164062,181.93936347961426
5567,1745917595.612513,184.97276306152344
5568,1745917595.8056486,183.04848670959473
5569,1745917596.0718246,255.401611328125
5570,1745917596.2666981,183.8524341583252
5571,1745917597.2850626,nan
5572,1745917597.479728,184.1449737548828
5573,1745917597.6745656,183.79902839660645
5574,1745917597.8686323,182.55066871643066
5575,1745917598.0622008,182.9533576965332
5576,1745917598.3227267,249.49312210083008
5577,1745917598.5171115,183.4244728088379
5578,1745917598.7104042,183.04181098937988
5579,1745917598.9072547,185.9138011932373
5580,1745917599.1520007,233.5376739501953
5581,1745917599.346734,184.00192260742188
5582,1745917599.5405223,183.07781219482422
5583,1745917599.73544,183.04800987243652
5584,1745917599.9284103,182.6341152191162
5585,1745917600.1229956,183.57348442077637
5586,1745917600.3651736,231.6880226135254
5587,1745917600.5599568,182.97934532165527
5588,1745917600.7537427,183.23206901550293
5589,1745917600.94844,183.61258506774902
5590,1745917601.1950324,236.06586456298828
5591,1745917601.3901749,183.58087539672852
5592,1745917601.5845287,183.28189849853516
5593,1745917601.7782497,182.6920509338379
5594,1745917601.9718416,183.21824073791504
5595,1745917602.2206316,236.66667938232422
5596,1745917602.4148932,184.19528007507324
5597,1745917602.615271,189.87107276916504
5598,1745917602.8097677,183.40563774108887
5599,1745917603.0043821,183.9737892150879
5600,1745917603.198511,183.17008018493652
5601,1745917603.3946896,184.89861488342285
5602,1745917603.6497545,244.45462226867676
5603,1745917603.8445349,183.7303638458252
5604,1745917604.038604,183.31432342529297
5605,1745917604.232878,183.66336822509766
5606,1745917604.4271777,183.77399444580078
5607,1745917604.6206512,182.9373836517334
5608,1745917604.815222,183.50481986999512
5609,1745917605.0850985,258.8374614715576
5610,1745917605.2794611,183.25018882751465
5611,1745917605.4737206,183.7608814239502
5612,1745917605.6679173,182.58166313171387
5613,1745917605.8625891,184.112548828125
5614,1745917606.112989,239.8681640625
5615,1745917606.4234996,299.4086742401123
5616,1745917606.6845365,250.78868865966797
5617,1745917606.8785293,182.97719955444336
5618,1745917607.072042,182.7714443206787
5619,1745917607.2669618,183.66432189941406
5620,1745917607.4602597,182.74426460266113
5621,1745917607.6577492,186.29050254821777
5622,1745917607.9626627,294.0404415130615
5623,1745917608.2202373,246.535062789917
5624,1745917608.4155498,184.0803623199463
5625,1745917608.6095586,183.23326110839844
5626,1745917608.803198,182.8465461730957
5627,1745917609.0821104,267.8849697113037
5628,1745917609.284251,191.0836696624756
5629,1745917609.4787607,183.22253227233887
5630,1745917609.6728191,182.92760848999023
5631,1745917609.867151,183.38966369628906
5632,1745917610.8848424,nan
5633,1745917611.3363974,441.1025047302246
5634,1745917611.5302005,183.0899715423584
5635,1745917611.7242432,183.30669403076172
5636,1745917611.9238896,188.91167640686035
5637,1745917612.1444554,210.0694179534912
5638,1745917613.1664028,nan
5639,1745917613.3614573,184.69667434692383
5640,1745917613.5550575,183.09450149536133
5641,1745917613.748349,182.74974822998047
5642,1745917613.9421465,182.76572227478027
5643,1745917614.1369493,184.20791625976562
5644,1745917614.330486,182.97910690307617
5645,1745917614.5236933,182.09576606750488
5646,1745917614.718415,183.58111381530762
5647,1745917614.9125175,183.58421325683594
5648,1745917615.2245126,301.49126052856445
5649,1745917615.417899,182.8022003173828
5650,1745917615.6124923,183.82763862609863
5651,1745917615.8064902,183.1355094909668
5652,1745917616.0015402,183.85004997253418
5653,1745917616.1952543,183.0751895904541
5654,1745917616.4607372,254.72450256347656
5655,1745917616.6856978,213.92130851745605
5656,1745917616.8797941,182.89923667907715
5657,1745917617.0726943,182.42359161376953
5658,1745917617.2677429,184.0057373046875
5659,1745917617.4608092,182.05952644348145
5660,1745917617.6554816,183.62689018249512
5661,1745917617.895332,228.7149429321289
5662,1745917618.192116,285.7396602630615
5663,1745917618.3849902,182.28578567504883
5664,1745917618.580776,184.4797134399414
5665,1745917619.6023574,nan
5666,1745917619.835538,222.80335426330566
5667,1745917620.0303237,184.13734436035156
5668,1745917620.2265308,185.60147285461426
5669,1745917620.4207947,183.7444305419922
5670,1745917620.6146317,182.8024387359619
5671,1745917620.8441467,218.39284896850586
5672,1745917621.038393,183.5176944732666
5673,1745917621.2321637,182.9550266265869
5674,1745917621.4265463,183.53748321533203
5675,1745917621.6208382,183.73966217041016
5676,1745917621.8146625,182.8458309173584
5677,1745917622.0085998,182.8932762145996
5678,1745917622.202746,182.99508094787598
5679,1745917622.5021966,288.2733345031738
5680,1745917622.799441,286.2215042114258
5681,1745917622.9926298,182.51681327819824
5682,1745917623.1864977,182.97719955444336
5683,1745917623.3816361,183.63285064697266
5684,1745917623.5750453,182.71875381469727
5685,1745917623.7692733,183.1820011138916
5686,1745917623.9636388,183.33172798156738
5687,1745917624.1574135,182.82318115234375
5688,1745917624.351796,183.33196640014648
5689,1745917624.5452,182.86895751953125
5690,1745917624.7396643,183.11214447021484
5691,1745917624.9342742,183.45355987548828
5692,1745917625.159127,213.68741989135742
5693,1745917625.3838272,213.4554386138916
5694,1745917625.5778306,182.95764923095703
5695,1745917625.7709427,182.57498741149902
5696,1745917625.964921,182.61432647705078
5697,1745917626.1833923,207.4298858642578
5698,1745917626.4913154,297.3926067352295
5699,1745917626.6855667,183.56657028198242
5700,1745917626.8814528,185.2877140045166
5701,1745917627.0755455,183.22038650512695
5702,1745917627.2687974,182.72829055786133
5703,1745917627.4631395,183.37035179138184
5704,1745917627.6572104,183.54249000549316
5705,1745917627.8519013,184.31735038757324
5706,1745917628.1167793,254.52303886413574
5707,1745917628.3113828,183.78925323486328
5708,1745917628.5055742,183.99930000305176
5709,1745917628.6982255,182.4188232421875
5710,1745917628.9471116,237.5948429107666
5711,1745917629.2595031,301.62501335144043
5712,1745917629.4526806,182.3141574859619
5713,1745917629.6467543,183.05230140686035
5714,1745917629.8410683,183.62092971801758
5715,1745917630.0343776,182.79075622558594
5716,1745917630.2743278,229.51030731201172
5717,1745917630.4676876,183.13241004943848
5718,1745917630.669902,191.1938190460205
5719,1745917631.6843672,nan
5720,1745917631.9197292,224.52068328857422
5721,1745917632.2296684,299.0906238555908
5722,1745917632.5248232,284.59692001342773
5723,1745917632.7270253,190.58871269226074
5724,1745917632.9217122,184.25989151000977
5725,1745917633.1154983,183.27021598815918
5726,1745917633.3098323,183.4583282470703
5727,1745917633.5043256,183.49766731262207
5728,1745917633.6992762,184.1578483581543
5729,1745917633.9685948,258.26191902160645
5730,1745917634.2793217,300.19187927246094
5731,1745917634.5744884,284.50536727905273
5732,1745917634.7702172,185.0147247314453
5733,1745917634.9646802,183.94827842712402
5734,1745917635.158667,183.4390163421631
5735,1745917635.393829,224.10845756530762
5736,1745917635.5878332,183.49504470825195
5737,1745917635.7838387,184.91291999816895
5738,1745917635.978101,183.48240852355957
5739,1745917636.1718981,183.2873821258545
5740,1745917636.4226565,239.7594451904297
5741,1745917636.6174061,183.64429473876953
5742,1745917636.811453,183.60209465026855
5743,1745917637.0056298,183.14003944396973
5744,1745917637.1992257,183.04061889648438
5745,1745917637.3941636,183.96449089050293
5746,1745917637.5875661,182.80506134033203
5747,1745917637.7821062,183.53891372680664
5748,1745917638.0701842,277.56333351135254
5749,1745917638.3627076,281.95977210998535
5750,1745917638.5563424,182.86728858947754
5751,1745917638.7518516,184.03983116149902
5752,1745917638.9451904,182.44528770446777
5753,1745917639.187128,230.91697692871094
5754,1745917639.381361,183.0117702484131
5755,1745917639.5892322,196.8691349029541
5756,1745917639.7841415,183.82954597473145
5757,1745917639.9783223,183.69770050048828
5758,1745917640.1716278,182.8477382659912
5759,1745917640.3655674,182.97696113586426
5760,1745917640.6097708,233.63590240478516
5761,1745917640.8033822,183.07781219482422
5762,1745917640.9976277,183.1986904144287
5763,1745917641.1934092,184.74364280700684
5764,1745917641.3876271,183.6838722229004
5765,1745917641.5808954,182.7538013458252
5766,1745917641.7748706,182.93285369873047
5767,1745917642.0536404,267.7435874938965
5768,1745917642.2479222,183.42065811157227
5769,1745917642.4424274,183.98380279541016
5770,1745917642.6356015,182.65628814697266
5771,1745917642.8308024,184.18598175048828
5772,1745917643.0244458,183.302640914917
5773,1745917643.2179952,182.74354934692383
5774,1745917643.411728,182.67369270324707
5775,1745917643.605542,182.76262283325195
5776,1745917643.7993913,182.91854858398438
5777,1745917644.1055949,295.1843738555908
5778,1745917644.2993116,183.12740325927734
5779,1745917644.4935048,183.78090858459473
5780,1745917644.6875296,182.49797821044922
5781,1745917644.8813705,182.7986240386963
5782,1745917645.0914295,198.3935832977295
5783,1745917645.2856643,183.16245079040527
5784,1745917645.479255,182.73425102233887
5785,1745917645.674169,183.87460708618164
5786,1745917645.8683677,183.75372886657715
5787,1745917646.1577716,278.8865566253662
5788,1745917646.4655094,296.83518409729004
5789,1745917646.6597943,183.4890842437744
5790,1745917646.8543944,183.4702491760254
5791,1745917647.048599,183.34698677062988
5792,1745917648.0740037,nan
5793,1745917649.0939434,nan
5794,1745917649.4917295,387.2711658477783
5795,1745917649.6855683,182.81221389770508
5796,1745917649.8802314,183.607816696167
5797,1745917650.075055,184.35192108154297
5798,1745917650.2683454,183.05182456970215
5799,1745917650.462531,183.15672874450684
5800,1745917650.6564174,183.2880973815918
5801,1745917650.850656,183.7179660797119
5802,1745917651.8739252,nan
5803,1745917652.0677142,183.05706977844238
5804,1745917652.2614741,183.61616134643555
5805,1745917652.5014334,229.4306755065918
5806,1745917652.8109455,298.98524284362793
5807,1745917653.1080782,286.66162490844727
5808,1745917653.3025603,183.17532539367676
5809,1745917653.4966872,183.02226066589355
5810,1745917653.6900723,182.84106254577637
5811,1745917653.8853054,184.20052528381348
5812,1745917654.1319675,236.04226112365723
5813,1745917654.3276756,184.7519874572754
5814,1745917654.5373752,199.16844367980957
5815,1745917654.735553,187.03532218933105
5816,1745917654.929658,183.49480628967285
5817,1745917655.1236382,183.16054344177246
5818,1745917655.3335917,198.90832901000977
5819,1745917655.5277429,183.55417251586914
5820,1745917655.72102,182.7239990234375
5821,1745917655.9146285,182.56139755249023
5822,1745917656.1847403,258.868932723999
5823,1745917656.3784494,183.17723274230957
5824,1745917656.5719895,182.59382247924805
5825,1745917656.7664354,183.23516845703125
5826,1745917656.9605746,183.2139492034912
5827,1745917657.2066126,235.44049263000488
5828,1745917657.399022,181.86497688293457
5829,1745917657.596446,185.83273887634277
5830,1745917657.7904062,183.61186981201172
5831,1745917657.9840994,182.81221389770508
5832,1745917658.2343874,239.69483375549316
5833,1745917658.4279115,182.82699584960938
5834,1745917658.6220818,183.62784385681152
5835,1745917658.8151374,182.6314926147461
5836,1745917659.0098543,183.1963062286377
5837,1745917659.261148,240.77320098876953
5838,1745917659.521552,249.35531616210938
5839,1745917659.7176945,184.79514122009277
5840,1745917659.9115248,183.2873821258545
5841,1745917660.9350734,nan
5842,1745917661.4043992,458.39810371398926
5843,1745917661.5975535,182.44457244873047
5844,1745917661.7927954,184.20863151550293
5845,1745917661.9864407,182.9690933227539
5846,1745917662.181033,183.03680419921875
5847,1745917662.3747494,183.20059776306152
5848,1745917662.5766966,191.31183624267578
5849,1745917662.7707555,183.07137489318848
5850,1745917662.9639409,182.64317512512207
5851,1745917663.2393577,264.371395111084
5852,1745917663.4327402,182.6310157775879
5853,1745917663.6273317,183.4244728088379
5854,1745917663.8217106,183.61401557922363
5855,1745917664.0150933,183.02679061889648
5856,1745917664.2098694,183.2292079925537
5857,1745917664.4037845,183.1362247467041
5858,1745917664.5988238,184.21053886413574
5859,1745917665.589925,980.40771484375
5860,1745917665.7844057,183.66098403930664
5861,1745917665.9782953,183.2907199859619
5862,1745917666.1724334,183.61401557922363
5863,1745917666.3653953,182.34968185424805
5864,1745917666.5597212,182.22284317016602
5865,1745917666.75291,183.14290046691895
5866,1745917666.9466705,183.23135375976562
5867,1745917667.231905,274.1506099700928
5868,1745917667.4264991,183.43806266784668
5869,1745917667.6207726,183.81619453430176
5870,1745917667.814784,183.48932266235352
5871,1745917668.0680926,242.77377128601074
5872,1745917668.3785098,298.8770008087158
5873,1745917668.6675723,278.5353660583496
5874,1745917668.8617578,183.6414337158203
5875,1745917669.055264,182.9819679260254
5876,1745917669.2495615,183.47430229187012
5877,1745917669.4433951,182.70087242126465
5878,1745917669.6364284,182.44504928588867
5879,1745917669.8312905,183.75873565673828
5880,1745917670.112108,270.13373374938965
5881,1745917670.305604,182.49225616455078
5882,1745917671.3300118,nan
5883,1745917671.5344522,194.2300796508789
5884,1745917671.7276595,182.6798915863037
5885,1745917671.9232097,184.07392501831055
5886,1745917672.1176467,183.3803653717041
5887,1745917672.3537612,225.050687789917
5888,1745917672.5480318,183.70294570922852
5889,1745917672.7408051,182.56902694702148
5890,1745917672.9352522,183.32934379577637
5891,1745917673.1302757,183.84051322937012
5892,1745917673.324116,183.49528312683105
5893,1745917673.5855503,250.39982795715332
5894,1745917673.7801943,183.92491340637207
5895,1745917673.9738803,182.67321586608887
5896,1745917674.167912,183.5651397705078
5897,1745917674.4074545,229.05468940734863
5898,1745917674.6007452,182.91735649108887
5899,1745917674.7954311,183.6681365966797
5900,1745917675.8204615,nan
5901,1745917676.048273,217.14520454406738
5902,1745917676.242284,182.9969882965088
5903,1745917676.4362066,183.3939552307129
5904,1745917676.6297293,182.98816680908203
5905,1745917676.823334,182.5551986694336
5906,1745917677.018465,184.0839385986328
5907,1745917677.2751982,245.81623077392578
5908,1745917677.5863998,300.856351852417
5909,1745917677.779721,183.1202507019043
5910,1745917677.9742508,183.5322380065918
5911,1745917678.168437,183.1519603729248
5912,1745917678.3623796,183.1808090209961
5913,1745917678.6180425,244.57120895385742
5914,1745917678.9137151,284.6493721008301
5915,1745917679.1082249,183.99786949157715
5916,1745917679.3021672,183.1371784210205
5917,1745917680.3166306,nan
5918,1745917681.3383725,nan
5919,1745917681.557578,208.68396759033203
5920,1745917681.7531962,184.71360206604004
5921,1745917681.9482095,183.7899684906006
5922,1745917682.1941917,234.58099365234375
5923,1745917682.5045824,299.53718185424805
5924,1745917682.801597,286.4570617675781
5925,1745917682.996338,183.23349952697754
5926,1745917683.1905265,183.14194679260254
5927,1745917683.3847034,183.6409568786621
5928,1745917683.5816772,185.7888698577881
5929,1745917683.7750318,182.81006813049316
5930,1745917683.9691997,183.0604076385498
5931,1745917684.2310195,251.51705741882324
5932,1745917684.4291904,186.85412406921387
5933,1745917684.622501,182.7096939086914
5934,1745917684.8164685,182.8591823577881
5935,1745917685.064863,236.91534996032715
5936,1745917685.3701458,293.8079833984375
5937,1745917685.613031,231.75907135009766
5938,1745917685.8063176,182.80649185180664
5939,1745917685.99931,182.47246742248535
5940,1745917686.194042,183.9447021484375
5941,1745917686.495594,291.03755950927734
5942,1745917686.6886802,182.39736557006836
5943,1745917686.884456,184.32116508483887
5944,1745917687.078379,183.26640129089355
5945,1745917687.2739446,183.39776992797852
5946,1745917687.521572,237.0893955230713
5947,1745917687.7151012,183.00509452819824
5948,1745917687.9098883,183.7613582611084
5949,1745917688.1045754,183.9907169342041
5950,1745917688.2986426,183.38561058044434
5951,1745917688.4928236,183.13121795654297
5952,1745917688.6863792,183.01916122436523
5953,1745917688.880967,183.55131149291992
5954,1745917689.0753102,183.2907199859619
5955,1745917689.3565202,270.05648612976074
5956,1745917689.5502553,183.12811851501465
5957,1745917689.7454574,184.09085273742676
5958,1745917689.938436,182.34968185424805
5959,1745917690.1797671,230.2846908569336
5960,1745917690.372978,182.18517303466797
5961,1745917690.568625,184.69548225402832
5962,1745917690.7693484,190.11831283569336
5963,1745917691.7961843,nan
5964,1745917691.9901521,183.3634376525879
5965,1745917692.2347188,233.46567153930664
5966,1745917692.4292734,183.58087539672852
5967,1745917692.8174849,377.44879722595215
5968,1745917693.0128462,183.8967800140381
5969,1745917693.2065701,183.08258056640625
5970,1745917693.4001706,183.0751895904541
5971,1745917693.6332388,222.53799438476562
5972,1745917693.8278148,183.53724479675293
5973,1745917694.021796,183.06589126586914
5974,1745917694.215531,182.5716495513916
5975,1745917694.478407,251.83916091918945
5976,1745917694.6724665,183.0132007598877
5977,1745917695.6885312,nan
5978,1745917695.882007,182.65795707702637
5979,1745917696.0768523,183.7637424468994
5980,1745917696.2702606,182.85536766052246
5981,1745917697.2892206,nan
5982,1745917697.4819899,182.13701248168945
5983,1745917697.6775897,183.04061889648438
5984,1745917697.8706284,182.9354763031006
5985,1745917698.0625966,181.4262866973877
5986,1745917698.257826,183.9594841003418
5987,1745917698.452327,184.0078830718994
5988,1745917698.6465452,183.60042572021484
5989,1745917698.8402357,182.62338638305664
5990,1745917699.03552,183.8090419769287
5991,1745917699.2297425,183.57110023498535
5992,1745917699.4235678,182.6612949371338
5993,1745917699.698424,263.8249397277832
5994,1745917699.8928454,182.36160278320312
5995,1745917700.0853543,182.45434761047363
5996,1745917700.278277,182.30891227722168
5997,1745917700.4732485,183.57515335083008
5998,1745917700.734662,250.89287757873535
5999,1745917701.043364,297.6832389831543
6000,1745917701.2383797,184.04126167297363
