1,1745912841.8456616,184.92603302001953
2,1745912842.031632,185.97030639648438
3,1745912842.2158053,184.1733455657959
4,1745912842.404709,188.90380859375
5,1745912842.6637285,259.0193748474121
6,1745912842.8510993,187.37077713012695
7,1745912843.0381038,186.00749969482422
8,1745912843.2256355,185.03880500793457
9,1745912843.4095657,183.9301586151123
10,1745912843.5955796,184.9992275238037
11,1745912843.8898993,294.31962966918945
12,1745912844.0761142,184.98969078063965
13,1745912844.2691891,191.76363945007324
14,1745912844.4549952,185.8060359954834
15,1745912844.6490335,194.03839111328125
16,1745912844.835965,186.93137168884277
17,1745912845.0218956,184.94057655334473
18,1745912845.206555,184.65924263000488
19,1745912845.390018,183.46309661865234
20,1745912845.574551,183.5165023803711
21,1745912845.7590458,183.5775375366211
22,1745912845.9422345,182.21735954284668
23,1745912846.2361333,292.3924922943115
24,1745912846.421482,185.3487491607666
25,1745912846.6099093,188.42720985412598
26,1745912846.87127,261.36064529418945
27,1745912847.0560634,183.78520011901855
28,1745912847.2435944,186.55920028686523
29,1745912847.437234,192.6100254058838
30,1745912847.665877,228.13844680786133
31,1745912847.8536863,187.80922889709473
32,1745912848.0409791,186.2468719482422
33,1745912848.22568,184.70096588134766
34,1745912848.480508,254.82797622680664
35,1745912848.6764503,195.94216346740723
36,1745912848.8689678,192.51751899719238
37,1745912849.0573597,188.39192390441895
38,1745912849.2424343,185.0745677947998
39,1745912849.505127,261.70825958251953
40,1745912849.6922855,187.15858459472656
41,1745912849.8866913,194.40579414367676
42,1745912850.1279237,241.23239517211914
43,1745912850.3198195,190.8881664276123
44,1745912850.5057943,185.9748363494873
45,1745912850.6915116,184.91315841674805
46,1745912850.8758814,184.3698024749756
47,1745912851.0650792,188.34900856018066
48,1745912851.2541332,189.05401229858398
49,1745912851.4389815,183.84385108947754
50,1745912851.686469,246.50168418884277
51,1745912851.8717315,185.26244163513184
52,1745912852.06528,193.54844093322754
53,1745912852.253568,188.28797340393066
54,1745912852.4380414,184.47351455688477
55,1745912852.6248927,185.87970733642578
56,1745912852.8167667,190.8092498779297
57,1745912853.0016901,184.9234104156494
58,1745912853.1892874,187.59727478027344
59,1745912853.3803732,190.08946418762207
60,1745912853.5662162,185.84299087524414
61,1745912853.8161163,249.90010261535645
62,1745912854.001702,185.58573722839355
63,1745912854.1876132,185.9111785888672
64,1745912854.374635,186.01536750793457
65,1745912854.5622375,186.5975856781006
66,1745912854.8439493,280.20405769348145
67,1745912855.0349956,191.04623794555664
68,1745912855.2220857,187.0901584625244
69,1745912855.464845,242.75922775268555
70,1745912855.7624156,296.6327667236328
71,1745912855.9477842,184.3709945678711
72,1745912856.135279,186.48433685302734
73,1745912856.3195662,184.28730964660645
74,1745912856.5062556,186.6893768310547
75,1745912856.789195,282.9394340515137
76,1745912856.9756496,186.45453453063965
77,1745912857.159551,183.90130996704102
78,1745912857.3539197,193.35126876831055
79,1745912857.5444536,189.53394889831543
80,1745912857.733394,187.9441738128662
81,1745912858.0176032,284.2092514038086
82,1745912858.2047217,186.1865520477295
83,1745912858.390407,185.685396194458
84,1745912858.578114,186.71250343322754
85,1745912858.8356676,256.8814754486084
86,1745912859.0239663,187.28899955749512
87,1745912859.2099051,185.93883514404297
88,1745912859.395904,185.99891662597656
89,1745912859.587323,191.41888618469238
90,1745912859.862101,273.18358421325684
91,1745912860.047797,185.69588661193848
92,1745912860.2346146,186.81764602661133
93,1745912860.4182892,183.67457389831543
94,1745912860.6035364,184.23223495483398
95,1745912860.7873428,183.8064193725586
96,1745912861.0036354,216.2926197052002
97,1745912861.1900115,186.37609481811523
98,1745912861.3765259,185.77241897583008
99,1745912861.5633693,186.8433952331543
100,1745912861.8105845,246.21009826660156
101,1745912861.9974148,186.8302822113037
102,1745912862.1835258,185.11605262756348
103,1745912862.4198837,235.7807159423828
104,1745912862.7308652,310.98151206970215
105,1745912862.920035,188.2035732269287
106,1745912863.1059232,184.56482887268066
107,1745912863.2937188,186.85460090637207
108,1745912863.5591938,265.4750347137451
109,1745912863.7449448,185.75096130371094
110,1745912863.9301863,185.2414608001709
111,1745912864.1223457,192.15941429138184
112,1745912864.3093667,187.02101707458496
113,1745912864.4973893,188.02261352539062
114,1745912864.7721884,274.799108505249
115,1745912864.9591942,187.00575828552246
116,1745912865.1550121,195.8179473876953
117,1745912865.3559718,200.9596824645996
118,1745912865.5932095,237.23769187927246
119,1745912865.7816024,187.88862228393555
120,1745912865.9677427,186.1402988433838
121,1745912866.2140062,245.10478973388672
122,1745912866.4012475,186.22946739196777
123,1745912867.4078166,nan
124,1745912867.6436756,235.85891723632812
125,1745912867.8298995,186.22398376464844
126,1745912868.0170248,186.19775772094727
127,1745912868.2019057,183.87985229492188
128,1745912868.3936203,191.71452522277832
129,1745912868.6749537,281.33344650268555
130,1745912868.8609412,185.9874725341797
131,1745912869.0456293,183.63499641418457
132,1745912869.2306838,185.05454063415527
133,1745912869.4146883,184.004545211792
134,1745912869.7058015,290.1039123535156
135,1745912870.0059736,300.1720905303955
136,1745912870.1923969,186.42330169677734
137,1745912870.40896,215.56687355041504
138,1745912871.4138653,nan
139,1745912871.6119404,198.0750560760498
140,1745912871.8378618,225.9213924407959
141,1745912872.0216746,183.81285667419434
142,1745912872.2188942,195.75977325439453
143,1745912872.4040601,185.1658821105957
144,1745912872.591867,187.8068447113037
145,1745912872.7789137,187.04676628112793
146,1745912873.0644503,285.536527633667
147,1745912873.2608576,196.40731811523438
148,1745912873.4491658,187.35575675964355
149,1745912873.637074,186.93876266479492
150,1745912873.8246436,187.56961822509766
151,1745912874.0894654,263.9133930206299
152,1745912874.280018,190.5527114868164
153,1745912874.4664006,185.46223640441895
154,1745912874.659685,192.26574897766113
155,1745912874.9142923,253.59296798706055
156,1745912875.1001453,185.8530044555664
157,1745912875.2878864,186.73014640808105
158,1745912875.4809258,193.0394172668457
159,1745912875.738934,256.99305534362793
160,1745912876.0339382,293.8728332519531
161,1745912876.219652,185.7137680053711
162,1745912876.4142194,194.56744194030762
163,1745912876.6604486,246.2291717529297
164,1745912876.8466768,186.22827529907227
165,1745912877.854239,nan
166,1745912878.0855834,229.6888828277588
167,1745912878.2718048,185.2126121520996
168,1745912878.4595046,187.6997947692871
169,1745912878.647228,186.71941757202148
170,1745912878.8325894,185.36138534545898
171,1745912879.0189822,185.09888648986816
172,1745912879.2046134,184.62514877319336
173,1745912879.392266,186.64216995239258
174,1745912879.6237142,231.44817352294922
175,1745912879.9172971,293.0757999420166
176,1745912880.1299949,212.69774436950684
177,1745912880.316738,185.78481674194336
178,1745912880.5047047,187.96682357788086
179,1745912880.7420828,236.41443252563477
180,1745912880.9287045,185.70351600646973
181,1745912881.116695,186.99026107788086
182,1745912881.3047788,187.08205223083496
183,1745912881.4907095,185.93072891235352
184,1745912881.6775331,185.8229637145996
185,1745912881.864588,185.9896183013916
186,1745912882.05457,189.98193740844727
187,1745912882.2838893,229.31933403015137
188,1745912882.468114,184.22460556030273
189,1745912882.6568875,187.76512145996094
190,1745912882.8510356,194.14806365966797
191,1745912883.0363264,184.27515029907227
192,1745912883.2236028,187.27636337280273
193,1745912883.4086914,185.0886344909668
194,1745912883.595224,185.3466033935547
195,1745912883.790186,194.9620246887207
196,1745912884.0286183,237.4129295349121
197,1745912884.2157235,187.1051788330078
198,1745912884.4021294,186.40589714050293
199,1745912884.589105,185.46271324157715
200,1745912884.842016,251.77955627441406
201,1745912885.032362,190.34600257873535
202,1745912885.2198484,187.4864101409912
203,1745912885.405771,184.91888046264648
204,1745912885.6677194,261.9483470916748
205,1745912885.8545175,186.798095703125
206,1745912886.0437918,188.27414512634277
207,1745912886.2287357,184.20815467834473
208,1745912886.4788585,249.1772174835205
209,1745912886.6644797,185.6212615966797
210,1745912886.8523011,187.8213882446289
211,1745912887.1036782,251.37710571289062
212,1745912887.2889478,184.2033863067627
213,1745912887.4782555,189.30768966674805
214,1745912887.665485,186.323881149292
215,1745912887.8515701,185.20545959472656
216,1745912888.0355961,184.02600288391113
217,1745912888.2259736,189.47124481201172
218,1745912888.4168584,190.88482856750488
219,1745912888.6063504,188.6429786682129
220,1745912888.7935038,187.15333938598633
221,1745912889.0358279,240.9834861755371
222,1745912889.2283595,191.51592254638672
223,1745912889.4127014,184.3419075012207
224,1745912889.6109655,197.2510814666748
225,1745912889.7981155,185.3809356689453
226,1745912890.0558636,257.7481269836426
227,1745912890.242172,186.3083839416504
228,1745912890.4369402,194.76819038391113
229,1745912890.6857264,248.78621101379395
230,1745912890.8818448,195.10960578918457
231,1745912891.067491,185.64629554748535
232,1745912891.2558706,188.37952613830566
233,1745912891.4405794,184.708833694458
234,1745912891.6254065,184.82708930969238
235,1745912891.9274108,302.004337310791
236,1745912892.124611,196.58446311950684
237,1745912892.3139246,189.3136501312256
238,1745912892.5052817,190.34624099731445
239,1745912892.6939695,188.68780136108398
240,1745912892.8852568,191.28727912902832
241,1745912893.1359358,250.67901611328125
242,1745912893.3238463,187.05391883850098
243,1745912893.5112119,185.35232543945312
244,1745912893.7508588,239.64691162109375
245,1745912893.9423668,191.50805473327637
246,1745912894.1319964,189.62955474853516
247,1745912894.3206081,188.6117458343506
248,1745912894.5094602,187.8519058227539
249,1745912894.7674797,256.1218738555908
250,1745912894.9549887,187.50905990600586
251,1745912895.1436555,187.65830993652344
252,1745912895.3317375,187.0732307434082
253,1745912895.519169,187.43157386779785
254,1745912895.7957358,275.56681632995605
255,1745912895.9900424,194.3066120147705
256,1745912896.178862,187.90411949157715
257,1745912896.3746574,195.79529762268066
258,1745912896.5642316,188.6751651763916
259,1745912896.8170316,252.79998779296875
260,1745912897.0035574,185.61077117919922
261,1745912897.1927323,189.17489051818848
262,1745912897.3824165,188.68446350097656
263,1745912897.5688317,185.4419708251953
264,1745912897.8380516,268.20969581604004
265,1745912898.0241492,186.0976219177246
266,1745912898.2126973,188.01069259643555
267,1745912898.3984706,185.77337265014648
268,1745912898.6756265,277.15587615966797
269,1745912898.966071,289.3989086151123
270,1745912899.1519694,185.8985424041748
271,1745912899.338741,186.77163124084473
272,1745912899.5249288,185.3175163269043
273,1745912899.7929454,267.02260971069336
274,1745912899.9815776,187.63351440429688
275,1745912900.170342,188.7643337249756
276,1745912900.3637388,192.43216514587402
277,1745912900.6317272,267.4822807312012
278,1745912900.9268951,295.1679229736328
279,1745912901.2186997,290.7705307006836
280,1745912901.405294,186.59424781799316
281,1745912901.5919232,186.6292953491211
282,1745912901.8480976,256.17432594299316
283,1745912902.0414321,192.33298301696777
284,1745912902.2279518,186.51962280273438
285,1745912902.413853,184.9973201751709
286,1745912902.5985243,183.9303970336914
287,1745912902.7879722,189.44787979125977
288,1745912902.9719741,184.00192260742188
289,1745912903.1603355,188.36140632629395
290,1745912903.345979,185.64343452453613
291,1745912903.5815997,234.6055507659912
292,1745912903.7699986,187.2873306274414
293,1745912903.9546154,184.6168041229248
294,1745912904.145593,189.9876594543457
295,1745912904.3340425,187.4377727508545
296,1745912904.5278635,192.90804862976074
297,1745912904.7155647,187.70122528076172
298,1745912904.9050512,189.48650360107422
299,1745912905.12713,222.07880020141602
300,1745912905.3197494,192.61932373046875
301,1745912905.5065606,185.9283447265625
302,1745912905.6975727,191.01214408874512
303,1745912905.883934,186.36131286621094
304,1745912906.0708334,186.89942359924316
305,1745912906.3357208,263.97085189819336
306,1745912906.5219576,186.23685836791992
307,1745912906.7110913,189.1336441040039
308,1745912906.8994505,188.35926055908203
309,1745912907.0848148,185.3642463684082
310,1745912907.2698839,184.08513069152832
311,1745912907.4546409,184.75699424743652
312,1745912907.6420844,186.44261360168457
313,1745912907.835002,192.9175853729248
314,1745912908.020039,185.03713607788086
315,1745912908.207323,186.28501892089844
316,1745912908.3959632,187.2398853302002
317,1745912908.6047091,208.74595642089844
318,1745912908.7906544,184.9386692047119
319,1745912908.9769785,186.3241195678711
320,1745912909.165007,188.02857398986816
321,1745912909.3507135,184.79061126708984
322,1745912909.5357933,184.15498733520508
323,1745912909.832741,296.947717666626
324,1745912910.0180721,185.3311061859131
325,1745912910.2055328,186.47146224975586
326,1745912910.4468806,241.3477897644043
327,1745912910.6346438,187.76321411132812
328,1745912910.821745,187.1011257171631
329,1745912911.0063815,184.05508995056152
330,1745912911.191897,185.5154037475586
331,1745912912.0384705,844.9676036834717
332,1745912912.2286074,189.28122520446777
333,1745912912.4233966,194.78917121887207
334,1745912912.6378045,214.40792083740234
335,1745912912.908261,269.4568634033203
336,1745912913.1062706,198.00949096679688
337,1745912913.29446,187.18814849853516
338,1745912913.5154436,219.9866771697998
339,1745912913.821903,306.4594268798828
340,1745912914.0057793,183.87627601623535
341,1745912914.192482,185.7893466949463
342,1745912914.3772736,184.79156494140625
343,1745912914.5656118,187.34216690063477
344,1745912914.7504816,184.86976623535156
345,1745912914.9377105,186.2032413482666
346,1745912915.1246805,186.96999549865723
347,1745912915.3107772,186.0966682434082
348,1745912915.4975312,186.7539882659912
349,1745912915.6846585,185.7004165649414
350,1745912915.870124,185.46557426452637
351,1745912916.1487503,278.6262035369873
352,1745912916.3339643,185.21404266357422
353,1745912916.5210297,187.06536293029785
354,1745912916.7977898,275.84338188171387
355,1745912916.9856482,186.87081336975098
356,1745912917.176037,190.38891792297363
357,1745912917.3617036,184.75961685180664
358,1745912917.5465934,184.8897933959961
359,1745912917.8063045,258.71825218200684
360,1745912917.9935026,187.19816207885742
361,1745912918.1798842,186.38157844543457
362,1745912918.3653736,184.4186782836914
363,1745912918.552172,185.8210563659668
364,1745912918.9483147,396.14272117614746
365,1745912919.1359973,186.43498420715332
366,1745912919.3240378,188.04049491882324
367,1745912919.5176842,193.0994987487793
368,1745912919.70449,186.80572509765625
369,1745912919.964072,259.5820426940918
370,1745912920.149896,185.82391738891602
371,1745912920.3336296,183.73370170593262
372,1745912920.519305,185.67538261413574
373,1745912920.7034562,184.15117263793945
374,1745912920.8918262,187.35647201538086
375,1745912921.0803783,187.03484535217285
376,1745912921.2661755,185.79721450805664
377,1745912921.4509723,183.80975723266602
378,1745912921.636228,185.255765914917
379,1745912921.8242466,188.0185604095459
380,1745912922.1223528,298.10619354248047
381,1745912922.3090591,185.69469451904297
382,1745912922.4949088,185.84966659545898
383,1745912922.726858,230.94892501831055
384,1745912922.9121907,185.3327751159668
385,1745912923.0978315,185.64081192016602
386,1745912923.3163846,218.5530662536621
387,1745912923.500618,184.2334270477295
388,1745912923.6849978,184.37981605529785
389,1745912923.8684468,183.44902992248535
390,1745912924.0535038,183.72535705566406
391,1745912924.240588,187.08419799804688
392,1745912924.4291563,187.66021728515625
393,1745912924.6844804,255.324125289917
394,1745912924.8700373,185.55688858032227
395,1745912925.0560796,185.0578784942627
396,1745912925.2425394,186.45977973937988
397,1745912925.4286878,186.14840507507324
398,1745912925.6180983,188.41004371643066
399,1745912925.9024794,284.3811511993408
400,1745912926.089754,187.27469444274902
401,1745912926.276675,185.89186668395996
402,1745912926.523714,247.0390796661377
403,1745912926.7102096,185.95027923583984
404,1745912926.897311,187.1013641357422
405,1745912927.087776,190.46497344970703
406,1745912927.3509588,262.21370697021484
407,1745912927.5400617,188.10248374938965
408,1745912927.7261407,186.0790252685547
409,1745912927.9134426,187.3018741607666
410,1745912928.1010094,187.56675720214844
411,1745912928.2873416,186.33222579956055
412,1745912928.472614,185.2724552154541
413,1745912928.6588452,185.32633781433105
414,1745912928.8539135,195.068359375
415,1745912929.03845,184.53645706176758
416,1745912929.2943723,254.9428939819336
417,1745912929.4836836,189.31126594543457
418,1745912929.6733248,189.64123725891113
419,1745912929.8591921,184.84926223754883
420,1745912930.0444376,185.24551391601562
421,1745912930.306417,260.97559928894043
422,1745912930.4904335,184.01646614074707
423,1745912930.677843,186.39111518859863
424,1745912930.9351475,257.30443000793457
425,1745912931.227635,292.48738288879395
426,1745912931.4145048,185.86492538452148
427,1745912931.5994902,184.98539924621582
428,1745912931.8526363,253.14617156982422
429,1745912932.0384693,184.82494354248047
430,1745912932.2217665,183.29715728759766
431,1745912932.4066122,183.8855743408203
432,1745912932.6586096,251.9974708557129
433,1745912932.8450618,185.48202514648438
434,1745912933.030382,184.68952178955078
435,1745912933.2182684,186.8722438812256
436,1745912933.4039216,185.6532096862793
437,1745912933.594413,189.96119499206543
438,1745912933.8823557,287.94264793395996
439,1745912934.899075,nan
440,1745912935.1136847,214.60962295532227
441,1745912935.302266,187.61706352233887
442,1745912935.4942088,190.43612480163574
443,1745912935.6808753,185.64653396606445
444,1745912935.930841,248.96621704101562
445,1745912936.1198847,189.04376029968262
446,1745912936.3057075,184.8289966583252
447,1745912936.4921646,186.45715713500977
448,1745912936.766789,274.6243476867676
449,1745912937.0760374,309.2484474182129
450,1745912937.2616987,185.66131591796875
451,1745912937.4597917,198.09293746948242
452,1745912937.6448674,185.0757598876953
453,1745912937.8336847,188.81726264953613
454,1745912938.0205545,186.86985969543457
455,1745912938.205821,185.26649475097656
456,1745912938.3989198,193.098783493042
457,1745912938.5851343,186.21444702148438
458,1745912938.7746677,189.53347206115723
459,1745912938.9610562,185.42098999023438
460,1745912939.1480808,185.9912872314453
461,1745912939.3358603,187.77942657470703
462,1745912939.5211737,185.31346321105957
463,1745912939.716773,195.59931755065918
464,1745912939.904551,186.86604499816895
465,1745912940.1383603,233.809232711792
466,1745912940.3299909,190.27376174926758
467,1745912940.5152676,184.36169624328613
468,1745912940.7513244,235.05091667175293
469,1745912940.9360914,184.7670078277588
470,1745912941.1260397,188.65227699279785
471,1745912941.373541,247.50137329101562
472,1745912941.5716674,198.12631607055664
473,1745912941.7587214,186.13457679748535
474,1745912941.9566703,196.58160209655762
475,1745912942.142096,185.4257583618164
476,1745912942.3813624,239.26639556884766
477,1745912942.5664735,185.11104583740234
478,1745912942.751853,185.3795051574707
479,1745912942.9954453,243.5922622680664
480,1745912943.1826382,186.1879825592041
481,1745912943.3674407,184.80253219604492
482,1745912943.555093,186.4337921142578
483,1745912943.743542,185.93478202819824
484,1745912943.9300091,186.46717071533203
485,1745912944.1155257,185.5165958404541
486,1745912944.301199,185.67323684692383
487,1745912944.4854069,184.20791625976562
488,1745912944.6714113,185.1022243499756
489,1745912944.8566842,185.2729320526123
490,1745912945.8587015,nan
491,1745912946.8670297,nan
492,1745912947.0567725,188.86256217956543
493,1745912947.3063898,249.617338180542
494,1745912947.4935248,187.1349811553955
495,1745912947.6854,191.87521934509277
496,1745912947.9251258,239.72582817077637
497,1745912948.1167974,191.67160987854004
498,1745912948.3140051,196.19512557983398
499,1745912948.5020664,188.06123733520508
500,1745912948.7303762,228.30986976623535
501,1745912948.916273,184.9822998046875
502,1745912949.101827,184.5860481262207
503,1745912949.3564897,253.15022468566895
504,1745912949.542278,184.4785213470459
505,1745912949.7322335,189.955472946167
506,1745912949.9222612,188.51447105407715
507,1745912950.1807365,256.8645477294922
508,1745912950.3696046,188.86804580688477
509,1745912950.561443,190.88411331176758
510,1745912950.745332,183.88891220092773
511,1745912950.9985728,253.24082374572754
512,1745912951.187983,189.41020965576172
513,1745912951.3760402,187.1013641357422
514,1745912951.5645971,188.55690956115723
515,1745912951.750094,185.49680709838867
516,1745912952.0246377,274.54376220703125
517,1745912952.2359376,211.29989624023438
518,1745912952.4269142,189.9724006652832
519,1745912952.6126428,185.7285499572754
520,1745912952.7999713,186.42425537109375
521,1745912953.0495362,249.56488609313965
522,1745912953.235578,185.0883960723877
523,1745912954.239336,nan
524,1745912954.433452,194.11587715148926
525,1745912954.6181235,184.67164039611816
526,1745912954.8945227,275.4790782928467
527,1745912955.187992,293.4694290161133
528,1745912955.3748121,186.82003021240234
529,1745912955.561797,186.98477745056152
530,1745912955.7498746,188.0776882171631
531,1745912956.0123978,261.77096366882324
532,1745912956.1978662,185.4684352874756
533,1745912956.3879728,188.75741958618164
534,1745912956.582659,194.6861743927002
535,1745912956.7698908,186.2325668334961
536,1745912957.0417163,270.92552185058594
537,1745912957.2878215,246.10519409179688
538,1745912957.4845219,196.7003345489502
539,1745912957.6709704,186.4485740661621
540,1745912957.85756,185.58287620544434
541,1745912958.1784248,320.8649158477783
542,1745912958.3659496,186.5243911743164
543,1745912958.5597696,193.81999969482422
544,1745912958.7508938,191.12420082092285
545,1745912958.9375803,186.68651580810547
546,1745912959.1258156,188.23528289794922
547,1745912960.1292696,nan
548,1745912960.3232968,193.0696964263916
549,1745912961.340169,nan
550,1745912961.5344374,193.39346885681152
551,1745912962.5420952,nan
552,1745912963.5541441,nan
553,1745912964.5652075,nan
554,1745912964.757607,192.3995018005371
555,1745912964.9489617,189.95261192321777
556,1745912965.9642386,nan
557,1745912966.9784412,nan
558,1745912967.988342,nan
559,1745912968.9960315,nan
560,1745912970.0109081,nan
561,1745912971.025443,nan
562,1745912971.219909,194.46587562561035
563,1745912971.4150667,195.1577663421631
564,1745912972.4398196,nan
565,1745912973.451207,nan
566,1745912974.4662774,nan
567,1745912975.4771845,nan
568,1745912976.486799,nan
569,1745912977.5012343,nan
570,1745912978.511706,nan
571,1745912979.5234957,nan
572,1745912979.7158804,192.3847198486328
573,1745912980.7188268,nan
574,1745912981.7281654,nan
575,1745912982.74428,nan
576,1745912983.7563467,nan
577,1745912983.955058,197.66950607299805
578,1745912984.1513667,195.33991813659668
579,1745912984.3465953,195.22857666015625
580,1745912984.5393188,192.72351264953613
581,1745912984.7822075,242.02942848205566
582,1745912985.7914443,nan
583,1745912985.988415,196.09808921813965
584,1745912986.9916081,nan
585,1745912988.0009205,nan
586,1745912989.016915,nan
587,1745912989.210698,192.91067123413086
588,1745912989.403314,192.61622428894043
589,1745912989.599617,195.79291343688965
590,1745912989.7935529,193.93587112426758
591,1745912990.802236,nan
592,1745912991.8174086,nan
593,1745912992.0099394,192.53087043762207
594,1745912992.2701266,260.18714904785156
595,1745912993.279853,nan
596,1745912993.5931013,313.2481575012207
597,1745912993.784155,190.36459922790527
598,1745912994.7887366,nan
599,1745912994.9991186,210.38198471069336
600,1745912995.2016964,202.5778293609619
601,1745912996.205849,nan
602,1745912997.214213,nan
603,1745912997.40671,191.8811798095703
604,1745912997.598767,192.05713272094727
605,1745912998.6151228,nan
606,1745912999.621873,nan
607,1745912999.8154488,193.57585906982422
608,1745913000.0175815,202.1327018737793
609,1745913000.247126,229.54463958740234
610,1745913000.4421952,194.0624713897705
611,1745913000.6356077,193.41254234313965
612,1745913001.6419766,nan
613,1745913002.6590388,nan
614,1745913003.6687527,nan
615,1745913003.8699698,201.2171745300293
616,1745913004.063637,192.34681129455566
617,1745913005.074837,nan
618,1745913006.0796075,nan
619,1745913006.277711,197.12328910827637
620,1745913006.4998722,220.58343887329102
621,1745913006.810986,310.06717681884766
622,1745913007.0536664,242.68031120300293
623,1745913007.248902,195.2357292175293
624,1745913007.4409451,191.18070602416992
625,1745913008.4447277,nan
626,1745913008.7448814,299.2360591888428
627,1745913009.7527459,nan
628,1745913009.9455714,192.8255558013916
629,1745913010.138628,193.05658340454102
630,1745913010.330026,191.39790534973145
631,1745913010.5239437,193.91775131225586
632,1745913010.718039,194.09537315368652
633,1745913010.99588,277.84085273742676
634,1745913012.0049736,nan
635,1745913012.2272696,222.29599952697754
636,1745913012.4198616,191.58363342285156
637,1745913012.6133313,192.4443244934082
638,1745913013.617751,nan
639,1745913014.6301801,nan
640,1745913015.641774,nan
641,1745913016.6564417,nan
642,1745913017.6818979,nan
643,1745913017.8839087,202.0108699798584
644,1745913018.0785291,193.6166286468506
645,1745913019.0833895,nan
646,1745913020.0964112,nan
647,1745913020.6282566,531.8453311920166
648,1745913020.8152764,187.01982498168945
649,1745913021.0346494,219.37298774719238
650,1745913021.2218122,186.16318702697754
651,1745913021.4109235,189.11123275756836
652,1745913021.6551552,244.2317008972168
653,1745913021.8447065,188.54284286499023
654,1745913022.8495984,nan
655,1745913023.0422142,191.93243980407715
656,1745913023.2294881,185.76741218566895
657,1745913023.4229603,192.47102737426758
658,1745913023.6105146,187.04962730407715
659,1745913023.8033288,192.81411170959473
660,1745913023.9899545,185.75096130371094
661,1745913024.175826,185.87160110473633
662,1745913024.3669562,190.1547908782959
663,1745913024.5542908,187.33453750610352
664,1745913024.8135927,259.30190086364746
665,1745913024.9985702,183.96496772766113
666,1745913025.189842,191.27178192138672
667,1745913025.4408202,249.9680519104004
668,1745913025.6285775,185.6400966644287
669,1745913025.814627,186.0494613647461
670,1745913026.0027225,188.0955696105957
671,1745913026.189436,185.7142448425293
672,1745913026.381115,191.6790008544922
673,1745913026.6688366,287.7216339111328
674,1745913026.856498,187.66140937805176
675,1745913027.0416677,184.24034118652344
676,1745913027.2884555,246.78778648376465
677,1745913027.474593,185.14776229858398
678,1745913027.6611946,186.6016387939453
679,1745913027.84648,184.30066108703613
680,1745913028.0305197,184.03983116149902
681,1745913028.21871,187.27612495422363
682,1745913028.4110785,192.3685073852539
683,1745913028.5990486,187.97016143798828
684,1745913028.7845685,184.52167510986328
685,1745913028.9713843,185.81509590148926
686,1745913029.1586394,186.2928867340088
687,1745913029.4378316,279.1922092437744
688,1745913029.623915,184.7219467163086
689,1745913029.8106015,186.68651580810547
690,1745913029.9976904,186.12337112426758
691,1745913030.1827598,184.0522289276123
692,1745913030.4633396,280.5798053741455
693,1745913030.649864,185.94813346862793
694,1745913031.6557758,nan
695,1745913032.4347165,778.9406776428223
696,1745913032.6216197,186.39898300170898
697,1745913032.919332,296.71740531921387
698,1745913033.105466,186.13386154174805
699,1745913033.29346,187.99400329589844
700,1745913033.4778583,184.39841270446777
701,1745913033.6811028,202.25024223327637
702,1745913033.8653877,184.28492546081543
703,1745913034.053671,188.28320503234863
704,1745913034.2391493,185.47844886779785
705,1745913034.4258933,185.72378158569336
706,1745913034.610495,183.54272842407227
707,1745913034.8653061,254.81104850769043
708,1745913035.0553076,188.69256973266602
709,1745913035.2710767,215.76905250549316
710,1745913036.2806382,nan
711,1745913036.4682999,186.83123588562012
712,1745913036.6568239,187.51192092895508
713,1745913036.9049923,247.01499938964844
714,1745913037.0908182,185.82582473754883
715,1745913037.2807431,189.924955368042
716,1745913037.4684494,187.70623207092285
717,1745913037.6614525,193.00317764282227
718,1745913037.8503115,188.8589859008789
719,1745913038.0384173,187.07919120788574
720,1745913038.223797,185.3797435760498
721,1745913038.4100468,186.2497329711914
722,1745913038.597938,186.89274787902832
723,1745913038.8517973,253.859281539917
724,1745913039.16189,310.0926876068115
725,1745913039.3498125,186.39063835144043
726,1745913039.5365098,185.6997013092041
727,1745913039.7221112,185.60147285461426
728,1745913039.9076838,184.05532836914062
729,1745913040.093559,184.87238883972168
730,1745913040.3394907,244.66252326965332
731,1745913040.5254006,184.9985122680664
732,1745913040.710708,185.30726432800293
733,1745913040.908483,197.77512550354004
734,1745913041.9120367,nan
735,1745913042.104591,192.55423545837402
736,1745913042.3255603,220.96943855285645
737,1745913042.5113237,184.7844123840332
738,1745913042.699964,188.64035606384277
739,1745913042.9396338,238.66915702819824
740,1745913043.1320157,191.36953353881836
741,1745913043.3324668,200.45113563537598
742,1745913043.524348,191.8811798095703
743,1745913043.7762442,251.89614295959473
744,1745913043.9594648,183.22062492370605
745,1745913044.1466851,187.22033500671387
746,1745913044.335774,188.08865547180176
747,1745913044.523691,187.91699409484863
748,1745913044.7150977,190.39678573608398
749,1745913044.9864032,270.30158042907715
750,1745913045.1719177,185.5144500732422
751,1745913045.3712091,199.29146766662598
752,1745913045.622386,251.1768341064453
753,1745913045.807535,184.28444862365723
754,1745913045.9935925,186.05756759643555
755,1745913046.1776881,184.0956211090088
756,1745913046.426991,248.39186668395996
757,1745913046.6214871,194.49615478515625
758,1745913046.8075004,186.01322174072266
759,1745913047.0648303,257.32994079589844
760,1745913047.361791,295.90463638305664
761,1745913047.5496905,186.8579387664795
762,1745913047.7418122,191.12324714660645
763,1745913047.9294558,187.64352798461914
764,1745913048.1162758,185.83440780639648
765,1745913048.3656113,249.33552742004395
766,1745913048.552646,187.03460693359375
767,1745913048.7417874,189.14151191711426
768,1745913048.9978418,256.0544013977051
769,1745913049.185756,187.9141330718994
770,1745913049.3703146,184.55862998962402
771,1745913049.6036887,232.3739528656006
772,1745913049.7911255,187.4368190765381
773,1745913049.9773552,185.4536533355713
774,1745913050.1678963,189.03183937072754
775,1745913050.4322135,263.3984088897705
776,1745913050.7257497,292.4325466156006
777,1745913050.9116373,185.88757514953613
778,1745913051.1019523,190.31500816345215
779,1745913051.3511071,247.64752388000488
780,1745913051.644241,292.12498664855957
781,1745913051.8324966,188.25554847717285
782,1745913052.0191593,186.6626739501953
783,1745913052.219841,199.69844818115234
784,1745913052.4207296,199.94139671325684
785,1745913052.6117399,191.0102367401123
786,1745913052.7987263,185.9912872314453
787,1745913053.0758574,276.139497756958
788,1745913053.2638583,188.00091743469238
789,1745913053.4511542,186.4914894104004
790,1745913053.6993768,248.22258949279785
791,1745913053.88813,187.78228759765625
792,1745913054.0755508,187.42084503173828
793,1745913054.2640996,188.54880332946777
794,1745913054.449903,185.80341339111328
795,1745913054.6370058,187.1027946472168
796,1745913054.8234122,185.40573120117188
797,1745913055.0374863,214.07413482666016
798,1745913055.3492286,311.74230575561523
799,1745913055.5363479,187.1192455291748
800,1745913055.7238941,187.5462532043457
801,1745913055.909614,184.7071647644043
802,1745913056.12181,211.2898826599121
803,1745913056.3117137,188.29917907714844
804,1745913056.4994304,186.68341636657715
805,1745913056.6858153,185.3957176208496
806,1745913056.9784906,291.1994457244873
807,1745913057.1640568,185.56618690490723
808,1745913058.1746857,nan
809,1745913058.411544,236.85836791992188
810,1745913058.5969162,185.37211418151855
811,1745913058.7834656,185.14132499694824
812,1745913058.972653,189.18728828430176
813,1745913059.1573422,183.6841106414795
814,1745913059.3438742,186.53202056884766
815,1745913059.5397177,195.16539573669434
816,1745913059.726417,186.69939041137695
817,1745913059.9581444,231.72736167907715
818,1745913060.1517804,193.6359405517578
819,1745913060.3385115,186.73110008239746
820,1745913060.5232449,184.73339080810547
821,1745913060.7095566,185.30631065368652
822,1745913060.8977711,188.21454048156738
823,1745913061.08067,182.89899826049805
824,1745913061.2656634,183.98427963256836
825,1745913061.4533875,187.72411346435547
826,1745913061.6377242,184.33666229248047
827,1745913061.822068,184.34381484985352
828,1745913062.0065496,184.48162078857422
829,1745913062.1935365,186.98692321777344
830,1745913062.3780172,182.74879455566406
831,1745913062.5623198,183.2444667816162
832,1745913062.7854922,222.17822074890137
833,1745913062.9915853,206.09307289123535
834,1745913063.2021203,210.02769470214844
835,1745913063.3867197,184.5993995666504
836,1745913063.5735855,186.86580657958984
837,1745913063.7590413,184.44156646728516
838,1745913063.943328,183.28261375427246
839,1745913064.1308482,186.8727207183838
840,1745913064.3170447,186.19656562805176
841,1745913064.5025918,185.5471134185791
842,1745913064.6876972,184.1104030609131
843,1745913064.8771694,189.47219848632812
844,1745913065.0636127,186.44332885742188
845,1745913065.249282,185.6691837310791
846,1745913065.4514387,202.15678215026855
847,1745913065.6702182,217.9107666015625
848,1745913065.8847947,213.49501609802246
849,1745913066.0971792,212.38446235656738
850,1745913066.282507,185.32776832580566
851,1745913066.4701612,187.6542568206787
852,1745913066.6564674,186.30623817443848
853,1745913066.8433893,186.9218349456787
854,1745913067.0300713,186.68198585510254
855,1745913067.2178824,187.81113624572754
856,1745913067.4036613,185.77885627746582
857,1745913067.5899339,184.9222183227539
858,1745913067.7748997,184.9658489227295
859,1745913067.9701576,195.25790214538574
860,1745913068.1949387,223.79302978515625
861,1745913068.3936334,198.69470596313477
862,1745913068.6126595,219.0260887145996
863,1745913068.8111112,197.49045372009277
864,1745913069.004508,192.37780570983887
865,1745913069.2703464,264.8274898529053
866,1745913069.471193,200.84667205810547
867,1745913069.6595266,188.33351135253906
868,1745913069.8470538,186.51962280273438
869,1745913070.0347495,187.69574165344238
870,1745913070.220498,184.74936485290527
871,1745913070.414944,193.42780113220215
872,1745913070.6018105,186.86652183532715
873,1745913070.787992,186.18154525756836
874,1745913070.9746,185.66441535949707
875,1745913071.2326307,257.11774826049805
876,1745913071.5159822,283.3514213562012
877,1745913071.7020931,186.1109733581543
878,1745913071.8898702,187.77704238891602
879,1745913072.0772045,187.3342990875244
880,1745913072.2734787,195.39570808410645
881,1745913072.460755,186.2618923187256
882,1745913072.6461608,183.41994285583496
883,1745913072.8342397,188.0788803100586
884,1745913073.0208228,186.5830421447754
885,1745913073.2074797,186.65695190429688
886,1745913073.46111,252.71177291870117
887,1745913073.6484396,187.32953071594238
888,1745913073.836882,188.44246864318848
889,1745913074.0275195,189.64409828186035
890,1745913074.213568,186.0485076904297
891,1745913074.401984,187.40606307983398
892,1745913074.5868528,184.86881256103516
893,1745913074.7974207,209.64455604553223
894,1745913074.9894712,192.05045700073242
895,1745913075.1765175,187.04628944396973
896,1745913075.361924,184.45420265197754
897,1745913075.604912,242.98810958862305
898,1745913075.7925618,187.64972686767578
899,1745913075.9897301,196.13933563232422
900,1745913076.1758423,185.12487411499023
901,1745913076.3635836,187.74127960205078
902,1745913076.555525,191.941499710083
903,1745913076.7440376,188.51256370544434
904,1745913077.0567322,311.57827377319336
905,1745913077.2417374,185.00518798828125
906,1745913077.4298327,187.13140487670898
907,1745913077.6185868,187.78753280639648
908,1745913077.805725,187.13831901550293
909,1745913077.993535,186.81049346923828
910,1745913078.1796753,186.1402988433838
911,1745913078.3663473,186.67197227478027
912,1745913078.5522661,185.91880798339844
913,1745913078.7395809,187.3147487640381
914,1745913079.0038815,264.3005847930908
915,1745913079.1885886,184.7071647644043
916,1745913079.3776886,189.1000270843506
917,1745913079.569812,192.1234130859375
918,1745913079.7579894,188.17734718322754
919,1745913079.950645,192.6555633544922
920,1745913080.143711,192.06547737121582
921,1745913080.3317068,186.74921989440918
922,1745913080.5196247,187.91794776916504
923,1745913080.7058384,184.99279022216797
924,1745913080.9461324,240.2939796447754
925,1745913081.1334646,186.29813194274902
926,1745913081.3371792,203.71460914611816
927,1745913082.3465362,nan
928,1745913082.5338314,186.40375137329102
929,1745913082.7235594,188.3409023284912
930,1745913082.9903908,266.8313980102539
931,1745913083.1782866,186.50579452514648
932,1745913083.3659515,187.66498565673828
933,1745913083.6125479,244.19593811035156
934,1745913083.9062839,293.7359809875488
935,1745913084.0941906,186.91658973693848
936,1745913084.279477,185.286283493042
937,1745913084.4638307,184.35382843017578
938,1745913084.662533,197.70455360412598
939,1745913084.8470726,184.5395565032959
940,1745913085.1492875,301.2685775756836
941,1745913085.4453998,296.1122989654541
942,1745913085.6310036,185.60385704040527
943,1745913085.8190534,187.0400905609131
944,1745913086.0663729,246.3083267211914
945,1745913086.2635233,197.15046882629395
946,1745913086.4535668,190.04344940185547
947,1745913086.638472,184.9052906036377
948,1745913086.8738003,235.32819747924805
949,1745913087.0606923,186.89203262329102
950,1745913087.2478428,186.1412525177002
951,1745913087.4975595,248.7187385559082
952,1745913087.6832373,184.6938133239746
953,1745913087.8687146,184.47136878967285
954,1745913088.0542681,185.55355072021484
955,1745913088.2396731,185.40501594543457
956,1745913088.4267192,186.13958358764648
957,1745913088.6174095,190.690279006958
958,1745913088.8037832,184.54885482788086
959,1745913088.9906745,186.8913173675537
960,1745913089.176543,185.868501663208
961,1745913089.443393,266.8499946594238
962,1745913089.62966,185.26077270507812
963,1745913089.8152282,185.56833267211914
964,1745913090.045503,229.26735877990723
965,1745913090.2318206,186.31768226623535
966,1745913090.4184484,186.62786483764648
967,1745913090.6154518,196.12646102905273
968,1745913090.807646,191.18762016296387
969,1745913090.9934428,184.798002243042
970,1745913091.179202,185.25004386901855
971,1745913091.3680408,187.84689903259277
972,1745913091.587671,219.63024139404297
973,1745913091.7732916,184.6613883972168
974,1745913091.96207,188.77840042114258
975,1745913092.1486282,185.00494956970215
976,1745913092.3338318,185.20355224609375
977,1745913092.520126,185.7163906097412
978,1745913092.7095184,189.3923282623291
979,1745913092.9221768,212.65840530395508
980,1745913093.108338,186.16127967834473
981,1745913093.2943714,185.02426147460938
982,1745913093.4807234,186.35201454162598
983,1745913093.6673517,185.71877479553223
984,1745913093.9560316,287.7371311187744
985,1745913094.1416295,185.59789657592773
986,1745913094.3268516,184.2207908630371
987,1745913094.515008,188.1563663482666
988,1745913094.7009618,185.95385551452637
989,1745913094.8919327,190.97089767456055
990,1745913095.166705,274.77216720581055
991,1745913095.3551176,188.41266632080078
992,1745913095.5406928,185.5752468109131
993,1745913095.7904878,249.79496002197266
994,1745913095.977461,185.9729290008545
995,1745913096.1645467,187.08562850952148
996,1745913096.3518877,186.85340881347656
997,1745913096.5499518,198.06408882141113
998,1745913096.7345974,184.6456527709961
999,1745913096.925514,190.9165382385254
1000,1745913097.11066,184.22746658325195
1001,1745913097.3202817,209.62166786193848
1002,1745913097.5074944,185.9900951385498
1003,1745913097.6934476,184.0372085571289
1004,1745913097.8790197,185.57214736938477
1005,1745913098.0656123,186.59257888793945
1006,1745913098.2527533,187.14094161987305
1007,1745913098.4759176,222.5508689880371
1008,1745913098.7660093,290.09175300598145
1009,1745913099.0609758,294.966459274292
1010,1745913099.2488642,187.88838386535645
1011,1745913099.43553,185.7926845550537
1012,1745913099.6222274,186.69748306274414
1013,1745913099.8087814,186.553955078125
1014,1745913099.9956405,186.859130859375
1015,1745913100.1780646,182.42406845092773
1016,1745913100.3636668,184.63420867919922
1017,1745913100.5512366,187.56985664367676
1018,1745913100.743896,191.66016578674316
1019,1745913100.9396772,194.77558135986328
1020,1745913101.9541483,nan
1021,1745913102.1406832,185.33730506896973
1022,1745913102.3277566,187.0734691619873
1023,1745913102.5459037,217.1456813812256
1024,1745913102.7305343,184.6306324005127
1025,1745913102.9165092,184.97419357299805
1026,1745913103.1105537,194.0445899963379
1027,1745913103.2958326,185.27889251708984
1028,1745913103.4804695,183.51459503173828
1029,1745913103.6667314,185.3036880493164
1030,1745913103.854349,186.7046356201172
1031,1745913104.0918581,236.51647567749023
1032,1745913104.276767,183.99810791015625
1033,1745913104.4632368,186.46979331970215
1034,1745913104.6503904,187.15357780456543
1035,1745913104.8385155,187.24942207336426
1036,1745913105.1002626,260.7462406158447
1037,1745913105.289845,188.38262557983398
1038,1745913105.4770014,187.15643882751465
1039,1745913105.6644316,186.492919921875
1040,1745913105.8498025,184.33833122253418
1041,1745913106.0372472,187.44468688964844
1042,1745913106.2248573,187.61014938354492
1043,1745913106.4112854,186.42807006835938
1044,1745913106.6403964,228.11174392700195
1045,1745913106.8255858,185.18948554992676
1046,1745913107.0157619,190.17601013183594
1047,1745913107.2615678,245.8059787750244
1048,1745913107.450507,188.93909454345703
1049,1745913107.6397138,189.2068386077881
1050,1745913107.827028,186.29717826843262
1051,1745913108.0118659,183.84099006652832
1052,1745913108.1968448,183.9752197265625
1053,1745913108.3840163,187.17145919799805
1054,1745913108.5733478,188.72833251953125
1055,1745913108.758093,184.74531173706055
1056,1745913108.9936335,234.63010787963867
1057,1745913109.1806667,186.4778995513916
1058,1745913109.369555,187.90435791015625
1059,1745913109.6178896,247.38764762878418
1060,1745913109.8039534,186.0637664794922
1061,1745913109.9904902,185.5323314666748
1062,1745913110.1772964,186.80620193481445
1063,1745913110.3659236,187.44730949401855
1064,1745913110.5516627,185.73904037475586
1065,1745913110.835749,283.08606147766113
1066,1745913111.030573,193.8169002532959
1067,1745913111.227672,196.1042881011963
1068,1745913111.4563603,228.68824005126953
1069,1745913111.6412256,184.86523628234863
1070,1745913111.827435,184.72528457641602
1071,1745913112.0736647,246.2296485900879
1072,1745913112.2825005,207.83042907714844
1073,1745913112.4856687,203.16815376281738
1074,1745913112.6732168,187.54816055297852
1075,1745913112.8615246,187.3018741607666
1076,1745913113.0456326,184.10801887512207
1077,1745913113.2311616,184.53383445739746
1078,1745913113.4185758,186.41400337219238
1079,1745913113.8152752,396.6994285583496
1080,1745913114.0022278,186.00821495056152
1081,1745913114.1957304,193.50266456604004
1082,1745913114.3845854,187.96610832214355
1083,1745913114.5721533,186.60902976989746
1084,1745913114.757839,185.6856346130371
1085,1745913114.9436302,185.7912540435791
1086,1745913115.132111,187.03103065490723
1087,1745913115.32031,188.19904327392578
1088,1745913115.5085652,188.25507164001465
1089,1745913115.6966136,188.0483627319336
1090,1745913115.960462,263.84854316711426
1091,1745913116.1561992,195.73712348937988
1092,1745913116.3679,210.7224464416504
1093,1745913116.5556872,186.7825984954834
1094,1745913116.7433734,187.68620491027832
1095,1745913116.9281065,184.73315238952637
1096,1745913117.1143825,186.27595901489258
1097,1745913117.401056,286.67354583740234
1098,1745913117.6978042,296.74816131591797
1099,1745913117.913472,215.667724609375
1100,1745913118.1288438,215.37184715270996
1101,1745913118.3399947,211.1508846282959
1102,1745913118.5580847,218.09005737304688
1103,1745913118.8364828,278.3980369567871
1104,1745913119.048521,212.0382785797119
1105,1745913119.2697372,221.21620178222656
1106,1745913119.5495,278.8116931915283
1107,1745913119.7564642,205.97219467163086
1108,1745913120.1468604,390.3961181640625
1109,1745913120.375886,229.02560234069824
1110,1745913120.5933337,216.4907455444336
1111,1745913120.801181,207.84735679626465
1112,1745913121.0736554,272.4742889404297
1113,1745913121.263378,189.72253799438477
1114,1745913121.466792,203.4142017364502
1115,1745913121.7505171,282.52196311950684
1116,1745913121.9891028,237.57696151733398
1117,1745913122.2221043,231.92381858825684
1118,1745913122.42951,207.40580558776855
1119,1745913122.625379,195.86896896362305
1120,1745913122.824057,198.67801666259766
1121,1745913123.138126,314.0687942504883
1122,1745913123.4396584,301.532506942749
1123,1745913123.66794,227.30588912963867
1124,1745913123.9509778,283.0379009246826
1125,1745913124.154326,203.34815979003906
1126,1745913124.3864777,231.1539649963379
1127,1745913124.6019337,215.4560089111328
1128,1745913124.8278353,225.90160369873047
1129,1745913125.1785252,350.6898880004883
1130,1745913125.484666,305.16934394836426
1131,1745913125.7997437,315.077543258667
1132,1745913126.0696218,269.8781490325928
1133,1745913126.2658923,196.27046585083008
1134,1745913126.4643054,197.65853881835938
1135,1745913126.6669602,202.65483856201172
1136,1745913126.8734586,205.49798011779785
1137,1745913127.0810401,206.5587043762207
1138,1745913127.3084688,227.42867469787598
1139,1745913127.5534444,244.97556686401367
1140,1745913127.816308,262.3589038848877
1141,1745913128.0225203,206.21228218078613
1142,1745913128.2212775,197.75676727294922
1143,1745913128.4552453,233.96778106689453
1144,1745913128.6753676,219.1164493560791
1145,1745913128.8687422,192.37470626831055
1146,1745913129.1846404,315.89818000793457
1147,1745913129.47777,293.12968254089355
1148,1745913129.743265,265.49482345581055
1149,1745913129.9572222,213.08255195617676
1150,1745913130.1893518,232.12957382202148
1151,1745913130.3854768,194.97346878051758
1152,1745913130.5723302,186.85340881347656
1153,1745913130.7555447,183.2144260406494
1154,1745913130.9797761,223.29235076904297
1155,1745913131.164792,185.01591682434082
1156,1745913131.35068,185.88805198669434
1157,1745913131.5378802,187.20006942749023
1158,1745913132.5399876,nan
1159,1745913132.7356532,195.6655979156494
1160,1745913132.9640787,227.91743278503418
1161,1745913133.1506894,186.61069869995117
1162,1745913134.1593778,nan
1163,1745913134.3458836,186.50579452514648
1164,1745913134.5345879,188.704252243042
1165,1745913134.721008,186.42020225524902
1166,1745913134.9087782,187.77012825012207
1167,1745913135.1023116,193.53342056274414
1168,1745913135.2897973,186.35177612304688
1169,1745913135.4763854,186.58804893493652
1170,1745913135.6897576,213.37223052978516
1171,1745913135.8735633,183.8057041168213
1172,1745913136.0604818,186.9184970855713
1173,1745913136.2469387,186.45691871643066
1174,1745913136.4339252,185.68730354309082
1175,1745913136.6201398,186.21468544006348
1176,1745913136.8057294,184.57913398742676
1177,1745913137.0551918,249.46236610412598
1178,1745913137.2404017,185.2099895477295
1179,1745913137.4274683,187.06655502319336
1180,1745913137.6165283,189.05997276306152
1181,1745913137.8811607,263.63158226013184
1182,1745913138.1736648,292.50407218933105
1183,1745913138.361036,185.8651638031006
1184,1745913138.5484376,187.40153312683105
1185,1745913138.7991278,250.69022178649902
1186,1745913138.985425,185.29343605041504
1187,1745913139.171116,184.6919059753418
1188,1745913139.417641,245.51057815551758
1189,1745913139.7114573,292.8168773651123
1190,1745913139.899704,187.34169006347656
1191,1745913140.092318,191.8644905090332
1192,1745913140.278462,186.1438751220703
1193,1745913140.4838667,205.40475845336914
1194,1745913140.7364023,252.53558158874512
1195,1745913140.9253683,188.9660358428955
1196,1745913141.114799,189.43071365356445
1197,1745913141.3544993,239.7003173828125
1198,1745913141.5411232,186.62381172180176
1199,1745913141.727555,186.431884765625
1200,1745913141.9575198,228.9562225341797
1201,1745913142.1609268,203.40704917907715
1202,1745913142.3533847,192.457914352417
1203,1745913142.5423527,188.96794319152832
1204,1745913142.7288473,186.4945888519287
1205,1745913142.9167392,186.91730499267578
1206,1745913143.1059077,188.16757202148438
1207,1745913143.296759,190.85121154785156
1208,1745913143.51313,216.3710594177246
1209,1745913143.6991336,185.49704551696777
1210,1745913144.7103336,nan
1211,1745913144.899243,188.90953063964844
1212,1745913145.092142,192.89898872375488
1213,1745913145.2848096,192.66748428344727
1214,1745913145.4747548,188.56287002563477
1215,1745913145.6628072,188.05241584777832
1216,1745913145.9720144,308.64930152893066
1217,1745913146.1585653,186.55085563659668
1218,1745913146.349423,190.3526782989502
1219,1745913146.5367513,186.82122230529785
1220,1745913146.7234163,186.66505813598633
1221,1745913146.9111648,186.8283748626709
1222,1745913147.099628,188.4632110595703
1223,1745913147.287083,187.4549388885498
1224,1745913147.4806674,193.58444213867188
1225,1745913147.710904,229.15887832641602
1226,1745913147.8964362,185.5323314666748
1227,1745913148.1125634,216.1271572113037
1228,1745913148.299923,186.85317039489746
1229,1745913148.4860613,186.13839149475098
1230,1745913148.671337,185.27555465698242
1231,1745913148.858453,186.10239028930664
1232,1745913149.0463076,186.9666576385498
1233,1745913149.2369673,190.659761428833
1234,1745913149.5451353,307.15441703796387
1235,1745913149.7335532,187.41273880004883
1236,1745913149.9194858,185.93263626098633
1237,1745913150.1065102,186.01489067077637
1238,1745913150.3509805,244.47035789489746
1239,1745913150.5399337,188.07220458984375
1240,1745913150.72696,186.32745742797852
1241,1745913150.9889157,261.95573806762695
1242,1745913151.3048964,314.90063667297363
1243,1745913151.4967456,191.8492317199707
1244,1745913151.682324,185.5783462524414
1245,1745913151.8814561,198.18472862243652
1246,1745913152.073596,192.1398639678955
1247,1745913152.3046243,231.02831840515137
1248,1745913152.4907944,185.24718284606934
1249,1745913152.6785135,187.71910667419434
1250,1745913152.8634644,184.9508285522461
1251,1745913153.0533469,188.8720989227295
1252,1745913153.338293,284.9462032318115
1253,1745913153.5292192,189.9271011352539
1254,1745913153.725633,196.41375541687012
1255,1745913153.9266205,199.9819278717041
1256,1745913154.1634603,236.83977127075195
1257,1745913154.34872,185.25981903076172
1258,1745913154.535544,186.82384490966797
1259,1745913154.7231958,187.6518726348877
1260,1745913154.911358,187.15667724609375
1261,1745913155.1783485,266.99042320251465
1262,1745913155.363604,185.2555274963379
1263,1745913155.5945764,230.9722900390625
1264,1745913155.781738,187.16168403625488
1265,1745913155.9953485,213.61041069030762
1266,1745913157.0086691,nan
1267,1745913157.19819,188.65585327148438
1268,1745913157.3852997,186.09952926635742
1269,1745913157.6438563,257.4183940887451
1270,1745913157.8311796,186.31410598754883
1271,1745913158.017113,185.93335151672363
1272,1745913158.20551,188.39693069458008
1273,1745913158.3903959,184.88597869873047
1274,1745913158.591918,200.52194595336914
1275,1745913158.7776668,185.74881553649902
1276,1745913158.9649367,187.269926071167
1277,1745913159.1575708,192.63410568237305
1278,1745913159.3447402,187.16931343078613
1279,1745913159.5889733,244.2331314086914
1280,1745913159.7744813,184.42559242248535
1281,1745913159.9685228,194.04149055480957
1282,1745913160.1647058,196.1829662322998
1283,1745913160.3904822,225.77643394470215
1284,1745913160.5804849,189.10694122314453
1285,1745913160.768872,187.39032745361328
1286,1745913160.9522748,183.40277671813965
1287,1745913161.1434467,190.17672538757324
1288,1745913161.3293467,184.79657173156738
1289,1745913161.5164168,186.0673427581787
1290,1745913161.7021685,185.75167655944824
1291,1745913161.8904421,188.27366828918457
1292,1745913162.0777943,187.35218048095703
1293,1745913162.349993,272.1986770629883
1294,1745913162.5434651,192.4738883972168
1295,1745913162.7484658,205.000638961792
1296,1745913163.7611396,nan
1297,1745913164.214744,453.60445976257324
1298,1745913164.4096348,193.57824325561523
1299,1745913164.5967445,187.10970878601074
1300,1745913164.784647,186.98978424072266
1301,1745913164.9735246,188.87758255004883
1302,1745913165.1634653,188.92550468444824
1303,1745913165.3636882,200.22296905517578
1304,1745913165.6334026,269.15478706359863
1305,1745913165.927457,294.0545082092285
1306,1745913166.116218,187.46376037597656
1307,1745913166.3047066,188.48848342895508
1308,1745913166.4908586,185.14633178710938
1309,1745913166.681322,190.46354293823242
1310,1745913166.8664794,185.15729904174805
1311,1745913167.1589415,291.4609909057617
1312,1745913167.3517723,192.83080101013184
1313,1745913167.5412529,187.5457763671875
1314,1745913167.7280426,185.7774257659912
1315,1745913167.9817612,253.71861457824707
1316,1745913168.168591,186.8298053741455
1317,1745913168.355546,186.95497512817383
1318,1745913168.5408838,185.33778190612793
1319,1745913168.7269957,184.91172790527344
1320,1745913168.9133775,185.3628158569336
1321,1745913169.1040297,189.6045207977295
1322,1745913169.4335542,329.1752338409424
1323,1745913169.6249857,190.30046463012695
1324,1745913169.8113117,185.319185256958
1325,1745913169.9970453,185.73355674743652
1326,1745913170.183734,186.68866157531738
1327,1745913170.4481986,263.18359375
1328,1745913170.6353106,187.11209297180176
1329,1745913170.820943,184.6632957458496
1330,1745913171.0071664,186.22326850891113
1331,1745913171.2568374,249.67098236083984
1332,1745913171.4455512,187.43371963500977
1333,1745913171.640346,194.7948932647705
1334,1745913171.8275278,186.21444702148438
1335,1745913172.0684035,240.8757209777832
1336,1745913172.265973,197.5696086883545
1337,1745913172.4545565,188.5833740234375
1338,1745913172.6418767,187.32023239135742
1339,1745913172.8330483,189.65816497802734
1340,1745913173.021105,187.54863739013672
1341,1745913173.2057886,184.68356132507324
1342,1745913173.3925183,185.7128143310547
1343,1745913173.6071315,214.6131992340088
1344,1745913173.7960374,188.9059543609619
1345,1745913173.9826217,185.57476997375488
1346,1745913174.2333455,250.72383880615234
1347,1745913174.424101,190.75560569763184
1348,1745913174.6144712,189.76140022277832
1349,1745913174.8024402,187.96896934509277
1350,1745913174.9896934,186.25593185424805
1351,1745913175.255729,266.0355567932129
1352,1745913175.4433484,186.17868423461914
1353,1745913175.6290865,185.73808670043945
1354,1745913175.8180244,188.93790245056152
1355,1745913176.0029914,184.967041015625
1356,1745913176.1944919,189.49031829833984
1357,1745913176.3819928,187.5009536743164
1358,1745913176.5732586,189.6653175354004
1359,1745913176.759091,185.83226203918457
1360,1745913176.944127,184.06391143798828
1361,1745913177.1386173,193.47167015075684
1362,1745913177.330838,191.35284423828125
1363,1745913177.7162085,385.37049293518066
1364,1745913177.9016988,185.49036979675293
1365,1745913178.1189246,217.2257900238037
1366,1745913179.1262271,nan
1367,1745913179.3170452,190.81807136535645
1368,1745913179.5101273,193.08209419250488
1369,1745913179.6955376,185.4102611541748
1370,1745913179.8824801,186.94257736206055
1371,1745913180.0693648,185.9877109527588
1372,1745913180.3765848,307.2199821472168
1373,1745913180.5617476,185.16278266906738
1374,1745913180.7479222,184.66687202453613
1375,1745913180.9349403,187.01815605163574
1376,1745913181.121771,185.8201026916504
1377,1745913181.307032,185.26101112365723
1378,1745913181.5998285,292.79637336730957
1379,1745913181.7980278,197.3135471343994
1380,1745913181.9818187,183.790922164917
1381,1745913182.1690526,185.7285499572754
1382,1745913182.4252048,255.13744354248047
1383,1745913182.6104937,185.2889060974121
1384,1745913182.8046844,192.97385215759277
1385,1745913182.9916568,186.97237968444824
1386,1745913183.2368371,245.1803684234619
1387,1745913183.4255881,188.7509822845459
1388,1745913183.6105247,184.9365234375
1389,1745913183.8042238,192.69990921020508
1390,1745913184.0623224,258.0986022949219
1391,1745913184.2483845,186.06209754943848
1392,1745913184.4369123,187.5319480895996
1393,1745913184.6236148,186.70248985290527
1394,1745913184.809723,186.10811233520508
1395,1745913184.9982958,188.57288360595703
1396,1745913185.1838644,184.62324142456055
1397,1745913185.3718812,188.0168914794922
1398,1745913185.5886683,216.78709983825684
1399,1745913185.7773685,187.8354549407959
1400,1745913185.964694,187.32547760009766
1401,1745913186.1555822,189.88561630249023
1402,1745913186.341334,184.83877182006836
1403,1745913186.5369916,195.65749168395996
1404,1745913186.721759,184.767484664917
1405,1745913186.9117148,188.13657760620117
1406,1745913187.098611,186.89632415771484
1407,1745913187.2854445,185.8055591583252
1408,1745913187.5332851,247.84064292907715
1409,1745913187.7182353,184.9501132965088
1410,1745913187.906086,187.8507137298584
1411,1745913188.09362,187.53409385681152
1412,1745913188.2819061,188.28606605529785
1413,1745913188.470098,188.19189071655273
1414,1745913188.655596,185.49799919128418
1415,1745913188.8492033,193.60733032226562
1416,1745913189.0387082,189.18395042419434
1417,1745913189.2256918,186.98358535766602
1418,1745913189.4126523,186.96045875549316
1419,1745913189.6833718,270.7195281982422
1420,1745913189.8765798,192.20447540283203
1421,1745913190.0680275,190.43946266174316
1422,1745913190.2585502,190.5226707458496
1423,1745913190.4476738,189.12363052368164
1424,1745913190.6365578,188.88401985168457
1425,1745913190.8289797,191.45655632019043
1426,1745913191.0863457,257.3659420013428
1427,1745913191.2700193,183.67362022399902
1428,1745913191.4616535,190.4599666595459
1429,1745913191.6484425,186.78903579711914
1430,1745913191.9476888,298.2478141784668
1431,1745913192.1351178,187.42895126342773
1432,1745913192.3218553,186.7375373840332
1433,1745913192.514591,192.7356719970703
1434,1745913192.702446,187.85500526428223
1435,1745913192.8900504,187.60442733764648
1436,1745913193.076575,186.5246295928955
1437,1745913193.37712,300.54497718811035
1438,1745913193.5679443,190.8242702484131
1439,1745913193.754328,186.38372421264648
1440,1745913193.997302,241.99247360229492
1441,1745913194.187008,188.69829177856445
1442,1745913194.3735187,185.50992012023926
1443,1745913194.5601006,186.58185005187988
1444,1745913194.7463937,186.2931251525879
1445,1745913194.931869,185.47534942626953
1446,1745913195.1211858,189.3167495727539
1447,1745913195.3067806,185.5947971343994
1448,1745913195.4976823,190.9017562866211
1449,1745913195.7387998,241.1174774169922
1450,1745913195.9260244,186.21540069580078
1451,1745913196.9393709,nan
1452,1745913197.1252036,185.83273887634277
1453,1745913197.3643596,238.15608024597168
1454,1745913197.551795,187.43538856506348
1455,1745913197.7419271,190.13214111328125
1456,1745913197.977465,235.53776741027832
1457,1745913198.1734722,196.00725173950195
1458,1745913198.3622253,187.7419948577881
1459,1745913198.548303,186.07759475708008
1460,1745913198.741339,192.02733039855957
1461,1745913198.9301789,188.83991241455078
1462,1745913199.1156554,185.47654151916504
1463,1745913199.4202576,303.300142288208
1464,1745913199.6078446,187.58702278137207
1465,1745913199.7936187,185.7740879058838
1466,1745913199.9802978,185.6701374053955
1467,1745913200.1678596,187.5617504119873
1468,1745913200.4467072,277.8332233428955
1469,1745913200.638281,191.5738582611084
1470,1745913200.8243291,186.04803085327148
1471,1745913201.039351,215.02184867858887
1472,1745913201.2293422,189.99123573303223
1473,1745913201.4179828,187.63232231140137
1474,1745913201.6767564,257.78889656066895
1475,1745913201.9879856,310.2288246154785
1476,1745913202.2843537,296.3681221008301
1477,1745913202.4719875,187.63375282287598
1478,1745913202.6595771,187.5896453857422
1479,1745913202.8548548,195.27769088745117
1480,1745913203.0414076,185.6369972229004
1481,1745913203.236175,194.1511631011963
1482,1745913203.5122576,276.08251571655273
1483,1745913203.6980917,185.83416938781738
1484,1745913203.8867338,187.57343292236328
1485,1745913204.073357,185.62054634094238
1486,1745913204.3249302,251.5730857849121
1487,1745913204.510169,185.23883819580078
1488,1745913204.6965091,185.3470802307129
1489,1745913204.8806808,184.1716766357422
1490,1745913205.065202,184.52119827270508
1491,1745913205.2536805,188.4784698486328
1492,1745913205.4390852,183.396577835083
1493,1745913205.6515524,212.46719360351562
1494,1745913205.8515685,200.01602172851562
1495,1745913206.8626225,nan
1496,1745913207.0536702,190.1721954345703
1497,1745913207.2497725,195.59621810913086
1498,1745913207.4341033,184.33070182800293
1499,1745913207.6195786,184.45301055908203
1500,1745913207.9158216,295.23372650146484
1501,1745913208.115343,198.51136207580566
1502,1745913208.3104,195.05691528320312
1503,1745913208.5106103,200.2103328704834
1504,1745913208.6995404,188.93003463745117
1505,1745913208.8858805,185.33682823181152
1506,1745913209.0712633,185.38284301757812
1507,1745913209.2573712,186.10787391662598
1508,1745913209.4432704,183.1974983215332
1509,1745913209.6361454,192.87490844726562
1510,1745913209.824956,188.8105869293213
1511,1745913210.0106928,185.73689460754395
1512,1745913210.1970937,185.0748062133789
1513,1745913210.4653993,268.30554008483887
1514,1745913210.656555,191.15567207336426
1515,1745913210.8420749,185.51993370056152
1516,1745913211.0287426,186.66768074035645
1517,1745913211.3049772,276.23462677001953
1518,1745913211.4907491,185.77194213867188
1519,1745913211.6768703,186.12122535705566
1520,1745913211.8633943,186.5239143371582
1521,1745913212.0492878,185.89353561401367
1522,1745913212.329543,280.2553176879883
1523,1745913212.561767,232.2239875793457
1524,1745913212.7484677,186.70058250427246
1525,1745913212.9375167,189.04900550842285
1526,1745913213.1357493,198.23265075683594
1527,1745913213.3247576,189.00823593139648
1528,1745913213.5568194,232.06186294555664
1529,1745913213.7470167,190.19722938537598
1530,1745913213.9354587,188.44199180603027
1531,1745913214.1287003,193.24159622192383
1532,1745913214.348761,220.0608253479004
1533,1745913214.5406117,191.8506622314453
1534,1745913214.7286315,188.0197525024414
1535,1745913214.9154375,186.80596351623535
1536,1745913215.1099632,193.5098171234131
1537,1745913215.379828,268.99194717407227
1538,1745913215.566147,186.31911277770996
1539,1745913215.7706804,204.53333854675293
1540,1745913216.0144827,243.80230903625488
1541,1745913216.3077054,293.22266578674316
1542,1745913216.5015097,192.92736053466797
1543,1745913216.688888,186.51247024536133
1544,1745913216.8786316,189.7435188293457
1545,1745913217.063315,184.68332290649414
1546,1745913217.2517586,188.44366073608398
1547,1745913217.5366714,284.9128246307373
1548,1745913217.7225971,185.92572212219238
1549,1745913217.909635,184.9815845489502
1550,1745913218.0983808,188.74573707580566
1551,1745913218.3612921,262.911319732666
1552,1745913218.5527222,191.43009185791016
1553,1745913218.7421305,189.4083023071289
1554,1745913218.9277303,185.59980392456055
1555,1745913219.1981807,270.4503536224365
1556,1745913219.485084,286.90338134765625
1557,1745913219.6987715,212.6779556274414
1558,1745913219.8916426,191.98179244995117
1559,1745913220.0788138,187.17122077941895
1560,1745913220.2656333,186.81955337524414
1561,1745913220.5067387,241.105318069458
1562,1745913220.6945994,186.8603229522705
1563,1745913220.8837185,189.1191005706787
1564,1745913221.0716953,187.97683715820312
1565,1745913221.262228,189.51869010925293
1566,1745913221.4498158,187.58773803710938
1567,1745913221.6405642,190.7484531402588
1568,1745913222.0486603,407.1776866912842
1569,1745913222.2333963,184.7360134124756
1570,1745913222.419297,185.3628158569336
1571,1745913222.611435,191.12920761108398
1572,1745913222.7976298,186.19489669799805
1573,1745913223.016149,217.00119972229004
1574,1745913223.2836196,267.4705982208252
1575,1745913223.576822,292.1934127807617
1576,1745913223.7631629,185.33992767333984
1577,1745913223.959306,195.6334114074707
1578,1745913224.1445541,185.24813652038574
1579,1745913224.3290396,184.48543548583984
1580,1745913224.515798,185.74166297912598
1581,1745913224.7012918,184.30089950561523
1582,1745913224.8874726,185.17756462097168
1583,1745913225.0786858,191.21313095092773
1584,1745913225.277743,198.03810119628906
1585,1745913225.4654727,187.7295970916748
1586,1745913225.7286506,263.17787170410156
1587,1745913225.916395,186.7506504058838
1588,1745913226.1035693,187.17432022094727
1589,1745913226.351784,248.2147216796875
1590,1745913226.5384274,186.6433620452881
1591,1745913226.7291806,189.75043296813965
1592,1745913226.9226246,193.44401359558105
1593,1745913227.1735885,250.96392631530762
1594,1745913227.4703705,296.7820167541504
1595,1745913227.6647453,194.37479972839355
1596,1745913227.854402,188.60363960266113
1597,1745913228.0546417,200.2396583557129
1598,1745913228.2991335,243.49379539489746
1599,1745913228.609542,310.408353805542
1600,1745913228.7989614,188.46535682678223
1601,1745913228.986704,186.74445152282715
1602,1745913229.1779506,190.32049179077148
1603,1745913229.420371,242.42043495178223
1604,1745913229.6075246,187.15357780456543
1605,1745913229.7934103,184.9968433380127
1606,1745913230.022611,228.19089889526367
1607,1745913230.2089574,186.34653091430664
1608,1745913230.3956878,186.73038482666016
1609,1745913230.6513398,254.41956520080566
1610,1745913230.8418732,189.6688938140869
1611,1745913231.0302503,188.37714195251465
1612,1745913231.2178414,187.5910758972168
1613,1745913231.463056,244.15278434753418
1614,1745913231.6568034,193.24064254760742
1615,1745913232.662333,nan
1616,1745913232.8534014,189.87250328063965
1617,1745913233.0417802,188.37881088256836
1618,1745913233.22713,185.349702835083
1619,1745913233.4141312,187.00122833251953
1620,1745913233.7206862,306.55503273010254
1621,1745913233.9065502,185.86397171020508
1622,1745913234.0905914,184.04126167297363
1623,1745913234.334913,243.3333396911621
1624,1745913234.5242734,189.3603801727295
1625,1745913234.7114282,185.64271926879883
1626,1745913234.898431,185.9910488128662
1627,1745913235.0877125,188.2936954498291
1628,1745913235.3518627,264.15014266967773
1629,1745913235.539657,187.79444694519043
1630,1745913235.725122,184.46803092956543
1631,1745913235.97529,250.1680850982666
1632,1745913236.16189,186.5999698638916
1633,1745913236.3543825,192.49248504638672
1634,1745913236.5500188,195.63627243041992
1635,1745913236.7365124,186.4936351776123
1636,1745913236.9214983,184.98587608337402
1637,1745913237.1075327,186.0344409942627
1638,1745913237.2933006,185.76788902282715
1639,1745913237.5007668,206.10904693603516
1640,1745913237.7135072,212.74042129516602
1641,1745913237.903284,188.73977661132812
1642,1745913238.0892236,185.93955039978027
1643,1745913238.322557,233.33334922790527
1644,1745913238.5108533,187.3006820678711
1645,1745913238.7088137,196.95210456848145
1646,1745913238.8975034,188.6897087097168
1647,1745913239.084049,186.54561042785645
1648,1745913239.4725454,387.7863883972168
1649,1745913239.7565942,283.0474376678467
1650,1745913239.9504468,193.85266304016113
1651,1745913240.1380131,187.56628036499023
1652,1745913240.326122,187.1023178100586
1653,1745913240.5869308,260.80870628356934
1654,1745913240.7726448,185.7140064239502
1655,1745913240.9574583,184.8134994506836
1656,1745913241.1448298,187.37149238586426
1657,1745913241.333299,187.49213218688965
1658,1745913241.5589292,225.6302833557129
1659,1745913241.7459772,187.04795837402344
1660,1745913241.9304423,184.4651699066162
1661,1745913242.1167157,185.3649616241455
1662,1745913242.3020232,185.30750274658203
1663,1745913242.4883826,186.35940551757812
1664,1745913242.678109,188.7190341949463
1665,1745913242.8677788,189.66984748840332
1666,1745913243.0574338,188.6463165283203
1667,1745913243.339774,282.34004974365234
1668,1745913243.526557,186.7830753326416
1669,1745913243.7106411,183.08472633361816
1670,1745913243.9075937,196.95258140563965
1671,1745913244.094316,186.7222785949707
1672,1745913244.2840402,188.2176399230957
1673,1745913244.4698093,185.76908111572266
1674,1745913244.6636155,192.80481338500977
1675,1745913244.854288,190.6726360321045
1676,1745913245.048413,193.12477111816406
1677,1745913245.2911987,241.73784255981445
1678,1745913245.4771018,184.89384651184082
1679,1745913245.662317,185.21523475646973
1680,1745913245.8955202,232.19561576843262
1681,1745913246.0847375,188.21310997009277
1682,1745913246.2723937,186.53154373168945
1683,1745913246.6270902,354.69651222229004
1684,1745913246.8234234,196.3331699371338
1685,1745913247.012211,187.7455711364746
1686,1745913247.2014742,189.26310539245605
1687,1745913247.4474232,245.09382247924805
1688,1745913247.6355903,188.16709518432617
1689,1745913247.8225467,185.94098091125488
1690,1745913248.0088353,186.28859519958496
1691,1745913248.2121925,203.35721969604492
1692,1745913248.405341,193.14837455749512
1693,1745913248.6600268,253.72767448425293
1694,1745913248.8483567,187.3950958251953
1695,1745913249.0352337,186.87701225280762
1696,1745913249.225776,190.54222106933594
1697,1745913249.4990592,273.2832431793213
1698,1745913249.7961879,297.12867736816406
1699,1745913249.9831092,185.4531764984131
1700,1745913250.1713016,187.67738342285156
1701,1745913250.4292054,256.90340995788574
1702,1745913250.6152692,186.0637664794922
1703,1745913250.807034,191.76483154296875
1704,1745913250.9917722,184.7381591796875
1705,1745913251.178604,186.83171272277832
1706,1745913251.4296377,251.03378295898438
1707,1745913251.6162405,186.60283088684082
1708,1745913251.811921,194.67782974243164
1709,1745913252.0588732,245.43118476867676
1710,1745913252.249351,190.47784805297852
1711,1745913252.4377756,188.42458724975586
1712,1745913252.6364596,198.6839771270752
1713,1745913252.8335567,196.09713554382324
1714,1745913253.020647,186.5842342376709
1715,1745913253.2072833,186.63620948791504
1716,1745913253.3975751,190.2918815612793
1717,1745913253.6990678,301.49269104003906
1718,1745913253.9952347,296.16689682006836
1719,1745913254.1862752,191.0405158996582
1720,1745913254.373725,187.44969367980957
1721,1745913254.5644298,189.69297409057617
1722,1745913254.829337,264.9071216583252
1723,1745913255.0348485,205.51156997680664
1724,1745913255.3278244,292.97590255737305
1725,1745913255.6408615,311.8758201599121
1726,1745913255.8362112,195.34969329833984
1727,1745913256.0206003,184.3891143798828
1728,1745913256.206403,184.79013442993164
1729,1745913256.3963323,188.91406059265137
1730,1745913256.583925,187.5927448272705
1731,1745913256.7706935,186.0983371734619
1732,1745913256.9572759,186.5823268890381
1733,1745913257.146631,189.35513496398926
1734,1745913257.368768,221.1298942565918
1735,1745913257.5567205,186.96904182434082
1736,1745913257.7409837,184.2632293701172
1737,1745913257.9265733,184.58986282348633
1738,1745913258.1214197,192.95215606689453
1739,1745913258.402295,280.87544441223145
1740,1745913258.589877,187.58177757263184
1741,1745913258.7781687,188.2917881011963
1742,1745913258.9642034,186.0346794128418
1743,1745913259.1520867,186.8758201599121
1744,1745913259.3424118,190.3250217437744
1745,1745913259.625584,283.1721305847168
1746,1745913259.8117478,186.16390228271484
1747,1745913260.0006773,188.05193901062012
1748,1745913260.1866884,186.01107597351074
1749,1745913260.4535103,265.81287384033203
1750,1745913260.6415753,188.0650520324707
1751,1745913260.8482196,206.64429664611816
1752,1745913261.0355074,187.2878074645996
1753,1745913261.2232983,187.7908706665039
1754,1745913261.4096355,185.33062934875488
1755,1745913261.6822948,271.6500759124756
1756,1745913261.8696756,187.38079071044922
1757,1745913262.055364,185.68825721740723
1758,1745913262.2424724,187.10851669311523
1759,1745913262.4320657,188.7054443359375
1760,1745913262.6211293,187.55650520324707
1761,1745913262.8065557,184.42034721374512
1762,1745913263.000329,193.7732696533203
1763,1745913263.1860714,185.74237823486328
1764,1745913263.3717964,184.7362518310547
1765,1745913263.5592408,185.93430519104004
1766,1745913263.746225,186.98430061340332
1767,1745913263.932467,185.25433540344238
1768,1745913264.1193225,185.8227252960205
1769,1745913264.3059278,186.60521507263184
1770,1745913264.4934464,186.01131439208984
1771,1745913264.6790533,185.10031700134277
1772,1745913264.8667579,187.70456314086914
1773,1745913265.0544,187.64209747314453
1774,1745913265.2411082,184.68403816223145
1775,1745913265.4273648,186.25664710998535
1776,1745913265.6136444,184.2048168182373
1777,1745913265.7973878,183.74347686767578
1778,1745913265.984055,185.75143814086914
1779,1745913266.1725574,188.50231170654297
1780,1745913266.357679,185.1215362548828
1781,1745913266.5454764,187.79754638671875
1782,1745913266.734092,188.6155605316162
1783,1745913266.9196296,185.53757667541504
1784,1745913267.104893,185.26339530944824
1785,1745913267.2924533,186.5684986114502
1786,1745913267.4787369,186.28358840942383
1787,1745913267.6642506,185.51373481750488
1788,1745913267.9362917,271.03495597839355
1789,1745913268.2302911,292.00005531311035
1790,1745913268.4192324,188.94124031066895
1791,1745913268.6053772,186.14482879638672
1792,1745913268.8494494,244.07219886779785
1793,1745913269.0350811,185.63175201416016
1794,1745913269.2204323,185.35113334655762
1795,1745913269.4076679,186.2351894378662
1796,1745913269.6608198,253.15189361572266
1797,1745913269.8462021,184.35263633728027
1798,1745913270.0341194,186.964750289917
1799,1745913270.286456,251.33204460144043
1800,1745913270.4732883,186.83218955993652
1801,1745913270.65839,185.10174751281738
1802,1745913270.9065084,248.11840057373047
1803,1745913271.096829,190.32049179077148
1804,1745913271.2820473,184.25536155700684
1805,1745913271.4674404,185.3930950164795
1806,1745913271.6541378,186.69748306274414
1807,1745913271.9241595,270.0216770172119
1808,1745913272.1149783,190.31333923339844
1809,1745913272.2989912,184.01288986206055
1810,1745913272.4876363,188.6451244354248
1811,1745913272.6762683,188.63201141357422
1812,1745913272.8664727,189.0242099761963
1813,1745913273.0513732,184.90052223205566
1814,1745913273.2401128,187.31403350830078
1815,1745913273.4517326,211.61985397338867
1816,1745913273.637221,185.48846244812012
1817,1745913273.827147,188.92598152160645
1818,1745913274.0140297,186.88273429870605
1819,1745913274.2634635,249.4337558746338
1820,1745913274.456221,191.75195693969727
1821,1745913274.6481507,191.92957878112793
1822,1745913274.8920896,242.94066429138184
1823,1745913275.095961,203.871488571167
1824,1745913275.2823865,186.42544746398926
1825,1745913275.4917996,208.42337608337402
1826,1745913276.501825,nan
1827,1745913276.9366298,434.80467796325684
1828,1745913277.1337671,196.1374282836914
1829,1745913277.3190477,185.28056144714355
1830,1745913277.5074904,188.44270706176758
1831,1745913277.745347,237.85662651062012
1832,1745913277.9338348,186.4774227142334
1833,1745913278.1214762,187.1318817138672
1834,1745913278.307282,185.8057975769043
1835,1745913278.4963672,189.0852451324463
1836,1745913278.7817855,284.41333770751953
1837,1745913278.9723186,190.53316116333008
1838,1745913279.1596758,186.35010719299316
1839,1745913279.3482857,188.60983848571777
1840,1745913279.5864685,238.18278312683105
1841,1745913279.7794132,191.94555282592773
1842,1745913279.9687061,189.29290771484375
1843,1745913280.155718,187.0119571685791
1844,1745913280.3412335,185.5154037475586
1845,1745913280.529096,187.86239624023438
1846,1745913280.744494,215.39807319641113
1847,1745913280.9333978,188.90380859375
1848,1745913281.119421,185.5170726776123
1849,1745913281.3067837,187.3626708984375
1850,1745913281.539146,232.3622703552246
1851,1745913281.73663,197.48401641845703
1852,1745913281.9225826,184.97347831726074
1853,1745913282.109468,185.88495254516602
1854,1745913282.2946854,185.21738052368164
1855,1745913282.4810045,185.32252311706543
1856,1745913282.6714134,190.40894508361816
1857,1745913282.9776485,306.23507499694824
1858,1745913283.1682281,189.49270248413086
1859,1745913283.354379,185.19210815429688
1860,1745913283.5412571,186.87820434570312
1861,1745913283.809951,268.6939239501953
1862,1745913284.1025074,292.5562858581543
1863,1745913284.302281,199.77355003356934
1864,1745913284.49541,192.12865829467773
1865,1745913284.6847758,189.36586380004883
1866,1745913284.9119022,226.12476348876953
1867,1745913285.0979657,186.0635280609131
1868,1745913285.3007069,202.74114608764648
1869,1745913285.4909518,189.24355506896973
1870,1745913285.6781096,187.15786933898926
1871,1745913285.89331,215.20042419433594
1872,1745913286.0920231,198.7130641937256
1873,1745913286.3639085,270.3738212585449
1874,1745913286.663406,298.4914779663086
1875,1745913286.8502202,186.30743026733398
1876,1745913287.0357316,185.51135063171387
1877,1745913287.2245557,187.86334991455078
1878,1745913287.4103966,185.84084510803223
1879,1745913287.60107,189.71514701843262
1880,1745913287.787701,186.6309642791748
1881,1745913287.9775205,189.8195743560791
1882,1745913288.172061,193.5410499572754
1883,1745913288.360649,188.58814239501953
1884,1745913288.5473044,185.73975563049316
1885,1745913288.7335854,184.77392196655273
1886,1745913288.9207346,187.1492862701416
1887,1745913289.105589,184.85426902770996
1888,1745913289.2909434,185.35447120666504
1889,1745913289.4790633,187.12973594665527
1890,1745913289.6651723,186.10906600952148
1891,1745913289.9284306,263.2582187652588
1892,1745913290.1233473,194.9167251586914
1893,1745913290.3119102,187.55698204040527
1894,1745913290.4986947,186.7845058441162
1895,1745913290.6852071,185.5759620666504
1896,1745913290.8723788,187.17169761657715
1897,1745913291.1300435,256.6680908203125
1898,1745913291.3244503,193.41564178466797
1899,1745913291.5245697,200.1194953918457
1900,1745913291.7105234,185.95361709594727
1901,1745913291.899048,188.52472305297852
1902,1745913292.196645,297.59693145751953
1903,1745913292.4377234,240.17715454101562
1904,1745913292.6244254,185.71734428405762
1905,1745913292.8101916,185.76622009277344
1906,1745913292.9947305,184.5388412475586
1907,1745913293.185559,189.8210048675537
1908,1745913293.3724418,186.88273429870605
1909,1745913293.5596929,187.25109100341797
1910,1745913293.818735,259.04202461242676
1911,1745913294.0057771,187.042236328125
1912,1745913294.1907806,185.00351905822754
1913,1745913294.3782697,187.48903274536133
1914,1745913294.5668776,188.60793113708496
1915,1745913294.7534432,186.56563758850098
1916,1745913294.941145,186.68222427368164
1917,1745913295.1322167,190.07349014282227
1918,1745913295.3233232,191.10655784606934
1919,1745913295.5122786,188.95530700683594
1920,1745913295.7644558,252.17723846435547
1921,1745913295.952197,186.8128776550293
1922,1745913296.143306,191.10894203186035
1923,1745913296.3300576,186.24496459960938
1924,1745913296.5959349,265.87724685668945
1925,1745913296.7822535,185.31441688537598
1926,1745913296.968203,184.889554977417
1927,1745913297.1526034,184.4003200531006
1928,1745913297.343794,190.19007682800293
1929,1745913297.5307662,186.97214126586914
1930,1745913297.7234707,192.704439163208
1931,1745913298.0165207,292.0401096343994
1932,1745913298.218754,201.31444931030273
1933,1745913298.4074514,188.69733810424805
1934,1745913298.601014,192.56997108459473
1935,1745913298.8483732,246.32954597473145
1936,1745913299.034436,185.0285530090332
1937,1745913299.2403429,205.05619049072266
1938,1745913299.4736974,233.3545684814453
1939,1745913299.7651677,291.4702892303467
1940,1745913299.9586272,193.45951080322266
1941,1745913300.1577914,199.16415214538574
1942,1745913300.34877,189.56232070922852
1943,1745913300.5438743,193.7713623046875
1944,1745913300.7970943,253.2200813293457
1945,1745913300.9897475,192.65317916870117
1946,1745913301.177998,187.15357780456543
1947,1745913301.3678257,188.8279914855957
1948,1745913301.5763493,207.52239227294922
1949,1745913301.7712412,193.9697265625
1950,1745913301.965662,194.42081451416016
1951,1745913302.2298863,264.2242908477783
1952,1745913302.4213772,190.57512283325195
1953,1745913302.608435,187.0577335357666
1954,1745913302.7966952,187.34264373779297
1955,1745913303.05449,256.7939758300781
1956,1745913303.247531,193.0408477783203
1957,1745913303.4325216,184.99064445495605
1958,1745913303.6195612,186.03515625
1959,1745913303.8113294,191.76816940307617
1960,1745913304.0145037,203.17435264587402
1961,1745913304.2169313,201.43461227416992
1962,1745913304.407722,190.79065322875977
1963,1745913304.5954258,186.7067813873291
1964,1745913304.7882714,192.84558296203613
1965,1745913304.981749,193.47763061523438
1966,1745913305.1785195,195.25933265686035
1967,1745913305.3672285,187.70980834960938
1968,1745913305.5597386,191.5111541748047
1969,1745913305.8139517,253.4201145172119
1970,1745913306.0004616,185.78052520751953
1971,1745913306.1866343,186.1727237701416
1972,1745913306.3736315,186.9971752166748
1973,1745913306.6286933,254.05526161193848
1974,1745913306.8191104,189.49437141418457
1975,1745913307.0100756,189.9409294128418
1976,1745913307.1959035,184.65495109558105
1977,1745913307.3806865,184.7829818725586
1978,1745913307.571499,189.81599807739258
1979,1745913307.7597055,188.20643424987793
1980,1745913307.9553971,194.7617530822754
1981,1745913308.1407568,185.35971641540527
1982,1745913308.3660402,225.28338432312012
1983,1745913308.551497,185.4567527770996
1984,1745913308.7373824,184.84997749328613
1985,1745913308.9860222,247.6332187652588
1986,1745913309.1768205,189.78142738342285
1987,1745913309.3648052,185.9290599822998
1988,1745913309.552068,187.26277351379395
1989,1745913309.738774,185.9428882598877
1990,1745913309.923218,184.44395065307617
1991,1745913310.1280274,204.30374145507812
1992,1745913310.3132577,185.23025512695312
1993,1745913310.499285,186.02728843688965
1994,1745913310.6860824,186.7973804473877
1995,1745913310.8723316,186.2492561340332
1996,1745913311.0616715,187.52527236938477
1997,1745913311.248251,186.57946586608887
1998,1745913311.4343812,185.1043701171875
1999,1745913311.6318743,197.4930763244629
2000,1745913311.9419415,310.06717681884766
2001,1745913312.1262841,184.342622756958
2002,1745913312.3168724,190.58823585510254
2003,1745913312.5676606,250.78821182250977
2004,1745913312.7567716,189.11099433898926
2005,1745913312.9477053,189.93306159973145
2006,1745913313.157828,209.11502838134766
2007,1745913313.344437,186.60879135131836
2008,1745913313.537316,192.87919998168945
2009,1745913313.7965057,259.1896057128906
2010,1745913313.9855597,188.1251335144043
2011,1745913314.1716533,186.09356880187988
2012,1745913314.3624556,190.80233573913574
2013,1745913314.550421,187.96539306640625
2014,1745913314.8221898,270.5667018890381
2015,1745913315.0143607,192.1708583831787
2016,1745913315.2051945,190.83380699157715
2017,1745913315.4155204,209.2151641845703
2018,1745913315.6015038,185.98341941833496
2019,1745913315.7907639,189.26000595092773
2020,1745913315.9794796,188.71569633483887
2021,1745913316.1653402,185.86063385009766
2022,1745913316.3546846,188.34352493286133
2023,1745913316.6902592,335.5746269226074
2024,1745913316.9848006,294.5413589477539
2025,1745913317.171756,186.32912635803223
2026,1745913317.3620136,188.7378692626953
2027,1745913317.731033,369.0195083618164
2028,1745913317.9217398,190.70672988891602
2029,1745913318.1275797,205.8398723602295
2030,1745913318.3237793,196.1996555328369
2031,1745913318.5096846,185.90521812438965
2032,1745913318.698435,188.7505054473877
2033,1745913318.893929,194.69261169433594
2034,1745913319.0864666,191.53094291687012
2035,1745913319.285709,199.24235343933105
2036,1745913319.479165,193.45617294311523
2037,1745913319.6739264,193.7556266784668
2038,1745913319.860355,186.42854690551758
2039,1745913320.0551913,194.83637809753418
2040,1745913320.2634532,207.26680755615234
2041,1745913320.479746,216.2928581237793
2042,1745913320.6718473,192.10124015808105
2043,1745913320.874676,201.3089656829834
2044,1745913321.1977887,322.11875915527344
2045,1745913321.3989267,200.20127296447754
2046,1745913321.5970972,198.17042350769043
2047,1745913321.8316317,233.53242874145508
2048,1745913322.029942,198.31037521362305
2049,1745913322.2214358,191.49374961853027
2050,1745913322.4157667,194.33093070983887
2051,1745913322.6125028,195.8000659942627
2052,1745913322.824456,211.95316314697266
2053,1745913323.1325037,308.0477714538574
2054,1745913323.3685098,236.0060214996338
2055,1745913323.5825236,214.01381492614746
2056,1745913323.8187978,235.38708686828613
2057,1745913324.0488946,230.09681701660156
2058,1745913324.2434142,194.5195198059082
2059,1745913324.4387426,194.82064247131348
2060,1745913324.759827,321.08426094055176
2061,1745913325.08022,320.3930854797363
2062,1745913325.3252149,244.9948787689209
2063,1745913325.5667238,241.50896072387695
2064,1745913325.7663598,199.63598251342773
2065,1745913326.086262,319.9021816253662
2066,1745913326.3955297,309.2677593231201
2067,1745913326.7051032,308.5660934448242
2068,1745913326.9997714,294.66819763183594
2069,1745913327.1956503,194.90313529968262
2070,1745913327.4358022,240.15188217163086
2071,1745913327.6546369,217.91720390319824
2072,1745913327.9296978,273.99301528930664
2073,1745913328.2392783,309.58056449890137
2074,1745913328.5376685,297.3902225494385
2075,1745913328.9572947,419.62623596191406
2076,1745913329.1502452,192.95048713684082
2077,1745913329.3357968,185.55164337158203
2078,1745913329.5262861,189.48817253112793
2079,1745913329.7798395,253.5533905029297
2080,1745913329.9674706,187.63113021850586
2081,1745913330.1597786,192.3079490661621
2082,1745913330.3501542,189.3761157989502
2083,1745913330.6017923,250.31733512878418
2084,1745913330.7891946,187.40224838256836
2085,1745913330.975367,185.20474433898926
2086,1745913331.161193,184.81898307800293
2087,1745913331.3485003,185.4074001312256
2088,1745913331.538107,189.6066665649414
2089,1745913331.7264829,188.37594985961914
2090,1745913331.9212303,192.68512725830078
2091,1745913332.2292206,307.99031257629395
2092,1745913332.420637,191.41626358032227
2093,1745913332.616331,194.67425346374512
2094,1745913332.802749,186.417818069458
2095,1745913333.0526426,249.32003021240234
2096,1745913333.2399058,187.26325035095215
2097,1745913333.428674,188.7681484222412
2098,1745913333.6157882,187.11423873901367
2099,1745913333.8046348,187.82997131347656
2100,1745913333.9921002,186.49983406066895
2101,1745913334.1816325,189.53227996826172
2102,1745913334.3669267,185.29415130615234
2103,1745913334.5684607,201.53403282165527
2104,1745913334.7546556,186.19489669799805
2105,1745913334.9452937,189.6958351135254
2106,1745913335.137887,191.59483909606934
2107,1745913335.3378868,198.98653030395508
2108,1745913335.545135,206.37226104736328
2109,1745913335.8081093,262.9742622375488
2110,1745913335.995046,186.936616897583
2111,1745913336.1935415,198.49562644958496
2112,1745913336.4013877,206.83670043945312
2113,1745913337.410982,nan
2114,1745913337.6006672,189.68534469604492
2115,1745913337.7865074,185.84012985229492
2116,1745913337.973039,186.53154373168945
2117,1745913338.2707567,297.20449447631836
2118,1745913338.4589381,187.18194961547852
2119,1745913338.6453042,186.36608123779297
2120,1745913338.8917649,245.44191360473633
2121,1745913339.1935284,301.76353454589844
2122,1745913339.3803604,186.83195114135742
2123,1745913339.5672119,186.85150146484375
2124,1745913339.7646375,197.42560386657715
2125,1745913340.0105011,245.863676071167
2126,1745913340.196634,186.13290786743164
2127,1745913340.383828,186.19346618652344
2128,1745913340.571279,187.45112419128418
2129,1745913340.8355494,263.35906982421875
2130,1745913341.021182,185.63270568847656
2131,1745913341.2114437,189.26167488098145
2132,1745913341.3990889,187.64519691467285
2133,1745913341.5855758,186.48695945739746
2134,1745913341.8503728,264.7969722747803
2135,1745913342.0356321,184.1111183166504
2136,1745913342.2232454,186.5520477294922
2137,1745913342.4597726,236.5272045135498
2138,1745913342.6454816,185.70899963378906
2139,1745913342.8334568,187.9751682281494
2140,1745913343.0843153,250.85854530334473
2141,1745913343.2721496,186.91539764404297
2142,1745913343.4607034,188.5538101196289
2143,1745913343.6491487,187.21938133239746
2144,1745913343.9088511,258.6846351623535
2145,1745913344.095555,186.70392036437988
2146,1745913344.2825751,187.02006340026855
2147,1745913344.4706671,188.09199333190918
2148,1745913344.720928,250.2608299255371
2149,1745913345.033246,311.31768226623535
2150,1745913345.2221086,188.86256217956543
2151,1745913345.424434,201.5235424041748
2152,1745913345.610139,184.7209930419922
2153,1745913345.8018363,191.697359085083
2154,1745913345.9940617,192.22545623779297
2155,1745913346.1870964,193.03464889526367
2156,1745913346.371978,184.88168716430664
2157,1745913346.5581005,186.12241744995117
2158,1745913346.7744925,215.484619140625
2159,1745913347.0754068,300.9142875671387
2160,1745913347.344294,267.93837547302246
2161,1745913347.5368164,192.5222873687744
2162,1745913347.7345068,197.69048690795898
2163,1745913347.9186172,184.1104030609131
2164,1745913348.3121228,393.5055732727051
2165,1745913348.5112507,199.1279125213623
2166,1745913348.7009182,188.75837326049805
2167,1745913348.8876781,186.75994873046875
2168,1745913349.0753179,186.95473670959473
2169,1745913349.265876,190.55819511413574
2170,1745913349.4533975,187.52145767211914
2171,1745913349.6419463,187.5312328338623
2172,1745913349.9503396,308.3932399749756
2173,1745913350.134268,183.9284896850586
2174,1745913350.3215435,186.25831604003906
2175,1745913350.5597193,236.82880401611328
2176,1745913350.7485147,188.7953281402588
2177,1745913350.9355917,187.07704544067383
2178,1745913351.121681,186.08927726745605
2179,1745913351.3844666,262.7856731414795
2180,1745913351.5908587,205.42502403259277
2181,1745913351.78593,195.07122039794922
2182,1745913351.9783273,191.5302276611328
2183,1745913352.1658902,187.5629425048828
2184,1745913352.3518476,185.9574317932129
2185,1745913352.5956671,243.8194751739502
2186,1745913352.7811184,185.45126914978027
2187,1745913352.967068,185.94956398010254
2188,1745913353.1593862,190.97542762756348
2189,1745913353.3495796,190.19341468811035
2190,1745913353.535432,185.8525276184082
2191,1745913353.7217896,186.3574981689453
2192,1745913353.9392574,217.4677848815918
2193,1745913354.2537723,313.6320114135742
2194,1745913354.4378734,184.10110473632812
2195,1745913354.6381705,199.79047775268555
2196,1745913354.8236015,185.43100357055664
2197,1745913355.011243,187.1345043182373
2198,1745913355.2010305,189.7873878479004
2199,1745913355.3872845,186.25402450561523
2200,1745913355.5725565,185.2719783782959
2201,1745913355.7733698,200.81329345703125
2202,1745913356.0873473,313.9774799346924
2203,1745913356.2770486,189.70131874084473
2204,1745913356.4642944,186.24520301818848
2205,1745913356.6507082,186.41376495361328
2206,1745913356.8449898,194.28157806396484
2207,1745913357.0375643,191.0548210144043
2208,1745913357.2729433,234.38000679016113
2209,1745913357.4667082,192.8579807281494
2210,1745913357.6569748,190.26660919189453
2211,1745913357.8579085,199.92804527282715
2212,1745913358.134056,275.6378650665283
2213,1745913358.320153,185.29534339904785
2214,1745913358.5067883,185.4727268218994
2215,1745913358.7594216,252.63333320617676
2216,1745913359.0482874,287.8572940826416
2217,1745913359.237038,187.76202201843262
2218,1745913359.4375217,200.4837989807129
2219,1745913359.6287613,191.239595413208
2220,1745913359.8238442,195.0829029083252
2221,1745913360.017098,192.2597885131836
2222,1745913360.2040243,186.92636489868164
2223,1745913360.4968548,292.8304672241211
2224,1745913360.8135781,316.7233467102051
2225,1745913361.1022978,288.71965408325195
2226,1745913361.3014917,199.19395446777344
2227,1745913361.5055757,201.796293258667
2228,1745913361.6984694,192.89374351501465
2229,1745913361.8955693,197.0999240875244
2230,1745913362.083126,186.65146827697754
2231,1745913362.3365166,252.08473205566406
2232,1745913362.5949068,258.3901882171631
2233,1745913362.7827232,186.81669235229492
2234,1745913362.9775572,193.82572174072266
2235,1745913363.1644387,186.88154220581055
2236,1745913363.3648028,199.4776725769043
2237,1745913363.5650961,200.29330253601074
2238,1745913363.7586594,192.5830841064453
2239,1745913363.9494047,190.74535369873047
2240,1745913364.1357582,185.37259101867676
2241,1745913364.3236773,187.02077865600586
2242,1745913364.5282822,203.58633995056152
2243,1745913364.7265737,198.29154014587402
2244,1745913364.933755,206.1290740966797
2245,1745913365.1328466,198.17018508911133
2246,1745913365.353772,220.92533111572266
2247,1745913365.5635967,208.96220207214355
2248,1745913365.7531013,189.50462341308594
2249,1745913365.942581,189.47958946228027
2250,1745913366.1391602,195.68181037902832
2251,1745913366.3313203,191.1475658416748
2252,1745913366.6415281,309.19837951660156
2253,1745913366.8270795,185.55140495300293
2254,1745913367.0233922,194.79990005493164
2255,1745913367.2201061,196.71392440795898
2256,1745913367.4647012,244.59505081176758
2257,1745913367.6549683,190.26708602905273
2258,1745913367.8406432,184.68475341796875
2259,1745913368.0334196,191.76578521728516
2260,1745913368.2203746,186.95497512817383
2261,1745913368.4066176,185.5015754699707
2262,1745913368.5948093,187.3166561126709
2263,1745913368.8826828,287.8735065460205
2264,1745913369.070396,187.7131462097168
2265,1745913369.258735,188.3389949798584
2266,1745913369.4537826,194.04053688049316
2267,1745913369.6384895,184.7069263458252
2268,1745913369.827351,188.86160850524902
2269,1745913370.0150983,187.74724006652832
2270,1745913370.2206597,205.56139945983887
2271,1745913370.4127755,192.11578369140625
2272,1745913370.630305,216.5663242340088
2273,1745913370.8445103,213.04631233215332
2274,1745913371.0497167,205.20639419555664
2275,1745913371.3628552,313.138484954834
2276,1745913371.5550652,192.20995903015137
2277,1745913371.743739,188.673734664917
2278,1745913371.9363108,192.57187843322754
2279,1745913372.1210542,184.74340438842773
2280,1745913372.3164978,195.44363021850586
2281,1745913372.5958245,278.32865715026855
2282,1745913372.8768213,280.99679946899414
2283,1745913373.0634737,185.70828437805176
2284,1745913373.2609758,196.50840759277344
2285,1745913373.45115,189.1615390777588
2286,1745913373.6369522,185.80222129821777
2287,1745913373.8544824,217.5302505493164
2288,1745913374.0461276,190.63901901245117
2289,1745913374.323595,276.46827697753906
2290,1745913374.5216873,197.07798957824707
2291,1745913374.7093165,186.6171360015869
2292,1745913374.8975837,188.26723098754883
2293,1745913375.1362174,238.6336326599121
2294,1745913375.322433,186.21563911437988
2295,1745913375.5217867,198.37617874145508
2296,1745913375.7055182,183.7315559387207
2297,1745913375.8955367,188.9667510986328
2298,1745913376.0865781,191.0414695739746
2299,1745913376.2728546,186.27643585205078
2300,1745913376.4589565,186.10191345214844
2301,1745913376.6447606,184.79251861572266
2302,1745913376.8317854,187.0248317718506
2303,1745913377.0206697,187.86954879760742
2304,1745913377.280144,259.4742774963379
2305,1745913377.4674919,187.3478889465332
2306,1745913377.6525133,185.02140045166016
2307,1745913377.8412445,188.73119354248047
2308,1745913378.0991807,256.92009925842285
2309,1745913378.4067323,306.1413764953613
2310,1745913378.6355011,227.25915908813477
2311,1745913378.9227045,286.177396774292
2312,1745913379.1119397,189.23521041870117
2313,1745913379.2991033,186.25164031982422
2314,1745913379.5284405,228.3473014831543
2315,1745913379.7218285,193.3879852294922
2316,1745913379.9106765,187.84761428833008
2317,1745913380.152769,242.09260940551758
2318,1745913380.3460765,193.30739974975586
2319,1745913380.5341349,188.05837631225586
2320,1745913380.7215848,186.4452362060547
2321,1745913380.9100113,187.42990493774414
2322,1745913381.1005793,190.5679702758789
2323,1745913381.2890544,188.4751319885254
2324,1745913381.4765604,186.50221824645996
2325,1745913381.6615226,184.96227264404297
2326,1745913381.8483396,185.8077049255371
2327,1745913382.0468855,198.5459327697754
2328,1745913382.3092272,262.3417377471924
2329,1745913382.6038618,293.5142517089844
2330,1745913383.6140356,nan
2331,1745913383.7993405,185.3048801422119
2332,1745913384.0524366,252.18439102172852
2333,1745913384.2462127,193.77613067626953
2334,1745913384.4333026,186.1560344696045
2335,1745913384.6195736,186.27095222473145
2336,1745913384.8723814,252.8078556060791
2337,1745913385.057024,183.63666534423828
2338,1745913385.2439778,186.95378303527832
2339,1745913385.4293919,185.41407585144043
2340,1745913385.6166656,187.27374076843262
2341,1745913385.8028362,186.1705780029297
2342,1745913385.9894848,186.64860725402832
2343,1745913386.2996585,310.17374992370605
2344,1745913386.4862359,186.57732009887695
2345,1745913386.6718924,184.64350700378418
2346,1745913386.906358,234.4655990600586
2347,1745913387.0934124,186.05279922485352
2348,1745913387.2802331,186.82074546813965
2349,1745913387.5290937,248.86059761047363
2350,1745913387.7296283,200.53458213806152
2351,1745913387.9194417,189.81337547302246
2352,1745913388.1209693,201.00831985473633
2353,1745913389.0190494,898.0801105499268
2354,1745913389.2032607,183.2277774810791
2355,1745913389.3886762,184.39912796020508
2356,1745913389.5743828,185.11509895324707
2357,1745913389.7613566,186.97381019592285
2358,1745913389.949608,188.25149536132812
2359,1745913390.1361737,186.56563758850098
2360,1745913390.4043288,267.1546936035156
2361,1745913390.7027454,298.4166145324707
2362,1745913390.9334238,229.3233871459961
2363,1745913391.1286347,195.21093368530273
2364,1745913391.3171146,188.47990036010742
2365,1745913391.5106616,193.54701042175293
2366,1745913391.7068522,196.19059562683105
2367,1745913391.8941903,187.33811378479004
2368,1745913392.0812418,187.05153465270996
2369,1745913392.3532774,272.0355987548828
2370,1745913392.5995667,246.28925323486328
2371,1745913392.7980294,198.46272468566895
2372,1745913393.8133698,nan
2373,1745913394.000583,187.21318244934082
2374,1745913394.1898952,189.31221961975098
2375,1745913394.3835957,193.70055198669434
2376,1745913394.5800245,196.42877578735352
2377,1745913394.7669907,185.96792221069336
2378,1745913394.9566188,189.62812423706055
2379,1745913395.1425383,185.91952323913574
2380,1745913395.3501763,207.63802528381348
2381,1745913395.5385554,187.26444244384766
2382,1745913395.7246552,186.09976768493652
2383,1745913395.9169939,192.3387050628662
2384,1745913396.222861,304.99768257141113
2385,1745913396.408966,185.09149551391602
2386,1745913396.5955215,185.9140396118164
2387,1745913396.7836392,187.19911575317383
2388,1745913396.970282,186.64288520812988
2389,1745913397.157197,186.91492080688477
2390,1745913397.353093,194.88525390625
2391,1745913397.538259,185.1661205291748
2392,1745913397.7246249,186.36584281921387
2393,1745913397.9110167,185.51373481750488
2394,1745913398.1846633,272.81737327575684
2395,1745913398.3703785,185.7151985168457
2396,1745913399.3925445,nan
2397,1745913399.6268497,232.28716850280762
2398,1745913399.8405156,212.1601104736328
2399,1745913400.1316388,290.1608943939209
2400,1745913400.4375553,304.69489097595215
2401,1745913400.7385323,300.9769916534424
2402,1745913400.9297323,191.20001792907715
2403,1745913401.1293962,197.63970375061035
2404,1745913401.3142362,184.83996391296387
2405,1745913401.500309,184.97276306152344
2406,1745913401.6867177,185.42933464050293
2407,1745913401.871636,184.91816520690918
2408,1745913402.156669,284.0380668640137
2409,1745913402.3417435,185.0745677947998
2410,1745913402.5274212,185.67776679992676
2411,1745913402.7923923,263.97085189819336
2412,1745913403.0867333,294.3410873413086
2413,1745913403.2748384,186.59520149230957
2414,1745913403.4605963,185.75787544250488
2415,1745913403.6882823,227.68592834472656
2416,1745913403.874774,186.4917278289795
2417,1745913404.0621057,186.41424179077148
2418,1745913404.2472258,185.1201057434082
2419,1745913404.431927,183.69555473327637
2420,1745913404.7245078,292.58084297180176
2421,1745913404.9107203,186.21253967285156
2422,1745913405.098197,187.47663497924805
2423,1745913405.3682423,270.04528045654297
2424,1745913405.5542793,186.0370635986328
2425,1745913405.7417498,187.4704360961914
2426,1745913405.9337254,191.97559356689453
2427,1745913406.124036,190.31071662902832
2428,1745913406.3216896,197.65353202819824
2429,1745913406.5741818,252.49218940734863
2430,1745913406.7609408,186.75899505615234
2431,1745913406.9491236,188.18283081054688
2432,1745913407.1947722,244.6427345275879
2433,1745913407.505515,308.75682830810547
2434,1745913407.7315772,226.06205940246582
2435,1745913407.921664,190.08684158325195
2436,1745913408.2050698,281.2926769256592
2437,1745913408.3922794,187.2096061706543
2438,1745913408.5763583,184.07893180847168
2439,1745913408.7633305,186.97214126586914
2440,1745913409.0442514,280.92098236083984
2441,1745913409.235444,190.1388168334961
2442,1745913409.4299912,194.54717636108398
2443,1745913409.6156023,185.61100959777832
2444,1745913409.8087122,192.10577011108398
2445,1745913410.003309,193.58253479003906
2446,1745913410.2598765,256.56747817993164
2447,1745913410.4504547,190.57822227478027
2448,1745913410.6396718,189.21709060668945
2449,1745913410.8392348,199.56302642822266
2450,1745913411.069171,228.93667221069336
2451,1745913411.2654233,194.91338729858398
2452,1745913411.6031325,336.70830726623535
2453,1745913411.790812,187.67952919006348
2454,1745913411.9766803,185.8682632446289
2455,1745913412.1638486,186.1746311187744
2456,1745913412.359675,194.8261260986328
2457,1745913412.60682,246.09017372131348
2458,1745913412.797118,188.78817558288574
2459,1745913412.9832358,186.11788749694824
2460,1745913413.1765454,192.551851272583
2461,1745913413.3855171,208.97173881530762
2462,1745913413.5871234,201.60627365112305
2463,1745913413.786466,198.47655296325684
2464,1745913413.989523,203.05705070495605
2465,1745913414.1837327,193.33291053771973
2466,1745913414.3816233,197.8905200958252
2467,1745913414.5847344,203.1111717224121
2468,1745913414.777566,191.81442260742188
2469,1745913414.9628024,185.23645401000977
2470,1745913415.160799,196.7630386352539
2471,1745913415.348662,186.51819229125977
2472,1745913415.5370526,188.39073181152344
2473,1745913415.724685,187.63232231140137
2474,1745913415.914746,190.06109237670898
2475,1745913416.1031811,187.51931190490723
2476,1745913416.2970557,193.87459754943848
2477,1745913416.6042418,306.6749572753906
2478,1745913416.7896721,185.43028831481934
2479,1745913416.9765017,185.83178520202637
2480,1745913417.2260897,249.5880126953125
2481,1745913417.4106293,183.55250358581543
2482,1745913417.5994008,187.85953521728516
2483,1745913417.7903867,190.98591804504395
2484,1745913417.974677,183.3343505859375
2485,1745913418.1696491,193.97354125976562
2486,1745913418.3606224,190.05322456359863
2487,1745913418.5569673,196.34485244750977
2488,1745913418.8469164,289.9491786956787
2489,1745913419.049527,202.61049270629883
2490,1745913419.2359257,185.38188934326172
2491,1745913419.4256592,189.73350524902344
2492,1745913419.6115654,185.90617179870605
2493,1745913419.7969053,185.33992767333984
2494,1745913419.9858925,187.47997283935547
2495,1745913420.3009386,315.0460720062256
2496,1745913420.6016011,300.6625175476074
2497,1745913420.7887087,187.10756301879883
2498,1745913420.9751062,186.39755249023438
2499,1745913421.2071888,232.08260536193848
2500,1745913421.3926868,185.49799919128418
2501,1745913421.5796418,185.97793579101562
2502,1745913421.7669647,186.34939193725586
2503,1745913421.9529197,185.95504760742188
2504,1745913422.246156,293.23625564575195
2505,1745913422.4319375,184.6292018890381
2506,1745913422.6265414,193.6039924621582
2507,1745913422.8183355,191.79415702819824
2508,1745913423.0054922,186.65313720703125
2509,1745913423.1953182,189.31961059570312
2510,1745913423.3832016,187.8833770751953
2511,1745913423.5703382,187.13665008544922
2512,1745913423.7558274,184.478759765625
2513,1745913423.9463933,190.565824508667
2514,1745913424.1550612,208.66799354553223
2515,1745913424.3473876,192.32630729675293
2516,1745913424.5374203,190.0327205657959
2517,1745913424.9028423,364.5508289337158
2518,1745913425.0902162,187.37387657165527
2519,1745913425.276952,186.7358684539795
2520,1745913425.47734,200.38795471191406
2521,1745913425.6698997,191.56432151794434
2522,1745913425.8567793,186.87963485717773
2523,1745913426.047573,189.27955627441406
2524,1745913426.3493667,300.77600479125977
2525,1745913426.6436906,294.3239212036133
2526,1745913426.9583826,314.69202041625977
2527,1745913427.1532454,194.86284255981445
2528,1745913427.3435378,190.2923583984375
2529,1745913427.5373712,192.81697273254395
2530,1745913427.7229936,185.6224536895752
2531,1745913427.9132426,190.24896621704102
2532,1745913428.1108234,197.58081436157227
2533,1745913428.3771646,266.3412094116211
2534,1745913428.6872458,310.08124351501465
2535,1745913428.886882,198.73571395874023
2536,1745913429.1144774,225.98719596862793
2537,1745913430.1241205,nan
2538,1745913430.4382305,312.5898838043213
2539,1745913430.6261928,187.96229362487793
2540,1745913431.1417854,515.5925750732422
2541,1745913431.3308525,187.84570693969727
2542,1745913431.5221477,190.2763843536377
2543,1745913431.7524517,229.43592071533203
2544,1745913431.9375753,184.10468101501465
2545,1745913432.124891,186.3105297088623
2546,1745913432.3847466,258.85486602783203
2547,1745913432.6230488,237.2727394104004
2548,1745913432.9106252,287.57643699645996
2549,1745913433.1922166,281.59141540527344
2550,1745913433.3859003,193.68362426757812
2551,1745913433.61124,225.3396511077881
2552,1745913433.8353848,224.14493560791016
2553,1745913434.04576,208.99724960327148
2554,1745913434.2600145,212.24379539489746
2555,1745913434.4571147,197.10016250610352
2556,1745913434.727069,269.9542045593262
2557,1745913434.9217286,193.11833381652832
2558,1745913435.1151047,193.3760643005371
2559,1745913435.3529558,236.84358596801758
2560,1745913435.661636,308.68029594421387
2561,1745913435.8849056,222.2573757171631
2562,1745913436.139902,254.99653816223145
2563,1745913436.3797057,238.82341384887695
2564,1745913436.5937204,213.00411224365234
2565,1745913436.8064075,211.73620223999023
2566,1745913436.9954908,189.08333778381348
2567,1745913437.2971969,300.7054328918457
2568,1745913437.4890516,191.85471534729004
2569,1745913437.6759317,186.88011169433594
2570,1745913437.867347,190.45186042785645
2571,1745913438.0563016,187.94798851013184
2572,1745913438.2735724,216.27116203308105
2573,1745913439.2794573,nan
2574,1745913439.4782374,197.77894020080566
2575,1745913439.668844,190.60659408569336
2576,1745913439.8648522,196.00820541381836
2577,1745913440.0650814,199.3541717529297
2578,1745913440.2536302,187.5307559967041
2579,1745913440.4425795,188.9493465423584
2580,1745913440.632571,189.99147415161133
2581,1745913440.8200965,187.52551078796387
2582,1745913441.0895066,268.3994770050049
2583,1745913441.3838198,294.3131923675537
2584,1745913441.5751064,191.28656387329102
2585,1745913441.7711706,196.06423377990723
2586,1745913441.9606092,188.4317398071289
2587,1745913442.1494215,188.812255859375
2588,1745913442.3392532,189.83173370361328
2589,1745913442.612631,273.3778953552246
2590,1745913442.8013191,187.80755996704102
2591,1745913442.989741,187.58201599121094
2592,1745913443.1783617,187.7288818359375
2593,1745913443.364581,186.2194538116455
2594,1745913443.6605952,296.01407051086426
2595,1745913443.8829122,222.31698036193848
2596,1745913444.0730202,190.108060836792
2597,1745913444.2668734,193.85313987731934
2598,1745913444.4583573,191.4839744567871
2599,1745913444.6524694,193.6042308807373
2600,1745913444.8669777,214.5082950592041
2601,1745913445.0531156,186.13791465759277
2602,1745913445.2438974,189.26620483398438
2603,1745913445.4712842,227.3867130279541
2604,1745913445.6682749,194.89121437072754
2605,1745913445.8597898,191.5149688720703
2606,1745913446.0466866,185.8959197998047
2607,1745913446.2364676,188.27247619628906
2608,1745913446.5170016,278.0799865722656
2609,1745913446.7014306,184.42893028259277
2610,1745913447.713684,nan
2611,1745913447.911269,197.584867477417
2612,1745913448.096111,184.84210968017578
2613,1745913448.2844532,187.34073638916016
2614,1745913448.5493715,263.91124725341797
2615,1745913448.7404678,190.10353088378906
2616,1745913448.9413736,200.90579986572266
2617,1745913449.1566422,215.26861190795898
2618,1745913449.3529062,196.26402854919434
2619,1745913449.582034,228.2111644744873
2620,1745913449.786741,204.70690727233887
2621,1745913450.0162585,229.51745986938477
2622,1745913450.2385213,222.26285934448242
2623,1745913450.5089674,270.4460620880127
2624,1745913450.8127215,303.7540912628174
2625,1745913451.1258285,313.1070137023926
2626,1745913451.432032,306.20360374450684
2627,1745913451.7410176,308.98547172546387
2628,1745913451.9474268,206.40921592712402
2629,1745913452.153038,204.61630821228027
2630,1745913452.4496162,296.57816886901855
2631,1745913452.6673613,216.70866012573242
2632,1745913452.9664993,299.13806915283203
2633,1745913453.2648041,298.30479621887207
2634,1745913453.471689,206.88486099243164
2635,1745913453.690077,217.14019775390625
2636,1745913453.934659,243.57295036315918
2637,1745913454.133419,198.7600326538086
2638,1745913454.3355482,201.11608505249023
2639,1745913454.561984,226.43589973449707
2640,1745913454.8041387,241.15395545959473
2641,1745913455.1466546,342.5159454345703
2642,1745913455.3911722,244.51756477355957
2643,1745913455.6230476,231.87541961669922
2644,1745913455.832435,208.3878517150879
2645,1745913456.0353959,201.91168785095215
2646,1745913456.2357392,199.34535026550293
2647,1745913456.5550992,319.36001777648926
2648,1745913456.8544452,298.2497215270996
2649,1745913457.0725293,217.07868576049805
2650,1745913457.323564,251.03473663330078
2651,1745913457.5352066,211.64250373840332
2652,1745913457.74065,203.568696975708
2653,1745913457.9483707,207.72075653076172
2654,1745913458.1538882,204.50925827026367
2655,1745913458.3781312,222.9914665222168
2656,1745913458.714232,336.10081672668457
2657,1745913459.0083659,294.13390159606934
2658,1745913459.3062332,296.8628406524658
2659,1745913459.5084982,200.14166831970215
2660,1745913459.8169777,308.47954750061035
2661,1745913460.0121753,195.19758224487305
2662,1745913460.2183464,205.1551342010498
2663,1745913460.4107785,192.43216514587402
2664,1745913460.5969117,185.13107299804688
2665,1745913460.7863522,189.44048881530762
2666,1745913460.9790463,191.6961669921875
2667,1745913461.185583,205.53088188171387
2668,1745913461.4522939,266.7107582092285
2669,1745913461.6566226,204.3287754058838
2670,1745913461.8482904,189.17012214660645
2671,1745913462.038253,189.96262550354004
2672,1745913462.22945,191.19691848754883
2673,1745913462.4205496,190.14620780944824
2674,1745913462.6430213,222.4717140197754
2675,1745913462.8453069,201.28488540649414
2676,1745913463.0852447,238.9378547668457
2677,1745913463.320176,234.93123054504395
2678,1745913463.5555992,234.4200611114502
2679,1745913463.7793112,222.88942337036133
2680,1745913463.9932513,213.94014358520508
2681,1745913464.209554,216.30263328552246
2682,1745913464.4062674,196.71344757080078
2683,1745913464.6015894,194.31233406066895
2684,1745913464.7930715,191.4820671081543
2685,1745913464.991614,198.54259490966797
2686,1745913465.1840036,191.39671325683594
2687,1745913465.3772545,193.2508945465088
2688,1745913465.5753193,197.16572761535645
2689,1745913465.7727654,196.43831253051758
2690,1745913465.9643464,191.58101081848145
2691,1745913466.1549046,190.55819511413574
2692,1745913466.3503313,195.42670249938965
2693,1745913466.538548,188.2166862487793
2694,1745913466.732042,192.4874782562256
2695,1745913466.9235394,191.4973258972168
2696,1745913467.1244974,199.81670379638672
2697,1745913467.317462,192.9645538330078
2698,1745913467.5172532,198.7893581390381
2699,1745913467.7081373,190.88411331176758
2700,1745913467.898336,190.1986598968506
2701,1745913468.0897985,191.46251678466797
2702,1745913468.2872844,197.48592376708984
2703,1745913468.4808962,192.612886428833
2704,1745913468.6769164,195.01972198486328
2705,1745913468.8711653,194.24891471862793
2706,1745913469.0798237,208.65845680236816
2707,1745913469.275853,196.0291862487793
2708,1745913469.4636426,186.7849826812744
2709,1745913469.670417,206.77447319030762
2710,1745913469.8670037,196.58660888671875
2711,1745913470.0631442,196.14052772521973
2712,1745913470.2586176,195.47343254089355
2713,1745913470.4632676,204.6499252319336
2714,1745913470.664057,200.7894515991211
2715,1745913470.855771,191.71404838562012
2716,1745913471.0525703,196.79927825927734
2717,1745913471.2450562,192.48580932617188
2718,1745913471.50053,255.47385215759277
2719,1745913471.8225284,321.99835777282715
2720,1745913472.0203433,196.79570198059082
2721,1745913472.2394857,219.14243698120117
2722,1745913472.4331267,192.65151023864746
2723,1745913472.7216902,288.56348991394043
2724,1745913472.915666,193.97592544555664
2725,1745913473.1124744,196.8083381652832
2726,1745913473.3083599,195.88541984558105
2727,1745913473.5008242,192.46435165405273
2728,1745913473.696838,195.0218677520752
2729,1745913473.8981864,200.84142684936523
2730,1745913474.0919974,193.4192180633545
2731,1745913474.283387,191.3895606994629
2732,1745913474.473725,189.02063369750977
2733,1745913474.6707454,196.49648666381836
2734,1745913474.861455,189.711332321167
2735,1745913475.0698268,207.27086067199707
2736,1745913475.2648118,194.98491287231445
2737,1745913475.4561393,191.32757186889648
2738,1745913475.6464448,189.56875801086426
2739,1745913475.8528407,206.39586448669434
2740,1745913476.042035,188.18354606628418
2741,1745913476.2284453,186.41018867492676
2742,1745913476.4134488,184.49807167053223
2743,1745913476.6202364,206.7875862121582
2744,1745913476.8070972,186.16890907287598
2745,1745913477.0155761,208.4789276123047
2746,1745913477.2051387,188.53998184204102
2747,1745913477.3904603,185.32156944274902
2748,1745913477.5746977,184.23748016357422
2749,1745913477.7643497,189.6519660949707
2750,1745913477.9501636,184.80920791625977
2751,1745913478.1358626,185.6989860534668
2752,1745913478.3225217,186.6590976715088
2753,1745913478.510725,188.2033348083496
2754,1745913478.6945817,183.85672569274902
2755,1745913478.8814623,186.88058853149414
2756,1745913479.0691168,187.6544952392578
2757,1745913479.3740535,304.93664741516113
2758,1745913479.56153,187.47663497924805
2759,1745913480.566575,nan
2760,1745913480.758194,190.79971313476562
2761,1745913480.9444633,186.26928329467773
2762,1745913481.222334,276.8745422363281
2763,1745913481.4096613,187.32738494873047
2764,1745913481.5967555,186.06257438659668
2765,1745913481.7824268,185.67132949829102
2766,1745913481.968459,186.03205680847168
2767,1745913482.1538358,185.3768825531006
2768,1745913482.352748,197.89409637451172
2769,1745913482.5485613,195.81341743469238
2770,1745913482.735137,185.56523323059082
2771,1745913482.927405,192.26813316345215
2772,1745913483.1681554,240.75031280517578
2773,1745913483.3583958,190.24038314819336
2774,1745913483.5457678,186.36655807495117
2775,1745913483.73115,184.4649314880371
2776,1745913483.9150312,183.88128280639648
2777,1745913484.116873,200.84285736083984
2778,1745913484.302639,185.76598167419434
2779,1745913484.4972756,194.63658332824707
2780,1745913484.6850674,186.79237365722656
2781,1745913484.9109342,224.86233711242676
2782,1745913485.0975537,186.61952018737793
2783,1745913485.2831562,184.6029758453369
2784,1745913485.471425,188.26889991760254
2785,1745913485.6560133,184.58819389343262
2786,1745913485.841467,185.4536533355713
2787,1745913486.0276089,186.1419677734375
2788,1745913486.2137456,185.12439727783203
2789,1745913486.40585,190.83237648010254
2790,1745913486.6523468,246.49691581726074
2791,1745913486.839711,187.3641014099121
2792,1745913487.0317454,192.03448295593262
2793,1745913487.2197902,188.04478645324707
2794,1745913487.4060893,185.36782264709473
2795,1745913487.5917668,184.82184410095215
2796,1745913487.7776215,184.84783172607422
2797,1745913487.9628782,184.42702293395996
2798,1745913488.1468203,182.99078941345215
2799,1745913488.3324974,185.67705154418945
2800,1745913488.5932717,260.7743740081787
2801,1745913488.778444,185.17231941223145
2802,1745913488.9662666,187.8225803375244
2803,1745913489.2049851,238.71850967407227
2804,1745913489.3907094,185.72425842285156
2805,1745913489.5797246,188.1871223449707
2806,1745913489.76547,185.7454776763916
2807,1745913490.146699,380.2599906921387
2808,1745913490.3491788,200.96755027770996
2809,1745913490.5462546,197.07584381103516
2810,1745913490.730736,183.50934982299805
2811,1745913490.9204664,188.71784210205078
2812,1745913491.1084754,188.00902366638184
2813,1745913491.3658686,257.39312171936035
2814,1745913491.6618354,295.0172424316406
2815,1745913491.8550663,192.23332405090332
2816,1745913492.0414796,186.41328811645508
2817,1745913492.228339,186.8593692779541
2818,1745913492.4169476,187.29829788208008
2819,1745913492.6029956,186.04803085327148
2820,1745913492.8376012,234.6055507659912
2821,1745913493.031278,192.75307655334473
2822,1745913493.2170904,185.81247329711914
2823,1745913493.405031,186.42640113830566
2824,1745913493.590864,185.83297729492188
2825,1745913493.7796197,187.75582313537598
2826,1745913494.0146964,235.0766658782959
2827,1745913494.1994066,183.6848258972168
2828,1745913494.3913856,190.97208976745605
2829,1745913494.5764766,185.0910186767578
2830,1745913494.831997,255.52034378051758
2831,1745913495.0170088,183.99381637573242
2832,1745913495.2038097,185.2893829345703
2833,1745913495.4641838,259.6170902252197
2834,1745913495.7615323,296.3438034057617
2835,1745913495.9506443,189.11194801330566
2836,1745913496.1394527,188.80844116210938
2837,1745913496.3256493,185.26196479797363
2838,1745913496.5112395,184.60583686828613
2839,1745913496.7795277,267.27747917175293
2840,1745913496.9658883,185.3489875793457
2841,1745913497.1524348,186.54656410217285
2842,1745913497.4044766,251.20139122009277
2843,1745913497.6007857,196.30908966064453
2844,1745913497.7904656,189.6798610687256
2845,1745913497.9788141,188.34853172302246
2846,1745913498.1655657,186.7516040802002
2847,1745913498.3511238,185.55808067321777
2848,1745913498.5396369,188.51304054260254
2849,1745913498.8366907,297.0538139343262
2850,1745913499.142987,306.29634857177734
2851,1745913499.3364344,192.48604774475098
2852,1745913499.5273297,189.88823890686035
2853,1745913499.8489351,321.6054439544678
2854,1745913500.0356238,186.68866157531738
2855,1745913500.2232826,187.65878677368164
2856,1745913500.4103978,187.11519241333008
2857,1745913500.595988,185.59026718139648
2858,1745913500.7826166,186.6285800933838
2859,1745913500.9868011,203.3071517944336
2860,1745913501.1739132,187.11209297180176
2861,1745913501.3638382,189.924955368042
2862,1745913501.55133,187.49189376831055
2863,1745913501.739284,187.95394897460938
2864,1745913501.9261374,185.40024757385254
2865,1745913502.1148777,188.74025344848633
2866,1745913502.301674,186.7961883544922
2867,1745913502.4919178,189.17608261108398
2868,1745913502.680431,188.51304054260254
2869,1745913502.866448,186.01703643798828
2870,1745913503.0607483,193.28808784484863
2871,1745913503.2464669,185.71853637695312
2872,1745913503.440127,192.7468776702881
2873,1745913503.6282697,188.1427764892578
2874,1745913503.82256,193.8302516937256
2875,1745913504.052031,229.47096824645996
2876,1745913504.2363303,184.29923057556152
2877,1745913504.4238386,186.5086555480957
2878,1745913504.6133108,189.47219848632812
2879,1745913504.8001637,186.85293197631836
2880,1745913505.0897822,289.61849212646484
2881,1745913505.2773066,186.57755851745605
2882,1745913505.4637825,185.47415733337402
2883,1745913505.6575515,193.76897811889648
2884,1745913505.8500698,191.52259826660156
2885,1745913506.11031,260.2403163909912
2886,1745913506.3084908,198.1806755065918
2887,1745913506.497184,187.1187686920166
2888,1745913506.681049,183.86507034301758
2889,1745913506.9349482,252.91967391967773
2890,1745913507.2295046,294.5563793182373
2891,1745913507.4184978,187.9899501800537
2892,1745913507.6102467,191.74885749816895
2893,1745913507.7984765,187.25323677062988
2894,1745913507.9882143,188.72523307800293
2895,1745913508.2415292,253.31497192382812
2896,1745913508.4336176,191.14184379577637
2897,1745913508.6202505,186.63287162780762
2898,1745913508.8463056,226.05514526367188
2899,1745913509.0312545,184.94892120361328
2900,1745913509.219654,187.2844696044922
2901,1745913509.4726098,251.95550918579102
2902,1745913509.6593893,185.76955795288086
2903,1745913509.845998,185.7004165649414
2904,1745913510.0855575,238.55876922607422
2905,1745913510.272789,187.23154067993164
2906,1745913510.4610534,188.2643699645996
2907,1745913510.6601665,197.83711433410645
2908,1745913510.846383,186.2165927886963
2909,1745913511.033834,187.45088577270508
2910,1745913511.3205297,286.6957187652588
2911,1745913511.5074675,186.93780899047852
2912,1745913511.6959612,187.4253749847412
2913,1745913511.9420211,246.05989456176758
2914,1745913512.127269,185.24789810180664
2915,1745913512.3184364,191.16735458374023
2916,1745913512.518692,198.9603042602539
2917,1745913512.7062795,186.90204620361328
2918,1745913512.892974,185.73617935180664
2919,1745913513.081327,187.37530708312988
2920,1745913513.2810812,199.7542381286621
2921,1745913513.465756,184.07964706420898
2922,1745913513.6552267,189.47076797485352
2923,1745913513.8424373,186.2332820892334
2924,1745913514.106368,262.9208564758301
2925,1745913514.2952175,188.84944915771484
2926,1745913514.4869697,190.83118438720703
2927,1745913514.6757832,188.8134479522705
2928,1745913514.8614557,185.67252159118652
2929,1745913515.1111321,249.67646598815918
2930,1745913515.2983525,187.22033500671387
2931,1745913515.4962862,197.93367385864258
2932,1745913515.6873996,191.11347198486328
2933,1745913515.8720994,184.69977378845215
2934,1745913516.0595672,186.47146224975586
2935,1745913516.2487273,189.16010856628418
2936,1745913516.4338455,185.1181983947754
2937,1745913516.6471474,212.38255500793457
2938,1745913516.8326592,185.51182746887207
2939,1745913517.0252593,191.10107421875
2940,1745913517.2696362,243.47519874572754
2941,1745913517.456381,185.744047164917
2942,1745913517.6405993,184.218168258667
2943,1745913517.8266537,185.04738807678223
2944,1745913518.0148034,186.59567832946777
2945,1745913518.2009559,185.2741241455078
2946,1745913518.3948674,193.91155242919922
2947,1745913518.5838902,188.02118301391602
2948,1745913518.770069,185.1658821105957
2949,1745913518.954821,184.7522258758545
2950,1745913519.2159555,260.10584831237793
2951,1745913519.4018145,185.85896492004395
2952,1745913519.5900772,188.2627010345459
2953,1745913519.8143218,224.2445945739746
2954,1745913520.0084546,194.13280487060547
2955,1745913520.196411,187.44969367980957
2956,1745913520.3836386,185.98675727844238
2957,1745913520.5687203,185.08172035217285
2958,1745913520.8530335,283.25867652893066
2959,1745913521.0486703,195.63674926757812
2960,1745913522.0543816,nan
2961,1745913522.2404525,186.07091903686523
2962,1745913522.4281344,186.6765022277832
2963,1745913523.89613,1467.9956436157227
2964,1745913524.2318034,335.67333221435547
2965,1745913524.4206152,187.80159950256348
2966,1745913524.6058726,185.2574348449707
2967,1745913524.7924333,185.5607032775879
2968,1745913525.0530775,260.64419746398926
2969,1745913525.2421308,189.05329704284668
2970,1745913525.4288085,186.6776943206787
2971,1745913525.6160364,187.22796440124512
2972,1745913525.8041975,188.16113471984863
2973,1745913525.9905849,186.387300491333
2974,1745913526.1793525,188.767671585083
2975,1745913526.3664024,187.04986572265625
2976,1745913526.5565321,190.12975692749023
2977,1745913526.7442136,186.17582321166992
2978,1745913526.9300785,185.86492538452148
2979,1745913527.1190526,188.97414207458496
2980,1745913527.3051174,186.0647201538086
2981,1745913527.5016885,195.56903839111328
2982,1745913527.6889448,187.2563362121582
2983,1745913527.9185011,228.55138778686523
2984,1745913528.1057663,187.26515769958496
2985,1745913528.2967994,191.03312492370605
2986,1745913528.4870417,190.24229049682617
2987,1745913528.6731827,184.14545059204102
2988,1745913528.8621836,189.00084495544434
2989,1745913529.0483649,186.18130683898926
2990,1745913529.240854,191.77985191345215
2991,1745913529.429781,188.92693519592285
2992,1745913529.6181276,187.3471736907959
2993,1745913529.8126314,194.5037841796875
2994,1745913530.059252,246.62065505981445
2995,1745913530.2450335,185.78147888183594
2996,1745913530.4337323,188.69876861572266
2997,1745913530.6266012,191.8656826019287
2998,1745913530.8280509,199.94449615478516
2999,1745913531.0998096,271.7587947845459
3000,1745913531.3954284,295.61877250671387
3001,1745913531.5806036,185.17518043518066
3002,1745913531.766697,185.1811408996582
3003,1745913531.9528933,186.19632720947266
3004,1745913532.1384683,184.5557689666748
3005,1745913532.3244817,186.01346015930176
3006,1745913532.514746,189.35322761535645
3007,1745913532.7048547,190.1087760925293
3008,1745913532.891417,185.5778694152832
3009,1745913533.0837643,192.34728813171387
3010,1745913533.2795649,194.81611251831055
3011,1745913533.465196,184.63873863220215
3012,1745913533.652065,185.8663558959961
3013,1745913533.8393261,185.29415130615234
3014,1745913534.0564952,217.16904640197754
3015,1745913534.365248,308.75277519226074
3016,1745913534.554844,189.59593772888184
3017,1745913534.7397053,184.35430526733398
3018,1745913534.9255848,185.87946891784668
3019,1745913535.188085,262.5002861022949
3020,1745913535.4988697,309.8306655883789
3021,1745913535.687277,187.40200996398926
3022,1745913536.6929805,nan
3023,1745913536.9289403,235.9597682952881
3024,1745913537.115114,186.173677444458
3025,1745913537.306022,189.87464904785156
3026,1745913537.4945726,187.5452995300293
3027,1745913537.6784,183.82740020751953
3028,1745913537.863881,184.47303771972656
3029,1745913538.1572533,292.360782623291
3030,1745913538.3443406,185.20402908325195
3031,1745913538.52953,185.18948554992676
3032,1745913538.7226903,192.16585159301758
3033,1745913538.9152923,191.6193962097168
3034,1745913539.101582,185.2889060974121
3035,1745913539.2888913,187.30926513671875
3036,1745913539.6054432,316.55192375183105
3037,1745913539.7910035,185.5602264404297
3038,1745913539.9781938,187.19029426574707
3039,1745913540.1645517,185.8513355255127
3040,1745913540.349948,185.3961944580078
3041,1745913540.5421982,192.25025177001953
3042,1745913540.728385,185.18614768981934
3043,1745913540.914202,185.81700325012207
3044,1745913541.1001127,185.91070175170898
3045,1745913541.288776,187.6673698425293
3046,1745913541.547755,257.80773162841797
3047,1745913541.7322142,183.46071243286133
3048,1745913541.9162776,184.06343460083008
3049,1745913542.1040184,186.81597709655762
3050,1745913542.300589,196.57063484191895
3051,1745913542.4918044,191.21527671813965
3052,1745913542.6780822,185.26887893676758
3053,1745913542.8649213,185.83202362060547
3054,1745913543.1744769,309.5555305480957
3055,1745913543.3610647,186.58781051635742
3056,1745913543.5466752,185.61053276062012
3057,1745913543.7899451,243.2699203491211
3058,1745913543.9768229,186.87772750854492
3059,1745913544.1626346,185.81175804138184
3060,1745913544.3469074,184.27276611328125
3061,1745913544.5332694,186.36202812194824
3062,1745913544.7194324,185.1809024810791
3063,1745913544.9055905,186.1581802368164
3064,1745913545.100977,195.38640975952148
3065,1745913545.320708,218.75286102294922
3066,1745913545.506989,186.2809658050537
3067,1745913545.6930566,186.0675811767578
3068,1745913545.8796935,185.63222885131836
3069,1745913546.1433105,262.6147270202637
3070,1745913546.4699335,326.62296295166016
3071,1745913546.6568763,184.94939804077148
3072,1745913546.8428133,185.93692779541016
3073,1745913547.0288534,186.04016304016113
3074,1745913547.2140708,184.5109462738037
3075,1745913547.4005997,186.52892112731934
3076,1745913547.6683218,267.72212982177734
3077,1745913547.856949,187.6521110534668
3078,1745913548.0456293,188.68017196655273
3079,1745913548.2342753,187.63446807861328
3080,1745913548.428394,194.11873817443848
3081,1745913548.6331112,203.48024368286133
3082,1745913548.821472,188.36069107055664
3083,1745913549.0152771,192.80576705932617
3084,1745913549.3163595,300.15015602111816
3085,1745913549.5102277,193.86816024780273
3086,1745913549.6974568,186.24067306518555
3087,1745913549.8853424,186.8910789489746
3088,1745913550.0730252,186.68055534362793
3089,1745913550.3287024,255.6772232055664
3090,1745913550.515408,185.67490577697754
3091,1745913550.7136192,198.2111930847168
3092,1745913550.9630697,249.4504451751709
3093,1745913551.2593672,295.29714584350586
3094,1745913551.4467082,187.34097480773926
3095,1745913551.6331694,186.4612102508545
3096,1745913551.8836617,249.49216842651367
3097,1745913552.0696406,185.97888946533203
3098,1745913552.254858,185.21738052368164
3099,1745913552.4402146,185.35661697387695
3100,1745913552.6303902,190.17553329467773
3101,1745913552.8246398,192.86465644836426
3102,1745913553.1118734,287.2335910797119
3103,1745913553.3001986,188.3251667022705
3104,1745913554.3121269,nan
3105,1745913554.5013633,189.23640251159668
3106,1745913554.700644,198.36068153381348
3107,1745913554.9522054,250.55646896362305
3108,1745913555.1381428,184.92579460144043
3109,1745913555.3247428,186.5999698638916
3110,1745913555.570495,245.24641036987305
3111,1745913555.865464,293.9629554748535
3112,1745913556.0516615,186.19751930236816
3113,1745913556.2391908,186.10835075378418
3114,1745913556.4894283,250.23746490478516
3115,1745913556.6892242,198.90761375427246
3116,1745913556.875006,185.78171730041504
3117,1745913557.072083,196.40254974365234
3118,1745913557.2595828,187.4997615814209
3119,1745913557.5174832,256.90555572509766
3120,1745913557.7042081,186.72490119934082
3121,1745913557.8902526,186.04445457458496
3122,1745913558.0782661,188.01355361938477
3123,1745913558.3427737,264.507532119751
3124,1745913558.5271578,184.38410758972168
3125,1745913558.7129395,184.87048149108887
3126,1745913558.8967772,183.8376522064209
3127,1745913559.0859585,187.66069412231445
3128,1745913559.2719722,185.15276908874512
3129,1745913559.4627235,189.74637985229492
3130,1745913559.659301,194.5347785949707
3131,1745913559.9659376,305.63974380493164
3132,1745913560.1629243,196.98667526245117
3133,1745913560.4813848,317.37613677978516
3134,1745913560.6674824,186.0976219177246
3135,1745913560.854616,186.16724014282227
3136,1745913561.040467,184.84735488891602
3137,1745913561.2264886,185.23693084716797
3138,1745913561.4128609,186.3722801208496
3139,1745913561.5995543,185.69278717041016
3140,1745913561.7872186,186.6159439086914
3141,1745913561.9835591,196.34056091308594
3142,1745913562.1684747,184.91554260253906
3143,1745913562.355837,186.3574981689453
3144,1745913562.5413244,185.4872703552246
3145,1745913562.731846,190.5217170715332
3146,1745913562.9188235,186.13505363464355
3147,1745913563.1057837,185.95004081726074
3148,1745913563.2918468,186.06305122375488
3149,1745913563.4784045,186.55776977539062
3150,1745913563.6745834,196.17891311645508
3151,1745913563.8679788,192.3544406890869
3152,1745913564.1573448,288.85722160339355
3153,1745913564.3432157,185.87088584899902
3154,1745913564.5436127,199.4001865386963
3155,1745913564.7345943,190.98162651062012
3156,1745913564.9210596,185.55235862731934
3157,1745913565.1159291,194.8695182800293
3158,1745913565.3139937,198.06456565856934
3159,1745913565.5007346,185.83917617797852
3160,1745913565.7097163,208.98175239562988
3161,1745913565.8995419,188.82513046264648
3162,1745913566.0866258,185.12296676635742
3163,1745913566.310328,223.70219230651855
3164,1745913566.496633,185.4226589202881
3165,1745913566.6835885,186.95545196533203
3166,1745913566.8786328,195.04427909851074
3167,1745913567.131633,253.00025939941406
3168,1745913567.3183267,185.2257251739502
3169,1745913568.3300755,nan
3170,1745913568.5191965,188.37738037109375
3171,1745913568.7060022,186.80572509765625
3172,1745913568.8914406,184.556245803833
3173,1745913569.0828867,191.44606590270996
3174,1745913569.2726684,188.79032135009766
3175,1745913569.4950557,221.3876247406006
3176,1745913569.6892138,194.15807723999023
3177,1745913569.8801718,190.01317024230957
3178,1745913570.0683122,188.1403923034668
3179,1745913570.2982254,228.84488105773926
3180,1745913570.48575,185.99295616149902
3181,1745913570.6822364,196.4864730834961
3182,1745913570.8684516,186.21516227722168
3183,1745913571.0950267,226.57513618469238
3184,1745913571.28496,189.93330001831055
3185,1745913571.4824471,197.48711585998535
3186,1745913571.6693957,186.9485378265381
3187,1745913572.1558535,486.45782470703125
3188,1745913572.3545766,198.72307777404785
3189,1745913572.6317706,277.1940231323242
3190,1745913572.8472154,215.44480323791504
3191,1745913573.0636387,216.42327308654785
3192,1745913573.2889702,225.33154487609863
3193,1745913573.5869887,297.008752822876
3194,1745913573.7748945,187.90578842163086
3195,1745913573.9654102,188.99917602539062
3196,1745913574.1524005,186.99026107788086
3197,1745913574.336641,183.32672119140625
3198,1745913574.525019,186.86270713806152
3199,1745913574.7084708,183.45189094543457
3200,1745913574.8947456,185.1484775543213
3201,1745913575.0847268,189.98122215270996
3202,1745913575.32848,243.75319480895996
3203,1745913575.632967,303.97939682006836
3204,1745913575.8230395,190.07253646850586
3205,1745913576.0096836,185.64510345458984
3206,1745913576.1967034,187.01982498168945
3207,1745913576.3831222,186.4187717437744
3208,1745913576.6016383,217.5769805908203
3209,1745913576.786905,185.26673316955566
3210,1745913576.9746995,187.79444694519043
3211,1745913577.1651187,190.41919708251953
3212,1745913577.350407,184.373140335083
3213,1745913577.5673287,215.91448783874512
3214,1745913577.7526617,184.3247413635254
3215,1745913577.9386756,186.01393699645996
3216,1745913578.1255682,186.89250946044922
3217,1745913578.3171375,190.51313400268555
3218,1745913578.5019884,184.85093116760254
3219,1745913578.6916056,189.61715698242188
3220,1745913578.878489,185.8839988708496
3221,1745913579.0656896,187.20054626464844
3222,1745913579.3284566,262.76707649230957
3223,1745913579.6219895,292.21296310424805
3224,1745913579.80666,184.67044830322266
3225,1745913579.9940252,185.8537197113037
3226,1745913580.1807885,185.89401245117188
3227,1745913580.3684936,187.70503997802734
3228,1745913580.640371,271.8775272369385
3229,1745913580.8294818,188.07673454284668
3230,1745913581.0171833,187.70146369934082
3231,1745913581.2741892,255.58805465698242
3232,1745913581.4725747,198.38547706604004
3233,1745913581.6601965,186.7239475250244
3234,1745913581.8468857,186.6891384124756
3235,1745913582.0355494,187.66450881958008
3236,1745913582.2236402,188.09080123901367
3237,1745913582.5135643,289.92414474487305
3238,1745913582.7140994,200.53505897521973
3239,1745913582.899316,185.21666526794434
3240,1745913583.085645,185.29868125915527
3241,1745913583.2725356,186.0966682434082
3242,1745913583.507206,234.67040061950684
3243,1745913583.6929555,185.74953079223633
3244,1745913583.8816533,188.69781494140625
3245,1745913584.0658824,184.22913551330566
3246,1745913584.256192,189.41640853881836
3247,1745913584.4407644,184.5724582672119
3248,1745913584.627224,186.45954132080078
3249,1745913584.8148746,186.63907051086426
3250,1745913585.0594819,244.60721015930176
3251,1745913585.2464511,185.74953079223633
3252,1745913585.4346385,188.1873607635498
3253,1745913585.6285794,193.9408779144287
3254,1745913585.8281949,198.6074447631836
3255,1745913586.0147479,186.5530014038086
3256,1745913586.2015352,186.78736686706543
3257,1745913586.4884386,286.90338134765625
3258,1745913586.6983733,208.8642120361328
3259,1745913586.891971,193.59779357910156
3260,1745913587.079686,186.90919876098633
3261,1745913587.2695997,189.91374969482422
3262,1745913587.519315,248.74186515808105
3263,1745913587.7060852,185.75239181518555
3264,1745913588.711496,nan
3265,1745913588.9016628,190.16671180725098
3266,1745913589.0884354,186.77258491516113
3267,1745913589.2757182,186.26832962036133
3268,1745913589.4635444,186.03110313415527
3269,1745913589.6525493,189.00489807128906
3270,1745913589.841812,188.24267387390137
3271,1745913590.0404909,197.52740859985352
3272,1745913590.2810597,239.5637035369873
3273,1745913590.4669921,185.93239784240723
3274,1745913590.6539073,186.91515922546387
3275,1745913590.839364,184.45682525634766
3276,1745913591.026061,186.69700622558594
3277,1745913591.306419,280.35783767700195
3278,1745913591.4914873,184.05795097351074
3279,1745913591.6772504,185.76312065124512
3280,1745913591.9016342,224.38383102416992
3281,1745913592.0896327,187.99853324890137
3282,1745913592.2771046,186.5079402923584
3283,1745913592.4624765,185.37187576293945
3284,1745913592.649972,185.98556518554688
3285,1745913592.8387418,188.76981735229492
3286,1745913593.1383533,299.61156845092773
3287,1745913593.414319,274.960994720459
3288,1745913593.6059487,190.4585361480713
3289,1745913593.796678,190.72937965393066
3290,1745913593.9822776,185.59956550598145
3291,1745913594.1680908,184.8130226135254
3292,1745913594.3554828,187.391996383667
3293,1745913594.539874,184.39126014709473
3294,1745913594.7258532,185.97912788391113
3295,1745913594.9122999,185.58621406555176
3296,1745913595.0992403,186.94043159484863
3297,1745913595.285866,186.62571907043457
3298,1745913595.5038092,216.9361114501953
3299,1745913595.6909974,186.17534637451172
3300,1745913595.881642,190.6447410583496
3301,1745913596.068748,186.2509250640869
3302,1745913596.2562866,187.53862380981445
3303,1745913596.5118666,254.58383560180664
3304,1745913596.7004278,187.58773803710938
3305,1745913596.8908386,190.41085243225098
3306,1745913597.080032,189.1934871673584
3307,1745913597.2716382,190.57536125183105
3308,1745913597.457585,185.94694137573242
3309,1745913597.7485058,289.9150848388672
3310,1745913597.9351168,186.10286712646484
3311,1745913598.1233966,187.28184700012207
3312,1745913598.3719358,247.62606620788574
3313,1745913598.5598845,187.94870376586914
3314,1745913598.766492,205.60288429260254
3315,1745913598.9544683,187.97636032104492
3316,1745913599.140888,186.41972541809082
3317,1745913599.3288274,186.91754341125488
3318,1745913599.588464,259.63664054870605
3319,1745913599.7756789,186.63287162780762
3320,1745913599.9603226,184.64374542236328
3321,1745913600.211105,249.76801872253418
3322,1745913600.396901,185.79578399658203
3323,1745913600.58681,189.9092197418213
3324,1745913600.7724202,185.6100559234619
3325,1745913600.9592068,185.38808822631836
3326,1745913601.2216513,261.45386695861816
3327,1745913601.4136164,191.96510314941406
3328,1745913601.6120172,198.40073585510254
3329,1745913601.7983198,186.30266189575195
3330,1745913601.9864986,188.17877769470215
3331,1745913602.17676,189.26167488098145
3332,1745913602.4664476,289.6876335144043
3333,1745913602.6562893,188.52853775024414
3334,1745913602.8406029,184.31353569030762
3335,1745913603.0254967,183.9141845703125
3336,1745913603.276695,251.19829177856445
3337,1745913603.470289,193.59397888183594
3338,1745913603.6542504,183.9613914489746
3339,1745913603.8461115,190.934419631958
3340,1745913604.0949674,247.84564971923828
3341,1745913604.2808685,185.90116500854492
3342,1745913604.4675417,186.67316436767578
3343,1745913604.6548665,186.3260269165039
3344,1745913604.8443007,188.49730491638184
3345,1745913605.0311615,185.85872650146484
3346,1745913605.3387506,307.589054107666
3347,1745913605.6457038,306.3476085662842
3348,1745913605.8318582,186.15436553955078
3349,1745913606.0258696,192.91138648986816
3350,1745913606.2167833,190.91367721557617
3351,1745913606.4032626,186.4793300628662
3352,1745913606.6537123,250.44965744018555
3353,1745913606.841562,186.8419647216797
3354,1745913607.0262542,184.6921443939209
3355,1745913607.2137802,186.61212921142578
3356,1745913607.4002337,186.45358085632324
3357,1745913607.587038,186.80429458618164
3358,1745913607.8781726,291.1345958709717
3359,1745913608.069807,191.6344165802002
3360,1745913608.2568977,187.09063529968262
3361,1745913608.4440162,185.60218811035156
3362,1745913608.6373522,192.3389434814453
3363,1745913608.8233814,186.02919578552246
3364,1745913609.0090137,185.63222885131836
3365,1745913609.193734,184.2029094696045
3366,1745913609.3822474,187.70980834960938
3367,1745913609.568213,185.96553802490234
3368,1745913609.788901,220.6881046295166
3369,1745913609.9742563,185.35518646240234
3370,1745913610.1625483,187.27660179138184
3371,1745913610.3483047,185.75644493103027
3372,1745913610.5353663,186.55729293823242
3373,1745913610.7605126,225.14629364013672
3374,1745913610.9512618,190.7491683959961
3375,1745913611.1382484,185.97841262817383
3376,1745913611.3275192,188.26532363891602
3377,1745913611.5151117,187.5925064086914
3378,1745913611.7031658,187.05511093139648
3379,1745913611.9806564,277.49061584472656
3380,1745913612.1669164,186.25998497009277
3381,1745913612.3555143,188.5979175567627
3382,1745913612.6019104,246.39606475830078
3383,1745913612.8190484,216.0055637359619
3384,1745913613.0036278,184.57937240600586
3385,1745913613.1907327,187.1049404144287
3386,1745913613.4249456,234.21287536621094
3387,1745913613.7244911,299.5455265045166
3388,1745913613.9158607,191.36953353881836
3389,1745913614.1162357,199.35894012451172
3390,1745913614.3033297,187.09397315979004
3391,1745913614.4896939,185.0872039794922
3392,1745913614.6844544,194.76056098937988
3393,1745913614.8703706,185.91618537902832
3394,1745913615.0584443,187.05439567565918
3395,1745913615.2470403,188.0810260772705
3396,1745913615.4788465,231.80627822875977
3397,1745913615.7790482,300.2016544342041
3398,1745913615.9660351,186.98692321777344
3399,1745913616.1526513,186.6161823272705
3400,1745913616.3404589,187.80755996704102
3401,1745913616.6000574,259.5984935760498
3402,1745913616.785355,185.29772758483887
3403,1745913617.7986665,nan
3404,1745913617.9871335,188.46702575683594
3405,1745913618.1749039,186.77067756652832
3406,1745913618.43922,264.3160820007324
3407,1745913618.6248322,184.60941314697266
3408,1745913618.8133786,187.59584426879883
3409,1745913619.0036993,189.31984901428223
3410,1745913619.1928053,189.10598754882812
3411,1745913619.3803036,187.4983310699463
3412,1745913619.5654106,185.10699272155762
3413,1745913619.7656052,199.19371604919434
3414,1745913620.080665,314.06116485595703
3415,1745913620.3756309,293.96629333496094
3416,1745913620.5648859,188.24505805969238
3417,1745913620.7524695,187.58368492126465
3418,1745913620.9371727,184.70311164855957
3419,1745913621.12927,192.09742546081543
3420,1745913621.4168477,287.57762908935547
3421,1745913621.7111454,294.2976951599121
3422,1745913621.8995442,188.3988380432129
3423,1745913622.9098144,nan
3424,1745913623.0959117,186.0973834991455
3425,1745913623.2827337,186.82193756103516
3426,1745913623.477372,194.63825225830078
3427,1745913623.6636758,185.28318405151367
3428,1745913623.8489373,185.26148796081543
3429,1745913624.0354958,186.55848503112793
3430,1745913624.270718,233.88409614562988
3431,1745913624.4597943,189.07618522644043
3432,1745913624.6468616,187.06727027893066
3433,1745913624.8760533,229.19178009033203
3434,1745913625.0615816,185.52827835083008
3435,1745913625.2492905,186.70105934143066
3436,1745913625.43551,186.2194538116455
3437,1745913625.7097766,273.06079864501953
3438,1745913625.8973622,186.57779693603516
3439,1745913626.0844002,186.04230880737305
3440,1745913626.2711856,186.78545951843262
3441,1745913626.532488,261.3024711608887
3442,1745913626.7204387,187.95061111450195
3443,1745913626.9086027,186.61999702453613
3444,1745913627.113738,205.13534545898438
3445,1745913627.4507203,335.9863758087158
3446,1745913627.6368623,185.17708778381348
3447,1745913627.8231015,186.23924255371094
3448,1745913628.168996,345.38865089416504
3449,1745913628.468251,299.2548942565918
3450,1745913628.6541634,185.9123706817627
3451,1745913628.844837,189.65435028076172
3452,1745913629.0323813,187.5443458557129
3453,1745913629.230294,197.91269302368164
3454,1745913629.4203117,190.0177001953125
3455,1745913629.6101575,189.84580039978027
3456,1745913629.796363,186.20562553405762
3457,1745913629.9826827,186.31958961486816
3458,1745913630.2088397,226.15694999694824
3459,1745913630.396058,187.21842765808105
3460,1745913630.5841706,187.12544441223145
3461,1745913630.7665608,182.3902130126953
3462,1745913630.9535882,186.00010871887207
3463,1745913631.1393192,184.45539474487305
3464,1745913631.3234382,184.11898612976074
3465,1745913631.5096834,185.24408340454102
3466,1745913631.7552009,244.51112747192383
3467,1745913631.9430075,187.8066062927246
3468,1745913632.1613877,218.38021278381348
3469,1745913633.171309,nan
3470,1745913633.3921797,219.99120712280273
3471,1745913633.579189,187.00933456420898
3472,1745913633.7652812,186.09213829040527
3473,1745913633.9559674,190.68622589111328
3474,1745913634.143406,187.4384880065918
3475,1745913634.329154,185.74810028076172
3476,1745913634.5137331,184.57913398742676
3477,1745913634.7014587,186.71584129333496
3478,1745913634.8924272,189.95404243469238
3479,1745913635.0786307,186.2034797668457
3480,1745913635.2652938,186.66315078735352
3481,1745913635.5375774,272.28355407714844
3482,1745913635.726089,187.58249282836914
3483,1745913635.9148126,188.72356414794922
3484,1745913636.101413,186.6004467010498
3485,1745913636.3636749,261.32988929748535
3486,1745913636.6604955,295.8526611328125
3487,1745913636.8473527,186.8572235107422
3488,1745913637.035248,187.8952980041504
3489,1745913637.2259893,189.7292137145996
3490,1745913637.4182699,192.28053092956543
3491,1745913637.6055434,187.27350234985352
3492,1745913637.863972,257.4336528778076
3493,1745913638.049763,185.791015625
3494,1745913638.2349734,185.2104663848877
3495,1745913638.4234335,188.460111618042
3496,1745913638.616292,192.85845756530762
3497,1745913638.8017237,184.42988395690918
3498,1745913638.9918697,190.14596939086914
3499,1745913639.179782,186.95998191833496
3500,1745913639.36832,188.5380744934082
3501,1745913639.5559537,187.63375282287598
3502,1745913639.833471,277.51731872558594
3503,1745913640.0208213,187.35027313232422
3504,1745913640.2117033,190.88196754455566
3505,1745913640.404667,192.9636001586914
3506,1745913640.6588566,254.18972969055176
3507,1745913640.8474286,187.92080879211426
3508,1745913641.0393395,190.9046173095703
3509,1745913641.2258043,185.45818328857422
3510,1745913641.4857574,258.93497467041016
3511,1745913641.6715589,185.80150604248047
3512,1745913641.8608844,189.32557106018066
3513,1745913642.0470908,185.1503849029541
3514,1745913642.2361002,189.009428024292
3515,1745913642.4211564,184.20743942260742
3516,1745913642.6727939,250.62918663024902
3517,1745913642.8602386,187.44468688964844
3518,1745913643.0472438,185.9912872314453
3519,1745913643.2358913,187.66140937805176
3520,1745913643.530669,293.8072681427002
3521,1745913643.7167034,186.0344409942627
3522,1745913643.903035,186.33151054382324
3523,1745913644.0888805,185.84561347961426
3524,1745913644.275748,186.86747550964355
3525,1745913644.4612107,185.46271324157715
3526,1745913644.6465967,185.38594245910645
3527,1745913644.8575091,210.91246604919434
3528,1745913645.0443516,186.8424415588379
3529,1745913645.2324667,188.11511993408203
3530,1745913645.4774873,245.02062797546387
3531,1745913645.7853382,307.85083770751953
3532,1745913646.045586,259.2129707336426
3533,1745913646.2348337,188.26699256896973
3534,1745913646.42693,191.22695922851562
3535,1745913646.613601,186.67101860046387
3536,1745913646.906116,292.5150394439697
3537,1745913647.0941305,186.6602897644043
3538,1745913647.2812364,186.15388870239258
3539,1745913647.467498,186.26165390014648
3540,1745913647.7112553,243.7572479248047
3541,1745913647.8996763,187.49046325683594
3542,1745913648.0914247,190.74344635009766
3543,1745913648.3515,260.07533073425293
3544,1745913648.5410578,189.5577907562256
3545,1745913648.8522599,311.2020492553711
3546,1745913649.0366316,183.82549285888672
3547,1745913649.2269373,188.46654891967773
3548,1745913649.4159937,189.056396484375
3549,1745913649.604945,188.9512538909912
3550,1745913649.7921953,187.25037574768066
3551,1745913649.978383,186.187744140625
3552,1745913650.1654475,186.05422973632812
3553,1745913650.392468,226.02033615112305
3554,1745913650.580463,187.99495697021484
3555,1745913650.7667985,186.33556365966797
3556,1745913650.9538949,185.5909824371338
3557,1745913651.1392057,185.31084060668945
3558,1745913651.327508,188.30227851867676
3559,1745913651.6034465,274.5928764343262
3560,1745913651.7927327,188.28630447387695
3561,1745913651.9784925,184.81159210205078
3562,1745913652.166662,187.15453147888184
3563,1745913652.3584733,191.81132316589355
3564,1745913652.5448332,186.35988235473633
3565,1745913652.73546,190.626859664917
3566,1745913652.9216063,185.13751029968262
3567,1745913653.111366,188.76004219055176
3568,1745913653.3108828,199.51677322387695
3569,1745913653.5649204,254.03761863708496
3570,1745913653.7502935,184.38315391540527
3571,1745913653.9363012,186.00773811340332
3572,1745913654.1217318,184.4308376312256
3573,1745913654.3859992,263.23962211608887
3574,1745913654.5861528,200.15358924865723
3575,1745913654.772564,186.41114234924316
3576,1745913654.9576898,185.12582778930664
3577,1745913655.1447895,186.58685684204102
3578,1745913655.3313227,185.5332851409912
3579,1745913655.6115596,280.23695945739746
3580,1745913655.7978675,186.3079071044922
3581,1745913655.9834604,185.5928897857666
3582,1745913656.2166045,232.17368125915527
3583,1745913656.4041772,187.57271766662598
3584,1745913656.591542,187.3648166656494
3585,1745913656.8324223,239.90440368652344
3586,1745913657.016646,184.22365188598633
3587,1745913657.2059603,187.6354217529297
3588,1745913657.393122,187.16168403625488
3589,1745913657.5800567,186.9347095489502
3590,1745913657.8606348,280.5781364440918
3591,1745913658.0485435,187.90864944458008
3592,1745913658.2345266,185.98318099975586
3593,1745913658.4831316,248.60501289367676
3594,1745913658.7796352,294.52991485595703
3595,1745913658.9657216,185.15300750732422
3596,1745913659.1545432,188.82155418395996
3597,1745913659.3401818,184.62729454040527
3598,1745913659.5250974,184.91554260253906
3599,1745913659.710146,184.06414985656738
3600,1745913659.9996626,289.5166873931885
3601,1745913660.1875315,185.85610389709473
3602,1745913660.3809092,193.37773323059082
3603,1745913660.566077,185.16778945922852
3604,1745913660.75195,184.89360809326172
3605,1745913660.938194,185.22214889526367
3606,1745913661.124793,186.27142906188965
3607,1745913661.3122268,187.43371963500977
3608,1745913661.545859,233.63232612609863
3609,1745913661.7318132,185.95409393310547
3610,1745913661.923669,191.85590744018555
3611,1745913662.114335,189.6674633026123
3612,1745913662.3685482,254.2130947113037
3613,1745913662.5609033,192.35515594482422
3614,1745913662.7467515,184.85021591186523
3615,1745913662.938119,191.36738777160645
3616,1745913663.1241221,186.0032081604004
3617,1745913663.312683,188.56096267700195
3618,1745913663.498344,185.66083908081055
3619,1745913663.683433,185.089111328125
3620,1745913663.9086597,225.22664070129395
3621,1745913664.0947542,185.0905418395996
3622,1745913664.2820518,186.295747756958
3623,1745913664.4690099,186.95807456970215
3624,1745913664.6537995,184.78965759277344
3625,1745913664.8414533,187.6537799835205
3626,1745913665.0293968,186.47074699401855
3627,1745913665.2174044,188.00759315490723
3628,1745913665.4049983,186.7208480834961
3629,1745913665.6527524,246.7360496520996
3630,1745913665.8375933,184.84091758728027
3631,1745913666.0255363,186.02824211120605
3632,1745913666.210588,185.05167961120605
3633,1745913666.3971179,185.52923202514648
3634,1745913666.6633463,266.22843742370605
3635,1745913666.8507042,186.34724617004395
3636,1745913667.03839,187.68572807312012
3637,1745913667.2311797,192.78979301452637
3638,1745913667.4165723,185.3926181793213
3639,1745913667.6870556,269.5443630218506
3640,1745913667.872473,185.41741371154785
3641,1745913668.0605867,187.11423873901367
3642,1745913668.248868,188.28129768371582
3643,1745913668.4363706,186.49792671203613
3644,1745913668.6322353,194.87571716308594
3645,1745913668.908819,275.5780220031738
3646,1745913669.099127,189.7130012512207
3647,1745913669.2942982,195.17111778259277
3648,1745913669.499561,204.26249504089355
3649,1745913669.6875246,186.95902824401855
3650,1745913669.8754613,187.93678283691406
3651,1745913670.061711,186.2497329711914
3652,1745913670.2509463,189.23521041870117
3653,1745913670.4354913,184.54504013061523
3654,1745913670.620252,183.790922164917
3655,1745913670.8057685,184.50331687927246
3656,1745913670.990844,185.0755214691162
3657,1745913671.1758945,185.05048751831055
3658,1745913671.3681715,192.2769546508789
3659,1745913671.5531712,184.9997043609619
3660,1745913671.7504957,197.3245143890381
3661,1745913671.9963694,245.87368965148926
3662,1745913672.1827378,186.36846542358398
3663,1745913672.369137,185.48965454101562
3664,1745913672.555884,185.83035469055176
3665,1745913672.816747,259.86194610595703
3666,1745913673.1146622,297.9152202606201
3667,1745913673.3000598,185.39762496948242
3668,1745913673.4912841,190.16385078430176
3669,1745913673.7341764,242.89226531982422
3670,1745913673.921775,186.58971786499023
3671,1745913674.1082115,186.43641471862793
3672,1745913674.2960875,187.87598609924316
3673,1745913674.4900131,193.9256191253662
3674,1745913674.6840498,193.02606582641602
3675,1745913674.9561462,272.0963954925537
3676,1745913675.141948,185.80174446105957
3677,1745913675.328372,186.42401695251465
3678,1745913675.5143425,185.97054481506348
3679,1745913675.7827027,268.3601379394531
3680,1745913675.9684513,185.74857711791992
3681,1745913676.1560154,187.56413459777832
3682,1745913676.3473108,191.29538536071777
3683,1745913676.603076,255.76519966125488
3684,1745913676.7904851,185.8959197998047
3685,1745913677.7950113,nan
3686,1745913677.9850464,189.0244483947754
3687,1745913678.1715615,184.66448783874512
3688,1745913678.4509282,278.3501148223877
3689,1745913678.6345289,183.60066413879395
3690,1745913678.8195677,184.13424491882324
3691,1745913679.0035672,183.99953842163086
3692,1745913679.1939154,189.422607421875
3693,1745913679.3785481,184.6327781677246
3694,1745913679.5636885,184.62705612182617
3695,1745913679.746854,183.1655502319336
3696,1745913679.9333806,186.52653694152832
3697,1745913680.121307,187.9262924194336
3698,1745913680.311554,190.2470588684082
3699,1745913680.5967274,284.26098823547363
3700,1745913680.7850635,188.33613395690918
3701,1745913680.9722214,187.15786933898926
3702,1745913681.160268,187.0403289794922
3703,1745913681.3459544,185.6863498687744
3704,1745913681.530779,184.82446670532227
3705,1745913681.8117964,279.9956798553467
3706,1745913681.9974039,185.6074333190918
3707,1745913682.18341,186.0060691833496
3708,1745913682.3722625,187.7765655517578
3709,1745913682.5605166,188.25411796569824
3710,1745913682.7507577,190.24109840393066
3711,1745913682.9360738,184.31329727172852
3712,1745913683.130412,192.9914951324463
3713,1745913683.3174267,186.45119667053223
3714,1745913683.5111582,193.73154640197754
3715,1745913683.6984375,186.29837036132812
3716,1745913683.8856146,187.17718124389648
3717,1745913684.0695195,183.90488624572754
3718,1745913684.2555957,186.07616424560547
3719,1745913684.4414263,184.84973907470703
3720,1745913684.6304,188.97366523742676
3721,1745913684.8166022,186.2022876739502
3722,1745913685.101003,284.40070152282715
3723,1745913685.2871504,186.14745140075684
3724,1745913685.4752393,188.08889389038086
3725,1745913685.720233,243.9866065979004
3726,1745913685.949189,228.9559841156006
3727,1745913686.1348078,185.61887741088867
3728,1745913686.3212786,185.55665016174316
3729,1745913686.5295005,208.2219123840332
3730,1745913686.7198899,190.38939476013184
3731,1745913686.9069712,185.97412109375
3732,1745913687.1549313,247.96009063720703
3733,1745913687.3413415,185.39977073669434
3734,1745913687.5267117,185.37020683288574
3735,1745913687.7134292,186.71751022338867
3736,1745913687.9668024,252.4127960205078
3737,1745913688.1536586,186.85626983642578
3738,1745913688.3484602,193.80569458007812
3739,1745913688.5363925,185.90259552001953
3740,1745913688.7233884,186.9959831237793
3741,1745913688.9125452,188.1699562072754
3742,1745913689.100315,186.77496910095215
3743,1745913689.2855642,185.24909019470215
3744,1745913689.472572,186.01012229919434
3745,1745913689.658422,185.8499050140381
3746,1745913689.8474567,187.50619888305664
3747,1745913690.0342968,186.84005737304688
3748,1745913690.2198942,185.59741973876953
3749,1745913690.529027,309.13281440734863
3750,1745913690.716553,186.5231990814209
3751,1745913691.7267685,nan
3752,1745913691.9182377,191.4691925048828
3753,1745913692.1057804,187.54267692565918
3754,1745913692.2933826,187.60228157043457
3755,1745913692.567463,274.0802764892578
3756,1745913692.7539172,185.43434143066406
3757,1745913692.94043,186.51270866394043
3758,1745913693.188297,247.86710739135742
3759,1745913693.3781722,189.87512588500977
3760,1745913693.564975,186.80286407470703
3761,1745913693.7982638,232.29670524597168
3762,1745913693.993282,193.7541961669922
3763,1745913694.178249,184.9668025970459
3764,1745913694.3968318,218.5828685760498
3765,1745913694.584366,185.89234352111816
3766,1745913694.770433,186.0668659210205
3767,1745913694.958147,187.7140998840332
3768,1745913695.2314036,273.2565402984619
3769,1745913695.4205334,188.1237030029297
3770,1745913695.612297,190.83881378173828
3771,1745913695.8665922,253.21030616760254
3772,1745913696.053351,185.83965301513672
3773,1745913696.2398012,186.45024299621582
3774,1745913696.4286513,187.8507137298584
3775,1745913696.6589453,230.29398918151855
3776,1745913696.8451865,186.24114990234375
3777,1745913697.030978,185.7914924621582
3778,1745913697.2599127,227.92339324951172
3779,1745913697.4463348,186.42210960388184
3780,1745913697.6323924,186.05756759643555
3781,1745913697.9019876,269.5951461791992
3782,1745913698.0886497,186.6621971130371
3783,1745913698.276014,187.3643398284912
3784,1745913698.4644594,188.4453296661377
3785,1745913698.723175,258.7156295776367
3786,1745913698.910764,187.58893013000488
3787,1745913699.1010416,190.2775764465332
3788,1745913699.2868755,184.81040000915527
3789,1745913699.4896958,201.30467414855957
3790,1745913699.6857476,196.05183601379395
3791,1745913699.8810616,195.3139305114746
3792,1745913700.1562753,275.21371841430664
3793,1745913700.3503594,193.12787055969238
3794,1745913700.5462337,194.81635093688965
3795,1745913700.7352326,187.99924850463867
3796,1745913700.9495797,213.35244178771973
3797,1745913701.1507516,200.6983757019043
3798,1745913701.3381453,187.3936653137207
3799,1745913701.5293207,190.12165069580078
3800,1745913702.540759,nan
3801,1745913702.776736,233.77084732055664
3802,1745913702.9893365,212.6004695892334
3803,1745913703.9973953,nan
3804,1745913705.0084395,nan
3805,1745913706.0219479,nan
3806,1745913706.2090883,186.26880645751953
3807,1745913706.5098152,299.72290992736816
3808,1745913706.6964433,186.6281032562256
3809,1745913706.8814154,183.96353721618652
3810,1745913707.0704532,189.03779983520508
3811,1745913707.3082473,237.7941608428955
3812,1745913707.4945433,186.2959861755371
3813,1745913707.684591,189.06879425048828
3814,1745913707.9231634,237.57553100585938
3815,1745913708.1082678,185.1043701171875
3816,1745913708.2949579,186.690092086792
3817,1745913708.4808013,185.84346771240234
3818,1745913708.750282,269.48070526123047
3819,1745913708.9352484,184.9663257598877
3820,1745913709.1227603,186.1550807952881
3821,1745913709.3394077,216.64738655090332
3822,1745913709.5261416,185.76359748840332
3823,1745913709.7111678,184.02647972106934
3824,1745913709.8991158,186.95449829101562
3825,1745913710.0848274,185.71162223815918
3826,1745913710.2735085,187.6845359802246
3827,1745913710.494889,221.38047218322754
3828,1745913710.679152,184.2629909515381
3829,1745913710.8654742,186.32221221923828
3830,1745913711.0959775,229.49743270874023
3831,1745913711.3016212,205.6436538696289
3832,1745913711.492914,190.28472900390625
3833,1745913711.6839795,191.06554985046387
3834,1745913711.870391,186.41138076782227
3835,1745913712.059342,188.9510154724121
3836,1745913712.3558445,295.49336433410645
3837,1745913712.5992277,242.38061904907227
3838,1745913712.789457,187.76464462280273
3839,1745913712.982627,193.16983222961426
3840,1745913713.1817353,199.10836219787598
3841,1745913713.372585,188.99106979370117
3842,1745913713.565218,192.63291358947754
3843,1745913713.884605,319.38695907592773
3844,1745913714.079681,195.07598876953125
3845,1745913714.2932427,212.5539779663086
3846,1745913714.506673,213.43040466308594
3847,1745913714.7103617,202.1811008453369
3848,1745913714.9026113,192.24953651428223
3849,1745913715.2229435,319.42105293273926
3850,1745913715.424041,199.6743679046631
3851,1745913715.6333568,208.32204818725586
3852,1745913715.9513805,318.023681640625
3853,1745913716.2316303,280.24983406066895
3854,1745913716.440014,208.38356018066406
3855,1745913716.7418783,301.8643856048584
3856,1745913717.0606322,318.7539577484131
3857,1745913717.352321,290.6804084777832
3858,1745913717.554108,200.65832138061523
3859,1745913717.876617,321.51055335998535
3860,1745913718.0995483,222.9313850402832
3861,1745913718.3799796,279.4361114501953
3862,1745913718.8114517,430.419921875
3863,1745913719.0906773,279.22558784484863
3864,1745913719.4263904,334.7280025482178
3865,1745913719.6484342,221.1129665374756
3866,1745913719.8553824,206.94828033447266
3867,1745913720.128542,272.25685119628906
3868,1745913720.4166934,287.5938415527344
3869,1745913720.624568,207.87453651428223
3870,1745913720.9610393,335.74533462524414
3871,1745913721.2668366,304.6145439147949
3872,1745913721.4814737,213.12308311462402
3873,1745913721.692216,209.7618579864502
3874,1745913722.0010972,308.8812828063965
3875,1745913722.219627,218.52970123291016
3876,1745913722.441614,220.97516059875488
3877,1745913722.7049766,263.3626461029053
3878,1745913722.9209845,215.00778198242188
3879,1745913723.333199,411.11278533935547
3880,1745913723.5275233,194.32425498962402
3881,1745913723.7467206,218.2784080505371
3882,1745913723.9357262,189.00561332702637
3883,1745913724.131936,196.20990753173828
3884,1745913724.3195047,186.5520477294922
3885,1745913724.5068154,186.2618923187256
3886,1745913724.7157345,208.91904830932617
3887,1745913724.9203684,204.6339511871338
3888,1745913725.1163661,195.9977149963379
3889,1745913725.3504086,234.04240608215332
3890,1745913725.561543,209.64646339416504
3891,1745913725.861656,300.1129627227783
3892,1745913726.0529938,190.3231143951416
3893,1745913726.2655225,212.52870559692383
3894,1745913726.582723,317.2004222869873
3895,1745913726.875158,291.54467582702637
3896,1745913727.0641792,188.0168914794922
3897,1745913727.2551823,188.35186958312988
3898,1745913727.4573581,202.17585563659668
3899,1745913727.6558547,198.49658012390137
3900,1745913727.8601606,204.30588722229004
3901,1745913728.1148064,253.63588333129883
3902,1745913728.4199157,305.10926246643066
3903,1745913728.6513715,230.44943809509277
3904,1745913728.9964755,344.1474437713623
3905,1745913729.255591,259.11545753479004
3906,1745913729.4823356,225.7375717163086
3907,1745913729.7061148,223.77920150756836
3908,1745913729.9595263,252.4588108062744
3909,1745913730.1968412,237.31493949890137
3910,1745913730.4682941,271.4529037475586
3911,1745913730.6566405,187.3455047607422
3912,1745913730.8444757,187.8352165222168
3913,1745913731.039421,193.94612312316895
3914,1745913731.2864158,245.99575996398926
3915,1745913731.4772527,190.83690643310547
3916,1745913731.6817322,204.47945594787598
3917,1745913731.868785,187.05272674560547
3918,1745913732.1088629,240.07797241210938
3919,1745913732.298271,188.38977813720703
3920,1745913732.4843502,186.0792636871338
3921,1745913732.681992,197.64184951782227
3922,1745913732.9171014,235.1093292236328
3923,1745913733.1036391,186.5377426147461
3924,1745913733.2916827,188.04359436035156
3925,1745913733.478316,185.72211265563965
3926,1745913733.6639056,185.58955192565918
3927,1745913733.9435046,279.5989513397217
3928,1745913734.1325371,188.04597854614258
3929,1745913734.3298476,197.3104476928711
3930,1745913734.5226371,192.78955459594727
3931,1745913734.7207024,197.05486297607422
3932,1745913734.9717128,251.01041793823242
3933,1745913735.2833745,309.7269535064697
3934,1745913735.470308,185.93239784240723
3935,1745913735.6594532,189.14508819580078
3936,1745913735.8455884,186.13529205322266
3937,1745913736.0918627,245.23544311523438
3938,1745913736.2795405,187.67786026000977
3939,1745913736.4703112,190.77062606811523
3940,1745913736.7143743,244.063138961792
3941,1745913736.9008038,185.4269504547119
3942,1745913737.913582,nan
3943,1745913738.1007242,186.1252784729004
3944,1745913738.2866013,184.87787246704102
3945,1745913738.5596616,273.0603218078613
3946,1745913738.8246722,265.0105953216553
3947,1745913739.012517,185.91856956481934
3948,1745913739.1973796,184.86261367797852
3949,1745913739.4529917,254.5337677001953
3950,1745913739.6462884,193.2966709136963
3951,1745913739.83663,190.34171104431152
3952,1745913740.0228946,186.2645149230957
3953,1745913740.2811813,258.286714553833
3954,1745913740.4669266,185.7452392578125
3955,1745913740.6548066,187.8800392150879
3956,1745913740.8409712,185.25338172912598
3957,1745913741.1182685,277.2972583770752
3958,1745913741.3054335,185.8389377593994
3959,1745913741.4919384,186.50484085083008
3960,1745913741.6885407,196.60234451293945
3961,1745913741.8945951,206.0544490814209
3962,1745913742.086501,191.90573692321777
3963,1745913742.2919059,204.40268516540527
3964,1745913742.4912694,199.36347007751465
3965,1745913742.6825292,191.25986099243164
3966,1745913742.9555793,273.05006980895996
3967,1745913743.1430225,185.52494049072266
3968,1745913743.3292446,186.22207641601562
3969,1745913743.5225594,193.314790725708
3970,1745913743.709437,186.87748908996582
3971,1745913743.9732542,263.81731033325195
3972,1745913744.1597097,186.45548820495605
3973,1745913744.3460705,186.36083602905273
3974,1745913744.536726,189.4521713256836
3975,1745913744.7219422,185.21618843078613
3976,1745913744.9116318,189.68963623046875
3977,1745913745.217362,305.73010444641113
3978,1745913745.4741423,256.78038597106934
3979,1745913745.6589632,184.31568145751953
3980,1745913745.8457432,186.77997589111328
3981,1745913746.064921,218.20807456970215
3982,1745913746.2513707,186.44976615905762
3983,1745913746.4392188,186.9354248046875
3984,1745913746.630298,190.07444381713867
3985,1745913746.8556476,225.34966468811035
3986,1745913747.1556444,299.99685287475586
3987,1745913747.3469517,191.30730628967285
3988,1745913747.539781,192.82937049865723
3989,1745913747.728309,188.52782249450684
3990,1745913747.978166,248.84700775146484
3991,1745913748.1640687,184.89456176757812
3992,1745913748.351561,187.49237060546875
3993,1745913748.5431097,191.54858589172363
3994,1745913748.7916076,247.49302864074707
3995,1745913748.9789686,186.3417625427246
3996,1745913749.1682484,187.8836154937744
3997,1745913749.3530872,184.83877182006836
3998,1745913749.5382583,185.17112731933594
3999,1745913749.7258995,187.64114379882812
4000,1745913750.0223525,295.5007553100586
4001,1745913750.2094681,186.10763549804688
4002,1745913750.4068356,196.35868072509766
4003,1745913750.6270218,220.1862335205078
4004,1745913750.846198,219.1762924194336
4005,1745913751.033533,187.33501434326172
4006,1745913751.2241886,190.65546989440918
4007,1745913751.4105263,185.39142608642578
4008,1745913751.5974603,186.9339942932129
4009,1745913751.7899027,192.4424171447754
4010,1745913752.0785239,287.6448631286621
4011,1745913752.2774796,198.95577430725098
4012,1745913752.4655032,187.0095729827881
4013,1745913752.6526692,187.1659755706787
4014,1745913752.8401897,186.9509220123291
4015,1745913753.0417635,201.57384872436523
4016,1745913753.2903476,247.70689010620117
4017,1745913753.4894443,197.88646697998047
4018,1745913753.6787972,189.35298919677734
4019,1745913753.866858,187.05344200134277
4020,1745913754.1017942,233.9169979095459
4021,1745913754.292842,191.04766845703125
4022,1745913754.4833791,190.5372142791748
4023,1745913754.6752872,191.9081211090088
4024,1745913754.8642614,188.97414207458496
4025,1745913755.051837,186.6772174835205
4026,1745913755.3393016,287.4646186828613
4027,1745913755.5328639,193.56226921081543
4028,1745913755.755604,221.73786163330078
4029,1745913755.9905844,234.98034477233887
4030,1745913756.194024,203.43971252441406
4031,1745913756.3954387,200.5300521850586
4032,1745913756.6762588,280.8201313018799
4033,1745913757.0319693,355.710506439209
4034,1745913757.273463,240.13710021972656
4035,1745913757.4957232,221.3447093963623
4036,1745913757.6905549,194.83160972595215
4037,1745913757.8767772,186.22231483459473
4038,1745913758.08661,209.83290672302246
4039,1745913758.2730956,186.48552894592285
4040,1745913758.4594526,186.3570213317871
4041,1745913758.7205644,260.1485252380371
4042,1745913758.9059608,184.51762199401855
4043,1745913759.1036224,197.6616382598877
4044,1745913759.2918987,188.2762908935547
4045,1745913759.479484,187.58535385131836
4046,1745913759.6683393,187.84737586975098
4047,1745913759.8549807,186.64145469665527
4048,1745913760.1549895,299.0851402282715
4049,1745913760.3452566,190.26708602905273
4050,1745913760.536851,190.5648708343506
4051,1745913760.7280781,189.70942497253418
4052,1745913760.9716382,242.55132675170898
4053,1745913761.1607301,189.09192085266113
4054,1745913761.3483663,187.636137008667
4055,1745913761.5406098,192.2435760498047
4056,1745913761.7296007,187.98136711120605
4057,1745913761.9170156,186.40565872192383
4058,1745913762.1022668,185.25123596191406
4059,1745913762.291188,188.9212131500244
4060,1745913762.47594,184.7519874572754
4061,1745913762.6601565,184.21649932861328
4062,1745913762.9296439,269.4873809814453
4063,1745913763.1156602,186.01632118225098
4064,1745913764.1273348,nan
4065,1745913764.3183384,191.00356101989746
4066,1745913764.5133226,194.98419761657715
4067,1745913764.6976714,184.34882164001465
4068,1745913764.970853,272.6705074310303
4069,1745913765.1603405,189.48745727539062
4070,1745913765.3481956,186.97476387023926
4071,1745913765.5358129,187.61730194091797
4072,1745913765.7284052,191.86758995056152
4073,1745913765.9195445,190.12904167175293
4074,1745913766.1331937,212.6331329345703
4075,1745913766.3509479,216.80021286010742
4076,1745913766.6165328,264.59455490112305
4077,1745913766.8246222,208.08935165405273
4078,1745913767.0328612,207.03935623168945
4079,1745913767.334653,301.7916679382324
4080,1745913767.5952342,260.58125495910645
4081,1745913767.8007493,205.51514625549316
4082,1745913768.064997,263.25011253356934
4083,1745913768.3444855,279.48856353759766
4084,1745913768.538561,193.06206703186035
4085,1745913768.7242675,185.19926071166992
4086,1745913768.9105275,186.25998497009277
4087,1745913769.1693196,258.7921619415283
4088,1745913769.4843175,313.9984607696533
4089,1745913769.6774378,193.12024116516113
4090,1745913769.8913116,213.87386322021484
4091,1745913770.0824127,191.10107421875
4092,1745913770.2814178,198.00353050231934
4093,1745913770.6063604,324.06115531921387
4094,1745913770.7935004,187.13998794555664
4095,1745913770.991824,197.24798202514648
4096,1745913771.1800747,187.23678588867188
4097,1745913771.3649914,184.91673469543457
4098,1745913771.5485668,183.57539176940918
4099,1745913771.733082,184.51523780822754
4100,1745913771.9214058,188.3237361907959
4101,1745913772.1069243,185.5185031890869
4102,1745913772.3517654,244.8410987854004
4103,1745913772.5455449,192.78407096862793
4104,1745913772.7502615,203.71079444885254
4105,1745913772.9480245,197.76296615600586
4106,1745913773.1335156,185.49108505249023
4107,1745913773.321632,188.11631202697754
4108,1745913773.5180655,196.43354415893555
4109,1745913773.7045667,185.49036979675293
4110,1745913773.8896394,184.3562126159668
4111,1745913774.1266167,235.96930503845215
4112,1745913774.311663,185.04619598388672
4113,1745913774.5034065,190.73057174682617
4114,1745913774.6893299,185.92333793640137
4115,1745913774.8758032,186.47336959838867
4116,1745913775.1039257,227.11491584777832
4117,1745913775.2904499,186.5241527557373
4118,1745913775.4780252,187.5753402709961
4119,1745913775.669365,190.83070755004883
4120,1745913775.8563883,186.02395057678223
4121,1745913776.1314676,275.07925033569336
4122,1745913776.319904,188.43650817871094
4123,1745913776.5072372,186.2790584564209
4124,1745913776.7359934,227.7512550354004
4125,1745913776.9340386,198.0452537536621
4126,1745913777.1232333,188.17687034606934
4127,1745913777.359273,236.0396385192871
4128,1745913777.5436935,183.41302871704102
4129,1745913777.7341433,189.45074081420898
4130,1745913777.9195926,185.44936180114746
4131,1745913778.1297054,210.1128101348877
4132,1745913778.3136032,183.8977336883545
4133,1745913778.5006287,187.0255470275879
4134,1745913778.793545,292.91629791259766
4135,1745913778.9800596,186.51461601257324
4136,1745913779.1671908,186.1245632171631
4137,1745913779.3524876,185.29677391052246
4138,1745913779.6185267,266.0391330718994
4139,1745913779.806378,187.8511905670166
4140,1745913779.9949558,188.57789039611816
4141,1745913780.1807773,184.81707572937012
4142,1745913780.3670905,186.31315231323242
4143,1745913780.5550275,187.93702125549316
4144,1745913780.8465579,291.5303707122803
4145,1745913781.0356817,189.12386894226074
4146,1745913781.2223797,185.68038940429688
4147,1745913781.4073343,184.95464324951172
4148,1745913781.647101,239.76659774780273
4149,1745913781.8326273,185.52637100219727
4150,1745913782.0204265,186.44070625305176
4151,1745913782.2093515,188.92502784729004
4152,1745913782.3955505,186.19894981384277
4153,1745913782.6816866,286.1361503601074
4154,1745913782.8782096,196.52295112609863
4155,1745913783.0662596,187.04557418823242
4156,1745913783.2573886,191.12896919250488
4157,1745913783.5089676,251.57904624938965
4158,1745913783.7012398,192.27218627929688
4159,1745913783.886158,184.91816520690918
4160,1745913784.0744658,187.29496002197266
4161,1745913784.3347297,260.26391983032227
4162,1745913784.5214,186.67030334472656
4163,1745913784.7147303,192.2910213470459
4164,1745913784.906845,192.11483001708984
4165,1745913785.094605,187.7598762512207
4166,1745913785.3500347,254.43196296691895
4167,1745913785.5392,189.1653537750244
4168,1745913785.7241874,184.98730659484863
4169,1745913785.9104717,186.28430366516113
4170,1745913786.0958652,185.3935718536377
4171,1745913786.2829623,186.08760833740234
4172,1745913786.4694803,185.59932708740234
4173,1745913786.6847668,215.2864933013916
4174,1745913786.8716302,186.86342239379883
4175,1745913787.8968022,nan
4176,1745913788.1142812,217.47899055480957
4177,1745913788.300541,186.25974655151367
4178,1745913788.4880211,186.07044219970703
4179,1745913788.6755097,186.96165084838867
4180,1745913788.8615568,186.04707717895508
4181,1745913789.0845585,222.00298309326172
4182,1745913789.2745366,189.97812271118164
4183,1745913789.4606864,186.14983558654785
4184,1745913789.6495857,188.89927864074707
4185,1745913789.841171,190.57846069335938
4186,1745913790.035687,193.55058670043945
4187,1745913790.2235897,187.90268898010254
4188,1745913790.4089327,185.34302711486816
4189,1745913790.6815958,272.0816135406494
4190,1745913791.0215437,338.9394283294678
4191,1745913791.216245,194.7011947631836
4192,1745913791.4114475,195.20258903503418
4193,1745913791.689647,278.1994342803955
4194,1745913791.8814943,190.85383415222168
4195,1745913792.073326,191.8318271636963
4196,1745913792.2646194,190.39225578308105
4197,1745913792.5196154,254.99606132507324
4198,1745913792.7054222,184.82160568237305
4199,1745913792.8955662,187.79659271240234
4200,1745913793.129163,233.5968017578125
4201,1745913793.441611,311.3875389099121
4202,1745913793.7126555,270.0369358062744
4203,1745913793.8981948,184.55052375793457
4204,1745913794.0834138,184.00263786315918
4205,1745913794.2693918,184.95583534240723
4206,1745913794.4573805,187.0255470275879
4207,1745913794.660358,201.9801139831543
4208,1745913794.8505285,189.164400100708
4209,1745913795.0756862,225.1577377319336
4210,1745913795.261892,185.2097511291504
4211,1745913795.4477608,185.8687400817871
4212,1745913795.6808693,233.1085205078125
4213,1745913795.86641,185.54067611694336
4214,1745913796.0592291,191.82324409484863
4215,1745913796.2453394,186.110258102417
4216,1745913796.502219,256.8795680999756
4217,1745913796.6891005,185.3470802307129
4218,1745913796.875581,186.48052215576172
4219,1745913797.060426,184.844970703125
4220,1745913797.2458537,185.42766571044922
4221,1745913797.5319223,284.9116325378418
4222,1745913797.7170563,185.1339340209961
4223,1745913797.9156945,198.6382007598877
4224,1745913798.1060712,190.37675857543945
4225,1745913798.2933438,185.7907772064209
4226,1745913798.4803867,187.0429515838623
4227,1745913798.750411,270.02429962158203
4228,1745913798.9482603,196.8989372253418
4229,1745913799.1447515,196.09665870666504
4230,1745913799.364325,218.22786331176758
4231,1745913799.6919405,326.6143798828125
4232,1745913799.8799996,188.05909156799316
4233,1745913800.0655744,184.62085723876953
4234,1745913800.2526925,187.1180534362793
4235,1745913800.4390297,186.33723258972168
4236,1745913800.6243768,185.3470802307129
4237,1745913800.8125062,188.12942504882812
4238,1745913801.0016363,188.10462951660156
4239,1745913801.1959383,194.30208206176758
4240,1745913801.3834271,186.67149543762207
4241,1745913801.6223738,238.94667625427246
4242,1745913801.8093407,186.9668960571289
4243,1745913801.995176,184.8597526550293
4244,1745913802.1881952,193.01915168762207
4245,1745913802.3743951,186.19990348815918
4246,1745913802.6493704,273.96655082702637
4247,1745913802.8354506,185.07862091064453
4248,1745913803.0364149,200.0577449798584
4249,1745913803.2241282,186.7668628692627
4250,1745913803.411495,187.36672401428223
4251,1745913803.5986383,187.14332580566406
4252,1745913803.785032,185.38165092468262
4253,1745913803.9803748,194.34642791748047
4254,1745913804.1908228,209.52725410461426
4255,1745913804.3805294,189.70656394958496
4256,1745913804.567203,186.67364120483398
4257,1745913804.7583554,190.35649299621582
4258,1745913804.9464054,188.0500316619873
4259,1745913805.2329724,286.56697273254395
4260,1745913805.5161097,283.13732147216797
4261,1745913805.7041693,187.08252906799316
4262,1745913805.8970726,192.9032802581787
4263,1745913806.1126754,215.60287475585938
4264,1745913806.3066623,193.0842399597168
4265,1745913806.5062132,199.55086708068848
4266,1745913806.7564754,250.26226043701172
4267,1745913806.943594,185.61267852783203
4268,1745913807.9503953,nan
4269,1745913808.1383042,187.90888786315918
4270,1745913808.325725,187.42084503173828
4271,1745913808.658248,332.5228691101074
4272,1745913808.844109,184.830904006958
4273,1745913809.0314364,187.32738494873047
4274,1745913809.217197,184.85140800476074
4275,1745913809.4072714,189.12220001220703
4276,1745913809.5940242,185.80079078674316
4277,1745913809.781404,187.3798370361328
4278,1745913809.9662228,184.81874465942383
4279,1745913810.1520996,185.87684631347656
4280,1745913810.3368478,183.83145332336426
4281,1745913810.520998,184.15021896362305
4282,1745913810.7383642,216.36676788330078
4283,1745913810.9313724,192.0011043548584
4284,1745913811.130369,198.99654388427734
4285,1745913811.3146386,184.26966667175293
4286,1745913811.4988983,184.25965309143066
4287,1745913811.6843686,185.4703426361084
4288,1745913811.868851,184.48233604431152
4289,1745913812.0548794,184.01670455932617
4290,1745913812.2762873,221.40789031982422
4291,1745913812.463159,186.87176704406738
4292,1745913812.6542838,191.12467765808105
4293,1745913812.8488688,194.58508491516113
4294,1745913813.0365582,186.4943504333496
4295,1745913813.3009787,263.32831382751465
4296,1745913813.4863968,185.41812896728516
4297,1745913813.673583,187.18624114990234
4298,1745913813.864424,190.8409595489502
4299,1745913814.0545459,190.12188911437988
4300,1745913814.2406085,185.06693840026855
4301,1745913814.4342394,192.3692226409912
4302,1745913814.6194944,185.2550506591797
4303,1745913814.804011,183.41445922851562
4304,1745913814.990578,185.471773147583
4305,1745913815.1766868,185.17732620239258
4306,1745913815.453417,275.21228790283203
4307,1745913815.7796462,326.2290954589844
4308,1745913815.9681702,188.5240077972412
4309,1745913816.1543393,186.16914749145508
4310,1745913816.3467295,192.39020347595215
4311,1745913816.5352263,188.49682807922363
4312,1745913816.7938397,257.69615173339844
4313,1745913817.091858,296.6618537902832
4314,1745913817.2795837,186.71107292175293
4315,1745913817.4654152,184.8442554473877
4316,1745913817.717501,252.08568572998047
4317,1745913817.9106243,192.11053848266602
4318,1745913818.0994318,187.8986358642578
4319,1745913818.2872872,187.85548210144043
4320,1745913818.4845154,197.22819328308105
4321,1745913818.6697192,184.28564071655273
4322,1745913818.8569722,186.20967864990234
4323,1745913819.1395655,282.5932502746582
4324,1745913819.3237858,184.2203140258789
4325,1745913819.5116572,187.87145614624023
4326,1745913819.7011645,188.4768009185791
4327,1745913819.8881466,186.9821548461914
4328,1745913820.0728228,184.6761703491211
4329,1745913820.3668425,293.0023670196533
4330,1745913820.6794176,312.575101852417
4331,1745913820.8669443,186.51962280273438
4332,1745913821.0693865,202.44216918945312
4333,1745913822.0768282,nan
4334,1745913822.2649949,188.16661834716797
4335,1745913822.4756277,209.5479965209961
4336,1745913822.7192423,243.61467361450195
4337,1745913822.906105,186.86270713806152
4338,1745913823.0958157,189.7106170654297
4339,1745913823.339139,242.3257827758789
4340,1745913823.5336733,193.5255527496338
4341,1745913823.727189,193.51577758789062
4342,1745913823.9154115,187.239408493042
4343,1745913824.1023896,186.97810173034668
4344,1745913824.2908287,188.43913078308105
4345,1745913824.478437,186.65242195129395
4346,1745913824.770346,291.90897941589355
4347,1745913824.9573588,187.0129108428955
4348,1745913825.14432,185.97054481506348
4349,1745913825.3929348,248.61478805541992
4350,1745913825.5803251,186.37561798095703
4351,1745913826.594481,nan
4352,1745913827.6108255,nan
4353,1745913827.7987316,187.03484535217285
4354,1745913827.9889188,189.67080116271973
4355,1745913828.1774983,188.57955932617188
4356,1745913828.363447,185.94861030578613
4357,1745913828.5488935,185.44650077819824
4358,1745913828.7374263,186.9521141052246
4359,1745913828.923382,185.95576286315918
4360,1745913829.1103673,185.98604202270508
4361,1745913829.2982314,187.8640651702881
4362,1745913829.4911706,192.93928146362305
4363,1745913829.689425,197.25990295410156
4364,1745913829.8753603,185.93525886535645
4365,1745913830.0644014,189.0411376953125
4366,1745913830.252231,186.83147430419922
4367,1745913830.4384592,186.22827529907227
4368,1745913830.6250868,186.62762641906738
4369,1745913830.8122218,187.1349811553955
4370,1745913831.1154447,302.22296714782715
4371,1745913831.300469,185.02426147460938
4372,1745913831.4858625,184.40508842468262
4373,1745913831.6859007,199.0334987640381
4374,1745913831.87072,184.81922149658203
4375,1745913832.0597453,189.0254020690918
4376,1745913832.2485669,188.82155418395996
4377,1745913832.4371278,187.55292892456055
4378,1745913832.6262317,189.1038417816162
4379,1745913832.8269954,200.76370239257812
4380,1745913833.0603588,233.36338996887207
4381,1745913833.2481036,187.7448558807373
4382,1745913833.4393158,191.21217727661133
4383,1745913833.6348753,194.63491439819336
4384,1745913833.82128,186.40470504760742
4385,1745913834.006771,185.49108505249023
4386,1745913834.2794871,272.7160453796387
4387,1745913834.4638424,184.3552589416504
4388,1745913834.6538353,189.06211853027344
4389,1745913834.916232,262.39681243896484
4390,1745913835.100429,184.19694900512695
4391,1745913835.3067966,206.36749267578125
4392,1745913835.4983745,191.57791137695312
4393,1745913835.6869085,188.53402137756348
4394,1745913835.9206288,233.7203025817871
4395,1745913836.1093335,187.72220611572266
4396,1745913836.296081,185.8522891998291
4397,1745913836.4834297,186.16485595703125
4398,1745913836.7495224,266.09277725219727
4399,1745913836.9373968,186.86461448669434
4400,1745913837.123907,186.5103244781494
4401,1745913837.3563492,232.44214057922363
4402,1745913837.5686388,212.28957176208496
4403,1745913838.585938,nan
4404,1745913838.773404,187.46590614318848
4405,1745913838.959622,186.2180233001709
4406,1745913839.1472175,186.59496307373047
4407,1745913839.334436,187.21842765808105
4408,1745913839.5245888,188.98367881774902
4409,1745913839.8162081,291.61930084228516
4410,1745913840.0034957,187.2875690460205
4411,1745913840.1899095,186.41376495361328
4412,1745913840.5302165,340.30699729919434
4413,1745913840.7134662,183.24971199035645
4414,1745913840.9002535,185.8818531036377
4415,1745913841.169801,268.5351371765137
4416,1745913841.4655168,295.7158088684082
4417,1745913841.6535268,188.00997734069824
4418,1745913841.8388014,185.27460098266602
4419,1745913842.0246797,184.68832969665527
4420,1745913842.2114093,185.76288223266602
4421,1745913842.3964717,185.06240844726562
4422,1745913842.5860622,187.6053810119629
4423,1745913842.7715025,185.4403018951416
4424,1745913842.9629788,191.47634506225586
4425,1745913843.2075012,243.6046600341797
4426,1745913843.3966498,188.14754486083984
4427,1745913843.5813189,184.66901779174805
4428,1745913843.7664974,185.1785182952881
4429,1745913843.952322,185.82463264465332
4430,1745913844.1390262,186.70415878295898
4431,1745913844.3285081,188.46845626831055
4432,1745913844.514006,185.49776077270508
4433,1745913844.7481518,232.79595375061035
4434,1745913844.9336169,185.46509742736816
4435,1745913845.118879,185.26220321655273
4436,1745913845.3054116,186.53249740600586
4437,1745913845.5588741,252.54392623901367
4438,1745913845.7569134,198.03929328918457
4439,1745913845.9542015,195.78218460083008
4440,1745913846.1438425,188.6425018310547
4441,1745913846.3317533,186.66958808898926
4442,1745913846.5183866,186.63334846496582
4443,1745913846.7991686,280.2720069885254
4444,1745913847.0945277,294.3587303161621
4445,1745913847.2805378,186.01012229919434
4446,1745913847.4665678,186.02991104125977
4447,1745913847.6969917,230.4239273071289
4448,1745913847.885241,185.86397171020508
4449,1745913848.0701928,184.9517822265625
4450,1745913848.2585702,187.3624324798584
4451,1745913848.4464974,187.4077320098877
4452,1745913848.6433957,196.8982219696045
4453,1745913848.8344998,191.10417366027832
4454,1745913849.0238683,189.36848640441895
4455,1745913849.2575772,233.70885848999023
4456,1745913849.4423158,184.7386360168457
4457,1745913850.3246574,881.2029361724854
4458,1745913850.511279,185.62078475952148
4459,1745913850.6984413,186.0823631286621
4460,1745913850.8844705,185.01973152160645
4461,1745913851.0873518,201.94149017333984
4462,1745913851.4954464,408.0946445465088
4463,1745913851.681048,185.60147285461426
4464,1745913851.8671114,186.0635280609131
4465,1745913852.0547228,186.55657768249512
4466,1745913852.242044,186.39183044433594
4467,1745913852.5250158,282.9718589782715
4468,1745913852.717318,192.30222702026367
4469,1745913852.9135532,194.70787048339844
4470,1745913853.9257116,nan
4471,1745913854.1181228,192.4111843109131
4472,1745913854.3037386,184.27729606628418
4473,1745913854.4894712,185.73260307312012
4474,1745913854.674797,184.31925773620605
4475,1745913854.945724,270.92695236206055
4476,1745913855.1366017,190.0043487548828
4477,1745913855.3301082,191.99824333190918
4478,1745913855.5471652,217.0569896697998
4479,1745913855.7341664,186.00106239318848
4480,1745913855.9223032,187.09063529968262
4481,1745913856.1101656,187.86239624023438
4482,1745913856.2949133,184.74769592285156
4483,1745913856.4841168,188.3387565612793
4484,1745913856.716859,232.7423095703125
4485,1745913856.9045606,187.70146369934082
4486,1745913857.0921729,187.61229515075684
4487,1745913857.341723,249.55010414123535
4488,1745913857.5287302,187.00718879699707
4489,1745913857.7151747,185.44292449951172
4490,1745913857.939371,224.1964340209961
4491,1745913858.126322,186.04540824890137
4492,1745913858.3142295,187.90745735168457
4493,1745913858.502586,187.35575675964355
4494,1745913858.6859171,183.33125114440918
4495,1745913858.8785505,192.63339042663574
4496,1745913859.1942387,314.12720680236816
4497,1745913859.3787968,184.55815315246582
4498,1745913859.5655074,186.71059608459473
4499,1745913859.7503717,184.86428260803223
4500,1745913860.005357,252.98476219177246
4501,1745913860.1924007,187.0436668395996
4502,1745913860.3797085,187.30783462524414
4503,1745913860.566681,186.97237968444824
4504,1745913860.7525034,185.8224868774414
4505,1745913860.9405878,187.17622756958008
4506,1745913861.1289306,187.3493194580078
4507,1745913861.4276006,298.0916500091553
4508,1745913861.6130323,184.92579460144043
4509,1745913861.801832,187.9267692565918
4510,1745913862.0354111,233.57915878295898
4511,1745913862.222286,186.8748664855957
4512,1745913862.4080095,184.80849266052246
4513,1745913862.5932658,184.2517852783203
4514,1745913862.781327,188.06123733520508
4515,1745913862.969134,187.8070831298828
4516,1745913863.171371,202.23689079284668
4517,1745913863.3609867,189.61572647094727
4518,1745913863.5612361,200.24943351745605
4519,1745913863.7537143,191.50757789611816
4520,1745913863.9395325,185.81819534301758
4521,1745913864.1245608,184.14545059204102
4522,1745913864.3170085,192.44766235351562
4523,1745913864.5043495,185.73951721191406
4524,1745913864.6907446,186.39516830444336
4525,1745913864.8763936,185.64891815185547
4526,1745913865.0617425,184.40842628479004
4527,1745913865.3120668,250.32424926757812
4528,1745913865.504181,191.09725952148438
4529,1745913865.6973941,191.91932678222656
4530,1745913865.9368873,239.49313163757324
4531,1745913866.1292953,191.39909744262695
4532,1745913866.31519,185.89472770690918
4533,1745913866.5031295,186.93900108337402
4534,1745913866.6943944,190.34671783447266
4535,1745913866.9674335,273.0391025543213
4536,1745913867.159381,190.93704223632812
4537,1745913867.3544736,195.09267807006836
4538,1745913867.5404468,185.9731674194336
4539,1745913867.7763863,235.93950271606445
4540,1745913867.9651306,188.74430656433105
4541,1745913868.1511176,184.9806308746338
4542,1745913868.3392532,188.13562393188477
4543,1745913868.6149476,274.7509479522705
4544,1745913868.8047545,188.46845626831055
4545,1745913868.9903667,185.61220169067383
4546,1745913869.1782086,187.84189224243164
4547,1745913869.3737245,194.09799575805664
4548,1745913869.562184,188.4596347808838
4549,1745913869.751918,189.73398208618164
4550,1745913870.0225995,269.6869373321533
4551,1745913870.2096148,187.01529502868652
4552,1745913870.396694,187.07919120788574
4553,1745913870.5838668,185.65773963928223
4554,1745913870.7682152,184.34834480285645
4555,1745913870.9551737,186.95855140686035
4556,1745913871.144877,189.70322608947754
4557,1745913871.3371558,192.27886199951172
4558,1745913871.5235088,186.35296821594238
4559,1745913871.7081578,184.64899063110352
4560,1745913871.8951867,186.11764907836914
4561,1745913872.0924294,197.24273681640625
4562,1745913872.279905,186.4767074584961
4563,1745913872.4981456,218.24049949645996
4564,1745913872.7082016,209.54656600952148
4565,1745913872.8993115,190.10329246520996
4566,1745913873.0845015,185.18996238708496
4567,1745913873.2740462,188.47274780273438
4568,1745913873.4594877,185.4414939880371
4569,1745913873.6467357,186.25593185424805
4570,1745913873.8354526,188.71688842773438
4571,1745913874.0922894,255.9216022491455
4572,1745913874.2776027,184.30542945861816
4573,1745913874.464753,186.63907051086426
4574,1745913874.655446,190.69314002990723
4575,1745913874.940465,285.0189208984375
4576,1745913875.129819,188.22813034057617
4577,1745913875.31681,186.02895736694336
4578,1745913875.5647445,247.93457984924316
4579,1745913875.870875,306.13040924072266
4580,1745913876.0623705,191.4956569671631
4581,1745913876.2504032,188.0326271057129
4582,1745913876.44939,198.98676872253418
4583,1745913876.6867406,236.35125160217285
4584,1745913876.8820543,195.3136920928955
4585,1745913877.0752323,193.1779384613037
4586,1745913877.2682097,191.95985794067383
4587,1745913877.7237697,455.55996894836426
4588,1745913878.021468,296.68378829956055
4589,1745913878.2114787,190.01078605651855
4590,1745913878.399619,188.1403923034668
4591,1745913878.5961514,196.5322494506836
4592,1745913878.7826748,185.60552597045898
4593,1745913878.9717836,189.10884857177734
4594,1745913879.2609375,289.1538143157959
4595,1745913879.444829,183.89153480529785
4596,1745913879.6289713,183.14075469970703
4597,1745913879.8138216,184.85021591186523
4598,1745913880.0573716,243.55006217956543
4599,1745913880.2600298,202.65817642211914
4600,1745913880.4455059,184.4780445098877
4601,1745913880.631387,184.91506576538086
4602,1745913880.8930576,260.61511039733887
4603,1745913881.0810814,186.71202659606934
4604,1745913881.2706478,188.56453895568848
4605,1745913881.455335,184.68713760375977
4606,1745913881.704393,248.05426597595215
4607,1745913881.8907475,186.3546371459961
4608,1745913882.0762427,185.49513816833496
4609,1745913882.2629342,186.6915225982666
4610,1745913882.4506838,187.74962425231934
4611,1745913882.6366212,184.93056297302246
4612,1745913882.9416783,305.0570487976074
4613,1745913883.1274378,185.7595443725586
4614,1745913883.3164294,188.99154663085938
4615,1745913883.506866,190.43660163879395
4616,1745913883.7518594,243.485689163208
4617,1745913883.9394708,186.59520149230957
4618,1745913884.1262853,185.81223487854004
4619,1745913884.312897,186.61165237426758
4620,1745913884.5021741,189.27717208862305
4621,1745913884.6867163,183.3477020263672
4622,1745913884.991978,305.26161193847656
4623,1745913885.384492,392.5139904022217
4624,1745913885.5813363,196.84433937072754
4625,1745913885.7697089,187.363862991333
4626,1745913885.9556043,184.89813804626465
4627,1745913886.1533728,197.7684497833252
4628,1745913886.3413665,187.07942962646484
4629,1745913886.5266588,185.29224395751953
4630,1745913886.7220898,193.88341903686523
4631,1745913886.9073627,185.2729320526123
4632,1745913887.0947783,187.41559982299805
4633,1745913887.3692398,274.4615077972412
4634,1745913887.7482924,379.05263900756836
4635,1745913888.1733475,424.53694343566895
4636,1745913888.3649292,191.58172607421875
4637,1745913888.5515757,186.6464614868164
4638,1745913888.742176,189.62669372558594
4639,1745913888.934067,191.89095497131348
4640,1745913889.199343,265.2759552001953
4641,1745913889.3915367,192.19374656677246
4642,1745913889.5827575,191.22076034545898
4643,1745913889.7687757,186.0182285308838
4644,1745913889.9584394,188.6465549468994
4645,1745913890.1785355,220.09611129760742
4646,1745913890.3652525,185.70876121520996
4647,1745913890.5554686,190.216064453125
4648,1745913890.749187,192.50965118408203
4649,1745913890.9356558,186.46883964538574
4650,1745913891.2297604,293.05458068847656
4651,1745913891.4174278,187.6673698425293
4652,1745913891.6068308,188.48276138305664
4653,1745913891.793681,186.85007095336914
4654,1745913891.9815164,186.80119514465332
4655,1745913892.1732213,191.70498847961426
4656,1745913892.3569055,183.6841106414795
4657,1745913892.6760323,317.6112174987793
4658,1745913892.8667998,190.7675266265869
4659,1745913893.053712,186.91205978393555
4660,1745913893.241483,187.77108192443848
4661,1745913893.4295723,188.08937072753906
4662,1745913893.624635,195.06263732910156
4663,1745913893.812933,187.4396800994873
4664,1745913893.9997585,185.8055591583252
4665,1745913894.186095,186.33651733398438
4666,1745913894.3828428,196.7477798461914
4667,1745913894.588324,204.47015762329102
4668,1745913894.8120828,222.71728515625
4669,1745913894.9995875,186.50531768798828
4670,1745913895.1837854,184.19790267944336
4671,1745913895.3699954,185.2259635925293
4672,1745913895.556581,185.47773361206055
4673,1745913895.74566,188.0645751953125
4674,1745913895.9416847,196.02465629577637
4675,1745913896.1286812,186.9964599609375
4676,1745913896.3142006,184.8456859588623
4677,1745913896.5012906,186.1095428466797
4678,1745913896.6886148,187.32428550720215
4679,1745913896.9658585,277.24361419677734
4680,1745913897.1548126,188.95411491394043
4681,1745913897.3436859,187.8814697265625
4682,1745913897.52924,185.55402755737305
4683,1745913897.7866461,256.4101219177246
4684,1745913897.976655,190.00887870788574
4685,1745913898.1609936,184.33856964111328
4686,1745913898.3491194,186.67316436767578
4687,1745913898.532777,183.65764617919922
4688,1745913898.7196183,185.82582473754883
4689,1745913899.0130785,292.5400733947754
4690,1745913899.2914171,278.3386707305908
4691,1745913899.4816635,189.28933143615723
4692,1745913899.6666167,184.9532127380371
4693,1745913899.9419026,273.76818656921387
4694,1745913900.128945,185.78577041625977
4695,1745913900.318464,189.51892852783203
4696,1745913900.5055053,186.0342025756836
4697,1745913900.7499866,244.48132514953613
4698,1745913900.9384038,187.39581108093262
4699,1745913901.125681,187.27707862854004
4700,1745913901.3744757,248.7947940826416
4701,1745913901.5604985,186.02275848388672
4702,1745913901.7500696,189.57114219665527
4703,1745913901.936196,184.10444259643555
4704,1745913902.1215765,185.3804588317871
4705,1745913902.309899,188.3225440979004
4706,1745913902.497095,186.19036674499512
4707,1745913902.6817813,184.68618392944336
4708,1745913902.8684578,185.79339981079102
4709,1745913903.113649,245.19109725952148
4710,1745913903.4116223,297.9733943939209
4711,1745913903.6046262,191.99562072753906
4712,1745913903.791846,187.21985816955566
4713,1745913904.019501,227.65493392944336
4714,1745913904.2054012,184.90195274353027
4715,1745913904.3899033,184.50212478637695
4716,1745913904.5788617,188.95840644836426
4717,1745913904.764822,185.9602928161621
4718,1745913904.9538224,189.00036811828613
4719,1745913905.1457205,190.98782539367676
4720,1745913905.3335757,187.85524368286133
4721,1745913905.562725,229.14934158325195
4722,1745913905.7511482,188.42315673828125
4723,1745913905.938335,187.18671798706055
4724,1745913906.1436787,205.34372329711914
4725,1745913906.3314538,187.7751350402832
4726,1745913906.5239198,192.46602058410645
4727,1745913906.7197747,195.85490226745605
4728,1745913906.9120786,192.30389595031738
4729,1745913907.2109728,298.89416694641113
4730,1745913907.3974953,186.5224838256836
4731,1745913907.583821,185.3170394897461
4732,1745913907.81522,230.44776916503906
4733,1745913908.011928,196.70796394348145
4734,1745913908.196856,184.92794036865234
4735,1745913908.3833058,184.94319915771484
4736,1745913908.568592,184.28659439086914
4737,1745913908.849074,279.89983558654785
4738,1745913909.0383627,189.28885459899902
4739,1745913909.2239425,184.1146945953369
4740,1745913909.4157207,190.86122512817383
4741,1745913909.6571991,241.47844314575195
4742,1745913909.8481033,190.9041404724121
4743,1745913910.0343301,185.6212615966797
4744,1745913910.2334495,198.11439514160156
4745,1745913910.419998,186.54847145080566
4746,1745913910.6053178,184.36908721923828
4747,1745913910.796872,190.5362606048584
4748,1745913911.0932636,296.39172554016113
4749,1745913911.2836988,189.4814968109131
4750,1745913911.4695523,185.8534812927246
4751,1745913911.716785,246.17314338684082
4752,1745913911.9032485,186.4635944366455
4753,1745913912.0945601,191.31159782409668
4754,1745913912.2840023,189.44215774536133
4755,1745913912.4715562,187.55388259887695
4756,1745913912.660492,188.9357566833496
4757,1745913912.944693,284.20114517211914
4758,1745913913.1328533,188.16018104553223
4759,1745913913.3198774,187.02411651611328
4760,1745913913.510436,189.7268295288086
4761,1745913913.758769,246.82259559631348
4762,1745913913.942583,183.81404876708984
4763,1745913914.130586,186.997652053833
4764,1745913914.3248389,194.25296783447266
4765,1745913914.5256033,199.7966766357422
4766,1745913914.7134414,187.83807754516602
4767,1745913914.9836254,270.1840400695801
4768,1745913915.178485,193.86792182922363
4769,1745913916.18159,nan
4770,1745913916.3720071,190.41705131530762
4771,1745913916.5599952,186.98883056640625
4772,1745913916.7456138,185.61863899230957
4773,1745913916.9322808,185.76717376708984
4774,1745913917.1344004,201.21145248413086
4775,1745913917.4403403,304.9471378326416
4776,1745913917.6318715,191.53118133544922
4777,1745913917.8205326,188.6610984802246
4778,1745913918.064925,244.39239501953125
4779,1745913918.261419,196.49410247802734
4780,1745913918.4613748,199.95570182800293
4781,1745913918.6557555,193.8626766204834
4782,1745913918.8466682,190.91272354125977
4783,1745913919.0370336,187.85548210144043
4784,1745913919.294635,257.6014995574951
4785,1745913919.5918396,297.20449447631836
4786,1745913919.9033926,311.5530014038086
4787,1745913920.0989861,195.59359550476074
4788,1745913920.2854314,185.4400634765625
4789,1745913920.4707146,184.28850173950195
4790,1745913920.6621947,190.5670166015625
4791,1745913920.8531222,190.92750549316406
4792,1745913921.0515513,198.42910766601562
4793,1745913921.3398159,288.26451301574707
4794,1745913921.6475174,307.70158767700195
4795,1745913921.8335452,184.97729301452637
4796,1745913922.023736,190.19079208374023
4797,1745913922.210166,185.45222282409668
4798,1745913922.4004278,190.2618408203125
4799,1745913922.586434,186.0060691833496
4800,1745913922.771278,184.8440170288086
4801,1745913923.0014484,230.17048835754395
4802,1745913923.203705,201.25102996826172
4803,1745913923.3895664,185.86134910583496
4804,1745913923.5753803,185.81390380859375
4805,1745913923.76166,186.2797737121582
4806,1745913923.9471197,185.45961380004883
4807,1745913924.1321385,185.01877784729004
4808,1745913924.3494787,217.34023094177246
4809,1745913924.5438604,194.3817138671875
4810,1745913924.7298048,185.9443187713623
4811,1745913924.9199667,190.16194343566895
4812,1745913925.231984,311.01083755493164
4813,1745913925.4357069,203.72295379638672
4814,1745913925.7311735,294.53039169311523
4815,1745913925.9170163,185.84275245666504
4816,1745913926.1070073,188.4765625
4817,1745913926.3448846,237.87736892700195
4818,1745913926.531345,185.530424118042
4819,1745913926.7268941,194.57411766052246
4820,1745913926.9706354,242.8750991821289
4821,1745913927.159029,188.39359283447266
4822,1745913927.3459544,186.92541122436523
4823,1745913927.5309274,184.97300148010254
4824,1745913927.7795634,247.6358413696289
4825,1745913927.9646025,185.03904342651367
4826,1745913928.1507614,186.1588954925537
4827,1745913928.3869698,235.20660400390625
4828,1745913928.5745497,186.05899810791016
4829,1745913928.7617147,186.02848052978516
4830,1745913928.9481554,186.44070625305176
4831,1745913929.2269154,277.70304679870605
4832,1745913929.415496,188.58075141906738
4833,1745913929.603412,187.91580200195312
4834,1745913929.8017278,198.31585884094238
4835,1745913930.0049317,203.20391654968262
4836,1745913930.1941385,189.2068386077881
4837,1745913930.4004006,205.35850524902344
4838,1745913930.593231,192.83032417297363
4839,1745913930.7801569,186.0365867614746
4840,1745913930.9681268,187.96992301940918
4841,1745913931.2625175,293.3812141418457
4842,1745913931.450486,187.96849250793457
4843,1745913931.6397374,189.25142288208008
4844,1745913931.8861883,246.45090103149414
4845,1745913932.1969814,310.7931613922119
4846,1745913932.385564,188.5826587677002
4847,1745913932.6290011,242.5382137298584
4848,1745913932.8264256,196.41423225402832
4849,1745913933.027079,199.753999710083
4850,1745913933.304263,275.6788730621338
4851,1745913933.4996767,194.4143772125244
4852,1745913933.6851904,185.51373481750488
4853,1745913933.9281983,243.00789833068848
4854,1745913934.1236627,195.4643726348877
4855,1745913934.3149643,190.3088092803955
4856,1745913934.501999,187.03460693359375
4857,1745913934.6916478,188.66419792175293
4858,1745913934.8767903,185.14251708984375
4859,1745913935.0639627,186.1724853515625
4860,1745913935.250165,186.2022876739502
4861,1745913935.4456031,195.43814659118652
4862,1745913935.6837564,237.0150089263916
4863,1745913935.8708339,186.10763549804688
4864,1745913936.0598176,187.96253204345703
4865,1745913936.2496266,188.7984275817871
4866,1745913936.4342434,184.6168041229248
4867,1745913936.621355,186.14983558654785
4868,1745913936.8904893,269.1342830657959
4869,1745913937.0804927,188.99893760681152
4870,1745913937.264759,184.2663288116455
4871,1745913937.5237374,258.10718536376953
4872,1745913937.708843,185.105562210083
4873,1745913938.7172036,nan
4874,1745913938.9533424,235.26644706726074
4875,1745913939.1405134,187.17098236083984
4876,1745913939.3271146,185.5921745300293
4877,1745913939.5122414,184.14688110351562
4878,1745913939.771851,258.5949897766113
4879,1745913939.966732,194.88096237182617
4880,1745913940.1601179,193.38583946228027
4881,1745913940.355246,195.1282024383545
4882,1745913940.5412135,185.96744537353516
4883,1745913940.7292385,188.02499771118164
4884,1745913940.9918,262.561559677124
4885,1745913941.179283,186.00797653198242
4886,1745913941.3734999,192.82054901123047
4887,1745913941.625789,252.2890567779541
4888,1745913941.8218806,194.17262077331543
4889,1745913942.1242118,302.33120918273926
4890,1745913942.3109725,185.7626438140869
4891,1745913942.4995456,188.57312202453613
4892,1745913942.6866858,186.0828399658203
4893,1745913942.8748262,186.61141395568848
4894,1745913943.1489003,274.0740776062012
4895,1745913943.3393354,190.43517112731934
4896,1745913943.6170044,277.66895294189453
4897,1745913944.070646,452.343225479126
4898,1745913944.2565064,185.86039543151855
4899,1745913944.4437788,187.272310256958
4900,1745913944.629463,185.6842041015625
4901,1745913944.8156228,186.15984916687012
4902,1745913945.0857418,269.05179023742676
4903,1745913945.2716272,185.88542938232422
4904,1745913945.457361,184.82494354248047
4905,1745913945.7050679,246.78707122802734
4906,1745913945.8916693,185.60147285461426
4907,1745913946.0769906,185.32133102416992
4908,1745913946.308576,231.58550262451172
4909,1745913946.4940877,184.45372581481934
4910,1745913946.6824098,188.3220672607422
4911,1745913946.8683584,184.9498748779297
4912,1745913947.0581138,189.75543975830078
4913,1745913947.3362753,277.15587615966797
4914,1745913947.525126,187.6544952392578
4915,1745913947.718528,193.40205192565918
4916,1745913947.9539113,234.36999320983887
4917,1745913948.1410928,186.26880645751953
4918,1745913948.3245296,183.43687057495117
4919,1745913948.5103564,185.82677841186523
4920,1745913948.6941688,183.81237983703613
4921,1745913948.9815893,287.42051124572754
4922,1745913949.1672676,185.67824363708496
4923,1745913949.3532875,186.0198974609375
4924,1745913949.5968797,242.57612228393555
4925,1745913949.7828326,185.95290184020996
4926,1745913949.9704785,186.64884567260742
4927,1745913950.2147274,244.2488670349121
4928,1745913950.403634,188.90666961669922
4929,1745913950.5904832,185.97888946533203
4930,1745913950.7789323,187.49189376831055
4931,1745913950.9682882,186.74635887145996
4932,1745913951.1569638,188.6756420135498
4933,1745913951.4282835,271.3196277618408
4934,1745913951.6242251,194.93627548217773
4935,1745913951.8130102,187.27993965148926
4936,1745913952.0511398,237.23721504211426
4937,1745913952.2368739,185.73403358459473
4938,1745913952.428661,190.2754306793213
4939,1745913952.614256,184.5874786376953
4940,1745913952.804018,189.76211547851562
4941,1745913953.0688636,264.845609664917
4942,1745913953.265692,195.82271575927734
4943,1745913953.452637,186.94496154785156
4944,1745913953.7015078,248.870849609375
4945,1745913953.8875434,186.0356330871582
4946,1745913954.0924423,203.8722038269043
4947,1745913954.2768047,184.36241149902344
4948,1745913954.462171,185.36639213562012
4949,1745913954.652403,190.2320384979248
4950,1745913954.8370018,183.64286422729492
4951,1745913955.1169639,279.96206283569336
4952,1745913955.30345,186.48624420166016
4953,1745913955.5017076,198.2574462890625
4954,1745913955.6890352,186.41257286071777
4955,1745913955.9465702,256.1147212982178
4956,1745913956.135909,189.33892250061035
4957,1745913956.3215349,185.62579154968262
4958,1745913956.5167644,194.26774978637695
4959,1745913956.7040758,185.80198287963867
4960,1745913956.89263,187.6354217529297
4961,1745913957.1623154,269.6852684020996
4962,1745913957.3512254,187.40415573120117
4963,1745913957.5383437,187.1182918548584
4964,1745913957.7793825,239.02559280395508
4965,1745913957.9654489,185.62841415405273
4966,1745913958.1533842,187.36696243286133
4967,1745913958.341412,188.02785873413086
4968,1745913958.5297225,188.3103847503662
4969,1745913958.7157192,185.99677085876465
4970,1745913958.921701,205.98173141479492
4971,1745913959.1226273,199.92589950561523
4972,1745913959.3153722,191.7438507080078
4973,1745913959.5082831,192.91090965270996
4974,1745913960.520949,nan
4975,1745913960.7063375,185.38856506347656
4976,1745913960.8961647,188.8265609741211
4977,1745913961.174102,277.9374122619629
4978,1745913961.3627024,187.591552734375
4979,1745913962.3787277,nan
4980,1745913962.5796988,198.9614963531494
4981,1745913962.7705166,190.81783294677734
4982,1745913962.9559078,185.39118766784668
4983,1745913963.1439831,188.07530403137207
4984,1745913963.3292193,185.23621559143066
4985,1745913963.6365657,307.3463439941406
4986,1745913963.8247228,188.1570816040039
4987,1745913964.0203261,194.7007179260254
4988,1745913964.2130787,191.8315887451172
4989,1745913964.4005644,186.48576736450195
4990,1745913964.5865984,185.16206741333008
4991,1745913964.777279,190.68050384521484
4992,1745913965.027142,248.86059761047363
4993,1745913965.225731,198.58884811401367
4994,1745913965.4191546,193.42374801635742
4995,1745913965.605158,186.0034465789795
4996,1745913965.9773288,370.7871437072754
4997,1745913966.172249,193.93253326416016
4998,1745913966.3562448,183.99572372436523
4999,1745913966.5410094,183.7613582611084
5000,1745913966.7312677,190.25826454162598
5001,1745913966.919613,188.34519386291504
5002,1745913967.2087798,288.15698623657227
5003,1745913967.399384,189.92042541503906
5004,1745913967.592626,193.24207305908203
5005,1745913967.7779624,185.33635139465332
5006,1745913968.0346196,256.14333152770996
5007,1745913968.2226872,187.05058097839355
5008,1745913968.4151428,191.44725799560547
5009,1745913968.608345,193.20225715637207
5010,1745913968.7988605,190.51551818847656
5011,1745913969.0526805,252.81119346618652
5012,1745913969.2378683,184.1714382171631
5013,1745913969.42527,187.40177154541016
5014,1745913969.6715794,246.3092803955078
5015,1745913969.85953,187.95061111450195
5016,1745913970.8663614,nan
5017,1745913971.1014867,235.12530326843262
5018,1745913971.413168,310.3525638580322
5019,1745913971.7174377,304.26979064941406
5020,1745913971.9035208,186.0830783843994
5021,1745913972.0919905,188.46964836120605
5022,1745913972.3321948,239.29953575134277
5023,1745913972.5405889,208.39405059814453
5024,1745913972.7468114,206.2225341796875
5025,1745913973.05047,303.65872383117676
5026,1745913973.2418664,191.39623641967773
5027,1745913973.429461,187.59465217590332
5028,1745913973.617268,186.50364875793457
5029,1745913973.858765,241.49680137634277
5030,1745913974.045938,187.17312812805176
5031,1745913974.233414,187.47591972351074
5032,1745913974.4216409,188.22693824768066
5033,1745913974.616086,194.44513320922852
5034,1745913974.802673,186.58709526062012
5035,1745913975.090866,288.1929874420166
5036,1745913975.2763443,185.47821044921875
5037,1745913975.46487,188.52567672729492
5038,1745913975.7101655,245.29552459716797
5039,1745913975.8981202,187.95466423034668
5040,1745913976.0847814,186.6612434387207
5041,1745913976.319854,233.97326469421387
5042,1745913976.505283,185.42909622192383
5043,1745913976.6915731,186.29002571105957
5044,1745913976.87599,184.4167709350586
5045,1745913977.0636485,186.50174140930176
5046,1745913977.2492955,185.64701080322266
5047,1745913977.5572784,307.9829216003418
5048,1745913977.746044,187.80827522277832
5049,1745913978.7503653,nan
5050,1745913978.9367244,186.35916709899902
5051,1745913979.1905236,251.89518928527832
5052,1745913979.3764818,185.9581470489502
5053,1745913979.5647306,188.248872756958
5054,1745913979.7971237,231.39333724975586
5055,1745913979.9960053,197.97992706298828
5056,1745913980.1824648,186.45954132080078
5057,1745913980.371965,188.57526779174805
5058,1745913980.5596864,187.72149085998535
5059,1745913980.7461452,186.45882606506348
5060,1745913980.939873,193.7277317047119
5061,1745913981.126849,186.97595596313477
5062,1745913981.3182542,189.89992141723633
5063,1745913981.5052032,186.44452095031738
5064,1745913981.6946957,189.49246406555176
5065,1745913981.88239,187.69431114196777
5066,1745913982.0693595,185.96816062927246
5067,1745913982.258754,189.39447402954102
5068,1745913982.451517,191.7557716369629
5069,1745913982.6454768,193.95971298217773
5070,1745913982.8309507,185.47391891479492
5071,1745913983.0819156,250.96487998962402
5072,1745913983.2727427,190.31214714050293
5073,1745913983.459702,185.9605312347412
5074,1745913983.7055085,245.80645561218262
5075,1745913984.0046005,299.09205436706543
5076,1745913984.1919975,187.39700317382812
5077,1745913984.3816113,188.60626220703125
5078,1745913984.5778494,195.07169723510742
5079,1745913984.7652485,186.86628341674805
5080,1745913984.9514098,186.16127967834473
5081,1745913985.139296,187.88623809814453
5082,1745913985.4328978,293.60175132751465
5083,1745913985.620617,186.71631813049316
5084,1745913985.8105721,189.9552345275879
5085,1745913986.0576358,247.06363677978516
5086,1745913986.2463708,188.19212913513184
5087,1745913987.266274,nan
5088,1745913988.2772624,nan
5089,1745913988.4672146,189.95213508605957
5090,1745913988.6744058,207.19122886657715
5091,1745913988.860247,185.84108352661133
5092,1745913989.049302,189.0552043914795
5093,1745913989.2371643,186.83600425720215
5094,1745913989.5382123,300.11463165283203
5095,1745913989.725268,187.0555877685547
5096,1745913989.9117477,186.4798069000244
5097,1745913990.09921,186.51247024536133
5098,1745913990.3600235,260.2365016937256
5099,1745913990.5673387,206.30288124084473
5100,1745913990.7731903,204.8490047454834
5101,1745913990.9593854,185.1956844329834
5102,1745913991.1467133,186.32125854492188
5103,1745913991.3322423,184.6165657043457
5104,1745913991.574778,242.53582954406738
5105,1745913991.7612336,185.455322265625
5106,1745913991.9483628,187.12925910949707
5107,1745913992.1963985,246.9773292541504
5108,1745913992.383022,186.62357330322266
5109,1745913992.5681367,185.11462211608887
5110,1745913992.7532241,184.53598022460938
5111,1745913992.9425633,189.33916091918945
5112,1745913993.224427,281.8636894226074
5113,1745913993.4096873,185.26029586791992
5114,1745913993.5955646,185.87732315063477
5115,1745913993.8296394,234.07483100891113
5116,1745913994.0174732,186.82408332824707
5117,1745913994.2067254,188.33613395690918
5118,1745913994.4020207,195.2953338623047
5119,1745913994.5868149,184.79418754577637
5120,1745913994.7768338,189.5139217376709
5121,1745913994.965236,186.89370155334473
5122,1745913995.257448,291.1953926086426
5123,1745913996.2647786,nan
5124,1745913996.5141375,248.54445457458496
5125,1745913996.7265747,210.33453941345215
5126,1745913996.912025,185.45031547546387
5127,1745913997.100114,188.08913230895996
5128,1745913997.413719,312.64472007751465
5129,1745913997.5991423,184.46969985961914
5130,1745913997.7865896,187.44730949401855
5131,1745913998.037134,250.54430961608887
5132,1745913998.2210727,183.93874168395996
5133,1745913998.4067218,185.64915657043457
5134,1745913998.593867,185.04571914672852
5135,1745913998.7867262,191.82372093200684
5136,1745913998.9747996,186.56563758850098
5137,1745913999.218941,244.1413402557373
5138,1745913999.4124246,192.47841835021973
5139,1745913999.5968015,183.4852695465088
5140,1745913999.7875528,189.84532356262207
5141,1745914000.0796406,292.0877933502197
5142,1745914000.2660582,185.41693687438965
5143,1745914000.4655492,198.4846591949463
5144,1745914000.649522,183.97283554077148
5145,1745914000.8366888,186.17725372314453
5146,1745914001.0245538,186.84077262878418
5147,1745914001.23168,207.12614059448242
5148,1745914001.4245162,191.4999485015869
5149,1745914001.61485,190.33384323120117
5150,1745914001.8043823,188.55619430541992
5151,1745914001.9941342,189.75186347961426
5152,1745914002.2325962,238.46197128295898
5153,1745914002.4283288,194.29707527160645
5154,1745914002.615213,186.38086318969727
5155,1745914002.805203,189.99004364013672
5156,1745914002.9932003,187.21914291381836
5157,1745914003.2608073,267.6069736480713
5158,1745914003.5512116,289.3409729003906
5159,1745914003.7392237,187.03341484069824
5160,1745914003.9262326,187.00885772705078
5161,1745914004.1823118,255.4779052734375
5162,1745914004.371851,189.53919410705566
5163,1745914004.55696,185.10913848876953
5164,1745914004.7432063,186.24615669250488
5165,1745914004.9295003,185.27531623840332
5166,1745914005.2060006,276.5002250671387
5167,1745914005.3947406,188.74001502990723
5168,1745914005.5791876,184.4470500946045
5169,1745914005.7691345,189.94688987731934
5170,1745914006.1240656,354.931116104126
5171,1745914006.3129756,188.0035400390625
5172,1745914006.5024338,189.45813179016113
5173,1745914006.6918156,189.38183784484863
5174,1745914006.8824348,190.61923027038574
5175,1745914007.0685034,186.06853485107422
5176,1745914007.2566948,187.68620491027832
5177,1745914007.5587296,302.034854888916
5178,1745914007.8661723,307.44266510009766
5179,1745914008.050537,184.36479568481445
5180,1745914008.2392247,187.70623207092285
5181,1745914008.466773,226.5036106109619
5182,1745914008.6533697,185.0881576538086
5183,1745914008.83849,184.0991973876953
5184,1745914009.025051,185.10842323303223
5185,1745914009.2850583,260.0071430206299
5186,1745914009.4723814,187.32309341430664
5187,1745914009.6595416,187.16025352478027
5188,1745914009.8446167,185.075044631958
5189,1745914010.032228,186.59639358520508
5190,1745914010.227114,194.8859691619873
5191,1745914010.416738,189.62407112121582
5192,1745914010.603513,186.77496910095215
5193,1745914010.7880402,184.52715873718262
5194,1745914010.9748375,186.27309799194336
5195,1745914011.2310934,255.27024269104004
5196,1745914011.4279256,195.85323333740234
5197,1745914011.616337,187.65997886657715
5198,1745914011.8050997,188.76266479492188
5199,1745914012.0133908,208.29105377197266
5200,1745914012.203461,190.07015228271484
5201,1745914012.389975,186.51413917541504
5202,1745914012.575945,185.96982955932617
5203,1745914012.7620683,184.7829818725586
5204,1745914012.9493735,187.30521202087402
5205,1745914013.1349514,185.5778694152832
5206,1745914013.3220124,185.77313423156738
5207,1745914013.508227,185.2126121520996
5208,1745914013.8069892,298.76208305358887
5209,1745914013.9930465,186.05732917785645
5210,1745914014.1804607,187.41416931152344
5211,1745914014.3710804,190.61970710754395
5212,1745914014.5648758,193.79544258117676
5213,1745914014.7516243,186.74850463867188
5214,1745914014.9366121,184.01694297790527
5215,1745914015.1241088,185.88495254516602
5216,1745914015.3326058,208.4970474243164
5217,1745914015.5194612,186.85531616210938
5218,1745914015.7073398,187.87860870361328
5219,1745914015.9497118,241.37139320373535
5220,1745914016.134562,184.85021591186523
5221,1745914016.32123,184.76510047912598
5222,1745914016.565874,244.6441650390625
5223,1745914016.7551858,188.31205368041992
5224,1745914016.9432256,188.03977966308594
5225,1745914017.1322207,188.9951229095459
5226,1745914017.3213828,187.24751472473145
5227,1745914017.5926106,271.2278366088867
5228,1745914017.781418,188.80748748779297
5229,1745914017.9664702,184.09419059753418
5230,1745914018.23077,262.7897262573242
5231,1745914018.5104227,276.65185928344727
5232,1745914018.700022,188.28773498535156
5233,1745914018.8861935,185.1661205291748
5234,1745914019.0736501,187.45660781860352
5235,1745914019.260359,185.7147216796875
5236,1745914019.537451,277.09197998046875
5237,1745914019.7249277,186.51247024536133
5238,1745914019.913562,188.63439559936523
5239,1745914020.1474156,233.85357856750488
5240,1745914020.3339555,186.539888381958
5241,1745914020.5236125,189.65697288513184
5242,1745914020.7700276,246.4151382446289
5243,1745914020.9547317,183.68983268737793
5244,1745914021.1425366,187.8049373626709
5245,1745914021.3786123,236.07563972473145
5246,1745914021.5684552,189.33773040771484
5247,1745914021.7550318,186.57660484313965
5248,1745914021.9490697,194.03791427612305
5249,1745914022.2033715,253.30209732055664
5250,1745914022.5123062,308.93468856811523
5251,1745914022.7050972,192.79098510742188
5252,1745914022.8908496,185.75239181518555
5253,1745914023.0833025,191.50137901306152
5254,1745914023.3214984,238.19589614868164
5255,1745914023.5214715,198.98462295532227
5256,1745914023.712366,190.89460372924805
5257,1745914023.9032087,189.84222412109375
5258,1745914024.0902622,187.05344200134277
5259,1745914024.28007,188.80319595336914
5260,1745914024.4665678,186.49768829345703
5261,1745914024.6541173,187.54959106445312
5262,1745914024.8384807,184.36336517333984
5263,1745914025.035555,195.9543228149414
5264,1745914025.2235384,187.98351287841797
5265,1745914025.4107037,186.2502098083496
5266,1745914025.5965562,184.85164642333984
5267,1745914025.989519,392.9626941680908
5268,1745914026.1760776,185.50443649291992
5269,1745914026.3663547,190.277099609375
5270,1745914026.551552,185.1973533630371
5271,1745914026.7365828,185.03069877624512
5272,1745914026.9210665,184.48376655578613
5273,1745914027.1064885,184.4189167022705
5274,1745914027.2967424,190.25397300720215
5275,1745914027.4840884,187.3459815979004
5276,1745914027.6707761,186.68770790100098
5277,1745914027.8582802,187.50405311584473
5278,1745914028.0505033,190.7789707183838
5279,1745914028.2492344,197.8452205657959
5280,1745914028.436578,186.3536834716797
5281,1745914028.6271765,190.5984878540039
5282,1745914028.8181317,190.95516204833984
5283,1745914029.0074415,188.03644180297852
5284,1745914029.1933956,184.9503517150879
5285,1745914029.3815694,187.17479705810547
5286,1745914029.5705628,188.9934539794922
5287,1745914029.7562203,185.65750122070312
5288,1745914029.9749618,218.74141693115234
5289,1745914030.1612747,185.3647232055664
5290,1745914030.3464396,184.1604709625244
5291,1745914030.5329967,184.54456329345703
5292,1745914030.7205603,187.56365776062012
5293,1745914030.911491,189.90778923034668
5294,1745914031.1008644,189.37349319458008
5295,1745914031.2864347,184.65781211853027
5296,1745914031.4743102,186.89608573913574
5297,1745914031.7210073,245.69153785705566
5298,1745914031.9124346,191.42723083496094
5299,1745914032.1172173,204.78272438049316
5300,1745914033.1291723,nan
5301,1745914033.3637028,234.53044891357422
5302,1745914033.577318,212.6157283782959
5303,1745914033.875267,297.94907569885254
5304,1745914034.0628567,186.59043312072754
5305,1745914034.2514808,187.58344650268555
5306,1745914034.4389179,187.4370574951172
5307,1745914034.624202,184.5393180847168
5308,1745914034.8143418,190.1397705078125
5309,1745914035.0057335,191.3917064666748
5310,1745914035.1971822,190.44828414916992
5311,1745914035.4113925,214.21027183532715
5312,1745914035.5981426,186.7501735687256
5313,1745914035.791347,192.82960891723633
5314,1745914036.8018725,nan
5315,1745914037.0218036,219.93112564086914
5316,1745914037.2111285,188.4598731994629
5317,1745914037.4109542,198.82464408874512
5318,1745914037.5989373,186.71870231628418
5319,1745914037.7841055,184.59582328796387
5320,1745914037.9693403,184.23700332641602
5321,1745914038.1627953,192.43812561035156
5322,1745914038.3510323,187.22987174987793
5323,1745914038.5393317,188.29941749572754
5324,1745914038.7714486,232.1169376373291
5325,1745914038.9914496,219.00200843811035
5326,1745914039.2107034,219.2537784576416
5327,1745914039.407149,195.5263614654541
5328,1745914039.6024532,194.28372383117676
5329,1745914039.9407244,338.2711410522461
5330,1745914040.1336079,192.88349151611328
5331,1745914040.323226,189.61811065673828
5332,1745914040.5116394,187.40439414978027
5333,1745914040.6982837,185.6372356414795
5334,1745914040.8852234,186.43474578857422
5335,1745914041.0728426,187.61920928955078
5336,1745914041.2601972,187.35456466674805
5337,1745914041.4489105,187.70456314086914
5338,1745914041.669234,219.31719779968262
5339,1745914041.890824,220.60155868530273
5340,1745914042.0930927,202.2686004638672
5341,1745914042.2800598,186.967134475708
5342,1745914042.502562,222.5022315979004
5343,1745914042.6894276,186.86556816101074
5344,1745914042.8747592,185.3315830230713
5345,1745914043.0607567,185.99748611450195
5346,1745914043.2564244,194.66137886047363
5347,1745914043.4432585,186.83409690856934
5348,1745914043.6310058,187.74724006652832
5349,1745914043.8179917,186.98596954345703
5350,1745914044.1180863,299.0145683288574
5351,1745914044.3129444,193.63117218017578
5352,1745914044.4994278,186.48338317871094
5353,1745914044.684524,185.09626388549805
5354,1745914044.9245465,240.0224208831787
5355,1745914045.1144948,189.94832038879395
5356,1745914045.3023086,187.81375885009766
5357,1745914045.4879873,185.67872047424316
5358,1745914045.6999633,211.9760513305664
5359,1745914045.9021142,202.15082168579102
5360,1745914046.1001241,196.87724113464355
5361,1745914046.2911386,190.00983238220215
5362,1745914046.4800982,187.9558563232422
5363,1745914046.6673799,187.28160858154297
5364,1745914046.8551245,187.7446174621582
5365,1745914047.0514214,196.29693031311035
5366,1745914047.2386963,186.27476692199707
5367,1745914047.4268725,188.17615509033203
5368,1745914047.6161566,189.284086227417
5369,1745914047.8118656,194.70500946044922
5370,1745914048.006926,195.06049156188965
5371,1745914048.3121667,305.2406311035156
5372,1745914048.5022967,189.12315368652344
5373,1745914049.503435,nan
5374,1745914049.7068357,203.4008502960205
5375,1745914049.8944058,186.05852127075195
5376,1745914050.0857828,191.3769245147705
5377,1745914050.2816505,194.86761093139648
5378,1745914050.580366,297.70970344543457
5379,1745914050.7671907,185.5015754699707
5380,1745914050.958371,190.16146659851074
5381,1745914051.1448393,186.46836280822754
5382,1745914051.330295,185.4557991027832
5383,1745914051.5172899,186.9947910308838
5384,1745914051.7024055,185.11557579040527
5385,1745914051.8880954,185.68992614746094
5386,1745914052.073868,185.77265739440918
5387,1745914052.2615895,187.72149085998535
5388,1745914052.5231526,261.5630626678467
5389,1745914052.7111292,187.05272674560547
5390,1745914052.8982954,186.50317192077637
5391,1745914053.0879936,188.69280815124512
5392,1745914053.2803383,191.34926795959473
5393,1745914053.4670534,186.71512603759766
5394,1745914053.6525033,184.53693389892578
5395,1745914053.8381698,185.66656112670898
5396,1745914054.0251288,186.95902824401855
5397,1745914054.2126334,187.50452995300293
5398,1745914054.4020426,187.94798851013184
5399,1745914054.588488,185.44697761535645
5400,1745914054.7766323,187.5324249267578
5401,1745914054.963152,186.51962280273438
5402,1745914055.1520169,188.86494636535645
5403,1745914055.3394244,187.4074935913086
5404,1745914055.5250876,185.66322326660156
5405,1745914055.7120166,186.92898750305176
5406,1745914055.8981621,186.14554405212402
5407,1745914056.0853734,187.211275100708
5408,1745914056.268807,183.43353271484375
5409,1745914056.4520013,183.19439888000488
5410,1745914056.640768,187.3328685760498
5411,1745914056.8262234,185.455322265625
5412,1745914057.014723,187.39557266235352
5413,1745914057.2026708,186.94233894348145
5414,1745914057.39127,188.5991096496582
5415,1745914057.5760922,184.82232093811035
5416,1745914057.7634296,186.4182949066162
5417,1745914057.9560173,191.55168533325195
5418,1745914058.1432946,187.27731704711914
5419,1745914058.3290393,185.7447624206543
5420,1745914058.5239902,193.95112991333008
5421,1745914058.7146125,190.62232971191406
5422,1745914058.900434,185.821533203125
5423,1745914059.088247,187.81304359436035
5424,1745914059.2730904,184.8433017730713
5425,1745914059.4584892,185.39881706237793
5426,1745914059.6462293,187.1025562286377
5427,1745914059.834191,186.96880340576172
5428,1745914060.022051,186.8424415588379
5429,1745914060.2909591,268.9080238342285
5430,1745914060.4782052,185.23788452148438
5431,1745914060.6656592,187.4539852142334
5432,1745914060.8589814,193.32218170166016
5433,1745914061.0517964,191.8010711669922
5434,1745914061.2369063,185.10985374450684
5435,1745914061.4631715,226.26519203186035
5436,1745914061.6538317,190.6602382659912
5437,1745914061.8461473,191.26009941101074
5438,1745914062.031998,185.8506202697754
5439,1745914062.3412058,308.23421478271484
5440,1745914062.6543489,311.94496154785156
5441,1745914062.8403747,185.13250350952148
5442,1745914063.0288072,188.4324550628662
5443,1745914063.2181325,189.32533264160156
5444,1745914063.4032984,185.1658821105957
5445,1745914063.5913546,188.05623054504395
5446,1745914063.7799857,188.6310577392578
5447,1745914064.086935,305.94325065612793
5448,1745914064.2743995,187.46447563171387
5449,1745914064.4611726,185.77265739440918
5450,1745914064.653924,192.75140762329102
5451,1745914064.842071,188.14706802368164
5452,1745914065.0263379,184.2668056488037
5453,1745914065.2128348,185.60338020324707
5454,1745914065.4058723,192.24023818969727
5455,1745914065.5968108,190.93847274780273
5456,1745914065.7854197,188.60888481140137
5457,1745914065.972213,185.7924461364746
5458,1745914066.1566644,184.45134162902832
5459,1745914066.4257855,269.1211700439453
5460,1745914066.6106124,184.82685089111328
5461,1745914066.795346,184.73362922668457
5462,1745914066.9842312,188.88521194458008
5463,1745914067.1788206,194.58937644958496
5464,1745914067.3651712,186.35058403015137
5465,1745914067.5539844,188.8132095336914
5466,1745914067.760379,205.3978443145752
5467,1745914067.9471378,186.75875663757324
5468,1745914068.1353595,187.3006820678711
5469,1745914068.382185,245.9108829498291
5470,1745914068.5743334,192.14844703674316
5471,1745914068.7782943,203.96089553833008
5472,1745914068.967041,188.74669075012207
5473,1745914069.1537778,186.7368221282959
5474,1745914069.339812,185.09364128112793
5475,1745914069.606878,266.0636901855469
5476,1745914069.7918572,184.97920036315918
5477,1745914069.976943,185.08577346801758
5478,1745914070.2298906,252.94756889343262
5479,1745914070.4137223,183.83169174194336
5480,1745914070.5985692,183.8366985321045
5481,1745914070.786543,186.96212768554688
5482,1745914070.977189,190.64617156982422
5483,1745914071.163947,185.75525283813477
5484,1745914071.3514369,186.50031089782715
5485,1745914071.662719,311.2821578979492
5486,1745914071.8494916,186.77258491516113
5487,1745914072.0368304,187.33882904052734
5488,1745914072.2237835,186.95306777954102
5489,1745914072.4104698,185.67514419555664
5490,1745914072.6004853,190.0155544281006
5491,1745914072.8814907,281.0053825378418
5492,1745914073.066852,184.36002731323242
5493,1745914073.2530787,184.71503257751465
5494,1745914073.4395607,186.48195266723633
5495,1745914073.7111206,270.6756591796875
5496,1745914073.898057,185.93597412109375
5497,1745914074.0853984,187.34145164489746
5498,1745914074.308165,222.76663780212402
5499,1745914074.494215,185.03499031066895
5500,1745914074.6787126,184.49759483337402
5501,1745914074.8671386,187.4072551727295
5502,1745914075.0533965,186.25783920288086
5503,1745914075.2439501,190.5536651611328
5504,1745914075.4310925,187.14237213134766
5505,1745914075.6591954,228.1029224395752
5506,1745914075.848297,189.1016960144043
5507,1745914076.0385654,189.85366821289062
5508,1745914076.2266858,188.12036514282227
5509,1745914076.484994,258.30817222595215
5510,1745914076.6718752,186.88130378723145
5511,1745914076.8565428,184.66758728027344
5512,1745914077.0458286,189.2857551574707
5513,1745914077.2333765,186.54370307922363
5514,1745914077.4199977,185.70685386657715
5515,1745914077.6113653,191.36762619018555
5516,1745914077.8674974,256.1321258544922
5517,1745914078.0543382,186.84077262878418
5518,1745914078.2409232,186.5849494934082
5519,1745914078.5182648,276.5979766845703
5520,1745914078.7083886,189.61811065673828
5521,1745914078.8947697,186.38110160827637
5522,1745914079.0811458,185.02068519592285
5523,1745914079.2690861,187.9403591156006
5524,1745914079.4727547,203.66859436035156
5525,1745914079.7428362,270.0815200805664
5526,1745914079.9328046,189.96834754943848
5527,1745914080.1215818,188.77720832824707
5528,1745914080.3622885,240.7066822052002
5529,1745914080.5465627,184.27419662475586
5530,1745914080.7353938,187.32047080993652
5531,1745914080.9840548,248.66104125976562
5532,1745914081.169906,185.8510971069336
5533,1745914081.3605964,189.680814743042
5534,1745914081.5505295,189.93306159973145
5535,1745914081.7365496,186.0201358795166
5536,1745914081.9246862,188.13657760620117
5537,1745914082.1112418,186.5556240081787
5538,1745914082.4164014,305.1595687866211
5539,1745914082.6074457,191.04433059692383
5540,1745914082.8001351,192.6894187927246
5541,1745914083.0013075,201.1723518371582
5542,1745914083.2071068,204.78487014770508
5543,1745914083.4118533,203.7639617919922
5544,1745914083.6364598,223.61135482788086
5545,1745914083.8221955,185.73570251464844
5546,1745914084.013306,191.11037254333496
5547,1745914084.2020245,187.67857551574707
5548,1745914084.4484332,246.40870094299316
5549,1745914084.6465657,197.11899757385254
5550,1745914084.835908,189.34226036071777
5551,1745914085.023654,187.7460479736328
5552,1745914085.2110493,186.41233444213867
5553,1745914085.408468,197.4186897277832
5554,1745914085.652344,243.87598037719727
5555,1745914085.9950395,342.6954746246338
5556,1745914086.181725,186.68556213378906
5557,1745914086.3700814,187.3025894165039
5558,1745914086.5569532,185.8654022216797
5559,1745914086.7432175,184.75914001464844
5560,1745914086.9304981,187.28065490722656
5561,1745914087.1711645,239.64810371398926
5562,1745914087.3558028,183.38370323181152
5563,1745914087.5582352,201.47061347961426
5564,1745914087.744583,186.34772300720215
5565,1745914087.9665384,221.9555377960205
5566,1745914088.1523404,185.80198287963867
5567,1745914088.3395095,186.25378608703613
5568,1745914088.537425,197.91555404663086
5569,1745914088.7224236,184.9985122680664
5570,1745914088.9066346,183.21466445922852
5571,1745914089.1830893,273.8616466522217
5572,1745914089.3679476,184.8583221435547
5573,1745914089.5537443,185.2889060974121
5574,1745914089.7417517,188.00735473632812
5575,1745914089.9951942,252.45261192321777
5576,1745914090.1809647,185.77051162719727
5577,1745914090.368081,186.11669540405273
5578,1745914090.5543308,186.2497329711914
5579,1745914090.7589514,204.6205997467041
5580,1745914090.9468386,186.4941120147705
5581,1745914091.1341877,185.84179878234863
5582,1745914091.3204396,186.25187873840332
5583,1745914091.5083408,186.91182136535645
5584,1745914091.6966133,187.26778030395508
5585,1745914091.8831098,185.49776077270508
5586,1745914092.0710337,187.29400634765625
5587,1745914092.2556639,182.6646327972412
5588,1745914092.5361974,280.5335521697998
5589,1745914092.7211075,184.91005897521973
5590,1745914092.9142866,193.17913055419922
5591,1745914093.1025116,188.22503089904785
5592,1745914093.2901638,187.6521110534668
5593,1745914093.668322,378.1583309173584
5594,1745914093.8622217,193.89963150024414
5595,1745914094.0521166,188.9212131500244
5596,1745914094.2372894,185.17279624938965
5597,1745914094.4296582,191.37239456176758
5598,1745914094.619414,188.74001502990723
5599,1745914094.806062,186.64789199829102
5600,1745914094.991785,184.7090721130371
5601,1745914095.1820517,190.26660919189453
5602,1745914095.3742564,191.38836860656738
5603,1745914095.5672936,193.0372714996338
5604,1745914095.8283443,261.0507011413574
5605,1745914096.0139787,185.63437461853027
5606,1745914096.2032375,188.3864402770996
5607,1745914096.4345636,231.32610321044922
5608,1745914096.6215754,185.99724769592285
5609,1745914096.8182771,196.7017650604248
5610,1745914097.0550642,235.7614040374756
5611,1745914097.2414987,185.43291091918945
5612,1745914097.4309716,189.47291374206543
5613,1745914097.6174684,185.67657470703125
5614,1745914097.881246,262.7556324005127
5615,1745914098.1872897,306.0436248779297
5616,1745914098.5821404,393.8565254211426
5617,1745914098.7670007,183.85910987854004
5618,1745914098.9545634,187.5627040863037
5619,1745914099.1402621,185.6987476348877
5620,1745914099.3258822,184.60392951965332
5621,1745914099.511132,185.24980545043945
5622,1745914099.8066037,295.4716682434082
5623,1745914099.9919758,185.37211418151855
5624,1745914100.1901093,198.1334686279297
5625,1745914100.4528155,262.7062797546387
5626,1745914100.7366695,282.6535701751709
5627,1745914100.923328,185.13250350952148
5628,1745914101.109791,186.4631175994873
5629,1745914101.294458,184.66687202453613
5630,1745914101.4794273,183.96592140197754
5631,1745914101.752486,273.0586528778076
5632,1745914101.939106,185.67609786987305
5633,1745914102.13295,193.84407997131348
5634,1745914102.3848467,251.03187561035156
5635,1745914102.5818114,196.96474075317383
5636,1745914102.767756,185.9445571899414
5637,1745914102.9531033,185.347318649292
5638,1745914103.1408203,186.7208480834961
5639,1745914103.3284092,186.58804893493652
5640,1745914103.5295954,201.1861801147461
5641,1745914103.8094747,278.8805961608887
5642,1745914104.0090141,198.87542724609375
5643,1745914104.1980975,188.07554244995117
5644,1745914104.3849437,186.84625625610352
5645,1745914104.5751808,190.23704528808594
5646,1745914104.8055582,229.13789749145508
5647,1745914104.9912674,185.70923805236816
5648,1745914105.181106,188.53235244750977
5649,1745914105.3851585,204.05244827270508
5650,1745914105.5799668,194.8082447052002
5651,1745914105.8641346,284.1677665710449
5652,1745914106.051217,187.08252906799316
5653,1745914107.0599287,nan
5654,1745914107.2681284,208.19973945617676
5655,1745914107.4529042,183.7613582611084
5656,1745914107.6436074,190.7031536102295
5657,1745914107.9153075,271.7001438140869
5658,1745914108.111595,195.29414176940918
5659,1745914108.3035846,191.01214408874512
5660,1745914108.4905071,186.92255020141602
5661,1745914108.6760745,183.5634708404541
5662,1745914108.9280918,252.01725959777832
5663,1745914109.1149828,185.80222129821777
5664,1745914109.3021734,187.19053268432617
5665,1745914109.4895406,186.21015548706055
5666,1745914109.852929,363.3885383605957
5667,1745914110.045006,192.0769214630127
5668,1745914110.235338,189.42952156066895
5669,1745914110.4235535,187.21294403076172
5670,1745914110.6756046,250.946044921875
5671,1745914110.861462,185.85753440856934
5672,1745914111.0487657,187.3035430908203
5673,1745914111.2843578,235.59212684631348
5674,1745914111.4719465,187.58869171142578
5675,1745914111.6588752,185.91642379760742
5676,1745914111.8907847,230.89861869812012
5677,1745914112.0768454,185.00542640686035
5678,1745914112.2666154,189.76998329162598
5679,1745914112.521664,253.46779823303223
5680,1745914112.708206,185.5475902557373
5681,1745914112.8928714,184.66544151306152
5682,1745914113.0827854,188.99106979370117
5683,1745914113.267447,183.75039100646973
5684,1745914113.4547987,186.35201454162598
5685,1745914113.7505603,295.7615852355957
5686,1745914113.9366748,186.11454963684082
5687,1745914114.1240797,187.40487098693848
5688,1745914114.3103893,186.3095760345459
5689,1745914114.4991884,188.7991428375244
5690,1745914114.6864698,187.28137016296387
5691,1745914114.872277,185.8072280883789
5692,1745914115.0687537,196.47669792175293
5693,1745914115.2865963,217.15426445007324
5694,1745914115.4744012,187.8049373626709
5695,1745914115.6651926,190.79136848449707
5696,1745914115.8525798,186.3720417022705
5697,1745914116.074798,222.21827507019043
5698,1745914116.2613206,185.62054634094238
5699,1745914116.4458444,183.36939811706543
5700,1745914116.631162,185.3175163269043
5701,1745914116.8156412,184.4792366027832
5702,1745914117.0182674,202.62622833251953
5703,1745914117.3152125,295.9399223327637
5704,1745914117.5007396,185.52708625793457
5705,1745914117.689023,188.28344345092773
5706,1745914117.8745155,184.1447353363037
5707,1745914118.0605574,185.04071235656738
5708,1745914118.2466803,185.1186752319336
5709,1745914118.4311967,184.51642990112305
5710,1745914118.624438,192.2290325164795
5711,1745914118.809553,185.11486053466797
5712,1745914118.995532,184.9050521850586
5713,1745914119.339157,342.7143096923828
5714,1745914119.5242443,185.0872039794922
5715,1745914119.7097754,184.8428249359131
5716,1745914119.8983786,188.60316276550293
5717,1745914120.1974757,299.09706115722656
5718,1745914120.3864627,187.98470497131348
5719,1745914120.5714216,184.95893478393555
5720,1745914120.757438,185.01949310302734
5721,1745914121.0220363,264.5983695983887
5722,1745914121.2081773,186.1410140991211
5723,1745914121.3936458,185.4684352874756
5724,1745914121.5799396,186.2938404083252
5725,1745914121.763622,183.68244171142578
5726,1745914121.9514427,186.753511428833
5727,1745914122.139846,187.49403953552246
5728,1745914122.331185,189.94855880737305
5729,1745914122.5207422,188.53425979614258
5730,1745914122.751423,229.67171669006348
5731,1745914122.9362571,184.83424186706543
5732,1745914123.1259606,189.70346450805664
5733,1745914123.328835,202.06809043884277
5734,1745914123.5733302,243.85595321655273
5735,1745914123.7813942,208.06407928466797
5736,1745914123.9673245,185.9302520751953
5737,1745914124.156162,188.83752822875977
5738,1745914124.3473651,190.18197059631348
5739,1745914124.538219,189.3477439880371
5740,1745914124.7979932,259.77420806884766
5741,1745914124.9887152,190.72198867797852
5742,1745914125.1744115,185.05120277404785
5743,1745914125.3600595,185.64796447753906
5744,1745914125.5474312,186.31434440612793
5745,1745914125.8228521,275.4209041595459
5746,1745914126.0106335,186.80906295776367
5747,1745914126.1992767,188.643217086792
5748,1745914126.4473028,248.02613258361816
5749,1745914126.831522,383.21495056152344
5750,1745914127.0256827,194.16069984436035
5751,1745914127.2127264,186.05399131774902
5752,1745914127.3988163,186.08999252319336
5753,1745914127.589858,191.0417079925537
5754,1745914127.7745905,184.73243713378906
5755,1745914127.961525,185.4102611541748
5756,1745914128.190111,228.58595848083496
5757,1745914128.3751926,184.07034873962402
5758,1745914129.381851,nan
5759,1745914129.5692832,187.43228912353516
5760,1745914129.7583084,189.0251636505127
5761,1745914129.9492888,190.27304649353027
5762,1745914130.2267299,277.44102478027344
5763,1745914130.4181194,191.3895606994629
5764,1745914130.6054492,187.32976913452148
5765,1745914130.7912436,185.79435348510742
5766,1745914130.9763277,185.08410453796387
5767,1745914131.2565837,280.2560329437256
5768,1745914131.4470665,190.48285484313965
5769,1745914131.6334734,185.4104995727539
5770,1745914131.8194187,185.9452724456787
5771,1745914132.082226,261.8441581726074
5772,1745914132.26803,185.80389022827148
5773,1745914132.455882,186.8417263031006
5774,1745914132.6445796,188.69757652282715
5775,1745914132.8887658,244.1861629486084
5776,1745914133.074177,184.74268913269043
5777,1745914133.268288,193.11165809631348
5778,1745914133.4569354,188.64750862121582
5779,1745914133.6468234,189.88800048828125
5780,1745914133.8383372,190.43231010437012
5781,1745914134.028041,189.70370292663574
5782,1745914134.324029,295.9880828857422
5783,1745914134.5223064,198.27747344970703
5784,1745914134.7076373,185.33086776733398
5785,1745914134.896002,187.835693359375
5786,1745914135.0836513,187.64925003051758
5787,1745914135.3615406,277.8892517089844
5788,1745914135.5557575,194.21696662902832
5789,1745914135.741062,185.3044033050537
5790,1745914135.9270103,185.94837188720703
5791,1745914136.19003,262.0198726654053
5792,1745914136.3762891,184.0806007385254
5793,1745914136.6910331,314.7439956665039
5794,1745914137.0002384,309.2052936553955
5795,1745914137.1994524,198.21667671203613
5796,1745914137.3841765,183.72488021850586
5797,1745914137.5696306,185.4541301727295
5798,1745914137.7559152,186.28454208374023
5799,1745914137.9434338,186.56444549560547
5800,1745914138.1314385,188.004732131958
5801,1745914138.3165982,185.15968322753906
5802,1745914138.6193826,302.7844429016113
5803,1745914138.8058903,185.50682067871094
5804,1745914139.004111,197.23081588745117
5805,1745914139.193623,188.51685523986816
5806,1745914139.3836975,189.0738010406494
5807,1745914139.5715036,186.56158447265625
5808,1745914139.7693913,197.88765907287598
5809,1745914140.0639234,294.53206062316895
5810,1745914140.375357,311.4335536956787
5811,1745914140.6665945,291.23759269714355
5812,1745914140.864717,198.12250137329102
5813,1745914141.0557296,191.01262092590332
5814,1745914141.2689939,213.26422691345215
5815,1745914141.4683433,198.3494758605957
5816,1745914141.673912,205.56879043579102
5817,1745914141.8604476,185.53686141967773
5818,1745914142.0459838,184.53001976013184
5819,1745914142.252682,205.78932762145996
5820,1745914142.4387987,185.13202667236328
5821,1745914142.6270535,188.25483322143555
5822,1745914142.8267329,198.6715793609619
5823,1745914143.0259075,199.1746425628662
5824,1745914143.2140229,188.11535835266113
5825,1745914143.406156,192.13318824768066
5826,1745914143.5953481,189.1920566558838
5827,1745914143.7824738,185.91833114624023
5828,1745914144.0982835,314.84246253967285
5829,1745914144.3642914,265.5038833618164
5830,1745914144.5516262,187.33477592468262
5831,1745914144.7555,202.86178588867188
5832,1745914144.9444916,188.0810260772705
5833,1745914145.1483533,201.35974884033203
5834,1745914145.3381765,189.82315063476562
5835,1745914145.5274615,189.2850399017334
5836,1745914145.719519,191.04719161987305
5837,1745914145.9885943,268.1450843811035
5838,1745914146.1980708,209.47647094726562
5839,1745914146.3888397,189.7597312927246
5840,1745914146.5816064,192.76666641235352
5841,1745914146.8082733,226.66692733764648
5842,1745914146.9984002,188.73357772827148
5843,1745914147.188142,189.741849899292
5844,1745914147.3816853,193.5431957244873
5845,1745914147.5703132,187.71791458129883
5846,1745914147.7559516,184.63873863220215
5847,1745914147.9484203,191.56169891357422
5848,1745914148.1365817,188.16137313842773
5849,1745914148.3215446,184.96298789978027
5850,1745914148.5195785,197.04532623291016
5851,1745914148.707141,186.56373023986816
5852,1745914148.8915253,184.38434600830078
5853,1745914149.0882852,195.7395076751709
5854,1745914149.2804751,191.20168685913086
5855,1745914149.4696176,189.14246559143066
5856,1745914149.6643395,193.7241554260254
5857,1745914149.8649075,199.64003562927246
5858,1745914150.1006942,235.78667640686035
5859,1745914150.4002402,298.62403869628906
5860,1745914150.592359,191.1773681640625
5861,1745914150.7819333,189.5742416381836
5862,1745914150.9692075,186.19275093078613
5863,1745914151.1593559,189.64171409606934
5864,1745914151.343868,184.51213836669922
5865,1745914151.5302835,185.48226356506348
5866,1745914151.7182126,186.9218349456787
5867,1745914152.0417867,323.5740661621094
5868,1745914152.2304437,187.59441375732422
5869,1745914152.4180787,187.63494491577148
5870,1745914152.7486784,330.5997848510742
5871,1745914152.9348109,185.14204025268555
5872,1745914153.139402,204.5910358428955
5873,1745914153.34061,201.20811462402344
5874,1745914153.5284865,187.87646293640137
5875,1745914153.719619,191.1325454711914
5876,1745914153.9041507,184.53168869018555
5877,1745914154.091346,186.19346618652344
5878,1745914154.2824674,190.15097618103027
5879,1745914154.4741635,190.7799243927002
5880,1745914154.6605809,186.4173412322998
5881,1745914154.8847158,223.11902046203613
5882,1745914155.071507,186.79118156433105
5883,1745914155.2559402,183.52031707763672
5884,1745914155.4402578,183.305025100708
5885,1745914155.6281698,187.00242042541504
5886,1745914155.8148043,185.62817573547363
5887,1745914156.0027602,187.9558563232422
5888,1745914156.189102,185.34111976623535
5889,1745914156.3816676,191.56217575073242
5890,1745914156.5730362,190.37294387817383
5891,1745914156.7617874,188.751220703125
5892,1745914156.9481049,186.31744384765625
5893,1745914157.134088,185.98318099975586
5894,1745914157.341256,206.15577697753906
5895,1745914157.535689,194.43321228027344
5896,1745914157.7242644,188.57526779174805
5897,1745914157.9083793,184.11493301391602
5898,1745914158.094488,185.1048469543457
5899,1745914158.2800155,185.52756309509277
5900,1745914158.4991784,219.1629409790039
5901,1745914158.687178,187.99948692321777
5902,1745914158.8870957,197.9057788848877
5903,1745914159.0720396,184.94391441345215
5904,1745914159.2660894,192.93880462646484
5905,1745914159.5056624,239.57300186157227
5906,1745914159.6916642,186.00177764892578
5907,1745914159.8768206,184.1597557067871
5908,1745914160.132216,255.39541244506836
5909,1745914160.4400237,307.80768394470215
5910,1745914160.6447475,203.7220001220703
5911,1745914160.9548974,310.1499080657959
5912,1745914161.1496131,193.4671401977539
5913,1745914161.3405476,189.9397373199463
5914,1745914161.528061,187.5133514404297
5915,1745914161.7147787,186.71774864196777
5916,1745914161.9005194,185.74070930480957
5917,1745914162.089071,187.58392333984375
5918,1745914162.3725262,283.45513343811035
5919,1745914162.56034,187.81375885009766
5920,1745914162.7453084,183.9754581451416
5921,1745914162.931965,184.678316116333
5922,1745914163.1183057,186.3405704498291
5923,1745914163.3055341,186.2027645111084
5924,1745914163.5037851,197.25537300109863
5925,1745914163.6880956,183.39872360229492
5926,1745914163.8753753,187.27970123291016
5927,1745914164.131695,256.3197612762451
5928,1745914164.3163233,184.62824821472168
5929,1745914164.4991672,182.8439235687256
5930,1745914164.6893342,189.15939331054688
5931,1745914164.941576,252.241849899292
5932,1745914165.129511,186.9349479675293
5933,1745914165.3153126,184.8776340484619
5934,1745914165.5190623,202.74114608764648
5935,1745914165.707233,188.1706714630127
5936,1745914165.8924508,185.21785736083984
5937,1745914166.281788,388.3814811706543
5938,1745914166.5805845,298.7964153289795
5939,1745914166.766467,184.97872352600098
5940,1745914166.953359,186.8917942047119
5941,1745914167.1397862,185.45126914978027
5942,1745914167.3258843,186.0980987548828
5943,1745914167.5114582,184.47566032409668
5944,1745914167.6995597,188.10153007507324
5945,1745914167.8842914,184.73172187805176
5946,1745914168.0719776,187.68620491027832
5947,1745914168.3102713,238.29364776611328
5948,1745914168.6328948,321.5494155883789
5949,1745914168.8198373,185.00423431396484
5950,1745914169.0097563,189.91899490356445
5951,1745914169.1963127,185.25028228759766
5952,1745914169.3822784,184.94772911071777
5953,1745914169.5667524,184.47399139404297
5954,1745914169.7561994,189.44692611694336
5955,1745914169.941276,185.07671356201172
5956,1745914170.1284175,187.14141845703125
5957,1745914170.3157253,187.30783462524414
5958,1745914170.503953,188.22765350341797
5959,1745914170.782797,277.8356075286865
5960,1745914170.9710684,188.27128410339355
5961,1745914171.1581135,185.53686141967773
5962,1745914171.3484492,190.33575057983398
5963,1745914171.534365,185.91570854187012
5964,1745914171.7228222,187.5298023223877
5965,1745914171.9095976,186.77544593811035
5966,1745914172.2092946,299.6969223022461
5967,1745914172.3946416,185.3470802307129
5968,1745914172.583783,189.14127349853516
5969,1745914172.8322685,248.48556518554688
5970,1745914173.0180793,185.81080436706543
5971,1745914173.2036421,184.55076217651367
5972,1745914173.3886013,184.03959274291992
5973,1745914173.580197,189.6188259124756
5974,1745914173.7698965,189.6994113922119
5975,1745914173.9565952,185.52517890930176
5976,1745914174.145066,186.59377098083496
5977,1745914174.3317845,184.90076065063477
5978,1745914174.558086,226.3014316558838
5979,1745914174.7435968,184.50427055358887
5980,1745914174.9282868,183.78806114196777
5981,1745914175.114421,184.67402458190918
5982,1745914175.30016,185.73904037475586
5983,1745914175.4847047,183.53867530822754
5984,1745914175.6703777,185.67299842834473
5985,1745914175.8582044,187.82663345336914
5986,1745914176.1061318,246.9034194946289
5987,1745914176.2945652,187.42632865905762
5988,1745914176.4790702,183.57539176940918
5989,1745914176.6656592,186.58900260925293
5990,1745914176.8764968,210.83760261535645
5991,1745914177.0612733,184.77654457092285
5992,1745914177.2496397,188.36641311645508
5993,1745914177.4354124,185.77265739440918
5994,1745914177.626165,190.75250625610352
5995,1745914177.8131638,186.99884414672852
5996,1745914178.0005002,186.46574020385742
5997,1745914178.1866965,186.19632720947266
5998,1745914178.380593,192.3849582672119
5999,1745914178.6542654,273.67234230041504
6000,1745914178.841988,186.29717826843262
