1,1745947534.2556555,183.61806869506836
2,1745947534.4498646,183.76803398132324
3,1745947534.6432545,182.85822868347168
4,1745947534.8364124,182.62553215026855
5,1745947535.0300279,183.09497833251953
6,1745947535.2236986,183.15911293029785
7,1745947535.4176035,183.07209014892578
8,1745947535.61092,181.29491806030273
9,1745947535.8032045,181.77366256713867
10,1745947535.9969807,182.7552318572998
11,1745947536.1909099,183.00437927246094
12,1745947536.3838437,182.3575496673584
13,1745947536.5784087,183.52890014648438
14,1745947536.7719443,183.0277442932129
15,1745947536.9659483,183.39824676513672
16,1745947537.160993,184.006929397583
17,1745947537.3550239,182.70492553710938
18,1745947537.5478542,182.3561191558838
19,1745947537.7421448,183.64381790161133
20,1745947537.9363658,183.5765838623047
21,1745947538.1295552,182.6624870300293
22,1745947538.329603,189.02111053466797
23,1745947538.525217,184.57937240600586
24,1745947538.7208447,184.96298789978027
25,1745947538.9176533,185.3163242340088
26,1745947539.1148221,186.64169311523438
27,1745947539.3097079,184.4923496246338
28,1745947539.5032804,183.15553665161133
29,1745947539.6978042,183.48097801208496
30,1745947539.8919113,183.34722518920898
31,1745947540.0876362,184.59749221801758
32,1745947540.2841249,185.5473518371582
33,1745947540.4870262,192.42429733276367
34,1745947540.682974,184.82494354248047
35,1745947540.8780901,184.44538116455078
36,1745947541.0747283,185.50801277160645
37,1745947541.2719939,186.69986724853516
38,1745947541.4676902,184.64064598083496
39,1745947541.66339,185.0881576538086
40,1745947541.8590539,184.60679054260254
41,1745947542.0523257,182.24835395812988
42,1745947542.2497878,185.9304904937744
43,1745947542.4443166,184.01265144348145
44,1745947542.6412523,185.41646003723145
45,1745947542.8360317,184.2508316040039
46,1745947543.0301228,183.89153480529785
47,1745947543.2260756,184.92913246154785
48,1745947543.420782,184.18455123901367
49,1745947543.615915,184.9193572998047
50,1745947543.8118684,185.45818328857422
51,1745947544.0084603,185.36114692687988
52,1745947544.2053525,185.927152633667
53,1745947544.4015074,184.97562408447266
54,1745947544.597521,184.828519821167
55,1745947544.7918634,183.8068962097168
56,1745947544.9864802,183.9902400970459
57,1745947545.1814325,184.4165325164795
58,1745947545.3764508,184.48233604431152
59,1745947545.5726447,185.91594696044922
60,1745947545.7692006,185.8365535736084
61,1745947545.9640722,183.2733154296875
62,1745947546.1581557,183.1347942352295
63,1745947546.359371,190.1841163635254
64,1745947546.558734,187.83974647521973
65,1745947546.7552829,185.45961380004883
66,1745947546.9487076,182.94858932495117
67,1745947547.1439576,184.72051620483398
68,1745947547.3397717,185.08195877075195
69,1745947547.535775,185.20855903625488
70,1745947547.7332697,186.43951416015625
71,1745947547.9278321,184.01741981506348
72,1745947548.121077,182.55162239074707
73,1745947548.316323,184.65042114257812
74,1745947548.5129526,185.58120727539062
75,1745947548.708075,184.68642234802246
76,1745947548.90368,184.6613883972168
77,1745947549.0990584,184.36050415039062
78,1745947549.2950735,185.36376953125
79,1745947549.491796,185.70685386657715
80,1745947549.6882439,185.42003631591797
81,1745947549.8838632,184.9052906036377
82,1745947550.080002,185.09292602539062
83,1745947550.2744079,183.87627601623535
84,1745947550.4709792,185.9729290008545
85,1745947550.6662636,184.16142463684082
86,1745947550.8607624,183.47930908203125
87,1745947551.0563302,184.9663257598877
88,1745947551.251917,184.59582328796387
89,1745947551.447391,184.9067211151123
90,1745947551.643148,184.71717834472656
91,1745947551.8378782,183.72154235839844
92,1745947552.0330083,184.58151817321777
93,1745947552.2283986,184.34548377990723
94,1745947552.4234545,184.36455726623535
95,1745947552.6187758,184.65185165405273
96,1745947552.8133895,183.58802795410156
97,1745947553.0075514,183.1362247467041
98,1745947553.2010782,182.98697471618652
99,1745947553.3945572,182.59382247924805
100,1745947553.5886965,183.1035614013672
101,1745947553.7828288,183.1040382385254
102,1745947553.9757864,182.50775337219238
103,1745947554.1701136,183.3021640777588
104,1745947554.364603,183.40158462524414
105,1745947554.55919,183.06660652160645
106,1745947554.753907,184.4942569732666
107,1745947554.9467719,182.33537673950195
108,1745947555.1413672,183.8247776031494
109,1745947555.336127,184.23151969909668
110,1745947555.5380356,191.0557746887207
111,1745947555.731925,183.19463729858398
112,1745947555.9261415,183.61353874206543
113,1745947556.1202452,183.46548080444336
114,1745947556.3137686,183.00747871398926
115,1745947556.5085194,184.09085273742676
116,1745947556.7023082,182.3720932006836
117,1745947556.897276,183.95495414733887
118,1745947557.0918174,183.50458145141602
119,1745947557.284904,182.25574493408203
120,1745947557.478799,182.85083770751953
121,1745947557.6732225,183.3653450012207
122,1745947557.8671699,183.4259033203125
123,1745947558.0646088,186.4466667175293
124,1745947558.2575905,182.32393264770508
125,1745947558.451877,183.2873821258545
126,1745947558.6455483,183.1681728363037
127,1745947558.840244,184.17978286743164
128,1745947559.035622,184.340238571167
129,1745947559.2286267,182.47461318969727
130,1745947559.423764,183.90488624572754
131,1745947559.6177998,182.4631690979004
132,1745947559.8128054,183.64858627319336
133,1745947560.007164,183.7329864501953
134,1745947560.2016454,183.96830558776855
135,1745947560.3950067,182.82461166381836
136,1745947560.589055,182.42907524108887
137,1745947560.7825243,183.37368965148926
138,1745947560.9762678,182.7080249786377
139,1745947561.1706812,183.3648681640625
140,1745947561.365273,183.12978744506836
141,1745947561.5591736,183.11166763305664
142,1745947561.7528613,182.63506889343262
143,1745947561.9460492,182.6331615447998
144,1745947562.1392102,182.5253963470459
145,1745947562.3336046,183.5956573486328
146,1745947562.5267227,182.0387840270996
147,1745947562.7239451,186.11431121826172
148,1745947562.9279199,192.88015365600586
149,1745947563.1222398,183.6526393890381
150,1745947563.3155055,182.75856971740723
151,1745947563.5088396,182.84201622009277
152,1745947563.7029753,183.4416389465332
153,1745947563.924181,210.113525390625
154,1745947564.1169553,182.18588829040527
155,1745947564.3110583,183.03465843200684
156,1745947564.5057385,183.29286575317383
157,1745947564.7015605,184.74912643432617
158,1745947564.895967,183.89463424682617
159,1745947565.0901196,183.1061840057373
160,1745947565.284135,182.93309211730957
161,1745947565.4787762,183.49504470825195
162,1745947565.6718454,182.57546424865723
163,1745947565.8695445,186.95354461669922
164,1745947566.0640612,183.89582633972168
165,1745947566.2581675,183.0923557281494
166,1745947566.4673588,198.16255569458008
167,1745947566.6657999,187.40534782409668
168,1745947566.860884,184.0648651123047
169,1745947567.054482,182.5716495513916
170,1745947567.2478456,182.7714443206787
171,1745947567.4563327,197.46708869934082
172,1745947567.649888,182.52849578857422
173,1745947567.8438601,182.8896999359131
174,1745947568.0401525,185.0874423980713
175,1745947568.2359073,185.17827987670898
176,1745947568.4322433,184.80229377746582
177,1745947568.6273172,184.04078483581543
178,1745947568.820798,182.95717239379883
179,1745947569.0148044,183.2742691040039
180,1745947569.2091458,183.3336353302002
181,1745947569.4029195,183.25519561767578
182,1745947569.5968606,183.37535858154297
183,1745947569.7920196,184.8127841949463
184,1745947569.9864013,183.28142166137695
185,1745947570.1800401,183.09807777404785
186,1745947570.3749857,183.81428718566895
187,1745947570.5762455,189.7282600402832
188,1745947570.769495,182.8591823577881
189,1745947570.963347,182.2192668914795
190,1745947571.157983,183.5167407989502
191,1745947571.3519301,182.51967430114746
192,1745947571.545238,182.66677856445312
193,1745947571.739687,183.4127902984619
194,1745947571.9328222,182.43932723999023
195,1745947572.127717,183.86077880859375
196,1745947572.3210244,182.79337882995605
197,1745947572.514698,183.08281898498535
198,1745947572.7078469,182.44004249572754
199,1745947572.9011707,182.3716163635254
200,1745947573.0959609,183.73632431030273
201,1745947573.2901628,183.2120418548584
202,1745947573.482787,182.08694458007812
203,1745947573.6779184,183.4554672241211
204,1745947573.8708036,182.22451210021973
205,1745947574.066,184.28945541381836
206,1745947574.2629106,185.0733757019043
207,1745947574.457066,183.67409706115723
208,1745947574.6548638,186.51342391967773
209,1745947574.8493574,183.78520011901855
210,1745947575.042946,183.07042121887207
211,1745947575.2379665,184.30328369140625
212,1745947575.4330318,183.92324447631836
213,1745947575.629777,185.62054634094238
214,1745947575.826485,185.12654304504395
215,1745947576.0250995,188.03834915161133
216,1745947576.2207105,184.47160720825195
217,1745947576.4162543,184.30447578430176
218,1745947576.6122923,184.98945236206055
219,1745947576.8067708,183.45069885253906
220,1745947577.0020733,184.28373336791992
221,1745947577.2002065,186.66958808898926
222,1745947577.3988893,187.93559074401855
223,1745947577.5942883,184.26775932312012
224,1745947577.790736,185.51301956176758
225,1745947577.991254,189.2111301422119
226,1745947578.18957,187.24775314331055
227,1745947578.3974888,196.90585136413574
228,1745947578.5950863,187.08181381225586
229,1745947578.7897127,184.11731719970703
230,1745947578.9855924,184.55958366394043
231,1745947579.1806853,184.57341194152832
232,1745947579.3752596,183.54487419128418
233,1745947579.572119,185.81485748291016
234,1745947579.767355,184.30614471435547
235,1745947579.9649541,186.17916107177734
236,1745947580.1614318,185.75644493103027
237,1745947580.3560112,183.19940567016602
238,1745947580.5517387,184.15403366088867
239,1745947580.7465203,184.17048454284668
240,1745947580.9420328,185.03856658935547
241,1745947581.1392293,186.18416786193848
242,1745947581.3351424,184.88264083862305
243,1745947581.5321543,185.9877109527588
244,1745947581.726399,183.19988250732422
245,1745947581.9220457,184.312105178833
246,1745947582.1170228,184.4043731689453
247,1745947582.312142,184.13066864013672
248,1745947582.5084684,185.3320598602295
249,1745947582.7010698,182.09505081176758
250,1745947582.8954406,183.02679061889648
251,1745947583.0892951,182.81960487365723
252,1745947583.2841024,183.67576599121094
253,1745947583.4770377,182.41477012634277
254,1745947583.671027,183.3479404449463
255,1745947583.8667753,185.07862091064453
256,1745947584.0596812,182.31534957885742
257,1745947584.2526684,182.4512481689453
258,1745947584.4458113,182.14058876037598
259,1745947584.6396115,182.65104293823242
260,1745947584.8332818,182.88683891296387
261,1745947585.0272727,183.06279182434082
262,1745947585.2210724,182.76238441467285
263,1745947585.4149044,183.31623077392578
264,1745947585.615444,189.88275527954102
265,1745947585.8098726,183.40325355529785
266,1745947586.0037851,181.89430236816406
267,1745947586.1960087,181.8842887878418
268,1745947586.389887,182.85107612609863
269,1745947586.583018,182.6150417327881
270,1745947586.7768955,182.8320026397705
271,1745947586.97093,183.24780464172363
272,1745947587.1639733,182.47365951538086
273,1745947587.357895,182.83987045288086
274,1745947587.550898,182.39569664001465
275,1745947587.7457285,183.41612815856934
276,1745947587.9392698,182.50083923339844
277,1745947588.133297,183.0000877380371
278,1745947588.3257906,181.98156356811523
279,1745947588.5209053,183.80212783813477
280,1745947588.7144887,182.51681327819824
281,1745947588.9078841,182.3570728302002
282,1745947589.1024494,182.52062797546387
283,1745947589.2956486,182.94978141784668
284,1745947589.4909637,184.29303169250488
285,1745947589.6851215,183.57181549072266
286,1745947589.8783119,182.59954452514648
287,1745947590.0724282,183.49695205688477
288,1745947590.2691572,185.24742126464844
289,1745947590.4666593,186.97094917297363
290,1745947590.660942,183.61616134643555
291,1745947590.8558717,183.61973762512207
292,1745947591.0513744,183.98714065551758
293,1745947591.248392,186.50126457214355
294,1745947591.4432023,184.29112434387207
295,1745947591.6407337,186.4922046661377
296,1745947591.8361835,184.67140197753906
297,1745947592.032488,185.6224536895752
298,1745947592.2276227,184.59510803222656
299,1745947592.42162,183.3961009979248
300,1745947592.6178598,185.21595001220703
301,1745947592.8120825,183.7146282196045
302,1745947593.0060415,183.3631992340088
303,1745947593.2012265,184.58008766174316
304,1745947593.396382,184.60440635681152
305,1745947593.591592,184.67974662780762
306,1745947593.786762,184.5848560333252
307,1745947593.9820921,184.55052375793457
308,1745947594.1779907,185.56880950927734
309,1745947594.3731134,184.02433395385742
310,1745947594.5690782,184.92841720581055
311,1745947594.7627225,182.39355087280273
312,1745947594.9564788,182.70516395568848
313,1745947595.1512768,183.7320327758789
314,1745947595.3451335,183.33005905151367
315,1745947595.5399275,183.7615966796875
316,1745947595.7331302,182.67130851745605
317,1745947595.9269621,182.78813362121582
318,1745947596.1218286,183.63261222839355
319,1745947596.3155386,183.01892280578613
320,1745947596.5086188,182.37757682800293
321,1745947596.7024658,182.82628059387207
322,1745947596.8965654,183.5803985595703
323,1745947597.0911553,184.0803623199463
324,1745947597.2849314,181.59985542297363
325,1745947597.4776754,182.1742057800293
326,1745947597.6716986,182.80982971191406
327,1745947597.8651602,182.93356895446777
328,1745947598.059524,183.35843086242676
329,1745947598.2530413,182.98602104187012
330,1745947598.4471896,183.0916404724121
331,1745947598.6407266,182.6324462890625
332,1745947598.835702,183.97784233093262
333,1745947599.0292928,182.84296989440918
334,1745947599.2221894,182.29436874389648
335,1745947599.4170096,184.28921699523926
336,1745947599.6111248,183.59827995300293
337,1745947599.804104,182.3863983154297
338,1745947599.9983816,183.52627754211426
339,1745947600.1910026,182.10124969482422
340,1745947600.385034,182.99126625061035
341,1745947600.5864801,190.5653476715088
342,1745947600.7822978,185.27531623840332
343,1745947600.975873,182.54351615905762
344,1745947601.1714802,184.57365036010742
345,1745947601.3647325,182.73258209228516
346,1745947601.5592437,183.31289291381836
347,1745947601.7530205,183.24899673461914
348,1745947601.9462373,182.68752098083496
349,1745947602.139096,182.12318420410156
350,1745947602.3326032,182.84964561462402
351,1745947602.5278938,184.27228927612305
352,1745947602.7225928,183.32195281982422
353,1745947602.915581,181.86187744140625
354,1745947603.1092343,182.9240322113037
355,1745947603.3043177,183.04944038391113
356,1745947603.4971402,182.2803020477295
357,1745947603.6910045,182.84988403320312
358,1745947603.884035,182.35397338867188
359,1745947604.079078,183.93445014953613
360,1745947604.2747638,184.03053283691406
361,1745947604.4684427,182.71875381469727
362,1745947604.6628451,183.37726593017578
363,1745947604.8561752,182.5709342956543
364,1745947605.0487893,182.10411071777344
365,1745947605.2430158,183.50958824157715
366,1745947605.4353995,181.44702911376953
367,1745947605.6291342,182.6927661895752
368,1745947605.8241034,183.94875526428223
369,1745947606.0178134,182.68585205078125
370,1745947606.212379,183.5172176361084
371,1745947606.406042,183.13169479370117
372,1745947606.5991004,182.58380889892578
373,1745947606.7942512,184.13758277893066
374,1745947606.9874845,183.04157257080078
375,1745947607.182674,183.59136581420898
376,1745947607.3765037,183.29644203186035
377,1745947607.5713062,183.7761402130127
378,1745947607.765946,183.96806716918945
379,1745947607.9592204,181.92100524902344
380,1745947608.1527176,181.47039413452148
381,1745947608.3465207,182.5571060180664
382,1745947608.540077,182.57856369018555
383,1745947608.733895,183.15935134887695
384,1745947608.9282427,183.83240699768066
385,1745947609.120824,182.06334114074707
386,1745947609.314269,182.24549293518066
387,1745947609.5093753,184.065580368042
388,1745947609.7041523,183.6564540863037
389,1745947609.9009426,185.75811386108398
390,1745947610.0949028,182.9240322113037
391,1745947610.2891226,182.9822063446045
392,1745947610.4838958,183.74228477478027
393,1745947610.6769624,182.91378021240234
394,1745947610.8708813,183.3193302154541
395,1745947611.064364,182.9073429107666
396,1745947611.2582257,183.33888053894043
397,1745947611.451952,183.1989288330078
398,1745947611.6450088,182.00182914733887
399,1745947611.839867,183.75873565673828
400,1745947612.033022,182.11650848388672
401,1745947612.227652,183.0155849456787
402,1745947612.4218814,183.20775032043457
403,1745947612.6165867,183.6831569671631
404,1745947612.809265,181.81800842285156
405,1745947613.0030053,182.70540237426758
406,1745947613.196202,182.29985237121582
407,1745947613.3907084,183.46667289733887
408,1745947613.589474,187.62779235839844
409,1745947613.783146,183.135986328125
410,1745947613.9765685,182.3568344116211
411,1745947614.1717477,184.01813507080078
412,1745947614.3660882,183.64763259887695
413,1745947614.5598545,183.2261085510254
414,1745947614.7536588,182.76572227478027
415,1745947614.9471447,182.43050575256348
416,1745947615.140953,183.13050270080566
417,1745947615.3348277,183.25233459472656
418,1745947615.5363743,191.0269260406494
419,1745947615.7291129,182.2342872619629
420,1745947615.9244387,184.25679206848145
421,1745947616.1186445,182.80339241027832
422,1745947616.312625,183.64882469177246
423,1745947616.506949,183.81214141845703
424,1745947616.701486,182.9993724822998
425,1745947616.8957999,183.7773323059082
426,1745947617.0899746,183.94088745117188
427,1745947617.2840068,182.43646621704102
428,1745947617.4791112,184.5104694366455
429,1745947617.6742883,184.08703804016113
430,1745947617.868285,183.4731101989746
431,1745947618.0621157,183.30049514770508
432,1745947618.2557633,183.1989288330078
433,1745947618.448463,181.8680763244629
434,1745947618.640993,182.04045295715332
435,1745947618.836332,183.79807472229004
436,1745947619.0297987,181.92005157470703
437,1745947619.2222166,182.21354484558105
438,1745947619.416882,183.63070487976074
439,1745947619.6109953,183.29548835754395
440,1745947619.804742,183.213472366333
441,1745947619.99965,183.75706672668457
442,1745947620.1940386,184.2036247253418
443,1745947620.387569,183.00366401672363
444,1745947620.5814192,183.2714080810547
445,1745947620.7766063,183.92562866210938
446,1745947620.9725974,184.93294715881348
447,1745947621.1699028,186.94090843200684
448,1745947621.3647094,182.7855110168457
449,1745947621.5623333,187.11543083190918
450,1745947621.7568388,183.4578514099121
451,1745947621.9506595,182.61051177978516
452,1745947622.1437166,182.85655975341797
453,1745947622.337253,182.68394470214844
454,1745947622.531599,183.30931663513184
455,1745947622.7249658,182.3270320892334
456,1745947622.9199557,183.82573127746582
457,1745947623.1140475,183.5026741027832
458,1745947623.308131,183.55727195739746
459,1745947623.501923,183.152437210083
460,1745947623.6965213,183.63022804260254
461,1745947623.8898242,182.8010082244873
462,1745947624.0836382,182.70158767700195
463,1745947624.2779062,183.20226669311523
464,1745947624.470937,182.2531223297119
465,1745947624.6659172,183.8548183441162
466,1745947624.8595042,182.9965114593506
467,1745947625.0533388,182.80315399169922
468,1745947625.248195,183.81738662719727
469,1745947625.4418244,182.58333206176758
470,1745947625.6360443,183.61520767211914
471,1745947625.8299851,183.23969841003418
472,1745947626.022831,182.2361946105957
473,1745947626.2163718,182.73019790649414
474,1745947626.410983,183.2408905029297
475,1745947626.6060593,184.18574333190918
476,1745947626.8059216,188.83633613586426
477,1745947626.9999163,183.09450149536133
478,1745947627.1937244,182.76596069335938
479,1745947627.388331,183.83002281188965
480,1745947627.5818863,183.02512168884277
481,1745947627.7759268,182.87372589111328
482,1745947627.969805,183.35556983947754
483,1745947628.1629546,182.62457847595215
484,1745947628.3567178,183.14528465270996
485,1745947628.5497997,182.45172500610352
486,1745947628.7445881,181.9324493408203
487,1745947628.9368937,181.77175521850586
488,1745947629.130945,183.14504623413086
489,1745947629.325934,183.81452560424805
490,1745947629.519888,183.41946601867676
491,1745947629.7136118,183.58325958251953
492,1745947629.9078848,183.7148666381836
493,1745947630.1046681,185.75310707092285
494,1745947630.2987123,182.99102783203125
495,1745947630.4992254,189.4984245300293
496,1745947630.6933858,183.12716484069824
497,1745947630.8864167,182.511568069458
498,1745947631.0795271,182.0657253265381
499,1745947631.2750869,183.90274047851562
500,1745947631.4680796,182.5551986694336
501,1745947631.661733,182.98912048339844
502,1745947631.8554056,182.65628814697266
503,1745947632.0498507,183.9137077331543
504,1745947632.2440832,183.52127075195312
505,1745947632.4376507,183.12788009643555
506,1745947632.6316338,182.86609649658203
507,1745947632.8283055,185.49299240112305
508,1745947633.0247622,185.9915256500244
509,1745947633.2965431,261.26933097839355
510,1745947633.4928842,185.30559539794922
511,1745947633.6883082,184.9234104156494
512,1745947633.883083,183.75158309936523
513,1745947634.0769155,182.65938758850098
514,1745947634.2736776,185.62912940979004
515,1745947634.4676375,183.26807022094727
516,1745947634.6645505,186.51556968688965
517,1745947634.8600864,184.51762199401855
518,1745947635.0576694,186.9518756866455
519,1745947635.2518313,183.6416721343994
520,1745947635.4458466,183.0422878265381
521,1745947635.6428177,186.17486953735352
522,1745947635.8378491,184.37814712524414
523,1745947636.0332825,184.553861618042
524,1745947636.2283666,182.79242515563965
525,1745947636.421752,182.85679817199707
526,1745947636.6158261,183.72774124145508
527,1745947636.8119485,186.0039234161377
528,1745947637.007805,184.9386692047119
529,1745947637.2041123,185.27793884277344
530,1745947637.4014902,186.80572509765625
531,1745947637.5956998,183.17246437072754
532,1745947637.7908356,184.10825729370117
533,1745947637.986266,184.59224700927734
534,1745947638.1813118,184.5104694366455
535,1745947638.3771026,185.25314331054688
536,1745947638.5735939,185.3787899017334
537,1745947638.7683084,184.1866970062256
538,1745947638.964226,184.88478660583496
539,1745947639.1593335,184.07464027404785
540,1745947639.3529398,183.0739974975586
541,1745947639.549866,185.88519096374512
542,1745947639.744761,183.79783630371094
543,1745947639.9394896,184.10706520080566
544,1745947640.1362128,186.18535995483398
545,1745947640.3297017,182.97719955444336
546,1745947640.52615,184.84902381896973
547,1745947640.7195554,182.36637115478516
548,1745947640.915876,184.18073654174805
549,1745947641.1124802,186.09189987182617
550,1745947641.3070495,183.5191249847412
551,1745947641.5027223,184.8924160003662
552,1745947641.6967008,183.09354782104492
553,1745947641.8928592,185.13822555541992
554,1745947642.087101,183.61306190490723
555,1745947642.280809,183.05659294128418
556,1745947642.4767303,184.52143669128418
557,1745947642.6728814,184.56268310546875
558,1745947642.8665419,183.4568977355957
559,1745947643.062936,185.34207344055176
560,1745947643.2587283,183.65883827209473
561,1745947643.4528491,183.9599609375
562,1745947643.6483717,184.4961643218994
563,1745947643.843193,183.78829956054688
564,1745947644.0385768,184.63683128356934
565,1745947644.2361739,186.55800819396973
566,1745947644.4310348,183.37750434875488
567,1745947644.6261342,184.54217910766602
568,1745947644.8215501,184.90028381347656
569,1745947645.0166175,183.96353721618652
570,1745947645.210703,183.55107307434082
571,1745947645.4071755,185.0566864013672
572,1745947645.6030977,185.3048801422119
573,1745947645.7995682,185.43004989624023
574,1745947645.9939988,183.88915061950684
575,1745947646.1900103,184.9648952484131
576,1745947646.3850844,184.04531478881836
577,1745947646.5793087,183.1974983215332
578,1745947646.7753692,184.54384803771973
579,1745947646.9715538,185.14728546142578
580,1745947647.1649263,182.76000022888184
581,1745947647.3605044,184.2365264892578
582,1745947647.5624812,191.45655632019043
583,1745947647.7580488,185.06264686584473
584,1745947647.954443,185.8651638031006
585,1745947648.1496208,184.14688110351562
586,1745947648.3447907,184.1292381286621
587,1745947648.5406806,184.86475944519043
588,1745947648.7368407,184.99207496643066
589,1745947648.932804,184.12470817565918
590,1745947649.1266427,183.7444305419922
591,1745947649.322014,184.4933032989502
592,1745947649.5178816,185.34445762634277
593,1745947649.7141442,185.20855903625488
594,1745947649.9095142,184.2215061187744
595,1745947650.1042464,184.0507984161377
596,1745947650.299523,184.39960479736328
597,1745947650.4948356,183.28285217285156
598,1745947650.6896973,183.75778198242188
599,1745947650.8863878,185.55974960327148
600,1745947651.0823622,184.9381923675537
601,1745947651.2772903,184.39459800720215
602,1745947651.471464,183.65907669067383
603,1745947651.6661835,184.07034873962402
604,1745947651.8638756,186.65170669555664
605,1745947652.059055,184.14664268493652
606,1745947652.2547536,184.58175659179688
607,1745947652.4520044,186.6471767425537
608,1745947652.6478615,184.75079536437988
609,1745947652.843449,184.91387367248535
610,1745947653.0378804,182.88874626159668
611,1745947653.23387,185.30964851379395
612,1745947653.4299538,184.8888397216797
613,1745947653.6248817,184.28659439086914
614,1745947653.8196504,183.86363983154297
615,1745947654.0154808,185.29891967773438
616,1745947654.21109,185.1217746734619
617,1745947654.4079354,184.45515632629395
618,1745947654.6031184,184.6909523010254
619,1745947654.797371,183.23516845703125
620,1745947654.9917994,183.3364963531494
621,1745947655.186674,183.76946449279785
622,1745947655.3817186,184.04698371887207
623,1745947655.5756998,183.14480781555176
624,1745947655.7698705,182.9380989074707
625,1745947655.9644575,184.096097946167
626,1745947656.1590815,183.66670608520508
627,1745947656.3517597,182.5418472290039
628,1745947656.5446577,181.76507949829102
629,1745947656.7393808,183.52532386779785
630,1745947656.9330375,182.99317359924316
631,1745947657.1261923,182.25717544555664
632,1745947657.3193107,182.32965469360352
633,1745947657.5173686,187.03460693359375
634,1745947657.7117205,183.83288383483887
635,1745947657.9048092,182.04212188720703
636,1745947658.098881,183.08424949645996
637,1745947658.292857,182.8176975250244
638,1745947658.4866784,182.77215957641602
639,1745947658.681725,184.42320823669434
640,1745947658.8761425,183.33745002746582
641,1745947659.0693078,182.62958526611328
642,1745947659.2628927,183.05420875549316
643,1745947659.4571393,183.73370170593262
644,1745947659.6499412,182.28912353515625
645,1745947659.8434315,182.68632888793945
646,1745947660.0427659,188.01522254943848
647,1745947660.235957,182.0671558380127
648,1745947660.429948,182.8296184539795
649,1745947660.6247115,184.1113567352295
650,1745947660.8189356,183.64953994750977
651,1745947661.0129797,183.36153030395508
652,1745947661.2069423,182.8446388244629
653,1745947661.4009652,182.98053741455078
654,1745947661.5957472,184.19313430786133
655,1745947661.7900143,183.2294464111328
656,1745947661.9851942,183.9580535888672
657,1745947662.1796563,183.35580825805664
658,1745947662.3728764,182.63006210327148
659,1745947662.5739534,190.4590129852295
660,1745947662.7667615,182.30223655700684
661,1745947662.9614887,183.84408950805664
662,1745947663.154929,182.9066276550293
663,1745947663.3487723,182.7092170715332
664,1745947663.5427396,182.85775184631348
665,1745947663.7359972,182.53540992736816
666,1745947663.9308062,183.71272087097168
667,1745947664.124723,183.272123336792
668,1745947664.318305,182.56664276123047
669,1745947664.5128074,183.35413932800293
670,1745947664.7072256,183.5627555847168
671,1745947664.9007306,182.99078941345215
672,1745947665.0945873,182.71327018737793
673,1745947665.2879086,182.37566947937012
674,1745947665.481798,183.3047866821289
675,1745947665.6750984,182.6496124267578
676,1745947665.8699408,183.8059425354004
677,1745947666.0661683,185.18328666687012
678,1745947666.2612164,184.00979042053223
679,1745947666.4556258,183.8829517364502
680,1745947666.6488478,182.51371383666992
681,1745947666.8418982,182.28483200073242
682,1745947667.0347984,181.87880516052246
683,1745947667.228225,182.33323097229004
684,1745947667.4219835,182.72900581359863
685,1745947667.6153522,182.77668952941895
686,1745947667.8088808,182.46912956237793
687,1745947668.003277,183.37154388427734
688,1745947668.1980405,183.75158309936523
689,1745947668.3928819,183.66074562072754
690,1745947668.5873525,182.7864646911621
691,1745947668.7809293,183.06565284729004
692,1745947668.9757388,183.64644050598145
693,1745947669.169724,183.3324432373047
694,1745947669.3641407,183.38441848754883
695,1745947669.5596352,184.97705459594727
696,1745947669.752975,182.77263641357422
697,1745947669.9463727,182.2342872619629
698,1745947670.14067,183.4704875946045
699,1745947670.334673,182.6009750366211
700,1745947670.5277896,181.97917938232422
701,1745947670.7217371,182.82437324523926
702,1745947670.9146206,182.267427444458
703,1745947671.1093247,183.26306343078613
704,1745947671.3036375,183.22253227233887
705,1745947671.4962206,182.20877647399902
706,1745947671.691815,183.55822563171387
707,1745947671.8854628,183.12597274780273
708,1745947672.0795991,183.64620208740234
709,1745947672.2731004,182.5881004333496
710,1745947672.4671793,183.57205390930176
711,1745947672.6606004,182.91091918945312
712,1745947672.8548653,182.91544914245605
713,1745947673.0486891,183.302640914917
714,1745947673.2429419,183.6094856262207
715,1745947673.436155,183.02202224731445
716,1745947673.6298695,182.68966674804688
717,1745947673.8239906,183.09879302978516
718,1745947674.0185115,183.36915969848633
719,1745947674.212634,182.91902542114258
720,1745947674.4060578,182.9090118408203
721,1745947674.5999398,182.8618049621582
722,1745947674.793942,182.9063892364502
723,1745947674.9867282,182.68704414367676
724,1745947675.179608,182.3577880859375
725,1745947675.374023,183.43281745910645
726,1745947675.567386,182.65724182128906
727,1745947675.761939,183.5181713104248
728,1745947675.9558134,183.1223964691162
729,1745947676.151332,184.94415283203125
730,1745947676.3449295,182.50751495361328
731,1745947676.5389316,182.908296585083
732,1745947676.733141,182.63006210327148
733,1745947676.9268882,182.73115158081055
734,1745947677.1211941,183.29238891601562
735,1745947677.3155942,183.34031105041504
736,1745947677.5173879,190.64712524414062
737,1745947677.7106295,182.7220916748047
738,1745947677.9042764,182.7218532562256
739,1745947678.0987928,183.48050117492676
740,1745947678.292585,183.38990211486816
741,1745947678.4857159,182.69968032836914
742,1745947678.6789174,182.8300952911377
743,1745947678.8731167,183.15935134887695
744,1745947679.0668695,182.71470069885254
745,1745947679.2609026,183.4096908569336
746,1745947679.4549787,182.88397789001465
747,1745947679.6509888,184.9665641784668
748,1745947679.8448753,182.6934814453125
749,1745947680.0389876,183.11357498168945
750,1745947680.2346275,184.39459800720215
751,1745947680.4292204,184.0672492980957
752,1745947680.6224196,182.68060684204102
753,1745947680.817644,184.2055320739746
754,1745947681.0123587,183.7015151977539
755,1745947681.207468,184.57627296447754
756,1745947681.400955,182.44361877441406
757,1745947681.5977325,186.25307083129883
758,1745947681.7933698,184.46850776672363
759,1745947681.9871976,182.79385566711426
760,1745947682.1808941,182.6496124267578
761,1745947682.3743873,182.35087394714355
762,1745947682.5708902,185.34374237060547
763,1745947682.7648604,183.7928295135498
764,1745947682.9587712,183.37297439575195
765,1745947683.1528072,183.1204891204834
766,1745947683.3465936,183.12358856201172
767,1745947683.5420432,184.91148948669434
768,1745947683.7356195,182.40690231323242
769,1745947683.9298892,183.66456031799316
770,1745947684.1238334,183.75515937805176
771,1745947684.3173435,182.3287010192871
772,1745947684.511863,183.46643447875977
773,1745947684.7057855,183.29310417175293
774,1745947684.900924,184.49902534484863
775,1745947685.0937607,182.22308158874512
776,1745947685.2878115,182.8744411468506
777,1745947685.4809935,182.06262588500977
778,1745947685.6757426,183.37678909301758
779,1745947685.8749852,188.68279457092285
780,1745947686.0699914,183.90846252441406
781,1745947686.262754,182.2209358215332
782,1745947686.4578292,184.0384006500244
783,1745947686.6514547,183.0463409423828
784,1745947686.8448744,182.8758716583252
785,1745947687.0389316,183.53915214538574
786,1745947687.2338657,184.41319465637207
787,1745947687.429323,183.86530876159668
788,1745947687.6238256,182.9228401184082
789,1745947687.8186624,182.82151222229004
790,1745947688.0118558,182.65032768249512
791,1745947688.206276,183.3670139312744
792,1745947688.399473,182.1761131286621
793,1745947688.5943658,183.3808422088623
794,1745947688.7873974,181.96439743041992
795,1745947688.9818957,183.4409236907959
796,1745947689.1742823,181.90479278564453
797,1745947689.3693626,184.0813159942627
798,1745947689.5633137,183.20775032043457
799,1745947689.7576873,183.81595611572266
800,1745947689.9509299,182.56831169128418
801,1745947690.144161,182.79457092285156
802,1745947690.3383594,183.20679664611816
803,1745947690.532189,183.30144882202148
804,1745947690.7259495,182.7254295349121
805,1745947690.9198885,183.31098556518555
806,1745947691.1157358,184.94868278503418
807,1745947691.3083405,181.99825286865234
808,1745947691.5017989,182.44552612304688
809,1745947691.6946657,181.77127838134766
810,1745947691.8899255,184.1752529144287
811,1745947692.0850255,183.7787628173828
812,1745947692.278311,182.7399730682373
813,1745947692.4795146,190.09923934936523
814,1745947692.674811,183.41422080993652
815,1745947692.8688517,183.4559440612793
816,1745947693.0658107,185.7624053955078
817,1745947693.2591298,182.6624870300293
818,1745947693.4538653,183.6841106414795
819,1745947693.646913,182.04045295715332
820,1745947693.841012,183.1192970275879
821,1745947694.0341988,182.4321746826172
822,1745947694.2286716,183.4573745727539
823,1745947694.4234376,184.1585636138916
824,1745947694.6162791,182.3124885559082
825,1745947694.8120203,184.71431732177734
826,1745947695.0055087,182.46173858642578
827,1745947695.199505,182.94978141784668
828,1745947695.3927135,182.6767921447754
829,1745947695.586133,182.38329887390137
830,1745947695.7797706,182.9531192779541
831,1745947695.9728549,182.56545066833496
832,1745947696.1662474,182.86943435668945
833,1745947696.3672,189.6212100982666
834,1745947696.5610867,182.88803100585938
835,1745947696.7550786,182.97076225280762
836,1745947696.9509022,185.1813793182373
837,1745947697.1444201,183.22467803955078
838,1745947697.3382661,182.88874626159668
839,1745947697.5334847,184.19599533081055
840,1745947697.726837,182.84153938293457
841,1745947697.9192019,181.81633949279785
842,1745947698.121707,190.9952163696289
843,1745947698.3170536,183.62164497375488
844,1745947698.5116956,184.06319618225098
845,1745947698.7057421,183.44354629516602
846,1745947698.9010293,185.09459495544434
847,1745947699.0941122,182.4057102203369
848,1745947699.2885816,183.4414005279541
849,1745947699.482111,182.98721313476562
850,1745947699.6760123,183.03179740905762
851,1745947699.869587,183.37774276733398
852,1745947700.063958,183.73489379882812
853,1745947700.2589695,184.51523780822754
854,1745947700.4532537,183.80498886108398
855,1745947700.6475596,183.41779708862305
856,1745947700.8408098,182.2347640991211
857,1745947701.0352466,183.40539932250977
858,1745947701.2285328,182.10434913635254
859,1745947701.423636,183.6564540863037
860,1745947701.624059,189.131498336792
861,1745947701.818076,182.9993724822998
862,1745947702.0140872,185.1053237915039
863,1745947702.2098038,184.75747108459473
864,1745947702.4036388,183.2435131072998
865,1745947702.5978289,183.17723274230957
866,1745947702.7930605,184.43894386291504
867,1745947702.9861393,182.42383003234863
868,1745947703.1915915,194.9176788330078
869,1745947703.3853555,182.92522430419922
870,1745947703.57928,183.4120750427246
871,1745947703.772767,182.97147750854492
872,1745947703.9666636,182.87086486816406
873,1745947704.1613514,184.0381622314453
874,1745947704.3567972,184.93294715881348
875,1745947704.6228423,255.02324104309082
876,1745947704.816447,182.56616592407227
877,1745947705.0110195,183.54272842407227
878,1745947705.2039247,181.8709373474121
879,1745947705.3996258,184.66949462890625
880,1745947705.5946786,183.47668647766113
881,1745947705.7877667,182.5697422027588
882,1745947705.9815106,183.1986904144287
883,1745947706.175499,183.24947357177734
884,1745947706.3697662,183.30812454223633
885,1745947706.5628986,182.42573738098145
886,1745947706.7566562,182.23881721496582
887,1745947706.9508684,183.17103385925293
888,1745947707.1441855,182.49011039733887
889,1745947707.3380797,182.86514282226562
890,1745947707.5397172,190.60611724853516
891,1745947707.7329638,181.86497688293457
892,1745947707.9271102,183.03656578063965
893,1745947708.1220741,184.35144424438477
894,1745947708.316612,183.49766731262207
895,1745947708.5098057,182.6627254486084
896,1745947708.7030861,181.6556453704834
897,1745947708.8977387,183.61520767211914
898,1745947709.0919292,182.4343204498291
899,1745947709.2851834,182.6775074005127
900,1745947709.4806404,183.42947959899902
901,1745947709.6747305,183.46595764160156
902,1745947709.8689864,183.7899684906006
903,1745947710.0636122,184.13829803466797
904,1745947710.2562394,182.10411071777344
905,1745947710.4492419,181.7026138305664
906,1745947710.643239,182.46746063232422
907,1745947710.8358817,182.12580680847168
908,1745947711.0328758,185.96816062927246
909,1745947711.229662,185.64891815185547
910,1745947711.4242508,183.5191249847412
911,1745947711.6171787,182.2662353515625
912,1745947711.8118756,183.4883689880371
913,1745947712.0054166,183.01868438720703
914,1745947712.1982033,182.53254890441895
915,1745947712.392412,183.04896354675293
916,1745947712.5846825,181.7941665649414
917,1745947712.7795143,183.50958824157715
918,1745947712.9738808,183.33935737609863
919,1745947713.1681805,183.02583694458008
920,1745947713.3614798,182.74545669555664
921,1745947713.5568225,184.07607078552246
922,1745947713.7512476,183.54558944702148
923,1745947713.9449015,183.13241004943848
924,1745947714.138876,183.02083015441895
925,1745947714.3330386,183.75730514526367
926,1745947714.5261686,182.48367309570312
927,1745947714.719933,182.53254890441895
928,1745947714.9140549,183.516263961792
929,1745947715.109359,184.7984790802002
930,1745947715.305999,185.12320518493652
931,1745947715.49941,182.9235553741455
932,1745947715.6960578,185.988187789917
933,1745947715.8910706,184.10468101501465
934,1745947716.0849383,183.35795402526855
935,1745947716.2785442,182.3282241821289
936,1745947716.4730375,182.98792839050293
937,1745947716.6668491,183.17008018493652
938,1745947716.8610098,183.55202674865723
939,1745947717.0542579,182.62195587158203
940,1745947717.248876,183.57515335083008
941,1745947717.4429133,182.99627304077148
942,1745947717.6360402,182.40952491760254
943,1745947717.8306901,184.0994358062744
944,1745947718.0229423,181.72359466552734
945,1745947718.216508,182.42645263671875
946,1745947718.4098675,182.2981834411621
947,1745947718.604139,182.58953094482422
948,1745947718.7981431,182.8634738922119
949,1745947718.9921236,182.57689476013184
950,1745947719.1855,182.85179138183594
951,1745947719.3793838,183.3634376525879
952,1745947719.5722702,182.36374855041504
953,1745947719.7660365,182.73520469665527
954,1745947719.961631,184.60464477539062
955,1745947720.1567726,184.1285228729248
956,1745947720.350861,183.8998794555664
957,1745947720.5441387,183.14146995544434
958,1745947720.7378626,182.83939361572266
959,1745947720.9332778,184.83853340148926
960,1745947721.1279202,183.54296684265137
961,1745947721.3209605,182.22403526306152
962,1745947721.513275,181.7915439605713
963,1745947721.707854,183.54320526123047
964,1745947721.9021533,183.66265296936035
965,1745947722.0954857,182.80887603759766
966,1745947722.289028,182.47389793395996
967,1745947722.4910772,191.41268730163574
968,1745947722.68683,185.12892723083496
969,1745947722.8807793,183.38561058044434
970,1745947723.0739064,182.48987197875977
971,1745947723.2681162,183.1808090209961
972,1745947723.4632194,184.57865715026855
973,1745947723.6574998,183.20631980895996
974,1745947723.8524485,183.9442253112793
975,1745947724.046344,182.64436721801758
976,1745947724.2408442,183.46190452575684
977,1745947724.4357247,183.72654914855957
978,1745947724.6291327,182.71899223327637
979,1745947724.8227146,182.94644355773926
980,1745947725.0167084,182.95645713806152
981,1745947725.2110963,183.32433700561523
982,1745947725.4050395,182.74998664855957
983,1745947725.598691,183.02249908447266
984,1745947725.7927997,182.93523788452148
985,1745947725.986181,183.05134773254395
986,1745947726.1809337,184.2327117919922
987,1745947726.3747458,183.27641487121582
988,1745947726.5698252,184.12232398986816
989,1745947726.762233,182.16729164123535
990,1745947726.9565454,183.26950073242188
991,1745947727.1506584,183.06517601013184
992,1745947727.3439245,182.65151977539062
993,1745947727.539238,184.28707122802734
994,1745947727.7337437,183.4852695465088
995,1745947727.926948,182.89661407470703
996,1745947728.1207283,183.272123336792
997,1745947728.3145273,183.04848670959473
998,1745947728.5098023,184.44228172302246
999,1745947728.7040222,183.52937698364258
1000,1745947728.8981483,183.5927963256836
1001,1745947729.091566,182.2962760925293
1002,1745947729.2862847,182.70373344421387
1003,1745947729.479906,183.10117721557617
1004,1745947729.6741652,183.2437515258789
1005,1745947729.8683991,183.19416046142578
1006,1745947730.0625162,183.59637260437012
1007,1745947730.2551026,182.13677406311035
1008,1745947730.4492805,183.6566925048828
1009,1745947730.642793,182.4948787689209
1010,1745947730.836998,183.1643581390381
1011,1745947731.0309546,183.28309059143066
1012,1745947731.2243774,183.07757377624512
1013,1745947731.418161,182.7702522277832
1014,1745947731.6119246,183.2282543182373
1015,1745947731.8073301,184.52095985412598
1016,1745947732.000975,183.12454223632812
1017,1745947732.1944275,182.71684646606445
1018,1745947732.3892975,183.83026123046875
1019,1745947732.5841691,183.8400363922119
1020,1745947732.778059,182.87992477416992
1021,1745947732.9716716,183.08782577514648
1022,1745947733.1651578,182.9519271850586
1023,1745947733.3592217,183.5501194000244
1024,1745947733.552841,181.9441318511963
1025,1745947733.7474341,183.47644805908203
1026,1745947733.9408445,182.8899383544922
1027,1745947734.134746,182.88683891296387
1028,1745947734.3278506,182.46173858642578
1029,1745947734.5223303,182.45625495910645
1030,1745947734.7148933,182.04116821289062
1031,1745947734.908995,183.16936492919922
1032,1745947735.1028519,183.34293365478516
1033,1745947735.2967162,182.85799026489258
1034,1745947735.4910223,182.3861598968506
1035,1745947735.6866138,184.22675132751465
1036,1745947735.8811865,183.5305690765381
1037,1745947736.0744295,182.71183967590332
1038,1745947736.2682562,183.26187133789062
1039,1745947736.4645383,185.22262573242188
1040,1745947736.6591613,183.81857872009277
1041,1745947736.8533478,183.57563018798828
1042,1745947737.047271,183.42304229736328
1043,1745947737.2407722,183.0148696899414
1044,1745947737.4342208,182.9242706298828
1045,1745947737.6350825,189.82172012329102
1046,1745947737.8290966,182.8899383544922
1047,1745947738.0230396,182.73687362670898
1048,1745947738.2167053,182.9855442047119
1049,1745947738.4091344,181.74242973327637
1050,1745947738.6067991,186.14745140075684
1051,1745947738.8006644,183.09545516967773
1052,1745947738.9935489,182.27195739746094
1053,1745947739.1878252,183.2418441772461
1054,1745947739.3813314,182.9226016998291
1055,1745947739.5751393,183.09783935546875
1056,1745947739.7689533,182.9531192779541
1057,1745947739.9646554,184.34929847717285
1058,1745947740.1580167,182.76476860046387
1059,1745947740.3519156,183.2728385925293
1060,1745947740.5464156,183.3038330078125
1061,1745947740.7399101,182.79266357421875
1062,1745947740.9359097,184.78894233703613
1063,1745947741.1287296,182.59835243225098
1064,1745947741.3231487,183.37535858154297
1065,1745947741.5167685,183.08734893798828
1066,1745947741.7084928,181.55550956726074
1067,1745947741.9015076,181.98060989379883
1068,1745947742.0952775,182.68513679504395
1069,1745947742.2895002,183.06589126586914
1070,1745947742.4826193,182.59000778198242
1071,1745947742.675527,182.23094940185547
1072,1745947742.8690658,182.51895904541016
1073,1745947743.066007,184.43679809570312
1074,1745947743.2605498,184.10944938659668
1075,1745947743.4525423,181.4706325531006
1076,1745947743.6458232,182.0998191833496
1077,1745947743.8407154,183.49123001098633
1078,1745947744.0362065,184.93199348449707
1079,1745947744.2291937,182.7220916748047
1080,1745947744.4241588,183.6717128753662
1081,1745947744.6168845,182.19757080078125
1082,1745947744.810937,182.74593353271484
1083,1745947745.0052922,183.8397979736328
1084,1745947745.1992383,183.0601692199707
1085,1745947745.3931937,182.91711807250977
1086,1745947745.5859568,182.00349807739258
1087,1745947745.780206,183.1960678100586
1088,1745947745.973169,182.33156204223633
1089,1745947746.1672235,183.52198600769043
1090,1745947746.361229,183.34174156188965
1091,1745947746.5559373,183.62832069396973
1092,1745947746.7498074,182.83843994140625
1093,1745947746.945279,184.83376502990723
1094,1745947747.139207,183.20631980895996
1095,1745947747.3321984,182.46936798095703
1096,1745947747.52655,183.81905555725098
1097,1745947747.719278,182.1308135986328
1098,1745947747.9134862,183.16292762756348
1099,1745947748.1137502,189.7568702697754
1100,1745947748.3073673,183.02392959594727
1101,1745947748.5008144,182.92927742004395
1102,1745947748.6950293,183.74896049499512
1103,1745947748.8910546,183.47406387329102
1104,1745947749.0851302,183.4716796875
1105,1745947749.2780316,182.1892261505127
1106,1745947749.4731624,184.01455879211426
1107,1745947749.6669505,182.9814910888672
1108,1745947749.8684525,189.98384475708008
1109,1745947750.063004,183.94064903259277
1110,1745947750.2571084,183.1986904144287
1111,1745947750.452069,183.9163303375244
1112,1745947750.6455965,182.92474746704102
1113,1745947750.838963,182.8479766845703
1114,1745947751.0319476,182.44314193725586
1115,1745947751.2275605,184.66615676879883
1116,1745947751.4235992,185.00185012817383
1117,1745947751.6195269,184.891939163208
1118,1745947751.8153718,184.80968475341797
1119,1745947752.008341,182.44028091430664
1120,1745947752.2034013,184.06915664672852
1121,1745947752.3973076,183.44736099243164
1122,1745947752.5990765,190.7181739807129
1123,1745947752.7929902,182.65128135681152
1124,1745947752.9860399,182.41381645202637
1125,1745947753.1800046,182.94143676757812
1126,1745947753.3742568,183.2730770111084
1127,1745947753.5680482,183.20846557617188
1128,1745947753.7616966,183.2275390625
1129,1745947753.9561875,183.96663665771484
1130,1745947754.150722,183.41779708862305
1131,1745947754.3446605,183.36796760559082
1132,1745947754.5386176,183.42852592468262
1133,1745947754.7347481,185.61387062072754
1134,1745947754.9276974,181.9171905517578
1135,1745947755.1224349,183.2575798034668
1136,1745947755.316129,183.03918838500977
1137,1745947755.5097497,182.41119384765625
1138,1745947755.703973,182.66606330871582
1139,1745947755.8978271,182.8317642211914
1140,1745947756.0907943,181.93674087524414
1141,1745947756.2836695,181.58841133117676
1142,1745947756.4785063,183.73417854309082
1143,1745947756.6718912,182.82508850097656
1144,1745947756.8661544,183.14552307128906
1145,1745947757.0594153,182.81149864196777
1146,1745947757.2531114,182.26218223571777
1147,1745947757.446945,182.68656730651855
1148,1745947757.6409934,183.16888809204102
1149,1745947757.8340292,181.95509910583496
1150,1745947758.0274436,182.37996101379395
1151,1745947758.2223277,182.85560607910156
1152,1745947758.4153185,181.95199966430664
1153,1745947758.609491,183.1197738647461
1154,1745947758.8031182,183.10022354125977
1155,1745947758.9962487,182.56831169128418
1156,1745947759.1909628,183.54344367980957
1157,1745947759.3849247,182.91449546813965
1158,1745947759.5778036,182.2521686553955
1159,1745947759.772174,183.2747459411621
1160,1745947759.96656,182.80887603759766
1161,1745947760.1608343,183.07018280029297
1162,1745947760.354302,182.72018432617188
1163,1745947760.5492833,183.95185470581055
1164,1745947760.7432795,183.47716331481934
1165,1745947760.9378176,183.46142768859863
1166,1745947761.1307378,182.24835395812988
1167,1745947761.3245714,183.06922912597656
1168,1745947761.5196192,183.99620056152344
1169,1745947761.7127662,182.77502059936523
1170,1745947761.9069355,183.0744743347168
1171,1745947762.1029708,185.591459274292
1172,1745947762.2983527,185.03499031066895
1173,1745947762.4939482,184.93270874023438
1174,1745947762.690641,186.11979484558105
1175,1745947762.8836255,182.39545822143555
1176,1745947763.0776298,182.97600746154785
1177,1745947763.2713134,183.14814567565918
1178,1745947763.464263,182.42502212524414
1179,1745947763.6578827,182.59358406066895
1180,1745947763.8517396,183.1963062286377
1181,1745947764.045376,182.72781372070312
1182,1745947764.240561,183.8521957397461
1183,1745947764.4352198,183.5460662841797
1184,1745947764.628717,182.48271942138672
1185,1745947764.8227835,183.29572677612305
1186,1745947765.0168502,183.49146842956543
1187,1745947765.2110746,183.45904350280762
1188,1745947765.404579,182.76500701904297
1189,1745947765.59964,184.56435203552246
1190,1745947765.7921488,182.18541145324707
1191,1745947765.9860477,182.8019618988037
1192,1745947766.179868,183.6414337158203
1193,1745947766.3729708,182.59263038635254
1194,1745947766.567162,183.12573432922363
1195,1745947766.759798,182.10339546203613
1196,1745947766.953003,182.14821815490723
1197,1745947767.1477811,183.67934226989746
1198,1745947767.3432677,184.14783477783203
1199,1745947767.5457656,191.46275520324707
1200,1745947767.7383058,182.01494216918945
1201,1745947767.9327672,183.4390163421631
1202,1745947768.1270826,183.5651397705078
1203,1745947768.3220134,183.79950523376465
1204,1745947768.515716,182.90090560913086
1205,1745947768.7106555,184.40556526184082
1206,1745947768.90482,183.0141544342041
1207,1745947769.0981803,182.3403835296631
1208,1745947769.2920864,183.2883358001709
1209,1745947769.4860353,182.91354179382324
1210,1745947769.6792536,182.67583847045898
1211,1745947769.873023,182.72852897644043
1212,1745947770.0662057,183.00318717956543
1213,1745947770.2587667,182.0363998413086
1214,1745947770.4529722,183.1645965576172
1215,1745947770.6467776,183.14504623413086
1216,1745947770.839349,181.6713809967041
1217,1745947771.0341222,182.9373836517334
1218,1745947771.2278156,182.6615333557129
1219,1745947771.4210715,182.34562873840332
1220,1745947771.6145873,182.9550266265869
1221,1745947771.8095083,184.39412117004395
1222,1745947772.0092876,188.7369155883789
1223,1745947772.2042174,183.41922760009766
1224,1745947772.3996496,184.39793586730957
1225,1745947772.5961437,185.75787544250488
1226,1745947772.7930672,185.37497520446777
1227,1745947772.9881158,184.01432037353516
1228,1745947773.1823127,183.67266654968262
1229,1745947773.3885245,195.0690746307373
1230,1745947773.5884902,184.34643745422363
1231,1745947773.783474,184.4642162322998
1232,1745947773.976995,182.49845504760742
1233,1745947774.1716383,183.61973762512207
1234,1745947774.36775,185.09984016418457
1235,1745947774.5634427,185.00447273254395
1236,1745947774.7581031,184.43560600280762
1237,1745947774.9537346,184.5724582672119
1238,1745947775.1480186,183.17556381225586
1239,1745947775.3437874,184.94486808776855
1240,1745947775.5402448,185.3947639465332
1241,1745947775.7341433,183.3791732788086
1242,1745947775.92928,184.0970516204834
1243,1745947776.1249764,184.1597557067871
1244,1745947776.3207712,185.29772758483887
1245,1745947776.5153856,184.09991264343262
1246,1745947776.7129529,186.52033805847168
1247,1745947776.908319,184.2670440673828
1248,1745947777.103023,183.51340293884277
1249,1745947777.298762,184.48877334594727
1250,1745947777.4932969,183.9437484741211
1251,1745947777.6869955,183.57157707214355
1252,1745947777.8842294,186.11454963684082
1253,1745947778.0810816,186.3272190093994
1254,1745947778.278,186.49005889892578
1255,1745947778.4742785,185.10794639587402
1256,1745947778.6710243,186.23089790344238
1257,1745947778.868432,186.87939643859863
1258,1745947779.0622208,183.20012092590332
1259,1745947779.2575176,184.23700332641602
1260,1745947779.4539185,185.87636947631836
1261,1745947779.6490147,184.00001525878906
1262,1745947779.8454502,184.59749221801758
1263,1745947780.0409298,184.9651336669922
1264,1745947780.2349887,183.59684944152832
1265,1745947780.4289017,182.87062644958496
1266,1745947780.6252139,185.441255569458
1267,1745947780.8186655,182.39188194274902
1268,1745947781.0121353,182.3599338531494
1269,1745947781.2056832,182.49893188476562
1270,1745947781.3993666,182.63840675354004
1271,1745947781.5936332,183.1982135772705
1272,1745947781.788048,183.29524993896484
1273,1745947781.9827478,184.0808391571045
1274,1745947782.1773183,183.55202674865723
1275,1745947782.3718154,183.97974967956543
1276,1745947782.5742428,191.1306381225586
1277,1745947782.767706,182.94000625610352
1278,1745947782.9620028,182.60431289672852
1279,1745947783.1567159,183.17866325378418
1280,1745947783.349143,181.90574645996094
1281,1745947783.543566,183.23779106140137
1282,1745947783.7372205,182.62052536010742
1283,1745947783.9306421,182.88230895996094
1284,1745947784.123792,182.50441551208496
1285,1745947784.3210733,186.2509250640869
1286,1745947784.5168126,185.03332138061523
1287,1745947784.7093322,181.9446086883545
1288,1745947784.904706,183.83097648620605
1289,1745947785.1032517,187.0291233062744
1290,1745947785.2979882,184.16166305541992
1291,1745947785.4959767,186.9523525238037
1292,1745947785.690978,184.5386028289795
1293,1745947785.8868406,185.25457382202148
1294,1745947786.0827034,185.3318214416504
1295,1745947786.2788987,185.06550788879395
1296,1745947786.474838,185.2564811706543
1297,1745947786.6700892,184.72909927368164
1298,1745947786.8649771,184.06319618225098
1299,1745947787.062441,186.36298179626465
1300,1745947787.257815,184.87215042114258
1301,1745947787.4523227,183.99834632873535
1302,1745947787.6562943,193.4354305267334
1303,1745947787.8510802,183.8226318359375
1304,1745947788.0465791,184.5836639404297
1305,1745947788.243068,185.46795845031738
1306,1745947788.4385355,184.25440788269043
1307,1745947788.6333365,184.27371978759766
1308,1745947788.8279884,183.6843490600586
1309,1745947789.0230331,184.56387519836426
1310,1745947789.2183807,184.53621864318848
1311,1745947789.41448,185.57167053222656
1312,1745947789.6111364,185.55808067321777
1313,1745947789.8067145,184.7972869873047
1314,1745947790.0008397,183.4573745727539
1315,1745947790.1971543,185.54377555847168
1316,1745947790.3936589,185.75453758239746
1317,1745947790.5881343,183.4418773651123
1318,1745947790.784521,185.35447120666504
1319,1745947790.9824705,186.93256378173828
1320,1745947791.179206,185.70184707641602
1321,1745947791.3758643,185.8510971069336
1322,1745947791.57188,185.2741241455078
1323,1745947791.76611,183.08281898498535
1324,1745947791.9610171,183.94827842712402
1325,1745947792.1556814,184.15427207946777
1326,1745947792.3528454,186.10143661499023
1327,1745947792.5506473,187.06870079040527
1328,1745947792.7443192,182.9397678375244
1329,1745947792.9406693,185.319185256958
1330,1745947793.1339092,182.39784240722656
1331,1745947793.3288772,183.9733123779297
1332,1745947793.5238633,183.96472930908203
1333,1745947793.7191582,184.44395065307617
1334,1745947793.9147823,185.15849113464355
1335,1745947794.1110125,184.17620658874512
1336,1745947794.3064861,184.95726585388184
1337,1745947794.501056,184.03244018554688
1338,1745947794.6954052,183.7749481201172
1339,1745947794.8919158,185.4853630065918
1340,1745947795.0868402,182.90233612060547
1341,1745947795.2800078,183.01963806152344
1342,1745947795.4752052,183.93373489379883
1343,1745947795.6713402,185.6210231781006
1344,1745947795.8686414,186.78021430969238
1345,1745947796.0616632,182.42287635803223
1346,1745947796.2576973,185.50658226013184
1347,1745947796.4509854,182.58047103881836
1348,1745947796.6452353,183.67648124694824
1349,1745947796.8400216,184.2520236968994
1350,1745947797.036765,185.715913772583
1351,1745947797.2321367,184.3414306640625
1352,1745947797.4284415,185.2591037750244
1353,1745947797.633375,194.40460205078125
1354,1745947797.8285527,184.15117263793945
1355,1745947798.0230186,183.92705917358398
1356,1745947798.2405858,206.55298233032227
1357,1745947798.4369934,185.20879745483398
1358,1745947798.633032,184.90862846374512
1359,1745947798.8278198,184.27276611328125
1360,1745947799.0213423,183.33983421325684
1361,1745947799.2140098,182.0216178894043
1362,1745947799.4075806,182.52897262573242
1363,1745947799.6009738,182.8312873840332
1364,1745947799.7946506,183.05039405822754
1365,1745947799.988679,182.79647827148438
1366,1745947800.1820476,182.78098106384277
1367,1745947800.3754387,182.8439235687256
1368,1745947800.568067,182.05976486206055
1369,1745947800.761593,182.46984481811523
1370,1745947800.955892,182.26194381713867
1371,1745947801.148458,182.0359230041504
1372,1745947801.3431263,183.60638618469238
1373,1745947801.5411427,187.48235702514648
1374,1745947801.7350936,182.6002597808838
1375,1745947801.9302845,184.16261672973633
1376,1745947802.1239269,182.969331741333
1377,1745947802.3181741,181.99872970581055
1378,1745947802.513448,184.72552299499512
1379,1745947802.714254,189.76831436157227
1380,1745947802.9092112,184.69977378845215
1381,1745947803.1045845,183.8071346282959
1382,1745947803.2996683,184.9522590637207
1383,1745947803.4970026,186.54417991638184
1384,1745947803.6906364,182.97767639160156
1385,1745947803.887104,185.7602596282959
1386,1745947804.0836403,186.01322174072266
1387,1745947804.2768972,182.22713470458984
1388,1745947804.472211,184.2184066772461
1389,1745947804.667724,184.94057655334473
1390,1745947804.8624687,184.22842025756836
1391,1745947805.0633502,189.84723091125488
1392,1745947805.2596526,185.2579116821289
1393,1745947805.453759,183.08329582214355
1394,1745947805.6481972,183.5026741027832
1395,1745947805.8434227,184.0524673461914
1396,1745947806.0375583,183.18676948547363
1397,1745947806.2331185,184.51738357543945
1398,1745947806.4316769,187.52741813659668
1399,1745947806.6289232,186.48147583007812
1400,1745947806.8219974,182.29413032531738
1401,1745947807.0182984,184.1740608215332
1402,1745947807.2139506,185.11629104614258
1403,1745947807.4108627,186.30671501159668
1404,1745947807.6070967,185.96816062927246
1405,1745947807.8010414,183.6402416229248
1406,1745947807.9949071,183.72225761413574
1407,1745947808.1881788,181.99491500854492
1408,1745947808.3807106,181.99801445007324
1409,1745947808.5742352,182.3897361755371
1410,1745947808.7681105,183.05444717407227
1411,1745947808.961351,182.27601051330566
1412,1745947809.1545105,182.3875904083252
1413,1745947809.3479812,182.42502212524414
1414,1745947809.5424964,183.45952033996582
1415,1745947809.7358134,182.10220336914062
1416,1745947809.929857,183.98690223693848
1417,1745947810.1233554,182.74307250976562
1418,1745947810.3178625,183.3045482635498
1419,1745947810.5123723,183.40253829956055
1420,1745947810.7071745,183.27569961547852
1421,1745947810.900712,183.0132007598877
1422,1745947811.0951674,183.66146087646484
1423,1745947811.2884283,182.73615837097168
1424,1745947811.4827561,183.29906463623047
1425,1745947811.6771271,183.3944320678711
1426,1745947811.869818,182.4054718017578
1427,1745947812.065595,184.7538948059082
1428,1745947812.2598925,183.59112739562988
1429,1745947812.4531724,182.83748626708984
1430,1745947812.6537375,190.12713432312012
1431,1745947812.848527,182.87420272827148
1432,1745947813.042042,183.29405784606934
1433,1745947813.2355134,182.95049667358398
1434,1745947813.4287112,182.36732482910156
1435,1745947813.6221106,182.3594570159912
1436,1745947813.8180938,184.93247032165527
1437,1745947814.0118084,183.1827163696289
1438,1745947814.2051373,182.81149864196777
1439,1745947814.39851,182.33370780944824
1440,1745947814.5921674,182.64031410217285
1441,1745947814.7870643,183.88080596923828
1442,1745947814.9806728,183.08234214782715
1443,1745947815.1746905,183.00199508666992
1444,1745947815.3681774,182.96170234680176
1445,1745947815.5623872,183.59994888305664
1446,1745947815.755792,182.77478218078613
1447,1745947815.9500988,183.78067016601562
1448,1745947816.1419864,181.37717247009277
1449,1745947816.337162,183.41064453125
1450,1745947816.5309699,182.91068077087402
1451,1745947816.725116,182.8324794769287
1452,1745947816.9186423,183.0129623413086
1453,1745947817.1116712,182.33227729797363
1454,1745947817.3088434,185.9872341156006
1455,1745947817.5046256,185.26792526245117
1456,1745947817.698587,182.87324905395508
1457,1745947817.8930035,183.38608741760254
1458,1745947818.086696,183.1653118133545
1459,1745947818.279725,182.46221542358398
1460,1745947818.4734313,182.6338768005371
1461,1745947818.6674123,183.4406852722168
1462,1745947818.863221,184.77892875671387
1463,1745947819.0572736,183.0158233642578
1464,1745947819.2507071,182.91902542114258
1465,1745947819.4447224,182.8022003173828
1466,1745947819.6380155,183.14623832702637
1467,1745947819.8311927,182.48462677001953
1468,1745947820.0253315,183.38441848754883
1469,1745947820.2180948,182.21473693847656
1470,1745947820.4127152,183.5010051727295
1471,1745947820.6066008,183.17604064941406
1472,1745947820.7990086,181.89501762390137
1473,1745947820.9929082,182.85655975341797
1474,1745947821.1861148,182.5399398803711
1475,1745947821.3807552,183.69579315185547
1476,1745947821.5758305,183.81953239440918
1477,1745947821.7692633,182.91711807250977
1478,1745947821.962506,182.72018432617188
1479,1745947822.1565845,182.90042877197266
1480,1745947822.349126,182.12008476257324
1481,1745947822.5427637,182.5850009918213
1482,1745947822.7370777,183.43281745910645
1483,1745947822.9309838,183.36725234985352
1484,1745947823.1281393,186.5837574005127
1485,1745947823.323063,183.87818336486816
1486,1745947823.517169,183.5801601409912
1487,1745947823.7108347,183.0272674560547
1488,1745947823.9038088,182.3751926422119
1489,1745947824.0979533,182.79719352722168
1490,1745947824.2921367,183.1526756286621
1491,1745947824.48449,181.9007396697998
1492,1745947824.6787694,183.2122802734375
1493,1745947824.8723838,182.36756324768066
1494,1745947825.0665088,183.0766201019287
1495,1745947825.261134,183.5334300994873
1496,1745947825.4553292,182.71756172180176
1497,1745947825.6488674,182.8916072845459
1498,1745947825.8435218,183.32934379577637
1499,1745947826.0376685,183.10546875
1500,1745947826.2309036,182.2364330291748
1501,1745947826.4242897,182.053804397583
1502,1745947826.6187985,183.47668647766113
1503,1745947826.8131711,183.7332248687744
1504,1745947827.0083005,184.0970516204834
1505,1745947827.2021446,183.24851989746094
1506,1745947827.3989172,186.25235557556152
1507,1745947827.5997753,190.10114669799805
1508,1745947827.7937014,182.90257453918457
1509,1745947827.9859734,181.62870407104492
1510,1745947828.1794584,182.4507713317871
1511,1745947828.3744583,183.95352363586426
1512,1745947828.5675309,182.61146545410156
1513,1745947828.7617276,183.04204940795898
1514,1745947828.9553764,182.13820457458496
1515,1745947829.1508005,184.27419662475586
1516,1745947829.3446684,183.10165405273438
1517,1745947829.538797,183.2294464111328
1518,1745947829.7320116,182.52062797546387
1519,1745947829.9255326,182.47056007385254
1520,1745947830.118919,182.74354934692383
1521,1745947830.3118782,182.4336051940918
1522,1745947830.5060854,183.2590103149414
1523,1745947830.6992123,182.64055252075195
1524,1745947830.8952403,184.98659133911133
1525,1745947831.0884085,182.6317310333252
1526,1745947831.2817168,182.76548385620117
1527,1745947831.475679,183.42280387878418
1528,1745947831.669307,182.7259063720703
1529,1745947831.8631797,182.83343315124512
1530,1745947832.0599887,186.29980087280273
1531,1745947832.2528465,182.27577209472656
1532,1745947832.4475443,183.39037895202637
1533,1745947832.641734,182.98602104187012
1534,1745947832.8361514,183.22181701660156
1535,1745947833.0297904,183.11572074890137
1536,1745947833.2239542,183.9001178741455
1537,1745947833.4183993,183.6695671081543
1538,1745947833.612695,183.58254432678223
1539,1745947833.807262,183.88891220092773
1540,1745947834.002155,183.72130393981934
1541,1745947834.195726,183.0441951751709
1542,1745947834.3891275,182.97410011291504
1543,1745947834.5831819,182.83343315124512
1544,1745947834.7779534,183.41612815856934
1545,1745947834.971568,182.52944946289062
1546,1745947835.169194,186.4786148071289
1547,1745947835.361589,181.8859577178955
1548,1745947835.555855,182.72113800048828
1549,1745947835.749742,183.09354782104492
1550,1745947835.9432878,182.267427444458
1551,1745947836.1375105,183.17937850952148
1552,1745947836.3306146,182.97243118286133
1553,1745947836.5233676,181.94913864135742
1554,1745947836.717697,183.2895278930664
1555,1745947836.910691,182.4655532836914
1556,1745947837.1054273,183.58230590820312
1557,1745947837.2989151,182.9550266265869
1558,1745947837.4931793,182.20210075378418
1559,1745947837.6881251,184.80920791625977
1560,1745947837.8820019,183.18653106689453
1561,1745947838.0758996,182.9373836517334
1562,1745947838.2694232,182.92641639709473
1563,1745947838.4639485,182.99031257629395
1564,1745947838.6569588,182.43694305419922
1565,1745947838.8528638,184.85498428344727
1566,1745947839.0471888,183.6380958557129
1567,1745947839.2408805,183.17270278930664
1568,1745947839.434773,183.28619003295898
1569,1745947839.6279547,182.04760551452637
1570,1745947839.8231592,184.1742992401123
1571,1745947840.0172358,183.03227424621582
1572,1745947840.211527,183.24613571166992
1573,1745947840.4054344,182.84368515014648
1574,1745947840.599407,182.91330337524414
1575,1745947840.7955275,184.60679054260254
1576,1745947840.9910522,184.49091911315918
1577,1745947841.1845806,182.84916877746582
1578,1745947841.3779888,182.88564682006836
1579,1745947841.5720365,183.76541137695312
1580,1745947841.7652357,182.3139190673828
1581,1745947841.9593093,182.97815322875977
1582,1745947842.153728,183.349609375
1583,1745947842.3478978,183.0461025238037
1584,1745947842.5506625,191.65563583374023
1585,1745947842.7445478,183.49385261535645
1586,1745947842.9382098,182.91258811950684
1587,1745947843.1321704,182.94763565063477
1588,1745947843.3258731,182.65032768249512
1589,1745947843.5190861,182.33299255371094
1590,1745947843.7137587,183.15362930297852
1591,1745947843.9069486,182.51872062683105
1592,1745947844.1010623,183.00986289978027
1593,1745947844.2936163,182.29103088378906
1594,1745947844.4878702,183.213472366333
1595,1745947844.6847036,185.79411506652832
1596,1745947844.8777614,182.40594863891602
1597,1745947845.0710807,182.80816078186035
1598,1745947845.2671783,183.2873821258545
1599,1745947845.461971,184.26227569580078
1600,1745947845.6569037,184.14592742919922
1601,1745947845.8506978,183.23063850402832
1602,1745947846.044783,183.5460662841797
1603,1745947846.2388391,183.1836700439453
1604,1745947846.4388773,189.528226852417
1605,1745947846.6328783,182.97934532165527
1606,1745947846.82554,182.13868141174316
1607,1745947847.0187993,182.21163749694824
1608,1745947847.212442,182.42359161376953
1609,1745947847.406177,182.71112442016602
1610,1745947847.599471,182.77573585510254
1611,1745947847.793772,183.25543403625488
1612,1745947847.9870858,182.7995777130127
1613,1745947848.179973,182.07073211669922
1614,1745947848.3746774,183.67838859558105
1615,1745947848.5689106,183.71105194091797
1616,1745947848.763091,183.4580898284912
1617,1745947848.9559832,182.36112594604492
1618,1745947849.1499765,182.65342712402344
1619,1745947849.3438826,183.54296684265137
1620,1745947849.5414455,187.01934814453125
1621,1745947849.7369516,184.27801132202148
1622,1745947849.9294727,182.19232559204102
1623,1745947850.1239104,182.91807174682617
1624,1745947850.3178444,182.9066276550293
1625,1745947850.5110357,182.67226219177246
1626,1745947850.7715414,249.33099746704102
1627,1745947850.9663026,184.24153327941895
1628,1745947851.1607955,184.15307998657227
1629,1745947851.3568892,185.2700710296631
1630,1745947851.5610907,193.44806671142578
1631,1745947851.7560287,184.39126014709473
1632,1745947851.954816,188.08364868164062
1633,1745947852.1487098,183.2139492034912
1634,1745947852.344325,185.0299835205078
1635,1745947852.542212,186.2962245941162
1636,1745947852.7378201,185.44769287109375
1637,1745947852.931786,183.52961540222168
1638,1745947853.1284025,185.58502197265625
1639,1745947853.3237107,183.79497528076172
1640,1745947853.5192895,184.14592742919922
1641,1745947853.7151232,185.29558181762695
1642,1745947853.9108188,184.8452091217041
1643,1745947854.1054747,183.9456558227539
1644,1745947854.3006585,184.16213989257812
1645,1745947854.4982538,186.28883361816406
1646,1745947854.6951084,185.8386993408203
1647,1745947854.8908124,184.6179962158203
1648,1745947855.085572,184.22317504882812
1649,1745947855.282988,186.3856315612793
1650,1745947855.4791565,184.85164642333984
1651,1745947855.677224,186.3992214202881
1652,1745947855.870618,182.86848068237305
1653,1745947856.0668046,184.98635292053223
1654,1745947856.260974,183.64357948303223
1655,1745947856.456955,185.24527549743652
1656,1745947856.6535683,185.76550483703613
1657,1745947856.849052,184.87048149108887
1658,1745947857.0451136,185.37068367004395
1659,1745947857.2393034,183.5496425628662
1660,1745947857.4370415,187.19124794006348
1661,1745947857.6385796,190.4447078704834
1662,1745947857.8348205,184.94105339050293
1663,1745947858.028896,182.9977035522461
1664,1745947858.2245,184.42749977111816
1665,1745947858.4207242,184.79108810424805
1666,1745947858.6176686,185.40334701538086
1667,1745947858.81271,184.02647972106934
1668,1745947859.0083985,184.7364902496338
1669,1745947859.2038167,184.37671661376953
1670,1745947859.3995457,184.55791473388672
1671,1745947859.59755,186.46001815795898
1672,1745947859.793852,185.76669692993164
1673,1745947859.9888878,183.6707592010498
1674,1745947860.1837044,184.16929244995117
1675,1745947860.3778605,183.64429473876953
1676,1745947860.571746,183.09378623962402
1677,1745947860.7670562,184.13352966308594
1678,1745947860.9625986,184.36360359191895
1679,1745947861.1590376,185.58096885681152
1680,1745947861.3533509,183.1367015838623
1681,1745947861.551036,186.23852729797363
1682,1745947861.7474992,186.19179725646973
1683,1745947861.9440336,185.44387817382812
1684,1745947862.1385741,183.8221549987793
1685,1745947862.3365676,185.9583854675293
1686,1745947862.5319867,185.29224395751953
1687,1745947862.7277284,185.05096435546875
1688,1745947862.9239247,185.02116203308105
1689,1745947863.1188934,184.43942070007324
1690,1745947863.314545,184.43822860717773
1691,1745947863.5107405,185.15944480895996
1692,1745947863.7059846,184.64016914367676
1693,1745947863.9008677,183.92229080200195
1694,1745947864.0962393,184.34715270996094
1695,1745947864.2912643,184.49163436889648
1696,1745947864.4870358,184.69786643981934
1697,1745947864.6832075,185.59980392456055
1698,1745947864.8778293,184.1118335723877
1699,1745947865.0733817,184.4160556793213
1700,1745947865.2684982,184.0646266937256
1701,1745947865.4637907,184.36503410339355
1702,1745947865.6588478,184.21030044555664
1703,1745947865.8547661,184.5541000366211
1704,1745947866.048599,182.80982971191406
1705,1745947866.2466931,186.88702583312988
1706,1745947866.4438875,186.44213676452637
1707,1745947866.6407425,186.30623817443848
1708,1745947866.8376024,185.99820137023926
1709,1745947867.0336158,184.83877182006836
1710,1745947867.2295232,185.35923957824707
1711,1745947867.4253044,184.73243713378906
1712,1745947867.6224847,186.20681762695312
1713,1745947867.81854,185.54115295410156
1714,1745947868.014481,185.2412223815918
1715,1745947868.211984,186.46550178527832
1716,1745947868.4076154,184.87191200256348
1717,1745947868.6041925,185.5611801147461
1718,1745947868.7998283,184.58056449890137
1719,1745947868.996782,185.6701374053955
1720,1745947869.1933186,185.90140342712402
1721,1745947869.3886817,184.82279777526855
1722,1745947869.58588,185.94884872436523
1723,1745947869.7809086,183.8662624359131
1724,1745947869.976208,184.16786193847656
1725,1745947870.1722887,185.04905700683594
1726,1745947870.3676434,184.83471870422363
1727,1745947870.5641253,185.9438419342041
1728,1745947870.759768,184.58843231201172
1729,1745947870.956927,186.1119270324707
1730,1745947871.154117,186.4030361175537
1731,1745947871.3495243,184.800386428833
1732,1745947871.543958,183.38418006896973
1733,1745947871.7390451,184.03172492980957
1734,1745947871.9344285,184.30781364440918
1735,1745947872.130941,185.9910488128662
1736,1745947872.3257234,183.75897407531738
1737,1745947872.528833,192.17705726623535
1738,1745947872.7241857,184.4339370727539
1739,1745947872.9194157,184.02719497680664
1740,1745947873.11535,184.5083236694336
1741,1745947873.310684,185.028076171875
1742,1745947873.5050745,183.96615982055664
1743,1745947873.7008767,185.27626991271973
1744,1745947873.8960645,183.85696411132812
1745,1745947874.0917313,184.84091758728027
1746,1745947874.286159,183.83288383483887
1747,1745947874.4826732,185.5316162109375
1748,1745947874.6769378,183.73703956604004
1749,1745947874.872843,184.91554260253906
1750,1745947875.0687044,184.80539321899414
1751,1745947875.2646646,184.76152420043945
1752,1745947875.4582634,182.9986572265625
1753,1745947875.655463,186.51580810546875
1754,1745947875.851527,185.3353977203369
1755,1745947876.0460064,183.9621067047119
1756,1745947876.2420132,185.09602546691895
1757,1745947876.4368374,184.34429168701172
1758,1745947876.6320214,184.04841423034668
1759,1745947876.8289654,185.78338623046875
1760,1745947877.0218396,182.7371120452881
1761,1745947877.2157063,182.85202980041504
1762,1745947877.4091759,182.8596591949463
1763,1745947877.6029787,182.7564239501953
1764,1745947877.7960963,182.5251579284668
1765,1745947877.990715,183.56966972351074
1766,1745947878.185076,183.1214427947998
1767,1745947878.379271,183.21633338928223
1768,1745947878.57438,183.37368965148926
1769,1745947878.768643,183.2449436187744
1770,1745947878.9629235,183.23040008544922
1771,1745947879.15729,183.3796501159668
1772,1745947879.3509917,182.9667091369629
1773,1745947879.5449038,183.6402416229248
1774,1745947879.7392318,183.6714744567871
1775,1745947879.9331076,183.0883026123047
1776,1745947880.1269283,182.80553817749023
1777,1745947880.320813,182.9698085784912
1778,1745947880.515437,183.4394931793213
1779,1745947880.7094955,183.0453872680664
1780,1745947880.903845,183.52413177490234
1781,1745947881.0985942,183.63118171691895
1782,1745947881.2916338,182.5270652770996
1783,1745947881.486159,182.80482292175293
1784,1745947881.6794605,182.4629306793213
1785,1745947881.8731756,183.0763816833496
1786,1745947882.0699406,186.21516227722168
1787,1745947882.2658007,184.4029426574707
1788,1745947882.4598236,183.71176719665527
1789,1745947882.6525824,182.21282958984375
1790,1745947882.8480926,184.33308601379395
1791,1745947883.0445633,185.32204627990723
1792,1745947883.2400248,184.42845344543457
1793,1745947883.4337995,182.82413482666016
1794,1745947883.6271467,182.13295936584473
1795,1745947883.8238485,185.7438087463379
1796,1745947884.0171885,182.29436874389648
1797,1745947884.210731,182.97266960144043
1798,1745947884.4050527,183.19296836853027
1799,1745947884.598934,183.32719802856445
1800,1745947884.792653,182.77382850646973
1801,1745947884.987336,183.64596366882324
1802,1745947885.1807277,182.3711395263672
1803,1745947885.376893,185.07862091064453
1804,1745947885.5694718,182.36541748046875
1805,1745947885.7660787,185.0738525390625
1806,1745947885.9598207,182.71780014038086
1807,1745947886.154015,183.3343505859375
1808,1745947886.3466387,182.0964813232422
1809,1745947886.5406532,183.0880641937256
1810,1745947886.7336333,182.38115310668945
1811,1745947886.9270785,182.328462600708
1812,1745947887.1222138,182.44051933288574
1813,1745947887.3171184,184.3278408050537
1814,1745947887.519214,191.27798080444336
1815,1745947887.714844,184.55815315246582
1816,1745947887.9079945,182.62147903442383
1817,1745947888.1019447,183.36772918701172
1818,1745947888.2953987,182.67297744750977
1819,1745947888.4891515,182.6949119567871
1820,1745947888.6827824,182.59572982788086
1821,1745947888.8768728,183.09593200683594
1822,1745947889.0708432,183.28070640563965
1823,1745947889.2652216,183.32242965698242
1824,1745947889.4600618,183.82000923156738
1825,1745947889.6547523,184.1716766357422
1826,1745947889.8485458,183.2890510559082
1827,1745947890.0431895,184.04412269592285
1828,1745947890.2365687,182.62982368469238
1829,1745947890.4318871,184.11827087402344
1830,1745947890.6256537,183.2292079925537
1831,1745947890.8190868,182.83677101135254
1832,1745947891.0140293,184.22913551330566
1833,1745947891.209186,184.5378875732422
1834,1745947891.4030423,182.97195434570312
1835,1745947891.5972252,183.2711696624756
1836,1745947891.7902253,182.74784088134766
1837,1745947891.9831045,182.36064910888672
1838,1745947892.1759748,181.85663223266602
1839,1745947892.3694344,181.9455623626709
1840,1745947892.5650377,183.97259712219238
1841,1745947892.7593913,182.8761100769043
1842,1745947892.9546025,184.83281135559082
1843,1745947893.1488485,183.71844291687012
1844,1745947893.342746,183.32648277282715
1845,1745947893.5372596,182.78121948242188
1846,1745947893.7318146,184.0205192565918
1847,1745947893.9267614,183.9733123779297
1848,1745947894.1201005,182.70611763000488
1849,1745947894.314276,182.84940719604492
1850,1745947894.5082963,182.70134925842285
1851,1745947894.7021072,182.77549743652344
1852,1745947894.8979013,184.68761444091797
1853,1745947895.09175,182.81269073486328
1854,1745947895.2852602,182.42979049682617
1855,1745947895.4795775,183.30121040344238
1856,1745947895.6739478,183.3198070526123
1857,1745947895.8675523,183.09783935546875
1858,1745947896.0622847,183.69674682617188
1859,1745947896.2560296,183.35843086242676
1860,1745947896.4484522,182.22475051879883
1861,1745947896.6420608,182.34014511108398
1862,1745947896.8369434,183.9141845703125
1863,1745947897.030941,183.37678909301758
1864,1745947897.2241325,182.14893341064453
1865,1745947897.419525,184.35931205749512
1866,1745947897.61476,183.72559547424316
1867,1745947897.8082066,183.0763816833496
1868,1745947898.0028257,184.08441543579102
1869,1745947898.1972358,183.37035179138184
1870,1745947898.3893008,181.44702911376953
1871,1745947898.5838504,183.03179740905762
1872,1745947898.7772186,182.67440795898438
1873,1745947898.9708595,182.88278579711914
1874,1745947899.1650956,183.29858779907227
1875,1745947899.3589487,182.9533576965332
1876,1745947899.554063,183.87866020202637
1877,1745947899.7471387,182.55138397216797
1878,1745947899.941663,183.26449394226074
1879,1745947900.1361837,183.67695808410645
1880,1745947900.3300836,182.87086486816406
1881,1745947900.5233648,182.8935146331787
1882,1745947900.716772,182.88111686706543
1883,1745947900.9103694,183.06517601013184
1884,1745947901.1049347,183.5472583770752
1885,1745947901.2982283,182.2643280029297
1886,1745947901.4920013,182.74784088134766
1887,1745947901.685935,182.88207054138184
1888,1745947901.8792133,182.55615234375
1889,1745947902.074998,184.27109718322754
1890,1745947902.268095,182.83629417419434
1891,1745947902.4607103,182.39593505859375
1892,1745947902.6577876,186.02490425109863
1893,1745947902.850983,182.13319778442383
1894,1745947903.0458298,183.1831932067871
1895,1745947903.238702,182.1432113647461
1896,1745947903.4332304,183.46667289733887
1897,1745947903.6268146,183.06326866149902
1898,1745947903.8197885,181.96582794189453
1899,1745947904.0144286,183.56823921203613
1900,1745947904.208043,182.5730800628662
1901,1745947904.401894,182.2347640991211
1902,1745947904.5937564,181.77127838134766
1903,1745947904.7888424,183.57014656066895
1904,1745947904.9831853,183.21728706359863
1905,1745947905.1767862,183.06922912597656
1906,1745947905.3708787,183.04777145385742
1907,1745947905.56513,183.32982063293457
1908,1745947905.7580562,182.4045181274414
1909,1745947905.9538748,184.71837043762207
1910,1745947906.1469107,182.35540390014648
1911,1745947906.3401089,182.02877044677734
1912,1745947906.534532,183.03656578063965
1913,1745947906.7277608,182.79552459716797
1914,1745947906.9226282,183.47835540771484
1915,1745947907.1145728,181.80203437805176
1916,1745947907.308874,183.26807022094727
1917,1745947907.5021727,182.66558647155762
1918,1745947907.696491,183.08472633361816
1919,1745947907.890805,182.37876892089844
1920,1745947908.0833979,182.50489234924316
1921,1745947908.2784786,183.39180946350098
1922,1745947908.4720857,182.94692039489746
1923,1745947908.666158,182.91139602661133
1924,1745947908.8593738,182.08622932434082
1925,1745947909.0540316,183.12525749206543
1926,1745947909.2486675,183.94207954406738
1927,1745947909.4426844,183.53915214538574
1928,1745947909.635915,182.96027183532715
1929,1745947909.8300881,183.17055702209473
1930,1745947910.0231125,182.4929714202881
1931,1745947910.216568,182.4195384979248
1932,1745947910.4113863,183.3665370941162
1933,1745947910.6052897,183.37702751159668
1934,1745947910.7999363,183.40659141540527
1935,1745947910.9929893,182.41286277770996
1936,1745947911.1870625,182.8007698059082
1937,1745947911.3815122,183.95638465881348
1938,1745947911.5749469,182.87110328674316
1939,1745947911.7692127,183.2418441772461
1940,1745947911.9625978,182.84058570861816
1941,1745947912.1564567,182.68251419067383
1942,1745947912.349577,181.90383911132812
1943,1745947912.5441103,183.09855461120605
1944,1745947912.738368,183.33864212036133
1945,1745947912.9314187,182.44457244873047
1946,1745947913.1258905,183.17604064941406
1947,1745947913.3192375,182.74259567260742
1948,1745947913.5122857,182.52301216125488
1949,1745947913.7057087,182.63936042785645
1950,1745947913.8996236,183.09926986694336
1951,1745947914.0943186,183.1350326538086
1952,1745947914.2880583,182.4195384979248
1953,1745947914.4819317,182.97266960144043
1954,1745947914.676134,183.63523483276367
1955,1745947914.8700697,183.38274955749512
1956,1745947915.0638318,183.2559108734131
1957,1745947915.2565696,182.15584754943848
1958,1745947915.4509354,183.33721160888672
1959,1745947915.6451914,183.78782272338867
1960,1745947915.8380415,182.41405487060547
1961,1745947916.0316088,182.93404579162598
1962,1745947916.2259712,183.74919891357422
1963,1745947916.4195662,183.2895278930664
1964,1745947916.6136007,182.99460411071777
1965,1745947916.808527,184.24510955810547
1966,1745947917.0016842,182.6307773590088
1967,1745947917.1951635,182.04498291015625
1968,1745947917.3893402,182.708740234375
1969,1745947917.589938,189.4817352294922
1970,1745947917.7843258,183.35604667663574
1971,1745947917.9773333,182.5401782989502
1972,1745947918.1712165,183.34603309631348
1973,1745947918.3647914,182.4934482574463
1974,1745947918.5589554,182.9519271850586
1975,1745947918.753311,183.3198070526123
1976,1745947918.946795,182.43670463562012
1977,1745947919.1408045,182.77931213378906
1978,1745947919.3358219,183.73894691467285
1979,1745947919.5288386,182.42526054382324
1980,1745947919.722687,182.66725540161133
1981,1745947919.916981,182.9540729522705
1982,1745947920.1106074,183.08353424072266
1983,1745947920.304489,183.75539779663086
1984,1745947920.498543,183.47811698913574
1985,1745947920.6931832,183.81261825561523
1986,1745947920.8863869,183.0458641052246
1987,1745947921.0805793,183.06493759155273
1988,1745947921.2747948,183.19463729858398
1989,1745947921.4674551,182.34777450561523
1990,1745947921.6623163,183.5651397705078
1991,1745947921.8555992,182.79671669006348
1992,1745947922.0511749,185.0755214691162
1993,1745947922.2451634,183.32767486572266
1994,1745947922.4398918,183.68291854858398
1995,1745947922.6341462,183.2101345062256
1996,1745947922.8274019,182.5082302093506
1997,1745947923.0205328,181.89167976379395
1998,1745947923.2147686,183.20870399475098
1999,1745947923.4084175,182.5883388519287
2000,1745947923.602489,182.9977035522461
2001,1745947923.7969549,183.9313507080078
2002,1745947923.9909103,183.27832221984863
2003,1745947924.1842234,182.5389862060547
2004,1745947924.378329,182.88707733154297
2005,1745947924.5720246,183.1071376800537
2006,1745947924.7666135,184.0529441833496
2007,1745947924.9592397,182.17039108276367
2008,1745947925.1525438,182.2822093963623
2009,1745947925.3460312,182.4636459350586
2010,1745947925.5399513,183.35700035095215
2011,1745947925.7331011,182.0075511932373
2012,1745947925.9272685,182.87420272827148
2013,1745947926.1217122,183.12430381774902
2014,1745947926.3158228,183.0143928527832
2015,1745947926.5108368,184.04006958007812
2016,1745947926.703948,182.5716495513916
2017,1745947926.8975925,183.11595916748047
2018,1745947927.0908568,182.7554702758789
2019,1745947927.2850804,183.1493377685547
2020,1745947927.4787738,182.6465129852295
2021,1745947927.6734326,182.8930377960205
2022,1745947927.8676145,183.5646629333496
2023,1745947928.0629618,183.26783180236816
2024,1745947928.2558308,182.63626098632812
2025,1745947928.4507093,183.33148956298828
2026,1745947928.643813,182.56497383117676
2027,1745947928.8381503,183.3019256591797
2028,1745947929.031762,182.93142318725586
2029,1745947929.2281468,185.00161170959473
2030,1745947929.4236279,184.51833724975586
2031,1745947929.6179235,183.29238891601562
2032,1745947929.8139095,184.58318710327148
2033,1745947930.007504,182.97934532165527
2034,1745947930.2012875,182.74664878845215
2035,1745947930.3962219,183.46881866455078
2036,1745947930.5894043,182.87324905395508
2037,1745947930.7831912,183.2573413848877
2038,1745947930.9788573,184.51380729675293
2039,1745947931.1736655,184.50331687927246
2040,1745947931.3668811,182.71183967590332
2041,1745947931.5619159,184.05556678771973
2042,1745947931.7563899,183.83407592773438
2043,1745947931.9494085,182.3720932006836
2044,1745947932.1434717,182.80720710754395
2045,1745947932.3371465,183.02178382873535
2046,1745947932.5396595,191.45846366882324
2047,1745947932.7332644,182.54947662353516
2048,1745947932.9274108,183.61735343933105
2049,1745947933.121781,183.1505298614502
2050,1745947933.3152838,182.49845504760742
2051,1745947933.509461,183.65955352783203
2052,1745947933.7036853,184.04173851013184
2053,1745947933.8977957,183.03799629211426
2054,1745947934.091908,182.99055099487305
2055,1745947934.2864587,183.60209465026855
2056,1745947934.4807656,183.02655220031738
2057,1745947934.67602,182.7070713043213
2058,1745947934.870907,184.36455726623535
2059,1745947935.0651968,183.37750434875488
2060,1745947935.258848,182.6944351196289
2061,1745947935.452778,182.70373344421387
2062,1745947935.6466017,182.77931213378906
2063,1745947935.8411863,183.29620361328125
2064,1745947936.0341754,182.17778205871582
2065,1745947936.228559,183.33911895751953
2066,1745947936.423611,183.79712104797363
2067,1745947936.6193619,185.34398078918457
2068,1745947936.8128643,182.98053741455078
2069,1745947937.0071876,183.23373794555664
2070,1745947937.200706,182.8453540802002
2071,1745947937.3959155,184.18145179748535
2072,1745947937.5896611,182.8916072845459
2073,1745947937.783672,183.3808422088623
2074,1745947937.981039,186.74564361572266
2075,1745947938.174888,182.586669921875
2076,1745947938.3692367,183.22205543518066
2077,1745947938.563936,183.45284461975098
2078,1745947938.7574744,182.92903900146484
2079,1745947938.9507759,182.76691436767578
2080,1745947939.145688,183.5319995880127
2081,1745947939.3392553,182.9855442047119
2082,1745947939.5333993,183.07971954345703
2083,1745947939.7271729,183.22396278381348
2084,1745947939.923282,184.4329833984375
2085,1745947940.1178887,183.67838859558105
2086,1745947940.3122957,183.37225914001465
2087,1745947940.5067906,183.13980102539062
2088,1745947940.700619,182.7833652496338
2089,1745947940.894092,183.12716484069824
2090,1745947941.0877256,183.09760093688965
2091,1745947941.2820716,183.2139492034912
2092,1745947941.4761286,183.31336975097656
2093,1745947941.6713107,183.17246437072754
2094,1745947941.8646946,182.85799026489258
2095,1745947942.0571682,182.05642700195312
2096,1745947942.251591,183.37154388427734
2097,1745947942.4450126,182.6345920562744
2098,1745947942.6390557,183.02226066589355
2099,1745947942.8324423,182.87253379821777
2100,1745947943.026367,183.2425594329834
2101,1745947943.2198138,182.9056739807129
2102,1745947943.4148679,183.4542751312256
2103,1745947943.6094377,184.0078830718994
2104,1745947943.8037193,183.2273006439209
2105,1745947943.9978108,183.05492401123047
2106,1745947944.1921866,183.34245681762695
2107,1745947944.3869944,184.18526649475098
2108,1745947944.5828283,185.11080741882324
2109,1745947944.7770715,183.40635299682617
2110,1745947944.9715254,183.2907199859619
2111,1745947945.1647942,182.46006965637207
2112,1745947945.3588223,182.81245231628418
2113,1745947945.5523827,183.05134773254395
2114,1745947945.7457294,182.62076377868652
2115,1745947945.9399848,182.59143829345703
2116,1745947946.1333766,182.36136436462402
2117,1745947946.327855,183.9468479156494
2118,1745947946.5220647,183.56800079345703
2119,1745947946.716388,183.18462371826172
2120,1745947946.9107666,182.94882774353027
2121,1745947947.1051273,183.11643600463867
2122,1745947947.2978628,182.38043785095215
2123,1745947947.5031092,194.47708129882812
2124,1745947947.697601,183.44855308532715
2125,1745947947.8910294,182.80720710754395
2126,1745947948.0845103,182.41167068481445
2127,1745947948.278429,182.64436721801758
2128,1745947948.4733546,184.2639446258545
2129,1745947948.666987,182.50679969787598
2130,1745947948.8608296,182.68156051635742
2131,1745947949.055873,184.01598930358887
2132,1745947949.248757,182.39998817443848
2133,1745947949.443717,183.40802192687988
2134,1745947949.6375518,183.07948112487793
2135,1745947949.8313246,182.70015716552734
2136,1745947950.0248203,183.1052303314209
2137,1745947950.2183313,183.36033821105957
2138,1745947950.410773,181.99801445007324
2139,1745947950.6044178,182.59096145629883
2140,1745947950.798363,182.9078197479248
2141,1745947950.9918964,182.48844146728516
2142,1745947951.1852512,181.6427707672119
2143,1745947951.3787162,182.68108367919922
2144,1745947951.5729911,183.2413673400879
2145,1745947951.76642,182.63506889343262
2146,1745947951.9599686,182.85441398620605
2147,1745947952.1548622,184.00835990905762
2148,1745947952.3551936,190.19651412963867
2149,1745947952.54891,183.4266185760498
2150,1745947952.742081,182.37566947937012
2151,1745947952.9361613,183.20822715759277
2152,1745947953.1290953,182.55901336669922
2153,1745947953.323989,183.74085426330566
2154,1745947953.5176175,182.77621269226074
2155,1745947953.7116563,183.26282501220703
2156,1745947953.9068396,183.9611530303955
2157,1745947954.1006992,182.8148365020752
2158,1745947954.29379,182.38091468811035
2159,1745947954.4875503,183.04014205932617
2160,1745947954.6817932,183.20703506469727
2161,1745947954.8760583,183.2275390625
2162,1745947955.069716,182.78956413269043
2163,1745947955.263997,183.10189247131348
2164,1745947955.4575706,183.18891525268555
2165,1745947955.6506934,182.55138397216797
2166,1745947955.8462062,184.4940185546875
2167,1745947956.0396175,182.77597427368164
2168,1745947956.2340577,183.1364631652832
2169,1745947956.4290376,184.16595458984375
2170,1745947956.631465,192.1088695526123
2171,1745947956.8249264,182.35301971435547
2172,1745947957.019841,183.87174606323242
2173,1745947957.213651,182.67464637756348
2174,1745947957.4078753,183.17914009094238
2175,1745947957.6017113,183.0141544342041
2176,1745947957.7959208,183.16078186035156
2177,1745947957.9894783,183.04872512817383
2178,1745947958.1822305,182.18517303466797
2179,1745947958.376132,183.0153465270996
2180,1745947958.5700502,183.39085578918457
2181,1745947958.7632284,182.9380989074707
2182,1745947958.957645,183.26640129089355
2183,1745947959.1520765,183.84885787963867
2184,1745947959.3472993,183.02392959594727
2185,1745947959.5398285,182.21759796142578
2186,1745947959.7340403,183.20226669311523
2187,1745947959.9292343,184.5870018005371
2188,1745947960.1230574,182.85775184631348
2189,1745947960.3171856,183.07781219482422
2190,1745947960.5122707,183.75539779663086
2191,1745947960.7072275,184.2360496520996
2192,1745947960.901074,183.34674835205078
2193,1745947961.095094,183.5925579071045
2194,1745947961.2888918,183.26568603515625
2195,1745947961.4829926,183.06350708007812
2196,1745947961.676679,182.92760848999023
2197,1745947961.8706508,182.844877243042
2198,1745947962.0643191,182.54494667053223
2199,1745947962.2588637,183.68816375732422
2200,1745947962.4523344,182.93333053588867
2201,1745947962.6540618,190.49358367919922
2202,1745947962.8482277,183.12406539916992
2203,1745947963.041608,182.7700138092041
2204,1745947963.2356894,183.2575798034668
2205,1745947963.4291983,182.9068660736084
2206,1745947963.6232424,182.53111839294434
2207,1745947963.817308,183.2118034362793
2208,1745947964.012543,184.20958518981934
2209,1745947964.205755,182.69920349121094
2210,1745947964.3988476,182.39188194274902
2211,1745947964.5941193,183.41588973999023
2212,1745947964.7876356,182.58023262023926
2213,1745947964.9810266,182.34920501708984
2214,1745947965.1747026,182.65390396118164
2215,1745947965.369319,183.7596893310547
2216,1745947965.5634184,183.0754280090332
2217,1745947965.757242,183.26759338378906
2218,1745947965.9510968,182.79385566711426
2219,1745947966.1455576,183.44449996948242
2220,1745947966.339876,183.0136775970459
2221,1745947966.53458,183.5916042327881
2222,1745947966.7307436,184.8917007446289
2223,1745947966.9238646,182.46054649353027
2224,1745947967.1186602,183.85624885559082
2225,1745947967.3120344,182.6796531677246
2226,1745947967.5059748,182.4188232421875
2227,1745947967.7007084,184.57341194152832
2228,1745947967.8939946,182.23333358764648
2229,1745947968.0880275,183.0751895904541
2230,1745947968.2818427,182.5399398803711
2231,1745947968.4757843,182.91902542114258
2232,1745947968.6693819,182.06453323364258
2233,1745947968.862397,182.58953094482422
2234,1745947969.0561962,182.78098106384277
2235,1745947969.249914,182.62410163879395
2236,1745947969.4439306,183.49361419677734
2237,1745947969.637511,182.54828453063965
2238,1745947969.83176,183.1834316253662
2239,1745947970.0253346,183.07113647460938
2240,1745947970.219657,183.30693244934082
2241,1745947970.4135127,183.4406852722168
2242,1745947970.6083035,183.75563621520996
2243,1745947970.8023572,182.8904151916504
2244,1745947970.9967122,183.31170082092285
2245,1745947971.1891396,181.84471130371094
2246,1745947971.3840067,183.01033973693848
2247,1745947971.5784948,183.56657028198242
2248,1745947971.7717073,182.19685554504395
2249,1745947971.9662294,183.05087089538574
2250,1745947972.1597083,182.9361915588379
2251,1745947972.354092,183.24995040893555
2252,1745947972.5477622,182.97219276428223
2253,1745947972.7419765,183.23445320129395
2254,1745947972.9352677,182.18159675598145
2255,1745947973.1307044,184.2036247253418
2256,1745947973.3248754,183.6259365081787
2257,1745947973.5188541,183.4239959716797
2258,1745947973.7169776,186.98859214782715
2259,1745947973.910616,182.42383003234863
2260,1745947974.1049273,183.10856819152832
2261,1745947974.298741,182.56783485412598
2262,1745947974.492479,182.69944190979004
2263,1745947974.6877463,184.1890811920166
2264,1745947974.8819954,183.68911743164062
2265,1745947975.0750444,182.48748779296875
2266,1745947975.2696955,183.610200881958
2267,1745947975.46568,184.2491626739502
2268,1745947975.6598265,183.55798721313477
2269,1745947975.854069,183.4723949432373
2270,1745947976.0477755,182.65247344970703
2271,1745947976.2430227,184.12256240844727
2272,1745947976.4357617,182.10768699645996
2273,1745947976.630863,184.13710594177246
2274,1745947976.824619,183.1991672515869
2275,1745947977.0198197,184.6015453338623
2276,1745947977.213915,183.58469009399414
2277,1745947977.4082067,183.4568977355957
2278,1745947977.6097639,190.45615196228027
2279,1745947977.8032305,182.95550346374512
2280,1745947977.9971726,183.37106704711914
2281,1745947978.1908095,183.4423542022705
2282,1745947978.3839142,182.72042274475098
2283,1745947978.5787795,184.48233604431152
2284,1745947978.7716842,181.86426162719727
2285,1745947978.964832,182.08861351013184
2286,1745947979.1596446,182.90162086486816
2287,1745947979.3531215,183.29548835754395
2288,1745947979.5465803,182.6484203338623
2289,1745947979.7409277,183.19416046142578
2290,1745947979.934235,182.79290199279785
2291,1745947980.1281335,183.17389488220215
2292,1745947980.3228464,183.44974517822266
2293,1745947980.5162358,182.3577880859375
2294,1745947980.7113178,183.02083015441895
2295,1745947980.904391,182.7993392944336
2296,1745947981.0980728,182.62338638305664
2297,1745947981.2927985,183.66599082946777
2298,1745947981.4866834,183.3481788635254
2299,1745947981.680793,183.0735206604004
2300,1745947981.8742313,182.9662322998047
2301,1745947982.066815,182.0533275604248
2302,1745947982.2608004,183.16078186035156
2303,1745947982.4542947,182.85679817199707
2304,1745947982.647135,182.30938911437988
2305,1745947982.841098,182.6314926147461
2306,1745947983.0348606,183.23636054992676
2307,1745947983.2283254,182.9512119293213
2308,1745947983.422283,183.35461616516113
2309,1745947983.6168258,183.52103233337402
2310,1745947983.8112156,183.66026878356934
2311,1745947984.0072167,185.48202514648438
2312,1745947984.2008488,183.03728103637695
2313,1745947984.3949454,183.46738815307617
2314,1745947984.589626,183.84385108947754
2315,1745947984.783212,183.06660652160645
2316,1745947984.9769883,182.7104091644287
2317,1745947985.170877,183.21967124938965
2318,1745947985.364049,182.65724182128906
2319,1745947985.5570629,182.62267112731934
2320,1745947985.7508335,183.07161331176758
2321,1745947985.944607,182.69753456115723
2322,1745947986.1375694,182.3256015777588
2323,1745947986.3322537,183.64763259887695
2324,1745947986.5261412,183.26139450073242
2325,1745947986.7193916,182.28673934936523
2326,1745947986.9129748,181.94174766540527
2327,1745947987.1074173,183.55798721313477
2328,1745947987.3037467,185.1210594177246
2329,1745947987.4979446,183.58492851257324
2330,1745947987.6930485,184.7999095916748
2331,1745947987.8861985,182.6639175415039
2332,1745947988.0801997,182.97767639160156
2333,1745947988.2739968,183.1221580505371
2334,1745947988.4675999,182.5125217437744
2335,1745947988.6614804,182.84010887145996
2336,1745947988.8563013,183.78853797912598
2337,1745947989.0491698,182.34992027282715
2338,1745947989.24356,183.27784538269043
2339,1745947989.4374027,182.60836601257324
2340,1745947989.632891,184.47184562683105
2341,1745947989.8272016,183.27760696411133
2342,1745947990.019529,181.72216415405273
2343,1745947990.2138371,182.7399730682373
2344,1745947990.408177,182.70444869995117
2345,1745947990.6023743,181.7147731781006
2346,1745947990.7958388,182.93046951293945
2347,1745947990.9891777,182.23261833190918
2348,1745947991.183761,183.25066566467285
2349,1745947991.3769684,183.1207275390625
2350,1745947991.5709321,182.93523788452148
2351,1745947991.7648213,182.7864646911621
2352,1745947991.9587183,183.20941925048828
2353,1745947992.1525168,183.15672874450684
2354,1745947992.3471718,183.60304832458496
2355,1745947992.5494158,191.47920608520508
2356,1745947992.7441452,183.34293365478516
2357,1745947992.9367306,182.23333358764648
2358,1745947993.1322362,184.69476699829102
2359,1745947993.3262894,181.7610263824463
2360,1745947993.5201614,183.33864212036133
2361,1745947993.7140164,183.2413673400879
2362,1745947993.9088867,182.82437324523926
2363,1745947994.103084,183.58278274536133
2364,1745947994.2961707,182.73210525512695
2365,1745947994.4911177,183.9277744293213
2366,1745947994.6859648,183.80403518676758
2367,1745947994.8798592,183.06350708007812
2368,1745947995.0732079,182.4796199798584
2369,1745947995.2666895,182.43050575256348
2370,1745947995.461138,182.96217918395996
2371,1745947995.6559098,183.7289333343506
2372,1745947995.8504064,184.07106399536133
2373,1745947996.0440793,183.1355094909668
2374,1745947996.2374942,182.8935146331787
2375,1745947996.430942,182.39808082580566
2376,1745947996.6249702,182.24477767944336
2377,1745947996.8181872,182.79242515563965
2378,1745947997.0130353,183.6686134338379
2379,1745947997.2062645,182.44266510009766
2380,1745947997.3997593,183.03203582763672
2381,1745947997.5926914,182.22713470458984
2382,1745947997.7861888,182.45720863342285
2383,1745947997.9794464,182.72852897644043
2384,1745947998.1731818,182.50417709350586
2385,1745947998.3673532,183.1364631652832
2386,1745947998.561862,183.4735870361328
2387,1745947998.7559164,183.00962448120117
2388,1745947998.9506385,181.76007270812988
2389,1745947999.1454306,184.2818260192871
2390,1745947999.3392704,182.76119232177734
2391,1745947999.534076,183.29548835754395
2392,1745947999.7281203,183.0151081085205
2393,1745947999.9227538,183.7918758392334
2394,1745948000.116859,183.52580070495605
2395,1745948000.3107285,183.28094482421875
2396,1745948000.5040653,182.72900581359863
2397,1745948000.6989832,184.04722213745117
2398,1745948000.8917074,182.0840835571289
2399,1745948001.086552,183.66193771362305
2400,1745948001.2799668,182.66940116882324
2401,1745948001.474052,183.13860893249512
2402,1745948001.6669724,182.27648735046387
2403,1745948001.8609285,183.23945999145508
2404,1745948002.0541363,182.6765537261963
2405,1745948002.249369,184.24105644226074
2406,1745948002.443027,183.0003261566162
2407,1745948002.6356683,182.13748931884766
2408,1745948002.828753,182.09362030029297
2409,1745948003.024354,182.98983573913574
2410,1745948003.2179976,183.58755111694336
2411,1745948003.411908,183.5181713104248
2412,1745948003.6051342,182.66773223876953
2413,1745948003.799317,183.14552307128906
2414,1745948003.9942722,183.31027030944824
2415,1745948004.1880107,182.70349502563477
2416,1745948004.3821652,183.1042766571045
2417,1745948004.5750964,182.4014186859131
2418,1745948004.7699742,183.11333656311035
2419,1745948004.964011,183.41898918151855
2420,1745948005.1572008,182.57522583007812
2421,1745948005.3511345,182.9075813293457
2422,1745948005.5458615,183.29691886901855
2423,1745948005.7396688,182.9688549041748
2424,1745948005.9328625,182.66606330871582
2425,1745948006.1268446,182.85417556762695
2426,1745948006.3211071,183.02226066589355
2427,1745948006.5154393,183.243989944458
2428,1745948006.7115102,185.02473831176758
2429,1745948006.9054415,183.38537216186523
2430,1745948007.0991843,182.7101707458496
2431,1745948007.292767,182.448148727417
2432,1745948007.4935367,189.5461082458496
2433,1745948007.686822,181.87355995178223
2434,1745948007.8817327,183.7162971496582
2435,1745948008.0760283,182.91831016540527
2436,1745948008.2700264,182.9686164855957
2437,1745948008.4639726,183.73394012451172
2438,1745948008.6572387,183.03179740905762
2439,1745948008.8522246,183.93993377685547
2440,1745948009.04571,182.86919593811035
2441,1745948009.2405357,184.10396575927734
2442,1745948009.434262,183.25448036193848
2443,1745948009.6281621,183.23540687561035
2444,1745948009.8226564,183.97140502929688
2445,1745948010.015869,182.54542350769043
2446,1745948010.2093055,182.73639678955078
2447,1745948010.4037933,183.45999717712402
2448,1745948010.5974066,182.9550266265869
2449,1745948010.7931945,184.61894989013672
2450,1745948010.986728,182.48796463012695
2451,1745948011.1797903,182.4495792388916
2452,1745948011.3740647,183.089017868042
2453,1745948011.5681531,183.4099292755127
2454,1745948011.7611468,182.24215507507324
2455,1745948011.9555717,183.35413932800293
2456,1745948012.1487222,182.60431289672852
2457,1745948012.3442492,184.16476249694824
2458,1745948012.540856,186.04493141174316
2459,1745948012.7353299,183.77089500427246
2460,1745948012.9300761,184.05699729919434
2461,1745948013.12613,185.49084663391113
2462,1745948013.320802,183.64238739013672
2463,1745948013.516084,184.19480323791504
2464,1745948013.7117507,185.14513969421387
2465,1745948013.9082935,185.3344440460205
2466,1745948014.103718,184.66782569885254
2467,1745948014.2984412,184.21459197998047
2468,1745948014.4932492,183.77137184143066
2469,1745948014.6874483,183.0592155456543
2470,1745948014.8850293,186.45882606506348
2471,1745948015.0792353,183.05397033691406
2472,1745948015.2765224,185.76669692993164
2473,1745948015.4718177,184.76581573486328
2474,1745948015.6656065,183.5634708404541
2475,1745948015.859252,183.1226348876953
2476,1745948016.0577066,187.1206760406494
2477,1745948016.2522695,183.96687507629395
2478,1745948016.4461834,183.38990211486816
2479,1745948016.6419747,184.94319915771484
2480,1745948016.8389423,186.12957000732422
2481,1745948017.0341568,184.90242958068848
2482,1745948017.2278216,182.62410163879395
2483,1745948017.4234788,183.9888095855713
2484,1745948017.6199508,185.46152114868164
2485,1745948017.816141,185.04071235656738
2486,1745948018.0111327,183.5935115814209
2487,1745948018.2080438,185.84513664245605
2488,1745948018.4028032,183.823823928833
2489,1745948018.5989883,185.14704704284668
2490,1745948018.7938194,183.79783630371094
2491,1745948018.9920352,186.91492080688477
2492,1745948019.186343,183.6404800415039
2493,1745948019.3818603,184.91435050964355
2494,1745948019.5779223,185.04691123962402
2495,1745948019.7743363,185.88566780090332
2496,1745948019.9697032,184.34810638427734
2497,1745948020.166668,185.92357635498047
2498,1745948020.3632214,185.53543090820312
2499,1745948020.5588348,185.1027011871338
2500,1745948020.7539515,184.10134315490723
2501,1745948020.9505098,185.34398078918457
2502,1745948021.144903,183.7019920349121
2503,1745948021.3412685,185.50872802734375
2504,1745948021.5358949,183.56752395629883
2505,1745948021.731963,184.94486808776855
2506,1745948021.9267185,184.02361869812012
2507,1745948022.1210372,182.9681396484375
2508,1745948022.314279,183.03561210632324
2509,1745948022.5161371,189.9569034576416
2510,1745948022.709541,183.22324752807617
2511,1745948022.9041004,182.78074264526367
2512,1745948023.100645,185.4405403137207
2513,1745948023.2966738,185.28294563293457
2514,1745948023.494227,186.37943267822266
2515,1745948023.6883638,183.92443656921387
2516,1745948023.8847606,185.3647232055664
2517,1745948024.0785098,183.0117702484131
2518,1745948024.27207,182.417631149292
2519,1745948024.4666145,183.49289894104004
2520,1745948024.6608965,183.57515335083008
2521,1745948024.8549762,183.53652954101562
2522,1745948025.0477586,181.75148963928223
2523,1745948025.2419207,183.08424949645996
2524,1745948025.4360435,183.3779811859131
2525,1745948025.6292107,181.92696571350098
2526,1745948025.8232808,182.6789379119873
2527,1745948026.0198438,185.52875518798828
2528,1745948026.212836,182.53684043884277
2529,1745948026.4070733,182.97624588012695
2530,1745948026.601554,183.12668800354004
2531,1745948026.7956827,183.1352710723877
2532,1745948026.9923258,185.5490207672119
2533,1745948027.1864455,183.45975875854492
2534,1745948027.3798203,182.5582981109619
2535,1745948027.573027,182.34992027282715
2536,1745948027.7668772,182.70492553710938
2537,1745948027.9606667,182.50370025634766
2538,1745948028.1559045,184.12256240844727
2539,1745948028.3494785,183.0577850341797
2540,1745948028.5485952,187.70909309387207
2541,1745948028.7426999,183.58993530273438
2542,1745948028.936927,183.68935585021973
2543,1745948029.1298926,182.7712059020996
2544,1745948029.324206,183.2571029663086
2545,1745948029.518848,183.47406387329102
2546,1745948029.7134862,183.9451789855957
2547,1745948029.9065845,182.5735569000244
2548,1745948030.1008217,183.20465087890625
2549,1745948030.2958565,183.54225158691406
2550,1745948030.4896443,182.91831016540527
2551,1745948030.6838703,183.68983268737793
2552,1745948030.8782585,183.54010581970215
2553,1745948031.0717027,182.80386924743652
2554,1745948031.264671,182.31511116027832
2555,1745948031.4600554,183.97021293640137
2556,1745948031.6543534,183.72631072998047
2557,1745948031.8507552,185.9261989593506
2558,1745948032.0437582,182.48963356018066
2559,1745948032.237415,182.97505378723145
2560,1745948032.4314446,183.49361419677734
2561,1745948032.6246202,182.63936042785645
2562,1745948032.8187125,183.29334259033203
2563,1745948033.0128126,183.49528312683105
2564,1745948033.2081761,183.29739570617676
2565,1745948033.4021585,183.59851837158203
2566,1745948033.5963147,183.62927436828613
2567,1745948033.789888,182.7828884124756
2568,1745948033.9832036,182.70516395568848
2569,1745948034.1768706,182.6341152191162
2570,1745948034.3712502,183.28332901000977
2571,1745948034.5647738,183.03322792053223
2572,1745948034.7583153,182.93452262878418
2573,1745948034.9521093,182.50107765197754
2574,1745948035.1464868,183.55846405029297
2575,1745948035.3409896,184.06391143798828
2576,1745948035.5352943,182.9853057861328
2577,1745948035.7294805,183.4237575531006
2578,1745948035.9229913,182.90281295776367
2579,1745948036.1160817,182.20019340515137
2580,1745948036.3092625,181.6239356994629
2581,1745948036.5043294,183.29954147338867
2582,1745948036.6979806,182.64341354370117
2583,1745948036.8918846,182.6155185699463
2584,1745948037.085692,183.0451488494873
2585,1745948037.2792969,182.96194076538086
2586,1745948037.4805708,190.87529182434082
2587,1745948037.6748044,183.09497833251953
2588,1745948037.8686397,183.23135375976562
2589,1745948038.0626802,183.52842330932617
2590,1745948038.2552886,182.24000930786133
2591,1745948038.4495463,183.349609375
2592,1745948038.6428516,182.52038955688477
2593,1745948038.836437,182.56497383117676
2594,1745948039.0304778,183.26616287231445
2595,1745948039.2248006,183.24041366577148
2596,1745948039.4179242,182.2817325592041
2597,1745948039.6120343,182.94572830200195
2598,1745948039.8063776,183.48407745361328
2599,1745948040.0015638,184.16309356689453
2600,1745948040.1952462,182.098388671875
2601,1745948040.3899279,184.33690071105957
2602,1745948040.5836575,183.13908576965332
2603,1745948040.7772634,182.5392246246338
2604,1745948040.972617,184.21149253845215
2605,1745948041.166778,183.5930347442627
2606,1745948041.359581,182.2960376739502
2607,1745948041.554709,183.516263961792
2608,1745948041.7480972,182.1277141571045
2609,1745948041.9421153,182.4960708618164
2610,1745948042.136819,183.3360195159912
2611,1745948042.3306623,183.2118034362793
2612,1745948042.524234,183.0430030822754
2613,1745948042.717032,181.54644966125488
2614,1745948042.911932,183.81690979003906
2615,1745948043.1050885,182.4939250946045
2616,1745948043.2993531,183.57491493225098
2617,1745948043.4943018,183.49647521972656
2618,1745948043.6880665,182.88755416870117
2619,1745948043.8820548,182.9218864440918
2620,1745948044.0758698,183.29310417175293
2621,1745948044.270662,183.6984157562256
2622,1745948044.4645364,183.11762809753418
2623,1745948044.6589794,183.39300155639648
2624,1745948044.853031,182.54876136779785
2625,1745948045.0468445,183.21847915649414
2626,1745948045.240829,183.44712257385254
2627,1745948045.4371917,185.227632522583
2628,1745948045.6310296,183.32386016845703
2629,1745948045.825165,182.9373836517334
2630,1745948046.0194345,183.0921173095703
2631,1745948046.2132328,182.76190757751465
2632,1745948046.4068885,182.48844146728516
2633,1745948046.6009698,182.87086486816406
2634,1745948046.7954025,184.3111515045166
2635,1745948046.9881814,182.21449851989746
2636,1745948047.1816425,182.3117733001709
2637,1745948047.3769925,184.31377410888672
2638,1745948047.5707486,183.0892562866211
2639,1745948047.7648497,183.4585666656494
2640,1745948047.9596415,184.25989151000977
2641,1745948048.1534731,183.13288688659668
2642,1745948048.347751,183.23516845703125
2643,1745948048.54187,182.95574188232422
2644,1745948048.7360475,183.1815242767334
2645,1745948048.929614,183.0430030822754
2646,1745948049.1289823,187.78133392333984
2647,1745948049.3223157,182.8155517578125
2648,1745948049.5153816,182.53660202026367
2649,1745948049.708889,182.85369873046875
2650,1745948049.9062672,185.9738826751709
2651,1745948050.1037428,186.94114685058594
2652,1745948050.2997878,185.03499031066895
2653,1745948050.492999,182.29007720947266
2654,1745948050.6871405,183.08305740356445
2655,1745948050.8816085,183.74085426330566
2656,1745948051.0751004,182.38377571105957
2657,1745948051.2684019,182.26337432861328
2658,1745948051.4640262,184.47375297546387
2659,1745948051.6579187,183.13837051391602
2660,1745948051.8508883,182.4345588684082
2661,1745948052.0455089,183.29524993896484
2662,1745948052.238269,182.20233917236328
2663,1745948052.4325519,183.24851989746094
2664,1745948052.6335075,190.42730331420898
2665,1745948052.8270504,182.52301216125488
2666,1745948053.0200806,182.50489234924316
2667,1745948053.2149322,183.6705207824707
2668,1745948053.4094927,183.7916374206543
2669,1745948053.604616,184.39054489135742
2670,1745948053.7977972,182.55186080932617
2671,1745948053.9923437,183.53271484375
2672,1745948054.185545,182.55949020385742
2673,1745948054.3805695,183.86173248291016
2674,1745948054.574304,183.41636657714844
2675,1745948054.7677479,182.68156051635742
2676,1745948054.961093,182.81888961791992
2677,1745948055.1542072,182.25884437561035
2678,1745948055.3480532,182.77716636657715
2679,1745948055.5430498,183.94756317138672
2680,1745948055.7378018,184.09323692321777
2681,1745948055.9317386,182.95955657958984
2682,1745948056.1259558,183.18748474121094
2683,1745948056.3184762,181.91838264465332
2684,1745948056.5127866,183.26401710510254
2685,1745948056.706456,182.63959884643555
2686,1745948056.900825,183.3348274230957
2687,1745948057.0960345,184.2825412750244
2688,1745948057.289539,182.37066268920898
2689,1745948057.484225,183.5026741027832
2690,1745948057.6807508,185.48107147216797
2691,1745948057.8739269,182.47008323669434
2692,1745948058.0674186,182.54566192626953
2693,1745948058.2622855,184.04221534729004
2694,1745948058.4560475,183.0916404724121
2695,1745948058.6508427,183.4392547607422
2696,1745948058.8448348,183.39061737060547
2697,1745948059.037923,182.56592750549316
2698,1745948059.2318466,183.29262733459473
2699,1745948059.4260297,183.64572525024414
2700,1745948059.6190832,182.33156204223633
2701,1745948059.8143444,184.42368507385254
2702,1745948060.0073035,182.42502212524414
2703,1745948060.2025971,184.07034873962402
2704,1745948060.3966584,183.04061889648438
2705,1745948060.5921874,184.0670108795166
2706,1745948060.785881,182.65843391418457
2707,1745948060.9809127,184.0038299560547
2708,1745948061.1737764,182.33084678649902
2709,1745948061.4060082,221.1909294128418
2710,1745948061.6027946,185.74833869934082
2711,1745948061.7980478,184.23032760620117
2712,1745948061.994165,184.98873710632324
2713,1745948062.1898615,184.65328216552734
2714,1745948062.385814,184.90982055664062
2715,1745948062.5858095,189.29243087768555
2716,1745948062.7812383,184.07630920410156
2717,1745948062.9779396,185.56833267211914
2718,1745948063.1737173,184.45825576782227
2719,1745948063.369627,184.66424942016602
2720,1745948063.5689147,188.25960159301758
2721,1745948063.7658002,186.140775680542
2722,1745948063.9616563,185.17494201660156
2723,1745948064.15937,186.41924858093262
2724,1745948064.353512,183.35795402526855
2725,1745948064.5487638,184.18526649475098
2726,1745948064.7449887,185.70494651794434
2727,1745948064.940336,184.72647666931152
2728,1745948065.1362252,184.58914756774902
2729,1745948065.3324893,185.74118614196777
2730,1745948065.5285428,184.7238540649414
2731,1745948065.72426,184.58819389343262
2732,1745948065.9206452,184.7219467163086
2733,1745948066.115131,184.27705764770508
2734,1745948066.311369,185.68038940429688
2735,1745948066.5056539,183.78233909606934
2736,1745948066.7025511,186.25497817993164
2737,1745948066.898128,185.0605010986328
2738,1745948067.0925663,183.92157554626465
2739,1745948067.2861574,182.5544834136963
2740,1745948067.4890862,191.79701805114746
2741,1745948067.6849961,183.8819980621338
2742,1745948067.8798525,183.57586860656738
2743,1745948068.0767994,186.10525131225586
2744,1745948068.2734623,186.11907958984375
2745,1745948068.4705968,186.37442588806152
2746,1745948068.6670337,185.87708473205566
2747,1745948068.8621068,184.13710594177246
2748,1745948069.0581403,184.72051620483398
2749,1745948069.2535856,184.81779098510742
2750,1745948069.4480958,183.4721565246582
2751,1745948069.6451907,186.07497215270996
2752,1745948069.8397582,184.04316902160645
2753,1745948070.0375805,186.51938438415527
2754,1745948070.2323365,183.59827995300293
2755,1745948070.428768,185.3170394897461
2756,1745948070.6242073,184.85760688781738
2757,1745948070.8196857,183.95233154296875
2758,1745948071.016594,186.1855983734131
2759,1745948071.2133267,185.7917308807373
2760,1745948071.4089618,183.88724327087402
2761,1745948071.6046126,185.14657020568848
2762,1745948071.8011012,185.82558631896973
2763,1745948071.9947712,182.7676296234131
2764,1745948072.1919713,185.88757514953613
2765,1745948072.3875184,184.44299697875977
2766,1745948072.5835927,185.55188179016113
2767,1745948072.7780313,183.40730667114258
2768,1745948072.9755423,186.4926815032959
2769,1745948073.169938,183.84456634521484
2770,1745948073.364141,183.685302734375
2771,1745948073.5592403,183.92634391784668
2772,1745948073.7572355,186.46860122680664
2773,1745948073.9516056,183.3508014678955
2774,1745948074.1449592,182.20806121826172
2775,1745948074.3412592,185.16087532043457
2776,1745948074.5373962,185.56737899780273
2777,1745948074.7323895,184.07177925109863
2778,1745948074.9265025,182.92522430419922
2779,1745948075.120767,183.2435131072998
2780,1745948075.3150282,183.18963050842285
2781,1745948075.5085788,182.62863159179688
2782,1745948075.7038062,184.0989589691162
2783,1745948075.8974938,182.9841136932373
2784,1745948076.0922697,183.75325202941895
2785,1745948076.2853951,182.6651096343994
2786,1745948076.4800968,183.29596519470215
2787,1745948076.674926,183.9463710784912
2788,1745948076.8694615,183.62116813659668
2789,1745948077.0638516,183.88032913208008
2790,1745948077.257951,183.57419967651367
2791,1745948077.4535205,185.44316291809082
2792,1745948077.648104,183.83002281188965
2793,1745948077.842182,182.97481536865234
2794,1745948078.03575,182.58333206176758
2795,1745948078.2293932,182.7402114868164
2796,1745948078.4231744,183.17842483520508
2797,1745948078.6175904,183.11381340026855
2798,1745948078.8109338,182.9073429107666
2799,1745948079.0056367,183.28380584716797
2800,1745948079.199711,182.68990516662598
2801,1745948079.3934357,182.57689476013184
2802,1745948079.5875957,183.24780464172363
2803,1745948079.780742,182.61337280273438
2804,1745948079.9740677,182.28650093078613
2805,1745948080.1680107,182.908296585083
2806,1745948080.361878,182.82508850097656
2807,1745948080.555046,182.051420211792
2808,1745948080.750887,184.2801570892334
2809,1745948080.94453,183.0747127532959
2810,1745948081.1382804,182.48724937438965
2811,1745948081.3323534,183.3336353302002
2812,1745948081.5261407,183.18676948547363
2813,1745948081.720194,183.52770805358887
2814,1745948081.9134603,182.37757682800293
2815,1745948082.1067345,182.19399452209473
2816,1745948082.3016582,182.49845504760742
2817,1745948082.50365,191.8163299560547
2818,1745948082.6973078,183.02631378173828
2819,1745948082.890761,182.42955207824707
2820,1745948083.0850961,183.41994285583496
2821,1745948083.2791476,183.01773071289062
2822,1745948083.4734185,183.2449436187744
2823,1745948083.6668832,182.90352821350098
2824,1745948083.8613553,183.39085578918457
2825,1745948084.0539474,181.9326877593994
2826,1745948084.247963,183.0003261566162
2827,1745948084.4420762,182.76643753051758
2828,1745948084.6360316,182.8939914703369
2829,1745948084.8290184,181.94818496704102
2830,1745948085.023551,183.0143928527832
2831,1745948085.2195015,185.18471717834473
2832,1745948085.4138505,183.31432342529297
2833,1745948085.6068676,182.67130851745605
2834,1745948085.800902,182.9071044921875
2835,1745948085.9944222,182.3742389678955
2836,1745948086.188927,183.53986740112305
2837,1745948086.382523,183.05277824401855
2838,1745948086.5762956,182.74688720703125
2839,1745948086.7698495,182.91068077087402
2840,1745948086.963987,183.09879302978516
2841,1745948087.1640525,189.42689895629883
2842,1745948087.3589315,184.32188034057617
2843,1745948087.5667162,197.14736938476562
2844,1745948087.772213,194.49234008789062
2845,1745948087.9654546,182.72161483764648
2846,1745948088.1592872,183.26473236083984
2847,1745948088.3539896,184.12494659423828
2848,1745948088.5478303,182.77430534362793
2849,1745948088.741921,183.42995643615723
2850,1745948088.934625,182.1756362915039
2851,1745948089.1288064,183.14313888549805
2852,1745948089.3360634,196.67577743530273
2853,1745948089.5312757,183.67910385131836
2854,1745948089.7248197,183.3362579345703
2855,1745948089.9191978,183.70437622070312
2856,1745948090.1118412,182.13319778442383
2857,1745948090.3060472,183.18724632263184
2858,1745948090.4994822,182.9202175140381
2859,1745948090.693044,183.04777145385742
2860,1745948090.8880856,183.90417098999023
2861,1745948091.0821176,183.04872512817383
2862,1745948091.2759335,183.2897663116455
2863,1745948091.4693463,183.01796913146973
2864,1745948091.6630378,182.94644355773926
2865,1745948091.8574464,183.14337730407715
2866,1745948092.052014,183.58945846557617
2867,1745948092.2462811,183.74872207641602
2868,1745948092.4407966,183.3207607269287
2869,1745948092.6349247,183.61616134643555
2870,1745948092.8281415,182.64436721801758
2871,1745948093.022993,183.81929397583008
2872,1745948093.217254,183.18963050842285
2873,1745948093.410426,183.08639526367188
2874,1745948093.6042879,182.88516998291016
2875,1745948093.798411,183.58397483825684
2876,1745948093.9926076,183.08234214782715
2877,1745948094.188586,185.12344360351562
2878,1745948094.3822172,183.0906867980957
2879,1745948094.575726,182.6317310333252
2880,1745948094.7709575,184.1747760772705
2881,1745948094.964862,182.38115310668945
2882,1745948095.1591926,183.27808380126953
2883,1745948095.3547163,184.29899215698242
2884,1745948095.5514884,185.49180030822754
2885,1745948095.7478144,185.66632270812988
2886,1745948095.9435055,184.99088287353516
2887,1745948096.139481,185.14037132263184
2888,1745948096.3359158,185.42051315307617
2889,1745948096.5319197,185.49513816833496
2890,1745948096.7276144,185.06383895874023
2891,1745948096.9249477,186.20800971984863
2892,1745948097.1316826,195.50609588623047
2893,1745948097.3271644,184.9067211151123
2894,1745948097.5222325,184.55004692077637
2895,1745948097.7169554,184.10015106201172
2896,1745948097.9129763,185.03952026367188
2897,1745948098.109331,185.85920333862305
2898,1745948098.3049233,184.57698822021484
2899,1745948098.5008674,185.2738857269287
2900,1745948098.696661,185.075044631958
2901,1745948098.8937654,185.59741973876953
2902,1745948099.0878596,183.08281898498535
2903,1745948099.2836213,185.12535095214844
2904,1745948099.4795954,185.18733978271484
2905,1745948099.6732087,182.59525299072266
2906,1745948099.8687904,184.29327011108398
2907,1745948100.0665295,186.54823303222656
2908,1745948100.2627883,185.64844131469727
2909,1745948100.4568038,183.5029125213623
2910,1745948100.6519904,184.60369110107422
2911,1745948100.8491194,185.41741371154785
2912,1745948101.043979,183.7475299835205
2913,1745948101.2392726,184.7689151763916
2914,1745948101.4368932,186.55681610107422
2915,1745948101.63391,186.41090393066406
2916,1745948101.8297775,185.36067008972168
2917,1745948102.0242758,184.0207576751709
2918,1745948102.2200155,184.6776008605957
2919,1745948102.4163547,185.3182315826416
2920,1745948102.6111646,183.83121490478516
2921,1745948102.8056047,183.80212783813477
2922,1745948103.0027122,185.8232021331787
2923,1745948103.1995275,186.22517585754395
2924,1745948103.3944187,184.22865867614746
2925,1745948103.58808,183.180570602417
2926,1745948103.7844613,185.36758422851562
2927,1745948103.9794965,184.06319618225098
2928,1745948104.1782525,186.9957447052002
2929,1745948104.3732388,184.45372581481934
2930,1745948104.5670264,183.20345878601074
2931,1745948104.7636237,185.72163581848145
2932,1745948104.9607372,185.90593338012695
2933,1745948105.1562178,184.80229377746582
2934,1745948105.3508856,183.63356590270996
2935,1745948105.5467632,185.34111976623535
2936,1745948105.7415824,184.30805206298828
2937,1745948105.937851,185.76645851135254
2938,1745948106.1330435,184.47327613830566
2939,1745948106.327632,183.56776237487793
2940,1745948106.521877,183.8669776916504
2941,1745948106.7169943,183.97903442382812
2942,1745948106.9132187,185.1966381072998
2943,1745948107.1086392,183.9008331298828
2944,1745948107.3045795,185.35637855529785
2945,1745948107.499287,183.64691734313965
2946,1745948107.6951132,184.30471420288086
2947,1745948107.8896868,184.00311470031738
2948,1745948108.0857835,185.26434898376465
2949,1745948108.2807643,184.84783172607422
2950,1745948108.4767349,184.9536895751953
2951,1745948108.6729987,185.2407455444336
2952,1745948108.8681114,184.51237678527832
2953,1745948109.0646796,185.4567527770996
2954,1745948109.2612898,185.85634231567383
2955,1745948109.456635,184.6771240234375
2956,1745948109.6518154,184.34619903564453
2957,1745948109.8467624,184.38220024108887
2958,1745948110.0425882,185.06956100463867
2959,1745948110.2390046,185.87779998779297
2960,1745948110.432336,182.71398544311523
2961,1745948110.626948,183.45260620117188
2962,1745948110.8245232,186.47336959838867
2963,1745948111.0196447,184.4327449798584
2964,1745948111.2123039,182.07573890686035
2965,1745948111.4059393,182.5239658355713
2966,1745948111.5998197,183.29143524169922
2967,1745948111.793722,183.38871002197266
2968,1745948111.9884613,183.81762504577637
2969,1745948112.181962,182.7998161315918
2970,1745948112.376245,183.1185817718506
2971,1745948112.5781026,190.76085090637207
2972,1745948112.7721832,183.09283256530762
2973,1745948112.9664662,183.52007865905762
2974,1745948113.1592076,182.13868141174316
2975,1745948113.3536203,182.90305137634277
2976,1745948113.5479205,183.29429626464844
2977,1745948113.7423458,183.3643913269043
2978,1745948113.9349747,182.1117401123047
2979,1745948114.1312597,184.77535247802734
2980,1745948114.324893,183.10976028442383
2981,1745948114.518535,182.54327774047852
2982,1745948114.7127593,183.07948112487793
2983,1745948114.9068818,183.10999870300293
2984,1745948115.1016657,183.76398086547852
2985,1745948115.2949417,182.66749382019043
2986,1745948115.488945,183.52723121643066
2987,1745948115.683433,183.40277671813965
2988,1745948115.8767943,182.80649185180664
2989,1745948116.0707867,182.97123908996582
2990,1745948116.265526,183.38823318481445
2991,1745948116.4600601,184.0188503265381
2992,1745948116.654368,183.29429626464844
2993,1745948116.8484464,183.06350708007812
2994,1745948117.0428414,183.36868286132812
2995,1745948117.2375233,183.65764617919922
2996,1745948117.4308054,182.75022506713867
2997,1745948117.6248837,183.50863456726074
2998,1745948117.820747,184.9672794342041
2999,1745948118.0150266,183.3951473236084
3000,1745948118.2095232,183.97235870361328
3001,1745948118.4028652,182.30915069580078
3002,1745948118.5967076,182.46865272521973
3003,1745948118.7897718,182.0237636566162
3004,1745948118.9839556,182.38592147827148
3005,1745948119.1790836,184.16905403137207
3006,1745948119.3736708,183.5479736328125
3007,1745948119.5679169,183.7151050567627
3008,1745948119.7619877,183.5482120513916
3009,1745948119.9570277,183.28428268432617
3010,1745948120.1507318,183.40373039245605
3011,1745948120.346002,183.66694450378418
3012,1745948120.539277,182.55114555358887
3013,1745948120.7336915,182.89518356323242
3014,1745948120.9277718,183.0735206604004
3015,1745948121.1221092,183.2261085510254
3016,1745948121.3151796,182.37829208374023
3017,1745948121.5108466,185.13894081115723
3018,1745948121.7038352,182.45363235473633
3019,1745948121.89689,182.09052085876465
3020,1745948122.091607,183.63475799560547
3021,1745948122.286612,184.34548377990723
3022,1745948122.4793484,181.77509307861328
3023,1745948122.6724544,181.84900283813477
3024,1745948122.8663864,182.86561965942383
3025,1745948123.0596466,182.3728084564209
3026,1745948123.2530916,182.38353729248047
3027,1745948123.446254,182.11007118225098
3028,1745948123.6408,183.17842483520508
3029,1745948123.8340204,182.6934814453125
3030,1745948124.027516,182.7552318572998
3031,1745948124.2215137,182.36327171325684
3032,1745948124.416908,184.35072898864746
3033,1745948124.6320477,204.15115356445312
3034,1745948124.825959,182.97982215881348
3035,1745948125.0204446,183.1369400024414
3036,1745948125.2154522,184.19861793518066
3037,1745948125.409714,183.93659591674805
3038,1745948125.6044815,183.8846206665039
3039,1745948125.7994683,184.3717098236084
3040,1745948125.993618,183.39133262634277
3041,1745948126.1921284,187.02387809753418
3042,1745948126.3857753,182.52968788146973
3043,1745948126.5833247,186.31553649902344
3044,1745948126.7806942,186.53345108032227
3045,1745948126.9760172,184.16476249694824
3046,1745948127.1790876,191.77579879760742
3047,1745948127.3779967,187.76941299438477
3048,1745948127.58319,194.15807723999023
3049,1745948127.779648,185.52923202514648
3050,1745948127.9757938,185.6067180633545
3051,1745948128.1724775,186.07091903686523
3052,1745948128.3668568,183.23421478271484
3053,1745948128.562149,183.78496170043945
3054,1745948128.757641,184.97967720031738
3055,1745948128.9541323,185.40596961975098
3056,1745948129.1506422,185.78791618347168
3057,1745948129.3465855,184.8924160003662
3058,1745948129.5412369,183.3634376525879
3059,1745948129.7372785,184.83948707580566
3060,1745948129.9336188,185.81223487854004
3061,1745948130.1280663,183.8366985321045
3062,1745948130.32421,184.89623069763184
3063,1745948130.5191357,184.33308601379395
3064,1745948130.7135746,183.50934982299805
3065,1745948130.9110293,186.4340305328369
3066,1745948131.1060705,184.342622756958
3067,1745948131.30063,184.04841423034668
3068,1745948131.4964266,185.26768684387207
3069,1745948131.6934032,185.96243858337402
3070,1745948131.8879437,184.02600288391113
3071,1745948132.0832052,184.5555305480957
3072,1745948132.2781985,184.3574047088623
3073,1745948132.4741728,184.7519874572754
3074,1745948132.6712909,185.59956550598145
3075,1745948132.8667076,184.32044982910156
3076,1745948133.0660126,188.0486011505127
3077,1745948133.2599766,182.82771110534668
3078,1745948133.4565198,185.57047843933105
3079,1745948133.6671436,199.873685836792
3080,1745948133.8644292,186.74111366271973
3081,1745948134.0593421,183.82573127746582
3082,1745948134.2581048,188.13514709472656
3083,1745948134.4559698,186.83481216430664
3084,1745948134.652664,185.54377555847168
3085,1745948134.8506682,187.32404708862305
3086,1745948135.0462492,184.83877182006836
3087,1745948135.2428355,185.54091453552246
3088,1745948135.4367707,183.40158462524414
3089,1745948135.6325688,185.50968170166016
3090,1745948135.8266988,183.87985229492188
3091,1745948136.022347,184.9193572998047
3092,1745948136.217632,184.67211723327637
3093,1745948136.4126132,184.10801887512207
3094,1745948136.6087239,184.78751182556152
3095,1745948136.8038533,184.3554973602295
3096,1745948136.999321,184.7071647644043
3097,1745948137.1970084,187.00003623962402
3098,1745948137.3915973,184.3571662902832
3099,1745948137.5882292,185.36877632141113
3100,1745948137.7825427,183.92705917358398
3101,1745948137.9789426,184.9372386932373
3102,1745948138.1731794,183.4089756011963
3103,1745948138.3692677,185.34016609191895
3104,1745948138.5641403,183.2735538482666
3105,1745948138.759919,184.78059768676758
3106,1745948138.9591565,188.08603286743164
3107,1745948139.159918,190.28353691101074
3108,1745948139.3550239,183.85601043701172
3109,1745948139.5555081,190.06872177124023
3110,1745948139.7529655,186.93041801452637
3111,1745948139.9488091,185.15443801879883
3112,1745948140.1441312,184.71074104309082
3113,1745948140.344675,189.4667148590088
3114,1745948140.539679,183.97021293640137
3115,1745948140.7352831,184.5874786376953
3116,1745948140.937071,190.2616024017334
3117,1745948141.134847,186.70892715454102
3118,1745948141.3302083,184.30256843566895
3119,1745948141.5250676,184.33070182800293
3120,1745948141.7192268,183.58159065246582
3121,1745948141.915994,184.85569953918457
3122,1745948142.11817,191.64013862609863
3123,1745948142.3168204,187.66546249389648
3124,1745948142.5253897,197.91483879089355
3125,1745948142.7276213,191.725492477417
3126,1745948142.952829,214.55693244934082
3127,1745948143.1505759,186.72847747802734
3128,1745948143.34816,187.0250701904297
3129,1745948143.5450344,186.3405704498291
3130,1745948143.7392645,183.62021446228027
3131,1745948143.9345415,183.76421928405762
3132,1745948144.12987,184.30566787719727
3133,1745948144.3246582,183.9759349822998
3134,1745948144.5253043,190.09637832641602
3135,1745948144.7234583,187.47949600219727
3136,1745948144.9178474,182.97934532165527
3137,1745948145.1146445,185.70494651794434
3138,1745948145.3092046,184.01241302490234
3139,1745948145.5038252,184.02528762817383
3140,1745948145.6993036,185.09936332702637
3141,1745948145.8928425,182.91664123535156
3142,1745948146.0886354,184.42082405090332
3143,1745948146.2848186,185.48226356506348
3144,1745948146.4800286,184.52858924865723
3145,1745948146.6746778,183.49933624267578
3146,1745948146.8711777,185.39786338806152
3147,1745948147.0664046,184.7066879272461
3148,1745948147.261871,184.72671508789062
3149,1745948147.459233,186.3412857055664
3150,1745948147.6557791,185.44602394104004
3151,1745948147.8512425,184.91530418395996
3152,1745948148.0463424,183.87484550476074
3153,1745948148.2422702,184.85093116760254
3154,1745948148.4397113,186.9373321533203
3155,1745948148.6354527,185.06455421447754
3156,1745948148.8316765,185.62626838684082
3157,1745948149.027663,184.9691867828369
3158,1745948149.2227256,184.04102325439453
3159,1745948149.4181242,184.25440788269043
3160,1745948149.6142564,185.6088638305664
3161,1745948149.8101063,185.14490127563477
3162,1745948150.0059583,185.54973602294922
3163,1745948150.1993446,182.87181854248047
3164,1745948150.395826,185.349702835083
3165,1745948150.5912814,184.81206893920898
3166,1745948150.788961,186.3253116607666
3167,1745948150.9846284,185.09340286254883
3168,1745948151.179344,183.70580673217773
3169,1745948151.376172,184.94176864624023
3170,1745948151.5700507,183.34269523620605
3171,1745948151.7665467,185.3616237640381
3172,1745948151.9607873,183.6557388305664
3173,1745948152.1574428,185.7132911682129
3174,1745948152.3523223,184.31544303894043
3175,1745948152.5888748,226.10020637512207
3176,1745948152.7835147,183.5775375366211
3177,1745948152.9797885,185.14657020568848
3178,1745948153.1754043,185.2555274963379
3179,1745948153.3698022,183.258056640625
3180,1745948153.5650628,184.74912643432617
3181,1745948153.760923,185.499906539917
3182,1745948153.9565282,184.11803245544434
3183,1745948154.1517084,184.5698356628418
3184,1745948154.346753,184.35907363891602
3185,1745948154.5433416,186.2499713897705
3186,1745948154.7392757,184.70215797424316
3187,1745948154.936451,185.28056144714355
3188,1745948155.133989,186.85674667358398
3189,1745948155.3291664,184.7829818725586
3190,1745948155.5265055,186.64956092834473
3191,1745948155.7218812,184.95798110961914
3192,1745948155.9173732,184.91077423095703
3193,1745948156.1136594,185.74118614196777
3194,1745948156.3091614,184.96060371398926
3195,1745948156.5049093,185.10937690734863
3196,1745948156.7022126,186.29121780395508
3197,1745948156.8988032,186.04040145874023
3198,1745948157.0945532,184.85593795776367
3199,1745948157.2910953,185.6398582458496
3200,1745948157.4920855,190.66691398620605
3201,1745948157.6899922,186.95878982543945
3202,1745948157.8848863,183.87460708618164
3203,1745948158.080024,184.31901931762695
3204,1745948158.275875,185.29224395751953
3205,1745948158.4733896,186.37394905090332
3206,1745948158.6698663,185.96363067626953
3207,1745948158.8648112,184.31425094604492
3208,1745948159.0614023,185.9445571899414
3209,1745948159.2570465,184.86547470092773
3210,1745948159.4523492,184.14616584777832
3211,1745948159.6511493,187.6356601715088
3212,1745948159.8470852,185.3787899017334
3213,1745948160.0429945,185.28079986572266
3214,1745948160.2389498,184.6468448638916
3215,1745948160.4356174,184.55243110656738
3216,1745948160.6297357,183.88843536376953
3217,1745948160.8232908,182.82747268676758
3218,1745948161.0205941,185.83989143371582
3219,1745948161.215534,184.4191551208496
3220,1745948161.4099495,183.90250205993652
3221,1745948161.606212,185.21714210510254
3222,1745948161.8017852,184.33690071105957
3223,1745948162.06276,250.41508674621582
3224,1745948162.2595778,185.7607364654541
3225,1745948162.454113,184.0229034423828
3226,1745948162.6496565,185.0142478942871
3227,1745948162.8445444,183.8393211364746
3228,1745948163.0406308,185.5447292327881
3229,1745948163.2355633,183.77685546875
3230,1745948163.4325924,184.9963665008545
3231,1745948163.6260889,182.9824447631836
3232,1745948163.82267,185.52851676940918
3233,1745948164.018379,185.20259857177734
3234,1745948164.2139866,184.57841873168945
3235,1745948164.408736,184.21673774719238
3236,1745948164.604454,184.7681999206543
3237,1745948164.8007522,184.28516387939453
3238,1745948164.9960687,185.23073196411133
3239,1745948165.1907291,184.15522575378418
3240,1745948165.3861942,184.90934371948242
3241,1745948165.580054,183.4852695465088
3242,1745948165.7758756,184.79299545288086
3243,1745948165.9720318,185.61315536499023
3244,1745948166.1689398,186.36107444763184
3245,1745948166.363824,184.434175491333
3246,1745948166.559636,185.32109260559082
3247,1745948166.7539828,183.81977081298828
3248,1745948166.9489846,184.31425094604492
3249,1745948167.1461802,186.87796592712402
3250,1745948167.3400652,183.65097045898438
3251,1745948167.5350428,184.42511558532715
3252,1745948167.72922,183.12311172485352
3253,1745948167.9248443,184.16714668273926
3254,1745948168.118784,182.88516998291016
3255,1745948168.311865,181.98704719543457
3256,1745948168.5068066,183.6073398590088
3257,1745948168.7008317,183.39943885803223
3258,1745948168.8944743,182.9671859741211
3259,1745948169.0890357,183.6872100830078
3260,1745948169.283522,183.4723949432373
3261,1745948169.477671,183.7317943572998
3262,1745948169.671869,183.55393409729004
3263,1745948169.866053,183.43782424926758
3264,1745948170.0585907,181.98370933532715
3265,1745948170.2519965,182.10530281066895
3266,1745948170.4468052,183.66241455078125
3267,1745948170.6420698,184.14950370788574
3268,1745948170.8356419,182.9354763031006
3269,1745948171.0291069,182.94978141784668
3270,1745948171.223305,182.78193473815918
3271,1745948171.4170458,183.22134017944336
3272,1745948171.611693,183.52460861206055
3273,1745948171.8056612,183.06469917297363
3274,1745948171.9994826,183.30979347229004
3275,1745948172.1929471,182.92236328125
3276,1745948172.3879344,184.356689453125
3277,1745948172.5909374,191.48564338684082
3278,1745948172.7841876,182.72089958190918
3279,1745948172.9775836,182.65533447265625
3280,1745948173.1721182,183.51221084594727
3281,1745948173.3649206,182.30652809143066
3282,1745948173.5588958,182.71994590759277
3283,1745948173.7533646,183.34150314331055
3284,1745948173.950722,186.8302822113037
3285,1745948174.144075,182.76691436767578
3286,1745948174.3390985,182.95812606811523
3287,1745948174.5322132,182.60574340820312
3288,1745948174.7271416,183.91656875610352
3289,1745948174.9211297,183.09903144836426
3290,1745948175.1153395,183.61520767211914
3291,1745948175.3090732,183.1960678100586
3292,1745948175.5021815,182.57379531860352
3293,1745948175.6958818,182.68728256225586
3294,1745948175.8893983,182.47675895690918
3295,1745948176.0841393,183.72368812561035
3296,1745948176.2771263,182.48677253723145
3297,1745948176.4711025,182.88254737854004
3298,1745948176.6738596,192.06953048706055
3299,1745948176.866581,181.4897060394287
3300,1745948177.060694,182.8629970550537
3301,1745948177.2570713,185.83011627197266
3302,1745948177.4510589,182.9514503479004
3303,1745948177.6451838,182.97648429870605
3304,1745948177.8400545,183.85934829711914
3305,1745948178.0338829,183.19106101989746
3306,1745948178.2267103,182.2187900543213
3307,1745948178.4201257,182.88755416870117
3308,1745948178.6132646,182.1115016937256
3309,1745948178.8101218,185.84060668945312
3310,1745948179.0042036,183.06779861450195
3311,1745948179.1986523,183.42828750610352
3312,1745948179.3925521,182.91330337524414
3313,1745948179.5861526,183.05468559265137
3314,1745948179.7797697,182.10434913635254
3315,1745948179.9727957,182.00278282165527
3316,1745948180.166731,182.9228401184082
3317,1745948180.3612373,183.6099624633789
3318,1745948180.554276,182.57713317871094
3319,1745948180.7489378,184.14664268493652
3320,1745948180.9421427,182.6956272125244
3321,1745948181.1361794,183.02202224731445
3322,1745948181.3298938,183.44950675964355
3323,1745948181.52355,182.51967430114746
3324,1745948181.7172203,182.40833282470703
3325,1745948181.9115608,183.3169460296631
3326,1745948182.1051147,183.0587387084961
3327,1745948182.29903,182.8782558441162
3328,1745948182.4952836,185.13035774230957
3329,1745948182.6894686,183.67481231689453
3330,1745948182.8832288,182.8315258026123
3331,1745948183.075854,182.1157932281494
3332,1745948183.2690756,182.12246894836426
3333,1745948183.4627957,183.19129943847656
3334,1745948183.6560214,182.21712112426758
3335,1745948183.849987,182.70587921142578
3336,1745948184.0443652,183.59899520874023
3337,1745948184.239789,185.23383140563965
3338,1745948184.4362693,185.98008155822754
3339,1745948184.632207,184.86499786376953
3340,1745948184.8285034,185.78338623046875
3341,1745948185.0246336,185.11438369750977
3342,1745948185.2217968,185.94861030578613
3343,1745948185.416022,183.35294723510742
3344,1745948185.6124988,185.44769287109375
3345,1745948185.8084934,185.00995635986328
3346,1745948186.0021455,182.63530731201172
3347,1745948186.195671,182.73186683654785
3348,1745948186.3893857,182.69824981689453
3349,1745948186.584011,183.6092472076416
3350,1745948186.7787452,183.9430332183838
3351,1745948186.97364,183.81881713867188
3352,1745948187.1677034,182.93380737304688
3353,1745948187.3622956,183.55417251586914
3354,1745948187.56407,190.86694717407227
3355,1745948187.7581947,183.10832977294922
3356,1745948187.951889,183.16006660461426
3357,1745948188.146601,184.08751487731934
3358,1745948188.3399003,182.5735569000244
3359,1745948188.5342085,183.29358100891113
3360,1745948188.7277231,182.9967498779297
3361,1745948188.92153,182.99198150634766
3362,1745948189.115909,183.3186149597168
3363,1745948189.3108995,182.92951583862305
3364,1745948189.504101,183.1495761871338
3365,1745948189.6969967,182.450532913208
3366,1745948189.8915293,183.52270126342773
3367,1745948190.0854592,183.34078788757324
3368,1745948190.2792675,182.97266960144043
3369,1745948190.4731605,183.3627223968506
3370,1745948190.6678574,183.6569309234619
3371,1745948190.8648796,186.39183044433594
3372,1745948191.0590122,183.1188201904297
3373,1745948191.2566442,186.11741065979004
3374,1745948191.451289,183.08234214782715
3375,1745948191.6469035,185.014009475708
3376,1745948191.8415048,183.5803985595703
3377,1745948192.0355225,182.79576301574707
3378,1745948192.2291722,182.52158164978027
3379,1745948192.4233565,183.1655502319336
3380,1745948192.6167667,182.89995193481445
3381,1745948192.8107593,183.48407745361328
3382,1745948193.0051422,183.82906913757324
3383,1745948193.1975899,181.9436550140381
3384,1745948193.391637,183.02440643310547
3385,1745948193.5863576,183.39252471923828
3386,1745948193.7867317,190.02795219421387
3387,1745948193.9809973,183.93731117248535
3388,1745948194.1756122,184.2641830444336
3389,1745948194.3688757,182.6322078704834
3390,1745948194.5633674,183.18462371826172
3391,1745948194.7575397,183.1979751586914
3392,1745948194.9521284,183.579683303833
3393,1745948195.1463835,183.16078186035156
3394,1745948195.339346,181.82134628295898
3395,1745948195.533725,181.77461624145508
3396,1745948195.727192,183.35223197937012
3397,1745948195.9207394,182.9543113708496
3398,1745948196.1157322,183.7787628173828
3399,1745948196.309123,182.88302421569824
3400,1745948196.5028844,183.08615684509277
3401,1745948196.6962533,182.3904514312744
3402,1745948196.8907154,183.4104061126709
3403,1745948197.084536,183.23421478271484
3404,1745948197.279151,183.55655670166016
3405,1745948197.47286,182.93476104736328
3406,1745948197.6662421,182.9969882965088
3407,1745948197.859237,182.4634075164795
3408,1745948198.0533988,182.90305137634277
3409,1745948198.247108,183.3202838897705
3410,1745948198.441667,183.53939056396484
3411,1745948198.6383774,185.699462890625
3412,1745948198.831882,182.21163749694824
3413,1745948199.027695,184.8011016845703
3414,1745948199.222129,183.59136581420898
3415,1745948199.416082,183.45975875854492
3416,1745948199.6098807,182.7676296234131
3417,1745948199.8046193,183.4719181060791
3418,1745948199.9982367,183.10976028442383
3419,1745948200.1921194,182.90948867797852
3420,1745948200.3855042,182.50179290771484
3421,1745948200.5792696,182.7065944671631
3422,1745948200.7735028,182.82842636108398
3423,1745948200.9680345,183.74943733215332
3424,1745948201.1613925,182.61003494262695
3425,1745948201.3560152,183.2270622253418
3426,1745948201.5498304,182.43908882141113
3427,1745948201.744157,183.10928344726562
3428,1745948201.9372494,182.72686004638672
3429,1745948202.1310961,182.6760768890381
3430,1745948202.3252938,183.1669807434082
3431,1745948202.5274403,191.61510467529297
3432,1745948202.7220516,184.07416343688965
3433,1745948202.9163895,183.73656272888184
3434,1745948203.1096451,182.89828300476074
3435,1745948203.3029575,182.67583847045898
3436,1745948203.4980433,184.24463272094727
3437,1745948203.6921911,183.01725387573242
3438,1745948203.886215,183.51006507873535
3439,1745948204.079784,183.01725387573242
3440,1745948204.2736332,183.33172798156738
3441,1745948204.4673824,183.18939208984375
3442,1745948204.661914,183.46762657165527
3443,1745948204.8559773,183.31122398376465
3444,1745948205.050489,182.9829216003418
3445,1745948205.2444427,182.39784240722656
3446,1745948205.4393163,183.86268615722656
3447,1745948205.6335342,183.58182907104492
3448,1745948205.8276572,183.3972930908203
3449,1745948206.0216672,182.58261680603027
3450,1745948206.2163875,183.47811698913574
3451,1745948206.4112096,183.8052272796631
3452,1745948206.6040611,182.66701698303223
3453,1745948206.7984905,183.4115982055664
3454,1745948206.9916258,182.62553215026855
3455,1745948207.1849022,182.1908950805664
3456,1745948207.3819354,185.835599899292
3457,1745948207.575561,183.1033229827881
3458,1745948207.7686074,182.51872062683105
3459,1745948207.9623826,182.5847625732422
3460,1745948208.1552553,182.35373497009277
3461,1745948208.3499856,183.59065055847168
3462,1745948208.5450208,183.94231796264648
3463,1745948208.7388732,183.22491645812988
3464,1745948208.9331658,183.81857872009277
3465,1745948209.1272986,183.6109161376953
3466,1745948209.3218374,184.02624130249023
3467,1745948209.5165308,183.26187133789062
3468,1745948209.7107508,183.19988250732422
3469,1745948209.9041917,182.74712562561035
3470,1745948210.098273,182.9071044921875
3471,1745948210.292043,182.59286880493164
3472,1745948210.486345,183.22515487670898
3473,1745948210.6810193,183.62665176391602
3474,1745948210.8740418,182.29031562805176
3475,1745948211.0676641,182.48367309570312
3476,1745948211.261571,182.7564239501953
3477,1745948211.455457,182.70325660705566
3478,1745948211.6492722,183.14433097839355
3479,1745948211.8427718,182.9071044921875
3480,1745948212.03627,183.28619003295898
3481,1745948212.2310324,184.33237075805664
3482,1745948212.4242368,182.55972862243652
3483,1745948212.6180985,182.722806930542
3484,1745948212.811965,182.68704414367676
3485,1745948213.0059097,182.72638320922852
3486,1745948213.19968,182.52015113830566
3487,1745948213.3931365,182.86633491516113
3488,1745948213.5874252,183.19392204284668
3489,1745948213.7820258,183.91990661621094
3490,1745948213.9759073,183.27069282531738
3491,1745948214.1691825,182.14178085327148
3492,1745948214.3623245,181.59198760986328
3493,1745948214.556466,182.9855442047119
3494,1745948214.7506323,183.0463409423828
3495,1745948214.9435225,182.37590789794922
3496,1745948215.138082,183.48932266235352
3497,1745948215.332318,183.1042766571045
3498,1745948215.524825,182.27696418762207
3499,1745948215.7194717,183.54392051696777
3500,1745948215.91312,181.98800086975098
3501,1745948216.1072888,184.03220176696777
3502,1745948216.3009398,181.81777000427246
3503,1745948216.4937465,182.63697624206543
3504,1745948216.6876998,182.75904655456543
3505,1745948216.8808522,182.25622177124023
3506,1745948217.0756931,183.44783782958984
3507,1745948217.2693043,183.06732177734375
3508,1745948217.4632285,182.40952491760254
3509,1745948217.663646,189.20612335205078
3510,1745948217.857242,182.4350357055664
3511,1745948218.0506747,182.17992782592773
3512,1745948218.2456195,183.30144882202148
3513,1745948218.4387336,182.51705169677734
3514,1745948218.632546,182.6791763305664
3515,1745948218.8269217,183.36200714111328
3516,1745948219.0232458,185.03785133361816
3517,1745948219.2165484,182.28793144226074
3518,1745948219.4093378,182.04307556152344
3519,1745948219.6037261,183.1681728363037
3520,1745948219.7977645,182.58333206176758
3521,1745948219.9918058,183.04061889648438
3522,1745948220.1862266,183.78615379333496
3523,1745948220.3795884,182.66057968139648
3524,1745948220.573899,183.68077278137207
3525,1745948220.76818,183.24899673461914
3526,1745948220.9616275,182.76333808898926
3527,1745948221.156296,183.30001831054688
3528,1745948221.3495634,182.45601654052734
3529,1745948221.5434995,182.30390548706055
3530,1745948221.7372406,182.55877494812012
3531,1745948221.930821,182.450532913208
3532,1745948222.1251547,183.7766170501709
3533,1745948222.320655,184.20028686523438
3534,1745948222.5153315,183.81786346435547
3535,1745948222.7097445,183.1228733062744
3536,1745948222.90422,183.40492248535156
3537,1745948223.0984929,183.1364631652832
3538,1745948223.292227,183.213472366333
3539,1745948223.4869957,184.22651290893555
3540,1745948223.679565,182.14702606201172
3541,1745948223.8739805,183.05158615112305
3542,1745948224.0675948,183.0909252166748
3543,1745948224.2618158,183.47620964050293
3544,1745948224.4559686,183.0289363861084
3545,1745948224.64923,182.2493076324463
3546,1745948224.843948,183.1645965576172
3547,1745948225.038168,182.88874626159668
3548,1745948225.2315266,182.68561363220215
3549,1745948225.4253342,182.6467514038086
3550,1745948225.619439,183.4697723388672
3551,1745948225.8129096,182.87301063537598
3552,1745948226.0070684,182.9855442047119
3553,1745948226.1998794,181.98204040527344
3554,1745948226.394192,183.2904815673828
3555,1745948226.5877151,182.36875534057617
3556,1745948226.7821422,183.25066566467285
3557,1745948226.9768562,184.1144561767578
3558,1745948227.1692731,181.9918155670166
3559,1745948227.3636472,182.3863983154297
3560,1745948227.5586698,183.9427947998047
3561,1745948227.7556896,185.5640411376953
3562,1745948227.951905,185.94598770141602
3563,1745948228.1608388,198.29154014587402
3564,1745948228.3693056,198.1062889099121
3565,1745948228.5948155,214.7696018218994
3566,1745948228.8043113,198.95601272583008
3567,1745948229.0212176,206.16698265075684
3568,1745948229.2430713,211.0137939453125
3569,1745948229.4595754,205.7814598083496
3570,1745948229.670889,200.8514404296875
3571,1745948229.882728,201.5986442565918
3572,1745948230.0894165,195.83845138549805
3573,1745948230.2978747,197.32952117919922
3574,1745948230.5027854,193.85957717895508
3575,1745948230.719156,205.85966110229492
3576,1745948230.9169042,187.08276748657227
3577,1745948231.1279964,200.6368637084961
3578,1745948231.3208177,182.29222297668457
3579,1745948231.5214326,189.65482711791992
3580,1745948231.7178407,185.77146530151367
3581,1745948231.9170856,188.91406059265137
3582,1745948232.1282156,200.06561279296875
3583,1745948232.3293731,190.39106369018555
3584,1745948232.5481687,208.26029777526855
3585,1745948232.7574728,199.01490211486816
3586,1745948232.9545326,186.59067153930664
3587,1745948233.1492145,183.8688850402832
3588,1745948233.349376,189.5911693572998
3589,1745948233.5438688,183.93230438232422
3590,1745948233.7446373,189.75591659545898
3591,1745948233.9417927,185.92071533203125
3592,1745948234.135556,183.0422878265381
3593,1745948234.3284388,182.3599338531494
3594,1745948234.5271552,188.1883144378662
3595,1745948234.7216465,183.44807624816895
3596,1745948234.9174323,184.71407890319824
3597,1745948235.1114786,182.98625946044922
3598,1745948235.304968,182.9824447631836
3599,1745948235.499728,183.56943130493164
3600,1745948235.6936657,182.89566040039062
3601,1745948235.8886876,183.9749813079834
3602,1745948236.0860791,185.85920333862305
3603,1745948236.2791867,182.57665634155273
3604,1745948236.4723754,182.17015266418457
3605,1745948236.6672258,182.84034729003906
3606,1745948236.860711,182.46030807495117
3607,1745948237.0548537,183.63237380981445
3608,1745948237.2492325,183.73537063598633
3609,1745948237.4430134,183.26401710510254
3610,1745948237.636489,182.84177780151367
3611,1745948237.8319683,184.45158004760742
3612,1745948238.0252829,182.53326416015625
3613,1745948238.2191515,182.85751342773438
3614,1745948238.412756,182.5711727142334
3615,1745948238.6064274,183.0880641937256
3616,1745948238.7996452,182.7068328857422
3617,1745948238.9943104,183.08115005493164
3618,1745948239.1916196,186.67984008789062
3619,1745948239.3848987,182.3740005493164
3620,1745948239.5801327,183.59613418579102
3621,1745948239.7759492,185.5018138885498
3622,1745948239.976241,189.29147720336914
3623,1745948240.1717942,184.3862533569336
3624,1745948240.3722417,189.9404525756836
3625,1745948240.5724804,189.4989013671875
3626,1745948240.783069,199.65815544128418
3627,1745948240.9865506,193.09449195861816
3628,1745948241.184727,186.81097030639648
3629,1745948241.3890975,193.24803352355957
3630,1745948241.5937564,193.6779022216797
3631,1745948241.7940803,189.32271003723145
3632,1745948241.9892137,184.1142177581787
3633,1745948242.1914475,191.741943359375
3634,1745948242.3948114,192.45243072509766
3635,1745948242.5969331,191.01643562316895
3636,1745948242.7979226,190.57941436767578
3637,1745948243.0135465,204.79655265808105
3638,1745948243.22055,196.61998748779297
3639,1745948243.4224563,191.05195999145508
3640,1745948243.632511,199.08523559570312
3641,1745948243.828713,185.12678146362305
3642,1745948244.0293777,189.697265625
3643,1745948244.228675,188.6129379272461
3644,1745948244.4295137,190.5074119567871
3645,1745948244.6358533,194.8833465576172
3646,1745948244.8372068,189.49651718139648
3647,1745948245.0694835,221.16923332214355
3648,1745948245.2807178,199.23663139343262
3649,1745948245.476749,185.34231185913086
3650,1745948245.6786091,190.98544120788574
3651,1745948245.8755777,186.04779243469238
3652,1745948246.070877,184.3702793121338
3653,1745948246.2674422,185.67156791687012
3654,1745948246.4691195,190.63210487365723
3655,1745948246.6714308,191.7555332183838
3656,1745948246.8757913,193.96638870239258
3657,1745948247.0805552,194.36073303222656
3658,1745948247.2907524,199.02467727661133
3659,1745948247.5006583,199.10812377929688
3660,1745948247.7016873,189.81313705444336
3661,1745948247.905515,193.56107711791992
3662,1745948248.113753,197.6783275604248
3663,1745948248.3209898,195.79458236694336
3664,1745948248.522538,191.19572639465332
3665,1745948248.723913,190.4919147491455
3666,1745948248.9289727,194.77033615112305
3667,1745948249.132545,192.77524948120117
3668,1745948249.334383,190.36221504211426
3669,1745948249.5316546,186.66934967041016
3670,1745948249.7338293,191.4076805114746
3671,1745948249.9283369,183.5043430328369
3672,1745948250.1218646,183.01129341125488
3673,1745948250.3193822,186.77759170532227
3674,1745948250.5181506,188.0474090576172
3675,1745948250.7154064,186.20038032531738
3676,1745948250.9123344,185.7454776763916
3677,1745948251.1125252,189.07713890075684
3678,1745948251.3100543,187.00790405273438
3679,1745948251.5194643,198.99225234985352
3680,1745948251.7329507,201.77459716796875
3681,1745948251.9307618,187.42871284484863
3682,1745948252.130458,188.74073028564453
3683,1745948252.3374684,196.42329216003418
3684,1745948252.535067,187.255859375
3685,1745948252.7293608,183.2573413848877
3686,1745948252.9252024,183.56680870056152
3687,1745948253.1227958,186.68413162231445
3688,1745948253.3189683,185.76383590698242
3689,1745948253.5173507,187.03722953796387
3690,1745948253.7208955,193.41325759887695
3691,1745948253.925594,193.2835578918457
3692,1745948254.125658,188.98272514343262
3693,1745948254.3329473,195.7387924194336
3694,1745948254.5318367,188.0476474761963
3695,1745948254.7379866,195.33920288085938
3696,1745948254.940494,192.2457218170166
3697,1745948255.1432135,191.6496753692627
3698,1745948255.3414252,187.06798553466797
3699,1745948255.5414655,189.41330909729004
3700,1745948255.745265,193.0844783782959
3701,1745948255.9458623,190.46759605407715
3702,1745948256.1455424,188.26007843017578
3703,1745948256.343261,186.92374229431152
3704,1745948256.5424712,189.06259536743164
3705,1745948256.7372208,184.0808391571045
3706,1745948256.935617,187.59989738464355
3707,1745948257.1331828,187.00361251831055
3708,1745948257.328282,183.9425563812256
3709,1745948258.3501256,nan
3710,1745948258.5507648,190.3541088104248
3711,1745948258.7517626,190.33408164978027
3712,1745948258.950538,188.08412551879883
3713,1745948259.1473334,185.7912540435791
3714,1745948259.345721,187.20054626464844
3715,1745948259.5411315,184.50689315795898
3716,1745948259.739451,187.29138374328613
3717,1745948259.9375207,186.86652183532715
3718,1745948260.1313605,182.80553817749023
3719,1745948260.329133,186.2807273864746
3720,1745948260.5216403,181.69093132019043
3721,1745948260.7204936,187.8530979156494
3722,1745948260.919585,187.7458095550537
3723,1745948261.121491,191.09249114990234
3724,1745948261.3282642,195.71280479431152
3725,1745948261.5243464,185.4114532470703
3726,1745948261.7224064,187.5007152557373
3727,1745948261.9222898,188.05480003356934
3728,1745948262.117993,184.80920791625977
3729,1745948262.3178413,189.50343132019043
3730,1745948262.5262692,197.68953323364258
3731,1745948262.723167,186.42449378967285
3732,1745948262.9262936,191.80870056152344
3733,1745948263.1236725,186.8140697479248
3734,1745948263.3240597,189.5158290863037
3735,1745948263.52474,190.35005569458008
3736,1745948263.7240543,188.48180770874023
3737,1745948263.925605,190.93847274780273
3738,1745948264.130841,194.66781616210938
3739,1745948264.3357263,193.91322135925293
3740,1745948264.5369718,190.57941436767578
3741,1745948264.73929,191.3747787475586
3742,1745948264.94206,191.75982475280762
3743,1745948265.1481152,194.95058059692383
3744,1745948265.3567555,197.94440269470215
3745,1745948265.5591004,191.34974479675293
3746,1745948265.7645698,192.5525665283203
3747,1745948265.962341,187.40510940551758
3748,1745948266.159789,186.83719635009766
3749,1745948266.3572946,186.14578247070312
3750,1745948266.5526752,184.8151683807373
3751,1745948266.7523959,188.8422966003418
3752,1745948266.94801,184.6463680267334
3753,1745948267.1493604,190.53220748901367
3754,1745948267.346129,186.3687038421631
3755,1745948267.5430853,186.19346618652344
3756,1745948267.7365718,182.61051177978516
3757,1745948267.9326308,184.9813461303711
3758,1745948268.131962,188.35687637329102
3759,1745948268.3272343,184.2174530029297
3760,1745948268.5204833,182.57904052734375
3761,1745948268.7148254,183.5627555847168
3762,1745948268.912016,186.17630004882812
3763,1745948269.1083746,185.62889099121094
3764,1745948269.302403,183.3052635192871
3765,1745948269.4968646,183.9888095855713
3766,1745948269.6950755,187.2079372406006
3767,1745948269.8886244,183.03775787353516
3768,1745948270.0837646,183.90536308288574
3769,1745948270.2783842,183.61330032348633
3770,1745948270.473511,184.0829849243164
3771,1745948270.6723275,187.38365173339844
3772,1745948270.8664026,183.50744247436523
3773,1745948271.062897,185.93597412109375
3774,1745948271.257024,183.14552307128906
3775,1745948271.4516978,183.65240097045898
3776,1745948271.6511524,188.45224380493164
3777,1745948271.8486092,186.51890754699707
3778,1745948272.0450046,185.22262573242188
3779,1745948272.2404907,184.6923828125
3780,1745948272.433996,182.83748626708984
3781,1745948272.6321468,187.7286434173584
3782,1745948272.8265672,183.37035179138184
3783,1745948273.0226166,184.94677543640137
3784,1745948273.2160325,182.48534202575684
3785,1745948273.4173293,190.28377532958984
3786,1745948273.6157084,186.90228462219238
3787,1745948273.8145106,187.7272129058838
3788,1745948274.0149658,189.61167335510254
3789,1745948274.2109454,185.18853187561035
3790,1745948274.4117742,189.1798973083496
3791,1745948274.6213377,198.1947422027588
3792,1745948274.8231363,191.46156311035156
3793,1745948275.0190883,185.24622917175293
3794,1745948275.2242196,193.66765022277832
3795,1745948275.418742,184.19790267944336
3796,1745948275.6166356,187.08276748657227
3797,1745948275.811811,184.77368354797363
3798,1745948276.0191326,196.57206535339355
3799,1745948276.2337697,204.12349700927734
3800,1745948276.4270308,182.59382247924805
3801,1745948276.6238155,185.81819534301758
3802,1745948276.8184173,184.33761596679688
3803,1745948277.0157428,186.68055534362793
3804,1745948277.2153618,188.53044509887695
3805,1745948277.4156098,189.9569034576416
3806,1745948277.6190171,192.51132011413574
3807,1745948277.8117044,182.19304084777832
3808,1745948278.0056646,182.91997909545898
3809,1745948278.200649,183.82787704467773
3810,1745948278.3951643,183.90393257141113
3811,1745948278.5907803,184.94606018066406
3812,1745948278.7841067,182.5847625732422
3813,1745948278.982102,187.00790405273438
3814,1745948279.175982,182.7073097229004
3815,1745948279.369706,182.1880340576172
3816,1745948279.5636854,182.0981502532959
3817,1745948279.757565,183.70652198791504
3818,1745948279.9518738,183.03680419921875
3819,1745948280.1465805,183.94875526428223
3820,1745948280.3390315,182.37566947937012
3821,1745948280.532909,182.21497535705566
3822,1745948280.7266366,182.74331092834473
3823,1745948280.9228504,185.17756462097168
3824,1745948281.1160233,182.5551986694336
3825,1745948281.3100836,182.72924423217773
3826,1745948281.5066557,185.32633781433105
3827,1745948281.6993556,182.49750137329102
3828,1745948281.8946373,183.76398086547852
3829,1745948282.0883589,183.19201469421387
3830,1745948282.2820342,182.90352821350098
3831,1745948282.4772553,184.29136276245117
3832,1745948282.671555,183.16054344177246
3833,1745948282.86475,182.07573890686035
3834,1745948283.0579078,182.1277141571045
3835,1745948283.2538648,184.9985122680664
3836,1745948283.4476707,183.15863609313965
3837,1745948283.6408966,183.04109573364258
3838,1745948283.834899,182.89589881896973
3839,1745948284.0291588,182.0201873779297
3840,1745948284.2237523,184.33594703674316
3841,1745948284.4174318,182.95598030090332
3842,1745948284.6117702,183.46786499023438
3843,1745948284.8057156,183.40301513671875
3844,1745948284.9992502,182.9242706298828
3845,1745948285.193137,182.34610557556152
3846,1745948285.3869047,182.76143074035645
3847,1745948285.5812287,182.9681396484375
3848,1745948285.7756512,183.3634376525879
3849,1745948285.9687607,182.32083320617676
3850,1745948286.1638453,184.0806007385254
3851,1745948286.35835,183.48431587219238
3852,1745948286.5588996,190.03677368164062
3853,1745948286.7522569,182.81793594360352
3854,1745948286.9484499,185.15992164611816
3855,1745948287.1419055,182.73687362670898
3856,1745948287.3359034,182.9521656036377
3857,1745948287.5310984,184.80777740478516
3858,1745948287.723798,182.13653564453125
3859,1745948287.9187331,183.69364738464355
3860,1745948288.1135795,184.13901329040527
3861,1745948288.306895,182.75952339172363
3862,1745948288.5010018,183.0744743347168
3863,1745948288.6947994,183.29691886901855
3864,1745948288.8888202,182.97433853149414
3865,1745948289.0827208,183.2292079925537
3866,1745948289.2768638,183.02416801452637
3867,1745948289.4721649,183.87579917907715
3868,1745948289.6666014,183.91656875610352
3869,1745948289.8591523,181.99944496154785
3870,1745948290.0541883,183.7477684020996
3871,1745948290.247837,182.13319778442383
3872,1745948290.4418628,183.00223350524902
3873,1745948290.6356316,182.7535629272461
3874,1745948290.8297691,183.1200122833252
3875,1745948291.0239365,182.45673179626465
3876,1745948291.2179205,183.6559772491455
3877,1745948291.4118876,183.34174156188965
3878,1745948291.604652,182.4016571044922
3879,1745948291.7983446,182.6622486114502
3880,1745948291.9922812,182.57927894592285
3881,1745948292.186228,182.92236328125
3882,1745948292.3806117,183.50529670715332
3883,1745948292.5819466,190.63329696655273
3884,1745948292.7773154,184.2195987701416
3885,1745948292.9706154,182.82628059387207
3886,1745948293.1657007,184.01122093200684
3887,1745948293.3589404,183.0275058746338
3888,1745948293.554028,184.07154083251953
3889,1745948293.7476351,183.49719047546387
3890,1745948293.9411306,182.91521072387695
3891,1745948294.1359043,183.97188186645508
3892,1745948294.3306227,183.6707592010498
3893,1745948294.5238323,182.70516395568848
3894,1745948294.7196136,185.0450038909912
3895,1745948294.9136918,183.0313205718994
3896,1745948295.1081288,184.00120735168457
3897,1745948295.3016584,182.6622486114502
3898,1745948295.4959211,183.23612213134766
3899,1745948295.6909866,184.0519905090332
3900,1745948295.8838065,182.72995948791504
3901,1745948296.078787,183.45904350280762
3902,1745948296.272251,183.00533294677734
3903,1745948296.4659111,183.1495761871338
3904,1745948296.6596467,182.82008171081543
3905,1745948296.8557365,185.14585494995117
3906,1745948297.0496461,182.265043258667
3907,1745948297.2436266,182.85608291625977
3908,1745948297.436017,182.30462074279785
3909,1745948297.630759,183.72368812561035
3910,1745948297.8246877,183.38370323181152
3911,1745948298.0188258,183.58278274536133
3912,1745948298.2139037,184.5400333404541
3913,1745948298.406894,182.0974349975586
3914,1745948298.601241,183.42924118041992
3915,1745948298.7947547,183.00104141235352
3916,1745948298.9905255,184.7515106201172
3917,1745948299.1829176,182.0814609527588
3918,1745948299.378794,184.8301887512207
3919,1745948299.5725372,183.16078186035156
3920,1745948299.7669241,182.8169822692871
3921,1745948299.9609702,183.9132308959961
3922,1745948300.1556678,182.9540729522705
3923,1745948300.3546546,187.92128562927246
3924,1745948300.548935,183.14671516418457
3925,1745948300.7423434,182.73091316223145
3926,1745948300.937039,183.52794647216797
3927,1745948301.1306458,183.09330940246582
3928,1745948301.3255663,183.79688262939453
3929,1745948301.5191042,182.97863006591797
3930,1745948301.713662,183.51149559020996
3931,1745948301.9082372,183.41445922851562
3932,1745948302.1019163,183.1684112548828
3933,1745948302.2958155,182.88683891296387
3934,1745948302.4899282,183.45069885253906
3935,1745948302.6841557,183.7313175201416
3936,1745948302.8789048,184.25703048706055
3937,1745948303.0726657,183.15410614013672
3938,1745948303.2667832,183.55989456176758
3939,1745948303.4607038,183.1531524658203
3940,1745948303.6536827,182.4636459350586
3941,1745948303.8481498,183.44712257385254
3942,1745948304.0434365,184.77535247802734
3943,1745948304.2379358,183.48312377929688
3944,1745948304.4315264,183.06994438171387
3945,1745948304.6266785,184.11493301391602
3946,1745948304.8190231,181.82754516601562
3947,1745948305.0136037,182.97886848449707
3948,1745948305.207693,182.95025825500488
3949,1745948305.4019554,183.71987342834473
3950,1745948305.5957713,182.78932571411133
3951,1745948305.789493,182.98816680908203
3952,1745948305.9845784,184.41486358642578
3953,1745948306.1779013,182.84320831298828
3954,1745948306.3716722,183.1490993499756
3955,1745948306.5726821,190.43564796447754
3956,1745948306.7671564,184.281587600708
3957,1745948306.961156,183.4099292755127
3958,1745948307.1560507,184.69929695129395
3959,1745948307.3509874,183.89272689819336
3960,1745948307.551948,190.4158592224121
3961,1745948307.7470348,184.41224098205566
3962,1745948307.939232,181.68950080871582
3963,1745948308.1341214,183.3817958831787
3964,1745948308.3277342,183.10213088989258
3965,1745948308.5221126,183.6841106414795
3966,1745948308.7168262,184.1433048248291
3967,1745948308.909259,181.92458152770996
3968,1745948309.104894,184.12017822265625
3969,1745948309.2987847,183.58635902404785
3970,1745948309.4938378,184.02791023254395
3971,1745948309.6870496,183.12621116638184
3972,1745948309.8809087,183.3484172821045
3973,1745948310.075139,183.71343612670898
3974,1745948310.2697072,183.5477352142334
3975,1745948310.462663,182.2683811187744
3976,1745948310.6569676,183.03942680358887
3977,1745948310.8507452,182.6801300048828
3978,1745948311.0453548,183.58612060546875
3979,1745948311.239837,183.42089653015137
3980,1745948311.4330807,182.7068328857422
3981,1745948311.6285374,184.94701385498047
3982,1745948311.8217952,182.6486587524414
3983,1745948312.015932,183.0437183380127
3984,1745948312.209903,182.91783332824707
3985,1745948312.4028788,182.87158012390137
3986,1745948312.5960238,182.60765075683594
3987,1745948312.7889588,182.53421783447266
3988,1745948312.9836612,183.82716178894043
3989,1745948313.1789165,183.83288383483887
3990,1745948313.373226,184.14616584777832
3991,1745948313.5672927,183.55774879455566
3992,1745948313.760791,182.37829208374023
3993,1745948313.9548514,182.4352741241455
3994,1745948314.1478922,182.96289443969727
3995,1745948314.3419871,183.5765838623047
3996,1745948314.535715,183.14361572265625
3997,1745948314.7307844,184.0341091156006
3998,1745948314.9248714,183.57563018798828
3999,1745948315.1180165,182.9071044921875
4000,1745948315.3116584,183.12335014343262
4001,1745948315.5055306,183.20441246032715
4002,1745948315.6989987,182.21354484558105
4003,1745948315.8926916,182.64365196228027
4004,1745948316.0888145,185.0869655609131
4005,1745948316.284613,185.28032302856445
4006,1745948316.4786334,183.48002433776855
4007,1745948316.6719942,182.72948265075684
4008,1745948316.8660636,183.40826034545898
4009,1745948317.0588977,182.3122501373291
4010,1745948317.25291,182.9509735107422
4011,1745948317.4469507,182.8441619873047
4012,1745948317.6407087,182.6803684234619
4013,1745948317.8347416,183.07828903198242
4014,1745948318.0288103,183.55631828308105
4015,1745948318.2223284,182.51609802246094
4016,1745948318.4165792,183.2129955291748
4017,1745948318.6098583,182.7554702758789
4018,1745948318.804767,183.579683303833
4019,1745948318.9987755,183.4428310394287
4020,1745948319.192652,182.8622817993164
4021,1745948319.3868573,183.74371528625488
4022,1745948319.5793371,182.17086791992188
4023,1745948319.7755375,184.6921443939209
4024,1745948319.968871,182.7828884124756
4025,1745948320.1626332,182.9829216003418
4026,1745948320.3568392,183.5916042327881
4027,1745948320.549736,181.88047409057617
4028,1745948320.7428827,182.09266662597656
4029,1745948320.9367852,182.67416954040527
4030,1745948321.1317744,183.95757675170898
4031,1745948321.3256712,182.88183212280273
4032,1745948321.519442,182.86514282226562
4033,1745948321.712843,182.72948265075684
4034,1745948321.9059093,182.7526092529297
4035,1745948322.0995898,183.1364631652832
4036,1745948322.2937481,183.5193634033203
4037,1745948322.494681,190.09160995483398
4038,1745948322.6881633,182.6760768890381
4039,1745948322.8820212,183.17198753356934
4040,1745948323.0758302,183.24780464172363
4041,1745948323.269268,182.89756774902344
4042,1745948323.463199,182.42144584655762
4043,1745948323.6567278,182.51442909240723
4044,1745948323.8508906,182.79504776000977
4045,1745948324.0456266,183.4702491760254
4046,1745948324.2396195,183.4394931793213
4047,1745948324.432694,182.6307773590088
4048,1745948324.6280425,183.81595611572266
4049,1745948324.822062,183.46405029296875
4050,1745948325.0165458,183.75802040100098
4051,1745948325.20935,182.43980407714844
4052,1745948325.403196,182.5249195098877
4053,1745948325.5978053,183.26616287231445
4054,1745948325.7927372,184.36789512634277
4055,1745948325.9875195,183.77041816711426
4056,1745948326.180845,182.7535629272461
4057,1745948326.3751042,183.1192970275879
4058,1745948326.5705009,184.38172340393066
4059,1745948326.7639017,182.8625202178955
4060,1745948326.9576817,182.68728256225586
4061,1745948327.150724,182.49988555908203
4062,1745948327.345157,183.91990661621094
4063,1745948327.5387535,183.2435131072998
4064,1745948327.7326725,183.16316604614258
4065,1745948327.9278898,184.5242977142334
4066,1745948328.1219082,183.4716796875
4067,1745948328.3155792,182.10077285766602
4068,1745948328.509687,183.577299118042
4069,1745948328.702752,182.5544834136963
4070,1745948328.8977435,183.92014503479004
4071,1745948329.0908856,182.68156051635742
4072,1745948329.2847648,183.23755264282227
4073,1745948329.4819293,186.4945888519287
4074,1745948329.6775365,185.14752388000488
4075,1745948329.8706794,182.1146011352539
4076,1745948330.065603,183.6092472076416
4077,1745948330.259901,183.2890510559082
4078,1745948330.4532907,182.8632354736328
4079,1745948330.6469526,182.65318870544434
4080,1745948330.8407397,182.73544311523438
4081,1745948331.0347629,183.38656425476074
4082,1745948331.228106,182.8320026397705
4083,1745948331.4215336,182.44218826293945
4084,1745948331.6155074,182.81888961791992
4085,1745948331.8099954,183.93802642822266
4086,1745948332.0036762,183.1676959991455
4087,1745948332.1977427,182.9848289489746
4088,1745948332.3917935,183.26759338378906
4089,1745948332.5855756,183.02297592163086
4090,1745948332.779909,183.1672191619873
4091,1745948332.973976,183.36009979248047
4092,1745948333.1685958,183.61163139343262
4093,1745948333.362259,183.11476707458496
4094,1745948333.5564127,183.41684341430664
4095,1745948333.750614,183.17103385925293
4096,1745948333.9445727,182.77716636657715
4097,1745948334.1379251,182.62934684753418
4098,1745948334.3330708,184.11993980407715
4099,1745948334.5275657,183.4716796875
4100,1745948334.720981,182.89995193481445
4101,1745948334.9158885,183.45952033996582
4102,1745948335.111553,185.14180183410645
4103,1745948335.307047,184.44418907165527
4104,1745948335.5017462,182.66987800598145
4105,1745948335.695516,183.17794799804688
4106,1745948335.8893514,182.73544311523438
4107,1745948336.083321,182.94930458068848
4108,1745948336.2776353,183.21990966796875
4109,1745948336.4722219,183.54296684265137
4110,1745948336.6659994,183.26687812805176
4111,1745948336.859405,182.73401260375977
4112,1745948337.0538802,183.4573745727539
4113,1745948337.2481737,183.53796005249023
4114,1745948337.4416547,182.46150016784668
4115,1745948337.6443038,191.61152839660645
4116,1745948337.8410163,185.65082550048828
4117,1745948338.0347476,183.35247039794922
4118,1745948338.2283437,183.34293365478516
4119,1745948338.4222085,182.73448944091797
4120,1745948338.6167235,183.84170532226562
4121,1745948338.809811,181.7781925201416
4122,1745948339.0028608,182.51848220825195
4123,1745948339.1973615,183.8679313659668
4124,1745948339.3904846,182.3267936706543
4125,1745948339.5849192,183.31599235534668
4126,1745948339.7780635,182.54590034484863
4127,1745948339.9720542,183.43830108642578
4128,1745948340.166909,183.8383674621582
4129,1745948340.360981,183.55894088745117
4130,1745948340.5551667,183.18843841552734
4131,1745948340.7487767,183.3200454711914
4132,1745948340.9429007,183.43758583068848
4133,1745948341.1361105,182.5873851776123
4134,1745948341.328946,182.31630325317383
4135,1745948341.5229204,183.33005905151367
4136,1745948341.7167013,182.76715278625488
4137,1745948341.9107294,183.4402084350586
4138,1745948342.1039581,182.8896999359131
4139,1745948342.2980216,183.04896354675293
4140,1745948342.4923966,183.5005283355713
4141,1745948342.6860201,183.1197738647461
4142,1745948342.8806036,183.06994438171387
4143,1745948343.0748062,183.2716464996338
4144,1745948343.2691154,183.45999717712402
4145,1745948343.4618685,182.24143981933594
4146,1745948343.6557212,183.21609497070312
4147,1745948343.8508215,183.98094177246094
4148,1745948344.0458813,183.96234512329102
4149,1745948344.239053,182.63626098632812
4150,1745948344.4331198,182.7678680419922
4151,1745948344.6271808,183.00175666809082
4152,1745948344.82183,183.59899520874023
4153,1745948345.0150542,182.4660301208496
4154,1745948345.2120047,185.93621253967285
4155,1745948345.406619,183.8383674621582
4156,1745948345.6008706,183.70294570922852
4157,1745948345.7939255,182.51442909240723
4158,1745948345.989224,184.27276611328125
4159,1745948346.1871731,187.22796440124512
4160,1745948346.3809867,182.79099464416504
4161,1745948346.5752535,183.1672191619873
4162,1745948346.769473,183.4113597869873
4163,1745948346.9629376,183.31432342529297
4164,1745948347.1570797,183.60638618469238
4165,1745948347.3493638,181.7343235015869
4166,1745948347.5442402,183.3634376525879
4167,1745948347.7385852,183.3345890045166
4168,1745948347.9330888,183.47978591918945
4169,1745948348.1267848,182.95955657958984
4170,1745948348.3200138,182.53207206726074
4171,1745948348.514654,182.68489837646484
4172,1745948348.7087197,183.01939964294434
4173,1745948348.9028606,183.0916404724121
4174,1745948349.097144,183.37392807006836
4175,1745948349.3528385,245.18585205078125
4176,1745948349.5471294,183.2268238067627
4177,1745948349.741738,183.12859535217285
4178,1745948349.9350739,182.31868743896484
4179,1745948350.1289215,182.7857494354248
4180,1745948350.3233037,183.35747718811035
4181,1745948350.5178118,183.51316452026367
4182,1745948350.7115457,183.211088180542
4183,1745948350.9047616,182.56521224975586
4184,1745948351.0986583,182.70039558410645
4185,1745948351.2929797,183.46881866455078
4186,1745948351.486704,183.20751190185547
4187,1745948351.6792483,181.97250366210938
4188,1745948351.8732905,182.53016471862793
4189,1745948352.0674417,183.10213088989258
4190,1745948352.2605364,182.57570266723633
4191,1745948352.4534645,182.33799934387207
4192,1745948352.6466157,182.1422576904297
4193,1745948352.9037464,246.0188865661621
4194,1745948353.1283448,213.4859561920166
4195,1745948353.3557532,216.37296676635742
4196,1745948353.5898972,222.76020050048828
4197,1745948353.7999287,199.4619369506836
4198,1745948354.0194318,208.49299430847168
4199,1745948354.22823,197.77679443359375
4200,1745948354.422002,183.16054344177246
4201,1745948354.615594,182.539701461792
4202,1745948354.8098745,183.21967124938965
4203,1745948355.0039222,183.57491493225098
4204,1745948355.1975245,183.08782577514648
4205,1745948355.3920631,183.6533546447754
4206,1745948355.5847902,182.13605880737305
4207,1745948355.778178,182.3735237121582
4208,1745948355.971682,182.48963356018066
4209,1745948356.165669,182.94739723205566
4210,1745948356.3597457,183.47883224487305
4211,1745948356.5536013,182.68084526062012
4212,1745948356.7491076,183.98332595825195
4213,1745948356.9446895,184.10420417785645
4214,1745948357.1375086,182.52229690551758
4215,1745948357.3319483,182.85679817199707
4216,1745948357.5271885,184.1878890991211
4217,1745948357.7207067,182.50179290771484
4218,1745948357.913751,182.25884437561035
4219,1745948358.108048,183.26425552368164
4220,1745948358.3016644,182.6035976409912
4221,1745948358.494729,182.4951171875
4222,1745948358.688496,182.6183795928955
4223,1745948358.882553,183.47668647766113
4224,1745948359.0784,185.30726432800293
4225,1745948359.2727237,183.79640579223633
4226,1745948359.4664633,183.22443962097168
4227,1745948359.6608357,183.7754249572754
4228,1745948359.8537343,182.55853652954102
4229,1745948360.0477638,182.9216480255127
4230,1745948360.2429814,183.07876586914062
4231,1745948360.4364693,182.97219276428223
4232,1745948360.6320755,184.8311424255371
4233,1745948360.8258257,182.7220916748047
4234,1745948361.0196686,183.32624435424805
4235,1745948361.2185247,188.22908401489258
4236,1745948361.4117296,182.8022003173828
4237,1745948361.6051786,182.4326515197754
4238,1745948361.7986562,182.97457695007324
4239,1745948361.9929576,183.27069282531738
4240,1745948362.187008,183.20083618164062
4241,1745948362.3799036,182.38401412963867
4242,1745948362.578175,186.88726425170898
4243,1745948362.771527,182.84106254577637
4244,1745948362.9653254,182.6484203338623
4245,1745948363.159282,182.94191360473633
4246,1745948363.3536823,182.88850784301758
4247,1745948363.5481308,183.71224403381348
4248,1745948363.741852,183.34674835205078
4249,1745948363.9368083,183.9313507080078
4250,1745948364.1307464,183.4852695465088
4251,1745948364.323637,182.6636791229248
4252,1745948364.5205097,186.30075454711914
4253,1745948364.7142243,182.90162086486816
4254,1745948364.910599,185.86111068725586
4255,1745948365.1050863,184.04126167297363
4256,1745948365.299572,184.21244621276855
4257,1745948365.4938235,184.04150009155273
4258,1745948365.6871483,182.78884887695312
4259,1745948365.8806615,182.8939914703369
4260,1745948366.0736475,182.47079849243164
4261,1745948366.2671854,182.4624538421631
4262,1745948366.462279,184.04722213745117
4263,1745948366.6561418,182.33752250671387
4264,1745948366.849487,182.91354179382324
4265,1745948367.0430095,182.9817295074463
4266,1745948367.2367442,182.694673538208
4267,1745948367.4308958,183.5615634918213
4268,1745948367.6327932,190.84906578063965
4269,1745948367.8267896,183.23755264282227
4270,1745948368.0197911,182.55186080932617
4271,1745948368.214666,183.72702598571777
4272,1745948368.4085882,183.349609375
4273,1745948368.601887,182.7852725982666
4274,1745948368.7956698,182.94787406921387
4275,1745948368.9908357,182.31844902038574
4276,1745948369.188621,187.2730255126953
4277,1745948369.3819404,182.76619911193848
4278,1745948369.5755782,182.57880210876465
4279,1745948369.7687957,182.42692947387695
4280,1745948369.963195,183.01630020141602
4281,1745948370.1577785,183.68768692016602
4282,1745948370.3517094,183.38990211486816
4283,1745948370.5453694,182.48581886291504
4284,1745948370.7391987,182.7390193939209
4285,1745948370.9342875,184.07869338989258
4286,1745948371.1275027,182.70254135131836
4287,1745948371.3221066,183.33864212036133
4288,1745948371.5152667,182.53326416015625
4289,1745948371.7094133,182.89756774902344
4290,1745948371.9037147,183.28499794006348
4291,1745948372.0987787,184.03100967407227
4292,1745948372.2957594,186.31267547607422
4293,1745948372.489648,182.9845905303955
4294,1745948372.682574,182.27815628051758
4295,1745948372.8769603,183.25090408325195
4296,1745948373.0706985,183.14003944396973
4297,1745948373.263993,182.7847957611084
4298,1745948373.458781,183.69436264038086
4299,1745948373.6546528,185.2123737335205
4300,1745948373.8494673,183.58087539672852
4301,1745948374.045643,185.1038932800293
4302,1745948374.2421067,185.95409393310547
4303,1745948374.4380074,185.3961944580078
4304,1745948374.6341262,185.06360054016113
4305,1745948374.8312545,186.5849494934082
4306,1745948375.026362,184.57961082458496
4307,1745948375.2209942,183.48240852355957
4308,1745948375.415661,183.6695671081543
4309,1745948375.6088533,182.84010887145996
4310,1745948375.8034956,183.95185470581055
4311,1745948375.9970624,183.0158233642578
4312,1745948376.1907828,183.1965446472168
4313,1745948376.384554,183.23683738708496
4314,1745948376.5792038,183.9456558227539
4315,1745948376.7730732,182.85465240478516
4316,1745948376.9687102,185.04047393798828
4317,1745948377.1618311,182.91759490966797
4318,1745948377.3564365,183.78591537475586
4319,1745948377.5493824,182.52110481262207
4320,1745948377.7440014,183.1059455871582
4321,1745948377.9379241,182.91783332824707
4322,1745948378.1329799,184.0536594390869
4323,1745948378.3261158,183.03918838500977
4324,1745948378.5203607,182.18660354614258
4325,1745948378.7149942,184.1135025024414
4326,1745948378.9087727,183.40826034545898
4327,1745948379.1030905,183.5174560546875
4328,1745948379.2965486,182.44194984436035
4329,1745948379.4893565,182.15179443359375
4330,1745948379.6835551,182.6798915863037
4331,1745948379.8776865,183.0282211303711
4332,1745948380.0719419,183.22205543518066
4333,1745948380.266008,183.31456184387207
4334,1745948380.4592328,182.56163597106934
4335,1745948380.6536958,183.47477912902832
4336,1745948380.8477445,183.49099159240723
4337,1745948381.0419703,183.69436264038086
4338,1745948381.2351182,182.3570728302002
4339,1745948381.429934,183.7625503540039
4340,1745948381.6247013,183.05540084838867
4341,1745948381.8184924,183.64596366882324
4342,1745948382.0116131,182.64079093933105
4343,1745948382.2055018,182.8937530517578
4344,1745948382.4008138,184.2663288116455
4345,1745948382.601866,189.96214866638184
4346,1745948382.7967012,183.90989303588867
4347,1745948382.9899116,182.7099323272705
4348,1745948383.183102,182.54446983337402
4349,1745948383.3768382,182.71565437316895
4350,1745948383.5717547,183.88772010803223
4351,1745948383.766146,183.78448486328125
4352,1745948383.9610727,183.8984489440918
4353,1745948384.154708,183.319091796875
4354,1745948384.3488352,183.54249000549316
4355,1745948384.5420039,182.33227729797363
4356,1745948384.736216,182.78074264526367
4357,1745948384.9309146,183.1963062286377
4358,1745948385.1250343,183.58516693115234
4359,1745948385.3190002,183.46786499023438
4360,1745948385.5132053,183.38823318481445
4361,1745948385.7070684,183.2892894744873
4362,1745948385.90405,185.96887588500977
4363,1745948386.0990372,183.80451202392578
4364,1745948386.293197,183.67242813110352
4365,1745948386.489135,184.60607528686523
4366,1745948386.6825235,182.99412727355957
4367,1745948386.8763862,182.81173706054688
4368,1745948387.0710828,183.20131301879883
4369,1745948387.2651405,183.51387977600098
4370,1745948387.4590306,183.3629608154297
4371,1745948387.6529956,182.92880058288574
4372,1745948387.8473692,184.0527057647705
4373,1745948388.04076,182.85465240478516
4374,1745948388.2358272,184.50570106506348
4375,1745948388.4308074,184.04912948608398
4376,1745948388.6239882,183.08210372924805
4377,1745948388.818627,183.54558944702148
4378,1745948389.0121942,182.98864364624023
4379,1745948389.206979,183.63666534423828
4380,1745948389.40094,183.3970546722412
4381,1745948389.594166,182.67107009887695
4382,1745948389.7892597,184.00979042053223
4383,1745948389.9833412,183.00914764404297
4384,1745948390.178179,183.32886695861816
4385,1745948390.371942,183.56609344482422
4386,1745948390.566165,183.48097801208496
4387,1745948390.7597804,183.0892562866211
4388,1745948390.9538696,183.5763454437256
4389,1745948391.147421,182.5389862060547
4390,1745948391.340905,182.20901489257812
4391,1745948391.5380325,185.42146682739258
4392,1745948391.731786,182.62600898742676
4393,1745948391.9328687,190.12880325317383
4394,1745948392.1271894,183.22324752807617
4395,1745948392.3220432,184.33856964111328
4396,1745948392.5150287,182.54828453063965
4397,1745948392.7084718,182.39736557006836
4398,1745948392.9017348,182.23834037780762
4399,1745948393.0960445,183.2261085510254
4400,1745948393.2902052,183.64953994750977
4401,1745948393.4843502,183.1347942352295
4402,1745948393.6785426,183.26401710510254
4403,1745948393.8737843,184.22961235046387
4404,1745948394.0681949,183.4585666656494
4405,1745948394.260992,182.2817325592041
4406,1745948394.4550292,182.8784942626953
4407,1745948394.6490095,183.39061737060547
4408,1745948394.8424838,182.96313285827637
4409,1745948395.0364404,182.81006813049316
4410,1745948395.2298083,183.09640884399414
4411,1745948395.4249518,184.3128204345703
4412,1745948395.6190326,182.88302421569824
4413,1745948395.8130393,182.95741081237793
4414,1745948396.0078866,183.46381187438965
4415,1745948396.212963,194.05627250671387
4416,1745948396.4078605,183.47406387329102
4417,1745948396.601657,183.23969841003418
4418,1745948396.797619,184.65089797973633
4419,1745948396.9925222,183.8846206665039
4420,1745948397.1860602,183.0756664276123
4421,1745948397.380883,183.76517295837402
4422,1745948397.5753562,182.97600746154785
4423,1745948397.7694123,182.97839164733887
4424,1745948397.96448,184.04293060302734
4425,1745948398.1583755,183.36725234985352
4426,1745948398.352176,182.78193473815918
4427,1745948398.5459404,182.7080249786377
4428,1745948398.740649,183.4731101989746
4429,1745948398.9338636,182.4474334716797
4430,1745948399.1279411,182.46865272521973
4431,1745948399.3223255,183.3035945892334
4432,1745948399.5167928,183.44616889953613
4433,1745948399.713032,184.17835235595703
4434,1745948399.9065573,183.35509300231934
4435,1745948400.1007035,183.0575466156006
4436,1745948400.2958517,184.06152725219727
4437,1745948400.4889688,182.57927894592285
4438,1745948400.6838174,183.8095188140869
4439,1745948400.877441,183.02321434020996
4440,1745948401.0707703,182.77692794799805
4441,1745948401.265083,182.94835090637207
4442,1745948401.4586408,182.53779411315918
4443,1745948401.6528738,183.19320678710938
4444,1745948401.8496692,186.23852729797363
4445,1745948402.0442479,184.03887748718262
4446,1745948402.238948,184.1897964477539
4447,1745948402.432685,183.1653118133545
4448,1745948402.6280963,183.99405479431152
4449,1745948402.8232598,184.1294765472412
4450,1745948403.0205069,186.20872497558594
4451,1745948403.214915,183.72845649719238
4452,1745948403.4114094,185.40048599243164
4453,1745948403.6059096,183.8841438293457
4454,1745948403.8017259,184.79585647583008
4455,1745948403.9964926,184.12280082702637
4456,1745948404.1914775,183.9289665222168
4457,1745948404.3863406,183.7160587310791
4458,1745948404.5818865,184.45968627929688
4459,1745948404.7766843,183.62188339233398
4460,1745948404.9722307,184.57579612731934
4461,1745948405.1660874,183.34317207336426
4462,1745948405.3606367,184.36050415039062
4463,1745948405.553955,182.73210525512695
4464,1745948405.7477355,183.23493003845215
4465,1745948405.942674,183.79831314086914
4466,1745948406.1373243,183.3038330078125
4467,1745948406.330806,182.99531936645508
4468,1745948406.5236657,182.21354484558105
4469,1745948406.7189581,184.25846099853516
4470,1745948406.9146419,184.6323013305664
4471,1745948407.1069875,182.22427368164062
4472,1745948407.30378,185.26530265808105
4473,1745948407.4971728,183.17675590515137
4474,1745948407.6918602,183.62784385681152
4475,1745948407.8867147,184.05985832214355
4476,1745948408.0791013,182.03020095825195
4477,1745948408.2730346,182.40761756896973
4478,1745948408.4675624,183.52818489074707
4479,1745948408.662014,183.60042572021484
4480,1745948408.8565042,183.98141860961914
4481,1745948409.0507011,183.13121795654297
4482,1745948409.2435606,182.54685401916504
4483,1745948409.438796,184.52119827270508
4484,1745948409.6327243,183.39872360229492
4485,1745948409.826588,183.2575798034668
4486,1745948410.0196426,182.0051670074463
4487,1745948410.2137628,183.08448791503906
4488,1745948410.4094465,184.72743034362793
4489,1745948410.6107981,190.82903861999512
4490,1745948410.8039484,182.7864646911621
4491,1745948410.9989007,184.10491943359375
4492,1745948411.1940906,185.03642082214355
4493,1745948411.3878047,183.04061889648438
4494,1745948411.5819316,183.26973915100098
4495,1745948411.776617,183.66479873657227
4496,1745948411.9706893,183.56037139892578
4497,1745948412.1644394,182.70492553710938
4498,1745948412.3586595,183.11047554016113
4499,1745948412.5520816,182.34658241271973
4500,1745948412.7457025,183.07828903198242
4501,1745948412.9397032,183.39848518371582
4502,1745948413.1336033,182.8901767730713
4503,1745948413.3275173,183.3031177520752
4504,1745948413.5229948,183.45260620117188
4505,1745948413.719211,184.4956874847412
4506,1745948413.914043,184.31591987609863
4507,1745948414.1073222,182.2528839111328
4508,1745948414.3015711,183.1660270690918
4509,1745948414.4946194,182.89995193481445
4510,1745948414.6889615,183.14385414123535
4511,1745948414.8817637,182.28507041931152
4512,1745948415.0762184,183.41684341430664
4513,1745948415.2696445,182.89804458618164
4514,1745948415.4640706,183.38441848754883
4515,1745948415.657696,183.17294120788574
4516,1745948415.8522017,183.4402084350586
4517,1745948416.0479248,185.22095680236816
4518,1745948416.2427888,184.47017669677734
4519,1745948416.4365547,182.90424346923828
4520,1745948416.6307545,184.09252166748047
4521,1745948416.8266587,184.80610847473145
4522,1745948417.0206974,183.52699279785156
4523,1745948417.2149446,183.6240291595459
4524,1745948417.4081526,182.98602104187012
4525,1745948417.6025105,183.84122848510742
4526,1745948417.7969892,183.96925926208496
4527,1745948417.9910536,183.04109573364258
4528,1745948418.1847417,183.16936492919922
4529,1745948418.3792348,183.48169326782227
4530,1745948418.574019,184.2041015625
4531,1745948418.7690687,184.53407287597656
4532,1745948418.9636986,183.1188201904297
4533,1745948419.1610363,186.34700775146484
4534,1745948419.3550918,183.54463577270508
4535,1745948419.5489264,183.32505226135254
4536,1745948419.744496,184.6942901611328
4537,1745948419.9387777,183.319091796875
4538,1745948420.1330528,183.26067924499512
4539,1745948420.3272429,183.5653781890869
4540,1745948420.5209568,183.18986892700195
4541,1745948420.7146776,183.20298194885254
4542,1745948420.909206,184.02481079101562
4543,1745948421.103838,184.11922454833984
4544,1745948421.2977636,183.3627223968506
4545,1745948421.4922373,183.9296817779541
4546,1745948421.68608,183.4890842437744
4547,1745948421.8805642,184.35144424438477
4548,1745948422.0744107,183.72678756713867
4549,1745948422.2679498,183.4547519683838
4550,1745948422.4614751,182.9371452331543
4551,1745948423.482054,nan
4552,1745948423.6764038,183.85648727416992
4553,1745948423.8698235,182.77978897094727
4554,1745948424.0633113,182.50513076782227
4555,1745948424.2577877,183.2427978515625
4556,1745948424.4508119,182.50751495361328
4557,1745948424.6462882,184.2052936553955
4558,1745948424.8400319,182.16490745544434
4559,1745948425.0330365,182.77835845947266
4560,1745948425.2281387,184.12256240844727
4561,1745948425.4235566,184.3717098236084
4562,1745948425.6258764,191.2362575531006
4563,1745948425.8210676,184.61990356445312
4564,1745948426.01338,181.7481517791748
4565,1745948426.208145,183.43162536621094
4566,1745948426.4016426,182.85226821899414
4567,1745948426.5961106,183.69197845458984
4568,1745948426.790784,182.40785598754883
4569,1745948426.984444,183.4850311279297
4570,1745948427.1780884,183.46095085144043
4571,1745948427.373835,184.62252616882324
4572,1745948427.5675027,183.06493759155273
4573,1745948427.7617016,183.80045890808105
4574,1745948427.9550774,182.6794147491455
4575,1745948428.14848,182.3580265045166
4576,1745948428.3442447,183.72321128845215
4577,1745948428.538728,184.0214729309082
4578,1745948428.7332916,183.53819847106934
4579,1745948428.9271524,183.34698677062988
4580,1745948429.1199691,182.30009078979492
4581,1745948429.313984,182.99508094787598
4582,1745948429.5076385,183.08186531066895
4583,1745948429.7017148,183.22467803955078
4584,1745948429.8952143,182.50060081481934
4585,1745948430.0889568,183.1803321838379
4586,1745948430.281961,182.06167221069336
4587,1745948430.4767244,183.5951805114746
4588,1745948430.6710837,183.89058113098145
4589,1745948430.8680708,186.39540672302246
4590,1745948431.06256,183.18748474121094
4591,1745948431.2563665,183.15458297729492
4592,1745948431.4497294,182.8451156616211
4593,1745948431.6448746,183.06970596313477
4594,1745948431.8382328,183.18963050842285
4595,1745948432.0327332,183.82954597473145
4596,1745948432.2263095,182.3263168334961
4597,1745948432.4206126,183.2888126373291
4598,1745948432.613936,182.6951503753662
4599,1745948432.8088064,183.48169326782227
4600,1745948433.0027995,183.39180946350098
4601,1745948433.1968908,183.00771713256836
4602,1745948433.390764,183.24971199035645
4603,1745948433.584453,183.09879302978516
4604,1745948433.77894,183.62760543823242
4605,1745948433.9724467,182.89995193481445
4606,1745948434.166357,182.94119834899902
4607,1745948434.360797,183.14313888549805
4608,1745948434.5538418,182.88397789001465
4609,1745948434.7474298,182.65843391418457
4610,1745948434.9422996,184.22651290893555
4611,1745948435.137493,184.30614471435547
4612,1745948435.3312054,183.14337730407715
4613,1745948435.5256174,183.75563621520996
4614,1745948435.7191298,182.4483871459961
4615,1745948435.9140792,183.90679359436035
4616,1745948436.1107428,185.91856956481934
4617,1745948436.304256,183.03322792053223
4618,1745948436.498091,183.32576751708984
4619,1745948436.6915333,182.91878700256348
4620,1745948436.884774,182.542085647583
4621,1745948437.078797,182.59549140930176
4622,1745948437.2738447,183.6221218109131
4623,1745948437.4666765,182.15322494506836
4624,1745948437.6617537,184.06295776367188
4625,1745948437.933959,261.10196113586426
4626,1745948438.1273506,182.41381645202637
4627,1745948438.3207555,182.24215507507324
4628,1745948438.5154955,183.40802192687988
4629,1745948438.708165,182.0058822631836
4630,1745948438.902141,182.83510208129883
4631,1745948439.0961254,183.33816528320312
4632,1745948439.2898788,183.2418441772461
4633,1745948439.4837976,183.11643600463867
4634,1745948439.6781926,183.4721565246582
4635,1745948439.8718355,183.01868438720703
4636,1745948440.065561,183.09712409973145
4637,1745948440.2584643,182.30342864990234
4638,1745948440.452378,182.7840805053711
4639,1745948440.653879,190.40608406066895
4640,1745948440.8474512,183.04157257080078
4641,1745948441.0421572,183.72225761413574
4642,1745948441.235806,183.349609375
4643,1745948441.4297748,183.03155899047852
4644,1745948441.6245897,184.27562713623047
4645,1745948441.8180718,183.16173553466797
4646,1745948442.0121512,183.42852592468262
4647,1745948442.2069342,184.03911590576172
4648,1745948442.4013555,183.7482452392578
4649,1745948442.5960984,184.10611152648926
4650,1745948442.7891574,182.39164352416992
4651,1745948442.9847658,184.33523178100586
4652,1745948443.1789324,183.58159065246582
4653,1745948443.3730764,183.59613418579102
4654,1745948443.5661025,182.21735954284668
4655,1745948443.7606366,181.72121047973633
4656,1745948443.9544566,183.22205543518066
4657,1745948444.1478865,182.88540840148926
4658,1745948444.3416243,182.68203735351562
4659,1745948444.5372903,184.52882766723633
4660,1745948444.7305372,182.73305892944336
4661,1745948444.92457,182.97338485717773
4662,1745948445.1196604,183.55798721313477
4663,1745948445.3139994,183.24875831604004
4664,1745948445.5073674,183.0272674560547
4665,1745948445.7025664,184.67426300048828
4666,1745948445.8959835,182.37018585205078
4667,1745948446.0893579,182.3558807373047
4668,1745948446.283496,183.1188201904297
4669,1745948446.4774108,182.98983573913574
4670,1745948446.6714816,183.05635452270508
4671,1745948446.866471,183.9897632598877
4672,1745948447.0611515,184.16976928710938
4673,1745948447.2555726,183.7329864501953
4674,1745948447.450547,183.9432716369629
4675,1745948447.644293,183.20178985595703
4676,1745948447.837604,181.9896697998047
4677,1745948448.0324924,182.95955657958984
4678,1745948448.225375,182.54494667053223
4679,1745948448.4195526,183.60161781311035
4680,1745948448.6142683,183.91823768615723
4681,1745948448.8080473,182.7714443206787
4682,1745948449.002901,184.31496620178223
4683,1745948449.1969948,183.06303024291992
4684,1745948449.3916292,183.42900276184082
4685,1745948449.5849462,182.80267715454102
4686,1745948449.7787964,182.53517150878906
4687,1745948449.9716227,182.56258964538574
4688,1745948450.1666555,183.72249603271484
4689,1745948450.3607464,183.52222442626953
4690,1745948450.55485,183.0911636352539
4691,1745948450.7495732,183.19010734558105
4692,1745948450.943438,183.2737922668457
4693,1745948451.138016,183.363676071167
4694,1745948451.3319643,183.4092140197754
4695,1745948451.5256352,183.2714080810547
4696,1745948451.7207608,184.10682678222656
4697,1745948451.9145205,183.09783935546875
4698,1745948452.1088161,183.15839767456055
4699,1745948452.302953,183.55321884155273
4700,1745948452.4965472,182.55162239074707
4701,1745948452.6908705,183.2275390625
4702,1745948452.8855073,183.07995796203613
4703,1745948453.079646,183.03942680358887
4704,1745948453.2750983,184.88049507141113
4705,1745948453.4688363,183.49480628967285
4706,1745948453.6636734,183.78400802612305
4707,1745948453.8579829,183.24947357177734
4708,1745948454.0517044,182.86728858947754
4709,1745948454.2447479,182.49988555908203
4710,1745948454.439677,183.89654159545898
4711,1745948454.6352887,184.9658489227295
4712,1745948454.8291333,182.84130096435547
4713,1745948455.0238693,183.22324752807617
4714,1745948455.2179182,182.9833984375
4715,1745948455.411748,183.26210975646973
4716,1745948455.6130035,190.72985649108887
4717,1745948455.8066046,182.57904052734375
4718,1745948456.000874,183.0449104309082
4719,1745948456.1945252,182.0526123046875
4720,1745948456.3888135,183.00771713256836
4721,1745948456.5831845,182.77835845947266
4722,1745948456.7766945,182.89709091186523
4723,1745948456.9706404,182.97648429870605
4724,1745948457.164714,183.3791732788086
4725,1745948457.35915,183.96449089050293
4726,1745948457.5529068,182.6004981994629
4727,1745948457.7474961,183.95733833312988
4728,1745948457.9414968,183.51125717163086
4729,1745948458.1346443,182.84296989440918
4730,1745948458.3278003,182.6457977294922
4731,1745948458.5218208,183.49981307983398
4732,1745948458.7156708,182.75141716003418
4733,1745948458.9097795,183.07113647460938
4734,1745948459.1036136,183.25257301330566
4735,1745948459.2978497,183.93325805664062
4736,1745948459.4916968,183.09569358825684
4737,1745948459.684477,182.2643280029297
4738,1745948459.8797543,184.00073051452637
4739,1745948460.072813,182.5721263885498
4740,1745948460.2697575,185.87756156921387
4741,1745948460.4636068,183.28380584716797
4742,1745948460.6586835,184.5710277557373
4743,1745948460.8536685,184.27634239196777
4744,1745948461.049401,184.65185165405273
4745,1745948461.243259,183.27713012695312
4746,1745948461.4389427,184.20672416687012
4747,1745948461.6326458,182.52849578857422
4748,1745948461.8260915,182.72113800048828
4749,1745948462.020287,183.3961009979248
4750,1745948462.2135983,183.03418159484863
4751,1745948462.4084368,183.76898765563965
4752,1745948462.6015081,182.3885440826416
4753,1745948462.7959113,183.11214447021484
4754,1745948462.9905436,183.43687057495117
4755,1745948463.1855552,182.16681480407715
4756,1745948463.379027,183.1967830657959
4757,1745948463.5721605,182.62124061584473
4758,1745948463.7666888,183.9916706085205
4759,1745948463.9594972,182.2648048400879
4760,1745948464.154263,183.69150161743164
4761,1745948464.3480577,183.1526756286621
4762,1745948464.541986,183.2718849182129
4763,1745948464.7358956,182.96456336975098
4764,1745948464.929671,182.86967277526855
4765,1745948465.1240258,183.34150314331055
4766,1745948465.3176987,183.2427978515625
4767,1745948465.5136638,185.5182647705078
4768,1745948465.707506,182.82699584960938
4769,1745948465.9027386,184.21220779418945
4770,1745948466.0964174,182.13963508605957
4771,1745948466.2911315,183.5768222808838
4772,1745948466.4840868,182.41333961486816
4773,1745948466.6765714,181.8556785583496
4774,1745948466.8699086,182.220458984375
4775,1745948467.063972,183.05683135986328
4776,1745948467.2577538,183.24708938598633
4777,1745948467.4511342,181.84995651245117
4778,1745948467.644082,182.60478973388672
4779,1745948467.8397532,184.4182014465332
4780,1745948468.034462,183.68148803710938
4781,1745948468.2277982,182.57641792297363
4782,1745948468.4219637,182.82461166381836
4783,1745948468.6155853,183.0911636352539
4784,1745948468.8107028,184.56363677978516
4785,1745948469.0037646,182.53564834594727
4786,1745948469.1978593,182.99031257629395
4787,1745948469.3921523,183.5501194000244
4788,1745948469.5859456,183.16936492919922
4789,1745948469.7797472,183.121919631958
4790,1745948469.9736052,181.84232711791992
4791,1745948470.1670475,182.91521072387695
4792,1745948470.360848,182.62863159179688
4793,1745948470.5616002,189.42928314208984
4794,1745948470.7554328,182.79027938842773
4795,1745948470.949767,183.2711696624756
4796,1745948471.1442497,182.96170234680176
4797,1745948471.337777,182.481050491333
4798,1745948471.5319786,183.09640884399414
4799,1745948471.7262013,183.1653118133545
4800,1745948471.9189308,182.19733238220215
4801,1745948472.1139333,183.36796760559082
4802,1745948472.3086963,183.4127902984619
4803,1745948472.5030994,183.38465690612793
4804,1745948472.696273,182.57474899291992
4805,1745948472.8911343,183.34388732910156
4806,1745948473.08562,183.4406852722168
4807,1745948473.2778912,181.95462226867676
4808,1745948473.4724426,183.52532386779785
4809,1745948473.6661007,182.73544311523438
4810,1745948473.8603203,183.20441246032715
4811,1745948474.0542977,183.46691131591797
4812,1745948474.2471817,182.32417106628418
4813,1745948474.4415588,183.35366249084473
4814,1745948474.6359446,183.37559700012207
4815,1745948474.8306713,183.5167407989502
4816,1745948475.024457,183.26044082641602
4817,1745948475.2178407,182.84916877746582
4818,1745948475.4129264,183.8996410369873
4819,1745948475.6066809,183.23302268981934
4820,1745948475.7998855,182.6786994934082
4821,1745948475.9938967,183.01653861999512
4822,1745948476.1869032,182.86585807800293
4823,1745948476.3814833,184.06200408935547
4824,1745948476.5747278,182.69634246826172
4825,1745948476.769776,184.01122093200684
4826,1745948476.9643776,183.57610702514648
4827,1745948477.1585605,183.15529823303223
4828,1745948477.3510673,181.9620132446289
4829,1745948477.5460207,183.30645561218262
4830,1745948477.7412453,184.0665340423584
4831,1745948477.9348352,182.36970901489258
4832,1745948478.12898,183.14099311828613
4833,1745948478.3221126,182.62004852294922
4834,1745948478.5162587,183.00318717956543
4835,1745948478.7105742,182.97600746154785
4836,1745948478.90353,182.51323699951172
4837,1745948479.0971193,182.54542350769043
4838,1745948479.2918074,183.73632431030273
4839,1745948479.486172,182.99555778503418
4840,1745948479.679771,182.93309211730957
4841,1745948479.874403,183.54487419128418
4842,1745948480.0698988,184.06438827514648
4843,1745948480.2630923,182.92641639709473
4844,1745948480.456821,182.6040744781494
4845,1745948480.6497836,182.2657585144043
4846,1745948480.8446045,183.98070335388184
4847,1745948481.0393229,184.43012237548828
4848,1745948481.233505,183.05230140686035
4849,1745948481.4279232,183.3791732788086
4850,1745948481.6219318,183.41922760009766
4851,1745948481.815794,183.36129188537598
4852,1745948482.0093207,182.49797821044922
4853,1745948482.2040594,183.06326866149902
4854,1745948482.3989704,182.90019035339355
4855,1745948482.5935626,184.05914306640625
4856,1745948482.786148,182.07263946533203
4857,1745948482.9795592,182.38544464111328
4858,1745948483.1741898,183.61473083496094
4859,1745948483.3670776,182.35182762145996
4860,1745948483.561543,183.7165355682373
4861,1745948483.7567017,184.4954490661621
4862,1745948483.9511044,183.76922607421875
4863,1745948484.144434,182.56592750549316
4864,1745948484.3387325,183.24851989746094
4865,1745948484.5321946,182.92832374572754
4866,1745948484.7256632,182.84177780151367
4867,1745948484.9199164,183.22324752807617
4868,1745948485.1138291,183.25257301330566
4869,1745948485.307004,182.53731727600098
4870,1745948485.5119655,193.91894340515137
4871,1745948485.7056844,183.20941925048828
4872,1745948485.8992708,182.35087394714355
4873,1745948486.0935702,183.28189849853516
4874,1745948486.2890894,184.19957160949707
4875,1745948486.4828334,182.87348747253418
4876,1745948486.6773424,183.93301963806152
4877,1745948486.8706043,183.00151824951172
4878,1745948487.0638478,182.51919746398926
4879,1745948487.2590637,184.19122695922852
4880,1745948487.4527435,183.17556381225586
4881,1745948487.645932,182.63816833496094
4882,1745948487.8392613,182.74164199829102
4883,1745948488.0335994,183.02035331726074
4884,1745948488.2279854,183.28356742858887
4885,1745948488.4219472,183.3498477935791
4886,1745948488.6151896,182.6152801513672
4887,1745948488.809405,183.50958824157715
4888,1745948489.0034986,183.49289894104004
4889,1745948489.1987147,184.51809883117676
4890,1745948489.394752,185.00947952270508
4891,1745948489.5886486,183.37535858154297
4892,1745948489.783236,183.5012435913086
4893,1745948489.9760876,182.47175216674805
4894,1745948490.1722057,184.85355377197266
4895,1745948490.3667507,183.868408203125
4896,1745948490.5607982,183.64429473876953
4897,1745948490.7536845,182.75070190429688
4898,1745948490.948732,184.01122093200684
4899,1745948491.1425347,182.62124061584473
4900,1745948491.3383934,185.05024909973145
4901,1745948491.5326645,183.25304985046387
4902,1745948491.72662,183.2435131072998
4903,1745948491.920551,183.71343612670898
4904,1745948492.1141014,182.3413372039795
4905,1745948492.3081944,182.97934532165527
4906,1745948492.5025682,183.1653118133545
4907,1745948492.6966786,182.76453018188477
4908,1745948492.8893824,182.10601806640625
4909,1745948493.0830343,182.50203132629395
4910,1745948493.2783918,184.50093269348145
4911,1745948493.473238,183.6855411529541
4912,1745948493.6675916,183.81428718566895
4913,1745948493.8617158,183.8986873626709
4914,1745948494.0565553,183.94899368286133
4915,1745948494.248998,182.16419219970703
4916,1745948494.446216,185.58764457702637
4917,1745948494.6395752,182.7871799468994
4918,1745948494.8321197,182.02996253967285
4919,1745948495.0251083,181.94317817687988
4920,1745948495.21983,183.6717128753662
4921,1745948495.4135964,182.85608291625977
4922,1745948495.6082308,183.66527557373047
4923,1745948495.8048372,185.5752468109131
4924,1745948495.9980881,182.6469898223877
4925,1745948496.1928148,184.19718742370605
4926,1745948496.3869398,183.28046798706055
4927,1745948496.580597,183.07018280029297
4928,1745948496.77413,182.4653148651123
4929,1745948496.9685762,183.35962295532227
4930,1745948497.1627703,183.6709976196289
4931,1745948497.3557587,182.450532913208
4932,1745948497.5499895,183.4414005279541
4933,1745948497.7433147,182.85679817199707
4934,1745948497.9378595,183.2726001739502
4935,1745948498.1316428,183.35795402526855
4936,1745948498.3247988,182.18326568603516
4937,1745948498.5209084,185.07695198059082
4938,1745948498.7153144,183.99977684020996
4939,1745948498.9091918,183.49671363830566
4940,1745948499.104096,182.84177780151367
4941,1745948499.2977607,183.3171844482422
4942,1745948499.4914742,183.46309661865234
4943,1745948499.6844745,182.45887756347656
4944,1745948499.8796089,183.10165405273438
4945,1745948500.0730743,183.26830863952637
4946,1745948500.266848,183.25209617614746
4947,1745948500.460734,183.05015563964844
4948,1745948500.6615255,190.1402473449707
4949,1745948500.8563037,183.76755714416504
4950,1745948501.049497,182.54590034484863
4951,1745948501.2432394,182.71493911743164
4952,1745948501.4372737,183.51221084594727
4953,1745948501.630861,181.94174766540527
4954,1745948501.8241122,182.84201622009277
4955,1745948502.0174737,182.85727500915527
4956,1745948502.2105432,182.41381645202637
4957,1745948502.404848,183.47787857055664
4958,1745948502.5983267,183.23922157287598
4959,1745948502.791849,182.8916072845459
4960,1745948502.9857547,183.03442001342773
4961,1745948503.1795936,183.14170837402344
4962,1745948503.3737845,183.5930347442627
4963,1745948503.5667515,182.43741989135742
4964,1745948503.7605345,182.76143074035645
4965,1745948503.9548388,183.28142166137695
4966,1745948504.1485348,183.1355094909668
4967,1745948504.3419504,182.68823623657227
4968,1745948504.5356503,182.54351615905762
4969,1745948504.7307193,183.45189094543457
4970,1745948504.9236686,182.5392246246338
4971,1745948505.1168017,182.60598182678223
4972,1745948505.309069,182.1274757385254
4973,1745948505.5037727,183.1815242767334
4974,1745948505.6985404,183.6996078491211
4975,1745948505.8927238,183.45260620117188
4976,1745948506.0868177,182.80744552612305
4977,1745948506.2804675,183.02392959594727
4978,1745948506.4753618,183.75754356384277
4979,1745948506.669335,183.43782424926758
4980,1745948506.8637195,183.58469009399414
4981,1745948507.0571873,182.68537521362305
4982,1745948507.2509906,182.7692985534668
4983,1745948507.4447677,182.84368515014648
4984,1745948507.6389189,183.12907218933105
4985,1745948507.833983,184.0195655822754
4986,1745948508.0283642,183.69293212890625
4987,1745948508.2227407,183.29930305480957
4988,1745948508.4160674,182.62815475463867
4989,1745948508.6086762,181.82086944580078
4990,1745948508.8048246,184.495210647583
4991,1745948508.9984872,183.03561210632324
4992,1745948509.1919744,182.91854858398438
4993,1745948509.3859317,183.42137336730957
4994,1745948509.579336,182.9993724822998
4995,1745948509.7739034,183.35652351379395
4996,1745948509.9665954,182.1606159210205
4997,1745948510.1596403,182.22928047180176
4998,1745948510.3536747,182.79623985290527
4999,1745948510.548243,183.46548080444336
5000,1745948510.741334,182.7068328857422
5001,1745948510.935675,183.28142166137695
5002,1745948511.1290362,182.8303337097168
5003,1745948511.3227036,182.31892585754395
5004,1745948511.5169683,183.0582618713379
5005,1745948511.7118282,183.5498809814453
5006,1745948511.90533,182.85131454467773
5007,1745948512.0997598,183.38561058044434
5008,1745948512.2939649,183.6104393005371
5009,1745948512.4880903,183.0005645751953
5010,1745948512.6819959,183.36224555969238
5011,1745948512.8765528,183.81357192993164
5012,1745948513.069087,181.78606033325195
5013,1745948513.263581,182.97600746154785
5014,1745948513.4591668,184.45372581481934
5015,1745948513.654696,183.85052680969238
5016,1745948513.85089,185.6863498687744
5017,1745948514.0444016,182.7232837677002
5018,1745948514.2385397,183.0313205718994
5019,1745948514.4328446,183.56966972351074
5020,1745948514.6280224,184.77249145507812
5021,1745948514.8236592,184.54980850219727
5022,1745948515.0177217,183.26067924499512
5023,1745948515.212519,183.53915214538574
5024,1745948515.4061737,183.12382698059082
5025,1745948515.6079552,190.29951095581055
5026,1745948515.8017757,182.57665634155273
5027,1745948515.9961336,183.32982063293457
5028,1745948516.190448,183.760404586792
5029,1745948516.383851,181.85162544250488
5030,1745948516.5771894,182.88707733154297
5031,1745948516.770768,182.77645111083984
5032,1745948516.9655578,183.5799217224121
5033,1745948517.1590364,182.42478370666504
5034,1745948517.352851,182.7702522277832
5035,1745948517.5476778,184.23795700073242
5036,1745948517.7407033,182.49058723449707
5037,1745948517.9357157,183.8855743408203
5038,1745948518.128728,182.45935440063477
5039,1745948518.3237405,184.065580368042
5040,1745948518.516708,182.39545822143555
5041,1745948518.7107828,183.04705619812012
5042,1745948518.9056454,183.89225006103516
5043,1745948519.0988848,182.92737007141113
5044,1745948519.2939823,184.07630920410156
5045,1745948519.4869707,182.42168426513672
5046,1745948519.6813002,182.9838752746582
5047,1745948519.8746557,182.28626251220703
5048,1745948520.0687594,183.06493759155273
5049,1745948520.2624993,182.97219276428223
5050,1745948520.4559994,182.9533576965332
5051,1745948520.648857,182.31606483459473
5052,1745948520.8418624,181.95509910583496
5053,1745948521.0357175,182.52253532409668
5054,1745948521.2290392,182.2981834411621
5055,1745948521.4236522,183.05301666259766
5056,1745948521.6165686,182.29317665100098
5057,1745948521.8105953,183.0153465270996
5058,1745948522.0052938,183.6526393890381
5059,1745948522.199748,183.92491340637207
5060,1745948522.3933434,182.86466598510742
5061,1745948522.587745,183.3474636077881
5062,1745948522.7812257,182.92808532714844
5063,1745948522.9762776,183.6543083190918
5064,1745948523.1706443,183.8052272796631
5065,1745948523.3641791,182.99102783203125
5066,1745948523.5580542,183.3629608154297
5067,1745948523.7514403,182.85512924194336
5068,1745948523.9460008,183.35342407226562
5069,1745948524.139395,182.37900733947754
5070,1745948524.3336773,182.24740028381348
5071,1745948524.5289385,184.43989753723145
5072,1745948524.7236745,183.60280990600586
5073,1745948524.9178493,183.43162536621094
5074,1745948525.1121483,183.22157859802246
5075,1745948525.3078372,184.6630573272705
5076,1745948525.501412,183.11405181884766
5077,1745948525.696246,184.0991973876953
5078,1745948525.8898087,183.03871154785156
5079,1745948526.0835457,182.12080001831055
5080,1745948526.2778337,183.24756622314453
5081,1745948526.4723983,183.03942680358887
5082,1745948526.6662555,183.3345890045166
5083,1745948526.8598502,183.06541442871094
5084,1745948527.0539055,183.53748321533203
5085,1745948527.2475827,182.5883388519287
5086,1745948527.4415414,183.44974517822266
5087,1745948527.6356273,183.0282211303711
5088,1745948527.8289204,182.69920349121094
5089,1745948528.0237143,183.48932266235352
5090,1745948528.21776,182.0385456085205
5091,1745948528.4120066,183.6535930633545
5092,1745948528.6066763,184.14855003356934
5093,1745948528.7995179,182.08050727844238
5094,1745948528.9942045,183.47930908203125
5095,1745948529.1870217,182.63721466064453
5096,1745948529.3813524,182.7704906463623
5097,1745948529.5751493,183.27069282531738
5098,1745948529.7688198,183.22515487670898
5099,1745948529.9628978,183.33196640014648
5100,1745948530.1570702,183.14671516418457
5101,1745948530.3509839,182.90114402770996
5102,1745948530.5518854,190.5202865600586
5103,1745948530.746024,183.62832069396973
5104,1745948530.9404132,183.90631675720215
5105,1745948531.1330364,182.21235275268555
5106,1745948531.326743,182.4657917022705
5107,1745948531.5203912,182.95764923095703
5108,1745948531.713834,182.82842636108398
5109,1745948531.9070756,182.45744705200195
5110,1745948532.1007547,182.63792991638184
5111,1745948532.2961097,184.52954292297363
5112,1745948532.488842,182.21592903137207
5113,1745948532.6823962,182.83843994140625
5114,1745948532.8765604,183.13264846801758
5115,1745948533.0691657,182.09433555603027
5116,1745948533.3339698,252.6717185974121
5117,1745948533.5275853,183.1052303314209
5118,1745948533.7208703,182.25336074829102
5119,1745948533.9145892,181.5779209136963
5120,1745948534.1079488,182.84988403320312
5121,1745948534.3026514,183.68196487426758
5122,1745948534.4956264,181.75101280212402
5123,1745948534.6892776,183.14743041992188
5124,1745948534.8839424,183.43710899353027
5125,1745948535.0775669,182.87062644958496
5126,1745948535.2734067,184.08465385437012
5127,1745948535.4668658,182.94715881347656
5128,1745948535.6604998,183.00747871398926
5129,1745948535.8542726,182.82341957092285
5130,1745948536.0478537,182.4171543121338
5131,1745948536.243058,184.60965156555176
5132,1745948536.4373138,182.89613723754883
5133,1745948536.6306422,182.87992477416992
5134,1745948536.8251135,182.8169822692871
5135,1745948537.0184612,182.82699584960938
5136,1745948537.2128515,183.41922760009766
5137,1745948537.4075217,183.66551399230957
5138,1745948537.6018255,183.6087703704834
5139,1745948537.7959032,183.0432415008545
5140,1745948537.9933934,186.71560287475586
5141,1745948538.1878824,183.9592456817627
5142,1745948538.381549,182.6162338256836
5143,1745948538.575411,183.02154541015625
5144,1745948538.768929,182.98864364624023
5145,1745948538.963052,182.97553062438965
5146,1745948539.1572404,183.16102027893066
5147,1745948539.351647,183.22420120239258
5148,1745948539.5452669,182.82747268676758
5149,1745948539.7394538,183.13360214233398
5150,1745948539.9354892,184.94582176208496
5151,1745948540.1292257,183.13336372375488
5152,1745948540.323486,183.21919441223145
5153,1745948540.51771,183.27832221984863
5154,1745948540.711485,183.1071376800537
5155,1745948540.9059575,183.66169929504395
5156,1745948541.0992467,182.72876739501953
5157,1745948541.2949283,184.04293060302734
5158,1745948541.4904337,185.02211570739746
5159,1745948541.6871972,185.72568893432617
5160,1745948541.8836045,185.28175354003906
5161,1745948542.0804236,185.78004837036133
5162,1745948542.2757108,184.75723266601562
5163,1745948542.4706647,184.3552589416504
5164,1745948542.6648052,183.607816696167
5165,1745948542.8586872,183.35318565368652
5166,1745948543.0532308,183.20703506469727
5167,1745948543.2505834,186.0330104827881
5168,1745948543.4460995,184.98802185058594
5169,1745948543.6414483,184.80920791625977
5170,1745948543.8366284,184.4632625579834
5171,1745948544.0311759,183.40229988098145
5172,1745948544.2259696,183.68077278137207
5173,1745948544.4231963,185.87708473205566
5174,1745948544.6183543,184.18574333190918
5175,1745948544.8141527,185.2881908416748
5176,1745948545.0093226,185.00900268554688
5177,1745948545.2054622,185.6098175048828
5178,1745948545.400721,184.28468704223633
5179,1745948545.5981076,186.84697151184082
5180,1745948545.7944214,184.49664115905762
5181,1745948545.9893556,183.88772010803223
5182,1745948546.1850967,185.0147247314453
5183,1745948546.3805969,184.76223945617676
5184,1745948546.5771189,185.96887588500977
5185,1745948546.772607,184.95917320251465
5186,1745948546.9689994,185.84728240966797
5187,1745948547.1642692,184.71908569335938
5188,1745948547.359205,183.84456634521484
5189,1745948547.563963,193.97425651550293
5190,1745948547.7577884,183.19106101989746
5191,1745948547.9539323,185.0590705871582
5192,1745948548.147791,183.29572677612305
5193,1745948548.3416429,182.6941967010498
5194,1745948548.5378518,185.10890007019043
5195,1745948548.7376058,189.17131423950195
5196,1745948548.931772,183.65097045898438
5197,1745948549.1274052,184.95631217956543
5198,1745948549.323477,185.54234504699707
5199,1745948549.5188284,184.85069274902344
5200,1745948549.7146623,184.82017517089844
5201,1745948549.9091113,183.94088745117188
5202,1745948550.1051927,184.56411361694336
5203,1745948550.3005588,184.34572219848633
5204,1745948550.495636,184.5080852508545
5205,1745948550.6926746,186.19561195373535
5206,1745948550.8890655,186.10501289367676
5207,1745948551.0855403,185.79339981079102
5208,1745948551.2788165,182.53588676452637
5209,1745948551.4745796,184.73100662231445
5210,1745948551.671963,186.8593692779541
5211,1745948551.8665738,184.3883991241455
5212,1745948552.0619502,184.36789512634277
5213,1745948552.2577608,184.73315238952637
5214,1745948552.4532654,184.81922149658203
5215,1745948552.648533,184.7078800201416
5216,1745948552.8429961,183.94732475280762
5217,1745948553.041636,187.69264221191406
5218,1745948553.2376335,185.11199951171875
5219,1745948553.4340143,185.84489822387695
5220,1745948553.6306047,186.09118461608887
5221,1745948553.8279052,186.2802505493164
5222,1745948554.022946,184.52978134155273
5223,1745948554.2170157,183.44569206237793
5224,1745948554.4140115,186.1882209777832
5225,1745948554.6089787,184.18312072753906
5226,1745948554.8041685,183.88772010803223
5227,1745948554.9992287,184.38005447387695
5228,1745948555.1940536,184.30614471435547
5229,1745948555.389818,184.58104133605957
5230,1745948555.5845597,184.22794342041016
5231,1745948555.7809682,185.84442138671875
5232,1745948555.976233,184.5095157623291
5233,1745948556.1733515,186.31505966186523
5234,1745948556.369631,185.74190139770508
5235,1745948556.5649755,184.2021942138672
5236,1745948556.7598433,184.48853492736816
5237,1745948556.955824,185.20450592041016
5238,1745948557.149913,182.76691436767578
5239,1745948557.3457549,183.6988925933838
5240,1745948557.5410402,185.03975868225098
5241,1745948557.7366986,184.8289966583252
5242,1745948557.9326315,184.8917007446289
5243,1745948558.1271548,183.66479873657227
5244,1745948558.3208609,182.66010284423828
5245,1745948558.5192142,187.3173713684082
5246,1745948558.7164733,185.90974807739258
5247,1745948558.912861,185.33873558044434
5248,1745948559.1089678,185.06240844726562
5249,1745948559.3041327,184.17811393737793
5250,1745948559.499071,184.41128730773926
5251,1745948559.6942942,184.17024612426758
5252,1745948559.8891323,184.31663513183594
5253,1745948560.0852766,185.65678596496582
5254,1745948560.2820647,186.26022338867188
5255,1745948560.477718,184.83591079711914
5256,1745948560.6717317,182.68942832946777
5257,1745948560.8679554,185.211181640625
5258,1745948561.0630636,184.5996379852295
5259,1745948561.257032,183.29668045043945
5260,1745948561.4507155,182.71374702453613
5261,1745948561.6451044,183.11429023742676
5262,1745948561.8379397,182.32393264770508
5263,1745948562.0319362,182.6760768890381
5264,1745948562.2257767,183.03227424621582
5265,1745948562.4205568,183.76660346984863
5266,1745948562.6212673,190.0923252105713
5267,1745948562.8155785,183.28118324279785
5268,1745948563.008865,182.76429176330566
5269,1745948563.2037103,183.93301963806152
5270,1745948563.3979356,183.66336822509766
5271,1745948563.592095,183.62140655517578
5272,1745948563.78582,183.2735538482666
5273,1745948563.979078,182.6164722442627
5274,1745948564.1736758,183.43639373779297
5275,1745948564.366816,182.6188564300537
5276,1745948564.560821,182.5125217437744
5277,1745948564.755951,183.94732475280762
5278,1745948564.9493659,182.7409267425537
5279,1745948565.143943,182.8615665435791
5280,1745948565.338786,183.4423542022705
5281,1745948565.5318718,182.9075813293457
5282,1745948565.7264132,183.518648147583
5283,1745948565.920808,183.43448638916016
5284,1745948566.1140208,182.8751564025879
5285,1745948566.3081484,183.06708335876465
5286,1745948566.5026479,183.7635040283203
5287,1745948566.6958005,182.56497383117676
5288,1745948566.8890262,182.64460563659668
5289,1745948567.0837924,183.49480628967285
5290,1745948567.2771394,182.58213996887207
5291,1745948567.4716995,182.39212036132812
5292,1745948567.6641297,182.25479125976562
5293,1745948567.8585565,183.38656425476074
5294,1745948568.0524452,183.45212936401367
5295,1745948568.2466893,183.23040008544922
5296,1745948568.4407668,183.7632656097412
5297,1745948568.6345303,183.26854705810547
5298,1745948568.8272927,182.1761131286621
5299,1745948569.0215278,183.4394931793213
5300,1745948569.215192,183.14814567565918
5301,1745948569.4093342,182.83629417419434
5302,1745948569.6048245,183.9272975921631
5303,1745948569.7981033,182.7073097229004
5304,1745948569.991735,182.19351768493652
5305,1745948570.185303,182.55066871643066
5306,1745948570.3788936,182.31701850891113
5307,1745948570.573825,183.35390090942383
5308,1745948570.7667077,181.82849884033203
5309,1745948570.9605467,182.30509757995605
5310,1745948571.1551487,183.45952033996582
5311,1745948571.348707,182.4321746826172
5312,1745948571.5424945,182.77287483215332
5313,1745948571.7367222,183.20369720458984
5314,1745948571.9306366,183.21776390075684
5315,1745948572.1249397,183.69460105895996
5316,1745948572.3177435,182.30056762695312
5317,1745948572.512832,184.03339385986328
5318,1745948572.706392,183.03632736206055
5319,1745948572.9004886,183.24613571166992
5320,1745948573.0942667,183.24708938598633
5321,1745948573.2891533,183.8371753692627
5322,1745948573.483437,183.2444667816162
5323,1745948573.6776824,183.78615379333496
5324,1745948573.8718061,183.5923194885254
5325,1745948574.065805,183.43210220336914
5326,1745948574.2591093,182.76357650756836
5327,1745948574.4529335,182.80029296875
5328,1745948574.6478708,184.41104888916016
5329,1745948574.8417957,183.2427978515625
5330,1745948575.03534,182.82628059387207
5331,1745948575.2317064,185.12773513793945
5332,1745948575.4256449,183.5334300994873
5333,1745948575.6204903,183.8083267211914
5334,1745948575.8152068,183.81762504577637
5335,1745948576.0097964,183.2742691040039
5336,1745948576.2035058,183.28022956848145
5337,1745948576.3976088,183.0301284790039
5338,1745948576.5906525,182.5275421142578
5339,1745948576.7839284,182.68394470214844
5340,1745948576.9780853,183.02392959594727
5341,1745948577.1725411,183.42113494873047
5342,1745948577.3664896,183.1226348876953
5343,1745948577.5604408,182.93285369873047
5344,1745948577.75363,182.65080451965332
5345,1745948577.9478853,182.99198150634766
5346,1745948578.1421854,183.61449241638184
5347,1745948578.335219,182.50393867492676
5348,1745948578.5289507,182.9245090484619
5349,1745948578.722928,182.9063892364502
5350,1745948578.916282,182.67083168029785
5351,1745948579.109007,182.1451187133789
5352,1745948579.303812,183.28452110290527
5353,1745948579.4984937,183.5775375366211
5354,1745948579.6927848,183.516263961792
5355,1745948579.88577,182.46984481811523
5356,1745948580.078873,182.43765830993652
5357,1745948580.2730525,183.09855461120605
5358,1745948580.4673028,183.272123336792
5359,1745948580.661693,183.32171440124512
5360,1745948580.855881,183.47954750061035
5361,1745948581.0496123,182.64389038085938
5362,1745948581.2438715,183.5629940032959
5363,1745948581.4366403,182.2052001953125
5364,1745948581.6309097,183.25257301330566
5365,1745948581.8243113,183.1042766571045
5366,1745948582.0174906,182.65390396118164
5367,1745948582.211738,183.72154235839844
5368,1745948582.406522,184.19432640075684
5369,1745948582.600745,182.94644355773926
5370,1745948582.7946794,183.3212375640869
5371,1745948582.989166,182.68990516662598
5372,1745948583.1817656,182.084321975708
5373,1745948583.375982,182.9836368560791
5374,1745948583.5695329,182.8930377960205
5375,1745948583.764208,183.63571166992188
5376,1745948583.9587364,183.66622924804688
5377,1745948584.1526322,183.00247192382812
5378,1745948584.345925,182.59882926940918
5379,1745948584.5409179,184.13305282592773
5380,1745948584.734285,182.8291416168213
5381,1745948584.9285219,183.0601692199707
5382,1745948585.122808,182.9524040222168
5383,1745948585.3162422,182.85822868347168
5384,1745948585.5092561,181.98657035827637
5385,1745948585.7036736,182.68299102783203
5386,1745948585.897903,183.33005905151367
5387,1745948586.0995374,190.60993194580078
5388,1745948586.2942195,183.0432415008545
5389,1745948586.4879642,183.18557739257812
5390,1745948586.6815016,182.74736404418945
5391,1745948586.875917,183.35795402526855
5392,1745948587.0690928,182.4929714202881
5393,1745948587.2641106,183.41732025146484
5394,1745948587.4573114,182.5265884399414
5395,1745948587.652002,183.4738254547119
5396,1745948587.8457768,182.7237606048584
5397,1745948588.0392613,182.4207305908203
5398,1745948588.2334933,183.14766883850098
5399,1745948588.425987,182.1305751800537
5400,1745948588.6196358,182.62815475463867
5401,1745948588.8133786,183.28547477722168
5402,1745948589.0066319,182.74354934692383
5403,1745948589.2005947,181.82802200317383
5404,1745948589.3930874,182.3413372039795
5405,1745948589.5879872,183.86197090148926
5406,1745948589.7830412,184.46803092956543
5407,1745948589.9773655,183.8235855102539
5408,1745948590.171997,184.11684036254883
5409,1745948590.3657477,183.1371784210205
5410,1745948590.559711,183.04896354675293
5411,1745948590.7528932,182.0981502532959
5412,1745948590.946833,182.9671859741211
5413,1745948591.1399868,182.5873851776123
5414,1745948591.3336778,182.65676498413086
5415,1745948591.527178,182.66725540161133
5416,1745948591.7219915,183.424711227417
5417,1745948591.9144175,181.9162368774414
5418,1745948592.1083486,182.80029296875
5419,1745948592.3032308,184.07297134399414
5420,1745948592.504766,190.86408615112305
5421,1745948592.6990426,183.5777759552002
5422,1745948592.8920982,182.45553970336914
5423,1745948593.0866323,183.43281745910645
5424,1745948593.2813034,183.5939884185791
5425,1745948593.4741414,182.2953224182129
5426,1745948593.6675544,182.34753608703613
5427,1745948593.8620024,183.78043174743652
5428,1745948594.0559556,183.39991569519043
5429,1745948594.2505314,183.78376960754395
5430,1745948594.4437733,182.5721263885498
5431,1745948594.6381354,183.30812454223633
5432,1745948594.8312948,182.60598182678223
5433,1745948595.025741,183.11834335327148
5434,1745948595.2204401,184.1583251953125
5435,1745948595.4131403,182.4655532836914
5436,1745948595.6068087,182.6324462890625
5437,1745948595.8016007,182.7707290649414
5438,1745948595.9949348,183.10141563415527
5439,1745948596.18972,183.74085426330566
5440,1745948596.383734,183.47501754760742
5441,1745948596.5782135,183.4113597869873
5442,1745948596.7720692,183.55321884155273
5443,1745948596.9666972,182.9702854156494
5444,1745948597.1590157,182.26218223571777
5445,1745948597.354691,183.36939811706543
5446,1745948597.5480714,182.78193473815918
5447,1745948597.7422569,182.65366554260254
5448,1745948597.936566,184.16261672973633
5449,1745948598.1293607,182.41119384765625
5450,1745948598.3238618,183.45260620117188
5451,1745948598.5181413,183.50458145141602
5452,1745948598.7138155,184.65518951416016
5453,1745948598.9095588,185.23168563842773
5454,1745948599.1034725,182.95764923095703
5455,1745948599.2968404,182.25646018981934
5456,1745948599.4908671,183.00104141235352
5457,1745948599.6841264,182.71660804748535
5458,1745948599.878215,183.13121795654297
5459,1745948600.072581,183.3212375640869
5460,1745948600.2653766,182.27410316467285
5461,1745948600.4607048,184.13352966308594
5462,1745948600.6537378,182.12890625
5463,1745948600.8468418,182.25598335266113
5464,1745948601.040348,182.4479103088379
5465,1745948601.2355857,183.7472915649414
5466,1745948601.429488,183.38418006896973
5467,1745948601.6224763,182.86490440368652
5468,1745948601.8171093,184.07535552978516
5469,1745948602.0113273,183.65478515625
5470,1745948602.20725,185.40215492248535
5471,1745948602.4008307,183.04109573364258
5472,1745948602.5948796,183.27879905700684
5473,1745948602.7895396,184.04912948608398
5474,1745948602.982471,182.07478523254395
5475,1745948603.1771588,183.64524841308594
5476,1745948603.3720214,183.6092472076416
5477,1745948603.5671346,184.55052375793457
5478,1745948603.761814,184.07726287841797
5479,1745948603.9559522,183.09974670410156
5480,1745948604.1491876,182.89542198181152
5481,1745948604.3436852,182.9688549041748
5482,1745948604.5371468,182.4486255645752
5483,1745948604.7364984,188.09795379638672
5484,1745948604.9304059,183.34507942199707
5485,1745948605.1250765,183.94136428833008
5486,1745948605.3191762,183.08162689208984
5487,1745948605.5134282,183.32457542419434
5488,1745948605.7076635,183.81571769714355
5489,1745948605.9014192,182.81221389770508
5490,1745948606.0950403,183.1066608428955
5491,1745948606.2891057,183.8221549987793
5492,1745948606.483651,183.38775634765625
5493,1745948606.6771936,182.80768394470215
5494,1745948606.8725226,183.6545467376709
5495,1745948607.0658107,182.62267112731934
5496,1745948607.259249,182.82079696655273
5497,1745948607.4555821,184.9656105041504
5498,1745948607.6491978,183.38727951049805
5499,1745948607.8434193,183.69174003601074
5500,1745948608.0375807,183.8207244873047
5501,1745948608.2309568,182.85703659057617
5502,1745948608.4240007,182.49082565307617
5503,1745948608.6183248,183.70580673217773
5504,1745948608.812999,184.12065505981445
5505,1745948609.0074883,183.45046043395996
5506,1745948609.2008142,182.71327018737793
5507,1745948609.3965428,184.95750427246094
5508,1745948609.5890899,182.06357955932617
5509,1745948609.7843425,183.7332248687744
5510,1745948609.9777792,182.92570114135742
5511,1745948610.1726317,183.95757675170898
5512,1745948610.3674006,183.807373046875
5513,1745948610.5628312,184.82613563537598
5514,1745948610.7562547,182.85894393920898
5515,1745948610.9493365,182.54375457763672
5516,1745948611.1441405,182.96265602111816
5517,1745948611.3382308,183.0599308013916
5518,1745948611.5320792,183.10022354125977
5519,1745948611.7269943,183.8691234588623
5520,1745948611.9213696,184.02934074401855
5521,1745948612.115541,183.5770606994629
5522,1745948612.308622,182.85679817199707
5523,1745948612.5031593,183.51054191589355
5524,1745948612.6961505,182.58929252624512
5525,1745948612.8898604,182.4336051940918
5526,1745948613.0856736,184.28373336791992
5527,1745948613.2795508,183.2714080810547
5528,1745948613.4745743,183.96568298339844
5529,1745948613.6680772,182.46841430664062
5530,1745948613.8616197,182.5582981109619
5531,1745948614.0561116,183.52746963500977
5532,1745948614.249472,182.5852394104004
5533,1745948614.4435592,182.54661560058594
5534,1745948614.6384559,183.97927284240723
5535,1745948614.8316739,182.91425704956055
5536,1745948615.0252452,182.48510360717773
5537,1745948615.2199395,183.48360061645508
5538,1745948615.414287,183.70962142944336
5539,1745948615.6070228,182.19757080078125
5540,1745948615.7996023,181.54120445251465
5541,1745948615.9941602,183.01987648010254
5542,1745948616.1899874,185.57476997375488
5543,1745948616.383032,182.3723316192627
5544,1745948616.576857,182.66940116882324
5545,1745948616.7706487,183.26330184936523
5546,1745948616.964108,182.94453620910645
5547,1745948617.1588516,183.53509902954102
5548,1745948617.3529887,182.80339241027832
5549,1745948617.54743,183.50815773010254
5550,1745948617.7413802,182.91282653808594
5551,1745948617.9357822,183.81643295288086
5552,1745948618.1290932,182.70492553710938
5553,1745948618.3234975,183.30979347229004
5554,1745948618.5168636,182.83653259277344
5555,1745948618.7114198,183.1047534942627
5556,1745948618.9066603,183.93850326538086
5557,1745948619.09926,182.0824146270752
5558,1745948619.2939818,182.6956272125244
5559,1745948619.4879336,182.6951503753662
5560,1745948619.6817985,183.24518203735352
5561,1745948619.8762043,183.21895599365234
5562,1745948620.0705423,183.81524085998535
5563,1745948620.2636063,182.4634075164795
5564,1745948620.4580762,183.44664573669434
5565,1745948620.651535,182.83534049987793
5566,1745948620.846864,184.28683280944824
5567,1745948621.0407758,183.65168571472168
5568,1745948621.2348156,183.27713012695312
5569,1745948621.4286685,182.81960487365723
5570,1745948621.6224935,182.80720710754395
5571,1745948621.8162794,183.65716934204102
5572,1745948622.0098338,182.51514434814453
5573,1745948622.2038145,182.61337280273438
5574,1745948622.3978746,182.91759490966797
5575,1745948622.6006436,191.30802154541016
5576,1745948622.793652,182.68609046936035
5577,1745948622.9871671,182.35063552856445
5578,1745948623.1826205,183.97879600524902
5579,1745948623.3755474,182.40714073181152
5580,1745948623.5732913,186.55824661254883
5581,1745948623.7671196,183.29548835754395
5582,1745948623.9608855,182.88183212280273
5583,1745948624.1548991,183.11333656311035
5584,1745948624.3482223,182.71946907043457
5585,1745948624.541148,182.3863983154297
5586,1745948624.7358875,182.6925277709961
5587,1745948624.9293134,182.89995193481445
5588,1745948625.1240904,183.63404273986816
5589,1745948625.3174903,182.92903900146484
5590,1745948625.5115013,183.0282211303711
5591,1745948625.7055745,183.4123134613037
5592,1745948625.8997662,183.18438529968262
5593,1745948626.0931828,182.83343315124512
5594,1745948626.287106,183.3324432373047
5595,1745948626.4822946,183.99524688720703
5596,1745948626.676826,184.31687355041504
5597,1745948626.871948,184.32950973510742
5598,1745948627.0659707,182.9383373260498
5599,1745948627.2590168,182.53707885742188
5600,1745948627.4539645,183.38680267333984
5601,1745948627.6477735,183.0894947052002
5602,1745948627.843741,184.92841720581055
5603,1745948628.0378115,183.60161781311035
5604,1745948628.2308776,182.19685554504395
5605,1745948628.4248745,182.4502944946289
5606,1745948628.6197817,183.45046043395996
5607,1745948628.8138857,183.3646297454834
5608,1745948629.0077083,183.3515167236328
5609,1745948629.2036855,185.1034164428711
5610,1745948629.3968897,182.6939582824707
5611,1745948629.591212,183.24804306030273
5612,1745948629.7849064,183.11452865600586
5613,1745948629.9780445,182.43789672851562
5614,1745948630.1722596,183.17317962646484
5615,1745948630.3668196,183.1035614013672
5616,1745948630.5616202,183.46166610717773
5617,1745948630.7547855,182.70134925842285
5618,1745948630.949485,184.1721534729004
5619,1745948631.143567,183.4280490875244
5620,1745948631.3369622,182.76405334472656
5621,1745948631.530724,182.71207809448242
5622,1745948631.7244554,182.30342864990234
5623,1745948631.917808,182.47151374816895
5624,1745948632.1119459,183.09688568115234
5625,1745948632.3061976,183.34603309631348
5626,1745948632.500691,183.8984489440918
5627,1745948632.6935093,182.2202205657959
5628,1745948632.8912988,186.70225143432617
5629,1745948633.086114,183.54415893554688
5630,1745948633.2800505,183.4099292755127
5631,1745948633.4736693,183.24589729309082
5632,1745948633.667282,182.98816680908203
5633,1745948633.859672,182.31701850891113
5634,1745948634.0547173,183.80117416381836
5635,1745948634.248542,182.83438682556152
5636,1745948634.4430256,183.37368965148926
5637,1745948634.6359818,182.24263191223145
5638,1745948634.8306801,183.0618381500244
5639,1745948635.0249789,183.47716331481934
5640,1745948635.221028,185.36806106567383
5641,1745948635.415727,184.00907516479492
5642,1745948635.609498,183.17556381225586
5643,1745948635.8032534,183.2263469696045
5644,1745948635.9967887,182.23094940185547
5645,1745948636.1899188,182.19709396362305
5646,1745948636.3833451,182.62290954589844
5647,1745948636.5776198,183.2587718963623
5648,1745948636.7707195,182.58929252624512
5649,1745948636.9632745,181.97035789489746
5650,1745948637.1589139,183.7301254272461
5651,1745948637.3533294,183.6841106414795
5652,1745948637.5543797,190.52577018737793
5653,1745948637.7477832,182.49082565307617
5654,1745948637.9417474,182.9380989074707
5655,1745948638.1369467,183.89248847961426
5656,1745948638.3308575,183.51411819458008
5657,1745948638.5237215,182.51657485961914
5658,1745948638.7181315,183.35247039794922
5659,1745948638.9129136,183.70342254638672
5660,1745948639.1075385,184.06963348388672
5661,1745948639.3018157,183.23588371276855
5662,1745948639.495671,182.9507350921631
5663,1745948639.68951,182.7702522277832
5664,1745948639.88288,182.84368515014648
5665,1745948640.0775778,183.27784538269043
5666,1745948640.2709265,182.82532691955566
5667,1745948640.4676204,185.8527660369873
5668,1745948640.6608691,182.73663520812988
5669,1745948640.854869,183.34293365478516
5670,1745948641.048255,182.2652816772461
5671,1745948641.2426653,183.04204940795898
5672,1745948641.436426,183.5939884185791
5673,1745948641.6306684,183.74872207641602
5674,1745948641.826101,184.67283248901367
5675,1745948642.020848,183.73799324035645
5676,1745948642.2141562,182.4812889099121
5677,1745948642.4088683,183.6698055267334
5678,1745948642.6020045,182.5704574584961
5679,1745948642.7958593,182.6479434967041
5680,1745948642.9907684,183.58993530273438
5681,1745948643.1850479,183.5334300994873
5682,1745948643.378269,182.97672271728516
5683,1745948643.571765,182.39808082580566
5684,1745948643.7653866,182.94787406921387
5685,1745948643.9590206,183.35700035095215
5686,1745948644.1550398,185.14466285705566
5687,1745948644.3484979,182.42645263671875
5688,1745948644.5426266,183.17317962646484
5689,1745948644.7368493,183.20941925048828
5690,1745948644.9306338,182.68108367919922
5691,1745948645.1236303,182.47032165527344
5692,1745948645.3185534,183.97068977355957
5693,1745948645.5121455,183.060884475708
5694,1745948645.7070847,183.63380432128906
5695,1745948645.9006543,182.83724784851074
5696,1745948646.094664,182.88421630859375
5697,1745948646.2892833,182.98602104187012
5698,1745948646.4826314,182.88350105285645
5699,1745948646.678091,184.02838706970215
5700,1745948646.8725085,183.14123153686523
5701,1745948647.0660834,182.59859085083008
5702,1745948647.2595336,182.35373497009277
5703,1745948647.453397,183.09378623962402
5704,1745948647.646975,182.50727653503418
5705,1745948647.840478,182.45410919189453
5706,1745948648.0348763,183.1374168395996
5707,1745948648.2285378,182.53827095031738
5708,1745948648.4221847,182.88564682006836
5709,1745948648.6168191,183.32505226135254
5710,1745948648.8105357,183.1490993499756
5711,1745948649.0047565,183.6254596710205
5712,1745948649.198108,182.82032012939453
5713,1745948649.3913627,183.11810493469238
5714,1745948649.5844157,182.01327323913574
5715,1745948649.7782624,182.83581733703613
5716,1745948649.973155,183.69770050048828
5717,1745948650.1683426,184.6013069152832
5718,1745948650.3626454,183.23016166687012
5719,1745948650.5565162,182.90090560913086
5720,1745948650.751961,184.40532684326172
5721,1745948650.9470146,183.60567092895508
5722,1745948651.1414835,183.11119079589844
5723,1745948651.3356538,183.5927963256836
5724,1745948651.529645,183.49123001098633
5725,1745948651.7224553,182.28650093078613
5726,1745948651.9164596,183.08186531066895
5727,1745948652.1098511,182.9521656036377
5728,1745948652.303233,182.35492706298828
5729,1745948652.505056,190.5970573425293
5730,1745948652.699028,182.79242515563965
5731,1745948652.8926554,182.58905410766602
5732,1745948653.0875318,183.7935447692871
5733,1745948653.2807982,182.2359561920166
5734,1745948653.4760084,184.14974212646484
5735,1745948653.6690211,182.47413635253906
5736,1745948653.8637257,183.1836700439453
5737,1745948654.0570803,182.29961395263672
5738,1745948654.2516003,183.4127902984619
5739,1745948654.4456122,182.8744411468506
5740,1745948654.639005,182.56616592407227
5741,1745948654.833046,182.61098861694336
5742,1745948655.0268779,182.62934684753418
5743,1745948655.2204852,183.04729461669922
5744,1745948655.4145827,183.44712257385254
5745,1745948655.6081653,182.56330490112305
5746,1745948655.8024065,182.94239044189453
5747,1745948655.9967482,183.30740928649902
5748,1745948656.1896741,182.4190616607666
5749,1745948656.3854535,184.5874786376953
5750,1745948656.5797803,183.24923515319824
5751,1745948656.7735424,183.17055702209473
5752,1745948656.9671042,181.93745613098145
5753,1745948657.160436,182.80887603759766
5754,1745948657.3547368,183.78520011901855
5755,1745948657.5480611,182.6004981994629
5756,1745948657.7426236,183.51507186889648
5757,1745948657.9364295,182.71398544311523
5758,1745948658.1288593,181.87236785888672
5759,1745948658.3238118,183.43305587768555
5760,1745948658.5176325,183.11285972595215
5761,1745948658.7122428,183.57300758361816
5762,1745948658.9077291,184.54909324645996
5763,1745948659.1016057,183.19320678710938
5764,1745948659.2952292,183.0310821533203
5765,1745948659.4882765,182.5113296508789
5766,1745948659.681726,182.12461471557617
5767,1745948659.8753288,182.59286880493164
5768,1745948660.0708246,184.6013069152832
5769,1745948660.2650802,183.15935134887695
5770,1745948660.4585743,182.97958374023438
5771,1745948660.652933,183.457612991333
5772,1745948660.8462265,182.7714443206787
5773,1745948661.0411582,184.22937393188477
5774,1745948661.2345252,182.6784610748291
5775,1745948661.4289923,183.4404468536377
5776,1745948661.6220987,182.8937530517578
5777,1745948661.8163757,183.1045150756836
5778,1745948662.0094318,182.30128288269043
5779,1745948662.2038937,183.1490993499756
5780,1745948662.3982055,183.23969841003418
5781,1745948662.5913658,182.65104293823242
5782,1745948662.784554,182.36422538757324
5783,1745948662.978082,182.43670463562012
5784,1745948663.1719267,182.80434608459473
5785,1745948663.3656952,183.29524993896484
5786,1745948663.5591114,182.15322494506836
5787,1745948663.7530944,182.4486255645752
5788,1745948663.9469032,182.81960487365723
5789,1745948664.1414573,184.04722213745117
5790,1745948664.3351781,183.21490287780762
5791,1745948664.5315928,185.40167808532715
5792,1745948664.7259233,183.18772315979004
5793,1745948664.9187658,182.35182762145996
5794,1745948665.112489,182.6322078704834
5795,1745948665.3067575,183.23802947998047
5796,1745948665.4990797,182.14797973632812
5797,1745948665.6919389,181.67948722839355
5798,1745948665.8857307,182.77382850646973
5799,1745948666.080396,183.7291717529297
5800,1745948666.2749097,183.90607833862305
5801,1745948666.4679158,182.47413635253906
5802,1745948666.6621537,183.08162689208984
5803,1745948666.8571146,183.64453315734863
5804,1745948667.0516758,183.4242343902588
5805,1745948667.246576,183.69412422180176
5806,1745948667.4389763,181.71358108520508
5807,1745948667.6415553,191.06316566467285
5808,1745948667.8348644,182.88040161132812
5809,1745948668.031066,185.5015754699707
5810,1745948668.2249253,183.34174156188965
5811,1745948668.4186513,183.0747127532959
5812,1745948668.6137376,184.05485153198242
5813,1745948668.8068426,182.58070945739746
5814,1745948669.0016563,183.76493453979492
5815,1745948669.1946604,181.99586868286133
5816,1745948669.3890436,183.10904502868652
5817,1745948669.584297,184.09419059753418
5818,1745948669.7784646,183.53819847106934
5819,1745948669.9720216,182.86824226379395
5820,1745948670.1660063,183.23445320129395
5821,1745948670.3605878,183.6099624633789
5822,1745948670.553378,182.21116065979004
5823,1745948670.7479053,183.31074714660645
5824,1745948670.9425395,183.54249000549316
5825,1745948671.136102,182.86418914794922
5826,1745948671.3303618,183.75182151794434
5827,1745948671.5244288,183.54415893554688
5828,1745948671.717957,182.91497230529785
5829,1745948671.911786,183.59017372131348
5830,1745948672.1069274,184.24296379089355
5831,1745948672.3011854,183.63547325134277
5832,1745948672.4950702,182.83557891845703
5833,1745948672.6896875,183.3343505859375
5834,1745948672.8837116,183.45189094543457
5835,1745948673.0783236,183.77065658569336
5836,1745948673.271853,182.6484203338623
5837,1745948673.46503,182.6634407043457
5838,1745948673.658887,182.786226272583
5839,1745948673.852757,182.73019790649414
5840,1745948674.0476217,183.84861946105957
5841,1745948674.2406063,182.29913711547852
5842,1745948674.4339118,182.25789070129395
5843,1745948674.6286957,183.2726001739502
5844,1745948674.8219738,182.52062797546387
5845,1745948675.014987,182.11030960083008
5846,1745948675.2083035,182.36017227172852
5847,1745948675.4026518,183.23349952697754
5848,1745948675.5972402,183.69483947753906
5849,1745948675.7907524,182.875394821167
5850,1745948675.985615,183.84552001953125
5851,1745948676.1789362,182.83390998840332
5852,1745948676.3720937,182.53707885742188
5853,1745948676.5662868,183.1974983215332
5854,1745948676.760621,183.1204891204834
5855,1745948676.9538207,182.57999420166016
5856,1745948677.147786,182.83939361572266
5857,1745948677.3414617,183.26473236083984
5858,1745948677.5414937,189.49317932128906
5859,1745948677.7345986,182.57379531860352
5860,1745948677.9286847,182.99245834350586
5861,1745948678.122609,182.8932762145996
5862,1745948678.3163059,182.4626922607422
5863,1745948678.5108755,183.55488777160645
5864,1745948678.7059386,184.46826934814453
5865,1745948678.9005723,183.5930347442627
5866,1745948679.0945761,182.6460361480713
5867,1745948679.2891815,183.34674835205078
5868,1745948679.4827087,182.9371452331543
5869,1745948679.676438,182.68847465515137
5870,1745948679.8710942,183.47644805908203
5871,1745948680.0655344,183.66694450378418
5872,1745948680.259331,183.09688568115234
5873,1745948680.4522412,182.03282356262207
5874,1745948680.6468232,183.37297439575195
5875,1745948680.8407478,182.997465133667
5876,1745948681.0352628,183.69364738464355
5877,1745948681.2284007,182.6322078704834
5878,1745948681.4234753,183.87985229492188
5879,1745948681.6174455,183.5622787475586
5880,1745948681.81109,182.61075019836426
5881,1745948682.0046728,182.5556755065918
5882,1745948682.1998465,184.41319465637207
5883,1745948682.393944,182.7676296234131
5884,1745948682.5944452,189.36824798583984
5885,1745948682.7881374,182.45530128479004
5886,1745948682.981981,183.2897663116455
5887,1745948683.174928,182.43145942687988
5888,1745948683.3680654,182.59358406066895
5889,1745948683.5628183,183.44378471374512
5890,1745948683.7568507,183.50982666015625
5891,1745948683.9518156,184.0362548828125
5892,1745948684.1448307,182.75904655456543
5893,1745948684.3387082,183.24875831604004
5894,1745948684.5327938,183.19010734558105
5895,1745948684.7271342,183.5184097290039
5896,1745948684.9206157,182.32345581054688
5897,1745948685.115384,182.7528476715088
5898,1745948685.309294,183.07089805603027
5899,1745948685.5040205,183.70342254638672
5900,1745948685.6981013,183.1839084625244
5901,1745948685.8919446,182.88421630859375
5902,1745948686.0857277,182.77359008789062
5903,1745948686.2791653,182.81912803649902
5904,1745948686.4733107,182.33561515808105
5905,1745948686.667551,183.2139492034912
5906,1745948686.8624701,183.79688262939453
5907,1745948687.0559587,182.8174591064453
5908,1745948687.2505524,183.63404273986816
5909,1745948687.4449134,184.0212345123291
5910,1745948687.6375837,182.13152885437012
5911,1745948687.8316858,183.46023559570312
5912,1745948688.0268884,184.52787399291992
5913,1745948688.221766,183.28142166137695
5914,1745948688.416029,183.0589771270752
5915,1745948688.61098,183.87866020202637
5916,1745948688.8045278,182.98959732055664
5917,1745948688.999128,183.76779556274414
5918,1745948689.1914155,181.9291114807129
5919,1745948689.3856697,183.23493003845215
5920,1745948689.5792112,182.62100219726562
5921,1745948689.7747402,183.93850326538086
5922,1745948689.9686635,183.3956241607666
5923,1745948690.1619666,182.42478370666504
5924,1745948690.3580728,183.19416046142578
5925,1745948690.5516486,183.32743644714355
5926,1745948690.7463522,183.56060981750488
5927,1745948690.9408915,183.98547172546387
5928,1745948691.1345682,182.85036087036133
5929,1745948691.3289459,183.380126953125
5930,1745948691.5234017,183.40730667114258
5931,1745948691.7169878,182.65724182128906
5932,1745948691.9105284,182.75141716003418
5933,1745948692.1039617,182.90066719055176
5934,1745948692.2978663,183.29191207885742
5935,1745948692.49295,184.38720703125
5936,1745948692.686892,182.7406883239746
5937,1745948692.8818066,183.62736701965332
5938,1745948693.0760427,183.2733154296875
5939,1745948693.270037,183.20941925048828
5940,1745948693.4637723,183.1953525543213
5941,1745948693.6585195,183.701753616333
5942,1745948693.8530054,184.07320976257324
5943,1745948694.0472932,183.77232551574707
5944,1745948694.2408075,182.35015869140625
5945,1745948694.4359653,184.06367301940918
5946,1745948694.629728,183.17222595214844
5947,1745948694.8240685,183.67242813110352
5948,1745948695.017025,182.8010082244873
5949,1745948695.2125416,184.21125411987305
5950,1745948695.4057052,182.6012134552002
5951,1745948695.5989494,182.7383041381836
5952,1745948695.7930937,182.85536766052246
5953,1745948695.9878213,183.5801601409912
5954,1745948696.1809618,182.71827697753906
5955,1745948696.374443,182.5873851776123
5956,1745948696.5683637,183.19416046142578
5957,1745948696.7626305,183.4721565246582
5958,1745948696.9556603,182.84225463867188
5959,1745948697.1505287,183.83288383483887
5960,1745948697.3439841,182.29913711547852
5961,1745948697.544995,189.93711471557617
5962,1745948697.7390287,182.97743797302246
5963,1745948697.9330406,182.95598030090332
5964,1745948698.126178,182.40809440612793
5965,1745948698.3205884,183.35700035095215
5966,1745948698.514869,183.25257301330566
5967,1745948698.7090628,182.98935890197754
5968,1745948698.9023552,182.92832374572754
5969,1745948699.0968528,183.31646919250488
5970,1745948699.290435,183.0291748046875
5971,1745948699.483514,182.54637718200684
5972,1745948699.6771739,182.79433250427246
5973,1745948699.8715231,183.305025100708
5974,1745948700.0645924,182.59501457214355
5975,1745948700.2586455,183.0127239227295
5976,1745948700.4514875,182.6009750366211
5977,1745948700.6459792,182.61384963989258
5978,1745948700.839106,182.59572982788086
5979,1745948701.0335402,183.1986904144287
5980,1745948701.2274618,182.7678680419922
5981,1745948701.4209797,182.46936798095703
5982,1745948701.6157672,184.01122093200684
5983,1745948701.8096755,183.25138092041016
5984,1745948702.0036626,183.5763454437256
5985,1745948702.1965022,182.03234672546387
5986,1745948702.3919666,183.943510055542
5987,1745948702.5867507,183.76874923706055
5988,1745948702.7791154,182.21783638000488
5989,1745948702.9747987,184.16428565979004
5990,1745948703.1677153,182.71708488464355
5991,1745948703.363608,184.6001148223877
5992,1745948703.5580294,183.38751792907715
5993,1745948703.7513623,182.8134059906006
5994,1745948703.9444518,182.04808235168457
5995,1745948704.139019,183.4716796875
5996,1745948704.3333423,183.72750282287598
5997,1745948704.5274467,183.56943130493164
5998,1745948704.7204196,182.11627006530762
5999,1745948704.9153624,183.6843490600586
6000,1745948705.1083581,182.77430534362793
