1,1745920209.7672162,183.54177474975586
2,1745920209.960088,182.32345581054688
3,1745920210.1541457,182.51466751098633
4,1745920210.34963,184.4930648803711
5,1745920210.544459,183.79497528076172
6,1745920210.7389317,183.9447021484375
7,1745920210.9343731,184.8428249359131
8,1745920211.1285362,182.6949119567871
9,1745920211.3333728,193.79377365112305
10,1745920211.5278318,183.9432716369629
11,1745920211.7222466,183.29882621765137
12,1745920211.91627,182.93237686157227
13,1745920212.1096733,182.60598182678223
14,1745920212.3048859,184.33904647827148
15,1745920212.4999309,183.96639823913574
16,1745920212.696322,185.38665771484375
17,1745920212.8922153,184.86785888671875
18,1745920213.085901,183.1498146057129
19,1745920213.2797327,183.29191207885742
20,1745920213.4783752,187.70241737365723
21,1745920213.6717212,182.814359664917
22,1745920213.8672304,184.38291549682617
23,1745920214.0626333,184.12494659423828
24,1745920214.2590392,184.89599227905273
25,1745920214.455535,186.00702285766602
26,1745920214.6507852,184.71336364746094
27,1745920214.8463666,184.56077575683594
28,1745920215.041774,184.2060089111328
29,1745920215.237296,183.46810340881348
30,1745920215.4329336,185.1215362548828
31,1745920215.6576588,213.6671543121338
32,1745920215.854755,186.07854843139648
33,1745920216.0516772,186.2940788269043
34,1745920216.2448053,182.54423141479492
35,1745920216.4396706,184.3585968017578
36,1745920216.6366239,185.92500686645508
37,1745920216.8304234,183.08162689208984
38,1745920217.0275047,185.89353561401367
39,1745920217.2252424,186.73443794250488
40,1745920217.4208143,185.10198593139648
41,1745920217.615764,184.2508316040039
42,1745920217.8118002,185.4562759399414
43,1745920218.006561,184.19194221496582
44,1745920218.200735,183.28285217285156
45,1745920218.3973517,185.5947971343994
46,1745920218.6067746,198.39954376220703
47,1745920218.8039193,186.31482124328613
48,1745920219.0003738,185.93764305114746
49,1745920219.1974812,186.42258644104004
50,1745920219.394351,186.5403652191162
51,1745920219.5899305,185.18352508544922
52,1745920219.7864642,186.01727485656738
53,1745920219.984913,187.99114227294922
54,1745920220.179086,183.65049362182617
55,1745920220.375103,185.31274795532227
56,1745920220.570613,184.49664115905762
57,1745920220.765454,184.12446975708008
58,1745920220.9588413,182.71803855895996
59,1745920221.1561074,186.6602897644043
60,1745920221.3506958,184.06176567077637
61,1745920221.545877,184.39507484436035
62,1745920221.7418108,184.78822708129883
63,1745920221.939191,187.01577186584473
64,1745920222.1340146,184.18622016906738
65,1745920222.3286586,183.52270126342773
66,1745920222.5226767,183.54392051696777
67,1745920222.7155612,182.69014358520508
68,1745920222.909181,182.6014518737793
69,1745920223.1046495,184.87811088562012
70,1745920223.2997458,184.5693588256836
71,1745920223.4942155,183.48312377929688
72,1745920223.6884274,183.01773071289062
73,1745920223.881978,183.05039405822754
74,1745920224.0759661,183.26354026794434
75,1745920224.2691061,182.54327774047852
76,1745920224.4630928,182.95550346374512
77,1745920224.6568496,182.7073097229004
78,1745920224.8507018,182.81245231628418
79,1745920225.0473864,185.6536865234375
80,1745920225.240353,182.68227577209473
81,1745920225.435843,184.42583084106445
82,1745920225.6322846,185.683012008667
83,1745920225.8273516,184.51786041259766
84,1745920226.0210102,183.1226348876953
85,1745920226.2179193,185.7621669769287
86,1745920226.416515,187.6227855682373
87,1745920226.610162,182.82747268676758
88,1745920226.807301,185.5013370513916
89,1745920227.001942,184.10372734069824
90,1745920227.195883,183.1653118133545
91,1745920227.3891938,182.7092170715332
92,1745920227.5841157,183.95757675170898
93,1745920227.7775276,182.6493740081787
94,1745920227.9716723,183.12382698059082
95,1745920228.1697762,187.12139129638672
96,1745920228.3639305,182.98673629760742
97,1745920228.5708454,195.89948654174805
98,1745920228.7669284,185.05454063415527
99,1745920228.9598541,182.30462074279785
100,1745920229.1558459,184.48138236999512
101,1745920229.3497357,182.90281295776367
102,1745920229.5446937,184.42320823669434
103,1745920229.7379644,182.88159370422363
104,1745920229.9316647,182.65604972839355
105,1745920230.128057,185.01543998718262
106,1745920230.3230534,183.9745044708252
107,1745920230.5261059,192.01016426086426
108,1745920230.7229586,186.32268905639648
109,1745920230.9188635,185.3799819946289
110,1745920231.1130688,183.99810791015625
111,1745920231.307014,182.9237937927246
112,1745920231.502062,183.99739265441895
113,1745920231.6970382,184.02099609375
114,1745920231.890788,182.94262886047363
115,1745920232.08565,183.30836296081543
116,1745920232.2802675,183.60018730163574
117,1745920232.4752698,184.0493679046631
118,1745920232.6703732,184.12065505981445
119,1745920232.8631296,181.92028999328613
120,1745920233.0569918,182.82008171081543
121,1745920233.2652233,197.17812538146973
122,1745920233.4582212,182.24024772644043
123,1745920233.6518714,182.84106254577637
124,1745920233.8599303,196.4418888092041
125,1745920234.055376,184.93080139160156
126,1745920234.2503588,183.9301586151123
127,1745920234.446099,184.69572067260742
128,1745920234.6447659,187.62445449829102
129,1745920234.8398662,184.86309051513672
130,1745920235.0372624,186.36608123779297
131,1745920235.2340014,186.28382682800293
132,1745920235.4323013,187.76321411132812
133,1745920235.6292396,186.35964393615723
134,1745920235.8271499,186.43546104431152
135,1745920236.0226922,184.4961643218994
136,1745920236.2202861,186.2509250640869
137,1745920236.4169118,185.4548454284668
138,1745920236.6134062,185.88972091674805
139,1745920236.8086667,184.56482887268066
140,1745920237.0043156,184.5557689666748
141,1745920237.2007196,185.3926181793213
142,1745920237.3944612,182.68990516662598
143,1745920237.5909755,186.0373020172119
144,1745920237.785931,183.9275360107422
145,1745920237.9815633,184.95702743530273
146,1745920238.1787984,186.71393394470215
147,1745920238.3733783,183.63595008850098
148,1745920238.5671473,182.73568153381348
149,1745920238.7630541,184.6449375152588
150,1745920238.9575155,183.93445014953613
151,1745920239.1526854,184.64922904968262
152,1745920239.349215,185.1961612701416
153,1745920239.5457165,186.07497215270996
154,1745920239.7401974,183.95256996154785
155,1745920239.9364948,184.25941467285156
156,1745920240.1353462,188.55047225952148
157,1745920240.3349464,189.09668922424316
158,1745920240.5301232,184.15236473083496
159,1745920240.7258418,184.66472625732422
160,1745920240.9354928,199.2173194885254
161,1745920241.1308506,184.8461627960205
162,1745920241.3268306,184.78679656982422
163,1745920241.5219831,184.13352966308594
164,1745920241.7337098,200.57106018066406
165,1745920241.9310603,185.82415580749512
166,1745920242.1348808,193.27664375305176
167,1745920242.33679,191.2674903869629
168,1745920242.53674,188.90953063964844
169,1745920242.7386816,190.90604782104492
170,1745920242.9386258,188.92908096313477
171,1745920243.1430504,193.39776039123535
172,1745920243.3372521,183.6831569671631
173,1745920243.533348,185.5158805847168
174,1745920243.728233,183.65812301635742
175,1745920243.924022,185.43052673339844
176,1745920244.1182106,183.6414337158203
177,1745920244.3140383,184.65876579284668
178,1745920244.5089946,184.0991973876953
179,1745920244.7031631,183.1958293914795
180,1745920244.8981616,184.4167709350586
181,1745920245.098263,189.47553634643555
182,1745920245.2933753,184.7386360168457
183,1745920245.4973338,192.95668601989746
184,1745920245.6938572,186.35988235473633
185,1745920245.8910198,186.2642765045166
186,1745920246.0868905,184.6458911895752
187,1745920246.2813058,182.98768997192383
188,1745920246.48049,188.8425350189209
189,1745920246.6755004,184.4635009765625
190,1745920246.8700132,183.49552154541016
191,1745920247.0647476,184.42082405090332
192,1745920247.2606828,184.8287582397461
193,1745920247.4571748,185.4226589202881
194,1745920247.6534898,185.29891967773438
195,1745920247.8499193,185.54282188415527
196,1745920248.0484154,187.70194053649902
197,1745920248.244963,185.79912185668945
198,1745920248.4415848,185.97841262817383
199,1745920248.6369839,185.04047393798828
200,1745920248.833882,186.05327606201172
201,1745920249.0289967,184.4184398651123
202,1745920249.2271836,187.16907501220703
203,1745920249.4237466,185.96744537353516
204,1745920249.6190815,184.1146945953369
205,1745920249.8129933,183.26187133789062
206,1745920250.0080261,183.98523330688477
207,1745920250.2034154,184.88168716430664
208,1745920250.3982646,184.16237831115723
209,1745920250.592461,183.6686134338379
210,1745920250.790458,186.91158294677734
211,1745920250.9846392,183.7785243988037
212,1745920251.1805103,185.27483940124512
213,1745920251.378961,187.23440170288086
214,1745920251.5736096,184.1261386871338
215,1745920251.7705088,185.78004837036133
216,1745920251.9664657,184.59057807922363
217,1745920252.1634848,185.98508834838867
218,1745920252.357745,183.20727348327637
219,1745920252.5520053,183.65859985351562
220,1745920252.7459898,182.83629417419434
221,1745920252.9407895,183.74156951904297
222,1745920253.1348102,183.48360061645508
223,1745920253.328995,182.9507350921631
224,1745920253.5238116,183.85767936706543
225,1745920253.717074,182.59716033935547
226,1745920253.911967,183.87985229492188
227,1745920254.1050243,182.3887825012207
228,1745920254.29898,182.91163444519043
229,1745920254.4929664,183.47597122192383
230,1745920254.6879275,183.93206596374512
231,1745920254.882049,183.5153102874756
232,1745920255.0758789,183.21824073791504
233,1745920255.2702408,183.34650993347168
234,1745920255.4666266,184.81040000915527
235,1745920255.6605713,182.47723579406738
236,1745920255.855792,184.03387069702148
237,1745920256.0506237,183.66551399230957
238,1745920256.250093,188.22026252746582
239,1745920256.444097,183.31122398376465
240,1745920256.6375182,182.82794952392578
241,1745920256.83156,182.9814910888672
242,1745920257.0265298,183.5484504699707
243,1745920257.220055,182.48271942138672
244,1745920257.4136791,182.89613723754883
245,1745920257.6095424,184.77463722229004
246,1745920257.8035085,182.93380737304688
247,1745920257.9983013,184.49759483337402
248,1745920259.0168648,nan
249,1745920259.2105591,183.2714080810547
250,1745920259.4990358,277.9498100280762
251,1745920259.693092,183.02297592163086
252,1745920259.886906,183.04157257080078
253,1745920260.0808296,183.3362579345703
254,1745920260.276478,184.61370468139648
255,1745920260.4768941,189.88704681396484
256,1745920260.6701367,182.22332000732422
257,1745920260.8646955,183.47907066345215
258,1745920261.0765102,200.64401626586914
259,1745920261.2738469,186.82432174682617
260,1745920261.49395,209.3043327331543
261,1745920261.6998758,194.57483291625977
262,1745920261.898195,187.79921531677246
263,1745920262.1047974,196.1038112640381
264,1745920262.2992992,183.36772918701172
265,1745920262.5017705,191.47396087646484
266,1745920262.7105193,197.6776123046875
267,1745920262.905919,184.70072746276855
268,1745920263.1030524,186.22899055480957
269,1745920263.2999449,186.4326000213623
270,1745920263.495542,185.2588653564453
271,1745920263.6930566,186.23852729797363
272,1745920263.8893569,185.2583885192871
273,1745920264.0854273,185.55712699890137
274,1745920264.281578,185.6677532196045
275,1745920264.478592,185.88900566101074
276,1745920264.6755545,186.2962245941162
277,1745920264.8720124,186.1727237701416
278,1745920265.067018,184.12399291992188
279,1745920265.2645814,186.50484085083008
280,1745920265.4594705,183.9883327484131
281,1745920265.6548662,184.79394912719727
282,1745920265.8504562,184.556245803833
283,1745920266.0459206,184.44323539733887
284,1745920266.2533572,196.3484287261963
285,1745920266.4491518,184.77654457092285
286,1745920266.6443088,184.94367599487305
287,1745920266.8420746,186.79428100585938
288,1745920267.038067,184.88216400146484
289,1745920267.2349172,186.1743927001953
290,1745920267.4326952,186.95497512817383
291,1745920267.6295977,186.07640266418457
292,1745920267.8245783,184.19384956359863
293,1745920268.022158,186.45024299621582
294,1745920268.2340596,201.36046409606934
295,1745920268.4347804,189.8963451385498
296,1745920268.6306665,185.42003631591797
297,1745920268.8276143,185.93382835388184
298,1745920269.0651062,226.38750076293945
299,1745920270.0858874,nan
300,1745920270.4418757,345.54171562194824
301,1745920270.6386626,185.75215339660645
302,1745920270.834799,185.1186752319336
303,1745920271.8521175,nan
304,1745920272.0506492,187.9875659942627
305,1745920272.246587,185.42122840881348
306,1745920272.4434586,185.8811378479004
307,1745920272.639959,185.4262351989746
308,1745920272.8382308,187.33859062194824
309,1745920273.0331542,184.16643142700195
310,1745920273.227942,184.03029441833496
311,1745920273.4298017,191.05195999145508
312,1745920273.6243818,184.05961990356445
313,1745920273.9276905,291.3622856140137
314,1745920274.2395735,301.349401473999
315,1745920274.4565132,205.5685520172119
316,1745920274.653304,186.1557960510254
317,1745920274.8502731,185.9440803527832
318,1745920275.047898,186.37537956237793
319,1745920276.0646803,nan
320,1745920276.4730864,397.86243438720703
321,1745920276.6679256,184.28921699523926
322,1745920276.8623476,183.87436866760254
323,1745920277.058596,185.9261989593506
324,1745920277.256742,187.70337104797363
325,1745920277.5138674,246.74248695373535
326,1745920277.7072651,182.79147148132324
327,1745920277.9019837,183.4850311279297
328,1745920278.0981045,183.83097648620605
329,1745920278.291919,183.27808380126953
330,1745920278.4880958,185.31084060668945
331,1745920278.6825433,183.49123001098633
332,1745920278.8766797,183.24565887451172
333,1745920279.070303,183.0754280090332
334,1745920279.2647138,183.58325958251953
335,1745920279.4607682,184.79585647583008
336,1745920279.6559873,184.89408493041992
337,1745920279.8501604,183.424711227417
338,1745920280.0455186,183.72774124145508
339,1745920280.2400243,183.08758735656738
340,1745920280.434201,183.65812301635742
341,1745920280.6307094,185.96315383911133
342,1745920280.8273375,184.47375297546387
343,1745920281.021546,183.699369430542
344,1745920281.2181318,185.2123737335205
345,1745920281.4141412,184.95655059814453
346,1745920281.6085591,183.98666381835938
347,1745920281.807787,188.645601272583
348,1745920282.0017972,183.00557136535645
349,1745920282.1965427,183.9127540588379
350,1745920282.4306734,223.59704971313477
351,1745920282.6249409,183.53748321533203
352,1745920282.819611,183.8531494140625
353,1745920283.0137875,183.6683750152588
354,1745920283.2140443,189.7430419921875
355,1745920283.4556317,230.5448055267334
356,1745920283.6505907,183.8078498840332
357,1745920284.6706197,nan
358,1745920284.8884666,207.53240585327148
359,1745920285.197166,297.6493835449219
360,1745920285.5058024,297.9614734649658
361,1745920285.7023141,184.89766120910645
362,1745920285.896859,184.04793739318848
363,1745920286.09051,183.13837051391602
364,1745920286.2844563,183.16173553466797
365,1745920286.478955,183.32600593566895
366,1745920286.6729474,183.46142768859863
367,1745920286.866913,183.39896202087402
368,1745920287.0618956,184.25655364990234
369,1745920287.2559333,183.44950675964355
370,1745920287.449889,183.41755867004395
371,1745920287.7525532,292.250394821167
372,1745920287.946534,183.55679512023926
373,1745920288.1403482,183.28189849853516
374,1745920289.1618717,nan
375,1745920289.3600094,187.53480911254883
376,1745920289.5569432,186.34605407714844
377,1745920289.8032036,234.91215705871582
378,1745920289.9968605,183.12954902648926
379,1745920291.011717,nan
380,1745920291.2056203,182.2199821472168
381,1745920291.4024189,186.2802505493164
382,1745920291.5969388,184.03315544128418
383,1745920291.790885,182.9855442047119
384,1745920292.0449042,243.46089363098145
385,1745920292.240742,185.21976470947266
386,1745920292.4346163,183.28309059143066
387,1745920292.6289132,183.93731117248535
388,1745920292.8247354,184.54504013061523
389,1745920293.0690272,233.18171501159668
390,1745920293.2640169,183.83526802062988
391,1745920294.286009,nan
392,1745920294.5356076,239.0279769897461
393,1745920294.7355654,188.751220703125
394,1745920294.9332314,186.63549423217773
395,1745920295.1286464,184.88717079162598
396,1745920295.4387872,299.09348487854004
397,1745920295.7493134,299.7546195983887
398,1745920296.0585885,298.6795902252197
399,1745920296.3532581,283.6344242095947
400,1745920296.5475767,183.79902839660645
401,1745920296.742778,184.4625473022461
402,1745920296.9392188,185.93263626098633
403,1745920297.137164,186.54155731201172
404,1745920297.3778977,229.705810546875
405,1745920297.5743263,185.49132347106934
406,1745920297.7800617,194.6849822998047
407,1745920297.977814,186.08450889587402
408,1745920298.1719217,183.63428115844727
409,1745920298.513001,329.8342227935791
410,1745920298.709451,185.9278678894043
411,1745920298.9050295,184.94915962219238
412,1745920299.102911,186.3851547241211
413,1745920299.2975922,183.93921852111816
414,1745920299.492971,184.27062034606934
415,1745920299.738861,234.85684394836426
416,1745920300.0615637,312.18838691711426
417,1745920300.357009,284.0845584869385
418,1745920300.5500784,182.23834037780762
419,1745920300.7458727,184.52000617980957
420,1745920300.9415555,184.7672462463379
421,1745920301.1355302,183.11643600463867
422,1745920301.3304942,183.92372131347656
423,1745920301.5249157,183.88938903808594
424,1745920301.7200663,184.15069580078125
425,1745920301.915178,183.8085651397705
426,1745920302.108218,182.45625495910645
427,1745920302.3036926,184.16666984558105
428,1745920302.5004084,186.08832359313965
429,1745920302.698013,186.51080131530762
430,1745920302.8923,183.27879905700684
431,1745920303.088222,184.40580368041992
432,1745920303.2831056,184.28516387939453
433,1745920303.4773242,183.14552307128906
434,1745920303.672689,184.84234809875488
435,1745920303.8671584,183.44616889953613
436,1745920304.1449344,267.51208305358887
437,1745920304.4555156,299.6807098388672
438,1745920304.6493528,183.28046798706055
439,1745920304.8430073,182.95884132385254
440,1745920305.038258,184.44228172302246
441,1745920305.241537,191.9105052947998
442,1745920305.4345286,182.62767791748047
443,1745920305.6348805,189.1763210296631
444,1745920305.8746195,228.56426239013672
445,1745920306.068964,183.13312530517578
446,1745920306.2637274,183.5043430328369
447,1745920306.4618955,186.95497512817383
448,1745920306.6571012,184.5991611480713
449,1745920306.8580425,189.90087509155273
450,1745920307.0536764,184.55123901367188
451,1745920307.321661,256.4723491668701
452,1745920307.6168396,283.4627628326416
453,1745920307.8134017,185.32514572143555
454,1745920308.0078568,183.40396881103516
455,1745920308.2016609,183.2101345062256
456,1745920308.396099,183.38346481323242
457,1745920308.5986824,191.54834747314453
458,1745920308.7944193,184.706449508667
459,1745920308.9886167,183.66670608520508
460,1745920309.183751,184.10587310791016
461,1745920309.462689,268.15152168273926
462,1745920309.6563797,182.9977035522461
463,1745920309.8501353,182.73377418518066
464,1745920310.3799217,518.7423229217529
465,1745920310.598508,208.03189277648926
466,1745920310.7930987,183.98571014404297
467,1745920310.9873657,183.45236778259277
468,1745920311.183449,185.05358695983887
469,1745920311.3800082,186.0342025756836
470,1745920311.622916,231.75644874572754
471,1745920311.9218528,287.8732681274414
472,1745920312.1151721,183.12501907348633
473,1745920312.3201578,193.93062591552734
474,1745920312.5167656,185.0144863128662
475,1745920312.7098403,182.91640281677246
476,1745920312.9054391,185.0876808166504
477,1745920313.1017663,185.28056144714355
478,1745920313.3439107,231.24098777770996
479,1745920313.5389376,184.3583583831787
480,1745920313.7332702,183.29310417175293
481,1745920313.9296923,185.6067180633545
482,1745920314.1747932,233.81900787353516
483,1745920314.4845655,298.6724376678467
484,1745920314.6786602,183.1338405609131
485,1745920314.8738687,184.08727645874023
486,1745920315.070962,186.07783317565918
487,1745920316.0892768,nan
488,1745920316.6215699,521.885871887207
489,1745920316.8197312,186.57803535461426
490,1745920317.0143104,184.05675888061523
491,1745920317.2101824,184.5705509185791
492,1745920317.4067776,185.65726280212402
493,1745920317.6018457,183.84575843811035
494,1745920317.7998219,187.27564811706543
495,1745920317.9978657,186.7532730102539
496,1745920318.1937716,185.394287109375
497,1745920318.4708939,266.28684997558594
498,1745920318.6673372,185.4262351989746
499,1745920318.8632882,184.9057674407959
500,1745920319.06093,186.2618923187256
501,1745920319.2570698,184.6926212310791
502,1745920319.4516604,183.4735870361328
503,1745920319.701564,239.3631935119629
504,1745920319.897718,185.02044677734375
505,1745920320.923889,nan
506,1745920321.2349813,300.6284236907959
507,1745920321.432536,186.2924098968506
508,1745920321.62926,185.6236457824707
509,1745920321.8266053,186.80548667907715
510,1745920322.025847,188.07196617126465
511,1745920322.2602928,223.98066520690918
512,1745920322.4572299,185.31465530395508
513,1745920322.6628683,194.1368579864502
514,1745920322.8581796,183.49719047546387
515,1745920323.0845716,215.8513069152832
516,1745920323.3857503,290.6472682952881
517,1745920323.5808089,184.13233757019043
518,1745920324.6029649,nan
519,1745920324.7959073,182.4052333831787
520,1745920324.9902468,183.197021484375
521,1745920325.1843863,182.91473388671875
522,1745920325.4437776,248.11840057373047
523,1745920326.4661176,nan
524,1745920326.6609454,184.3712329864502
525,1745920326.856285,184.3276023864746
526,1745920327.0673528,199.80907440185547
527,1745920327.261151,183.3643913269043
528,1745920327.4557502,183.12716484069824
529,1745920327.6507342,183.9461326599121
530,1745920327.9043403,242.78998374938965
531,1745920328.1008968,185.6973171234131
532,1745920328.4138474,302.6745319366455
533,1745920328.6598647,235.05544662475586
534,1745920328.8561184,185.2269172668457
535,1745920329.0502427,183.20274353027344
536,1745920329.2433708,182.29937553405762
537,1745920329.5365534,281.5976142883301
538,1745920329.7338974,186.80930137634277
539,1745920329.9288313,183.83550643920898
540,1745920330.1234949,184.01193618774414
541,1745920331.1453512,nan
542,1745920331.3488903,192.93808937072754
543,1745920331.5431406,183.74204635620117
544,1745920331.7377725,183.52198600769043
545,1745920331.9319077,183.5000514984131
546,1745920332.1258824,183.3822727203369
547,1745920332.3205905,183.78162384033203
548,1745920332.5148258,183.6400032043457
549,1745920332.7089064,183.1820011138916
550,1745920332.9174924,198.05598258972168
551,1745920333.2117915,283.46920013427734
552,1745920333.4058733,183.70318412780762
553,1745920333.6005552,184.16738510131836
554,1745920333.808887,197.30663299560547
555,1745920334.005124,185.1346492767334
556,1745920334.2475257,232.1012020111084
557,1745920334.5567284,297.8799343109131
558,1745920334.750287,182.71684646606445
559,1745920334.9619484,200.1335620880127
560,1745920335.2694387,296.7545986175537
561,1745920335.5230057,241.54090881347656
562,1745920335.7685826,235.05878448486328
563,1745920336.093551,313.72547149658203
564,1745920336.288386,183.68268013000488
565,1745920336.4830704,183.38537216186523
566,1745920336.6760168,182.4188232421875
567,1745920336.8731449,186.09976768493652
568,1745920337.066543,182.8591823577881
569,1745920337.2620006,183.8550567626953
570,1745920337.4589024,186.07735633850098
571,1745920337.6536212,184.20076370239258
572,1745920337.9192336,254.52804565429688
573,1745920338.1138735,183.5319995880127
574,1745920338.3094685,184.41128730773926
575,1745920338.5047033,184.69572067260742
576,1745920338.7001126,184.62848663330078
577,1745920338.9129622,201.83539390563965
578,1745920339.128847,205.1088809967041
579,1745920339.3229806,183.88843536376953
580,1745920339.5183945,184.07893180847168
581,1745920339.7118254,182.3902130126953
582,1745920339.906339,183.11786651611328
583,1745920340.1009495,183.7160587310791
584,1745920340.3867548,274.4593620300293
585,1745920340.5852306,187.43157386779785
586,1745920340.7829027,186.48624420166016
587,1745920340.979715,186.08665466308594
588,1745920341.2104647,220.0336456298828
589,1745920341.411638,191.05935096740723
590,1745920341.6078446,185.6248378753662
591,1745920341.8014708,182.8935146331787
592,1745920342.0303764,218.07289123535156
593,1745920342.3400257,297.77050018310547
594,1745920342.6354396,284.0394973754883
595,1745920342.8305695,183.69174003601074
596,1745920343.02795,186.2800121307373
597,1745920343.2228708,183.4108829498291
598,1745920343.4161575,183.03942680358887
599,1745920343.666328,239.13812637329102
600,1745920343.9777532,300.30322074890137
601,1745920344.2679698,279.61111068725586
602,1745920344.463047,183.9008331298828
603,1745920344.658645,184.55934524536133
604,1745920344.8549535,185.3470802307129
605,1745920345.0506015,185.36734580993652
606,1745920345.3051012,243.32904815673828
607,1745920345.4994547,183.32338333129883
608,1745920345.693904,183.39800834655762
609,1745920345.8887773,184.36646461486816
610,1745920346.084269,184.33308601379395
611,1745920346.3318899,236.58108711242676
612,1745920346.5267584,184.23080444335938
613,1745920346.7201798,183.12740325927734
614,1745920346.9148767,183.47525596618652
615,1745920347.1096563,183.34412574768066
616,1745920347.304237,184.05556678771973
617,1745920347.5571048,242.43736267089844
618,1745920347.751919,183.45165252685547
619,1745920347.9458847,183.42065811157227
620,1745920348.140159,183.1374168395996
621,1745920348.3360314,184.21077728271484
622,1745920348.581771,235.34655570983887
623,1745920348.7762058,183.32648277282715
624,1745920348.9708538,183.78043174743652
625,1745920349.1666992,184.28564071655273
626,1745920349.3602562,183.427095413208
627,1745920349.6067393,235.9023094177246
628,1745920349.915856,298.51627349853516
629,1745920350.2268388,299.938440322876
630,1745920350.5332322,295.84336280822754
631,1745920350.7343504,190.28306007385254
632,1745920350.9279149,182.4638843536377
633,1745920351.1227832,184.20863151550293
634,1745920351.3189843,185.04905700683594
635,1745920351.513984,184.57818031311035
636,1745920351.7081902,183.06255340576172
637,1745920351.902683,184.22651290893555
638,1745920352.0964258,182.69085884094238
639,1745920352.2902207,182.79361724853516
640,1745920352.5740936,271.73852920532227
641,1745920352.767808,183.40420722961426
642,1745920352.961984,183.7325096130371
643,1745920353.1577635,185.1968765258789
644,1745920353.35247,184.0529441833496
645,1745920353.5937681,230.6962013244629
646,1745920353.7916913,186.88440322875977
647,1745920354.8130965,nan
648,1745920355.0073986,183.76469612121582
649,1745920355.2378485,219.56253051757812
650,1745920355.5503075,301.483154296875
651,1745920355.8394835,277.7438163757324
652,1745920356.033806,183.78162384033203
653,1745920356.228771,184.34882164001465
654,1745920356.4226108,183.09426307678223
655,1745920356.616914,183.07995796203613
656,1745920356.8128097,185.4565143585205
657,1745920357.0074358,183.52270126342773
658,1745920357.2809703,262.73226737976074
659,1745920357.475459,184.01741981506348
660,1745920357.6716638,185.15586853027344
661,1745920357.8657656,183.58469009399414
662,1745920358.1026013,225.9073257446289
663,1745920358.4141724,300.52661895751953
664,1745920358.7067945,282.088041305542
665,1745920358.9026606,185.24169921875
666,1745920359.096765,183.4404468536377
667,1745920359.292699,184.97037887573242
668,1745920359.4910614,187.32357025146484
669,1745920359.7305698,228.98054122924805
670,1745920359.926656,185.52112579345703
671,1745920360.1238623,186.01107597351074
672,1745920360.3197782,185.2588653564453
673,1745920360.5572112,226.91869735717773
674,1745920361.5816815,nan
675,1745920361.9003634,308.0108165740967
676,1745920362.103716,191.80917739868164
677,1745920362.2998598,185.1966381072998
678,1745920362.496171,185.78505516052246
679,1745920362.6951852,187.8814697265625
680,1745920362.889175,183.3806037902832
681,1745920363.0851123,184.8928928375244
682,1745920363.328759,233.08157920837402
683,1745920363.6202502,280.35998344421387
684,1745920363.8175402,185.76931953430176
685,1745920364.832382,nan
686,1745920365.031792,189.10932540893555
687,1745920365.2721205,229.44283485412598
688,1745920365.580228,297.360897064209
689,1745920365.8753364,283.45298767089844
690,1745920366.0700023,184.24487113952637
691,1745920366.2654016,184.36479568481445
692,1745920366.460732,184.81707572937012
693,1745920366.658393,186.2945556640625
694,1745920366.8534987,184.56435203552246
695,1745920367.0504832,185.9450340270996
696,1745920367.3192708,258.2745552062988
697,1745920367.5145187,184.71741676330566
698,1745920367.7118726,186.3119602203369
699,1745920367.908098,185.5621337890625
700,1745920368.1036947,184.67116355895996
701,1745920368.2998986,185.6672763824463
702,1745920368.547678,237.07985877990723
703,1745920368.7437475,185.43672561645508
704,1745920368.9387152,183.94732475280762
705,1745920369.134161,184.94296073913574
706,1745920369.3291926,184.40532684326172
707,1745920369.5690093,228.97076606750488
708,1745920369.7657235,185.93263626098633
709,1745920370.7918358,nan
710,1745920370.9880698,185.6987476348877
711,1745920371.1850014,185.72425842285156
712,1745920371.4158053,220.0322151184082
713,1745920371.6124156,185.59885025024414
714,1745920371.8091247,186.16032600402832
715,1745920372.0046916,184.14688110351562
716,1745920372.2015853,185.84322929382324
717,1745920372.400015,187.51907348632812
718,1745920372.6446385,234.0414524078369
719,1745920372.8381364,182.45291709899902
720,1745920373.0356598,186.75780296325684
721,1745920373.2297688,183.52746963500977
722,1745920373.424475,183.67505073547363
723,1745920373.6223688,187.2718334197998
724,1745920373.8172257,184.31854248046875
725,1745920374.0740426,245.78428268432617
726,1745920375.0862248,nan
727,1745920375.306721,209.85174179077148
728,1745920375.502158,184.39006805419922
729,1745920375.695671,183.23445320129395
730,1745920375.889408,182.62839317321777
731,1745920376.0857003,185.25934219360352
732,1745920376.3316913,234.96341705322266
733,1745920376.6564956,314.410924911499
734,1745920376.8500547,183.0441951751709
735,1745920377.0437396,183.11619758605957
736,1745920377.2394948,184.82685089111328
737,1745920377.434236,183.69412422180176
738,1745920377.6271126,182.36732482910156
739,1745920377.8219447,183.78281593322754
740,1745920378.0170903,184.6318244934082
741,1745920378.2109735,182.97910690307617
742,1745920378.404045,182.65032768249512
743,1745920378.6840727,268.97740364074707
744,1745920378.87725,182.36446380615234
745,1745920379.0728946,184.62443351745605
746,1745920379.2687497,184.9081516265869
747,1745920379.462795,183.5169792175293
748,1745920379.7090309,235.1057529449463
749,1745920379.904445,184.891939163208
750,1745920380.923191,nan
751,1745920381.1169195,183.2101345062256
752,1745920381.3446581,217.18215942382812
753,1745920381.5390267,183.32886695861816
754,1745920381.7333481,183.25257301330566
755,1745920381.9283445,183.94756317138672
756,1745920382.170397,231.9328784942627
757,1745920382.4792025,298.23875427246094
758,1745920382.789732,299.32618141174316
759,1745920382.9841478,182.65461921691895
760,1745920383.3020196,307.3556423187256
761,1745920383.5965087,284.27600860595703
762,1745920383.7917392,184.53168869018555
763,1745920383.9859922,183.74347686767578
764,1745920384.1804085,183.8686466217041
765,1745920384.3751638,183.7027072906494
766,1745920384.6342115,248.46386909484863
767,1745920384.8283734,183.12907218933105
768,1745920385.0216155,182.87062644958496
769,1745920385.2153265,183.37368965148926
770,1745920385.4091256,182.75022506713867
771,1745920385.6029065,182.8627586364746
772,1745920385.8525958,238.9998435974121
773,1745920386.045762,182.54733085632324
774,1745920387.062241,nan
775,1745920387.2588208,185.29200553894043
776,1745920387.4532583,183.96854400634766
777,1745920387.6482458,184.10563468933105
778,1745920387.843526,184.4656467437744
779,1745920388.0941002,239.95447158813477
780,1745920388.2909317,185.83393096923828
781,1745920389.3104274,nan
782,1745920390.3307366,nan
783,1745920390.534703,193.4518814086914
784,1745920390.759353,214.35904502868652
785,1745920391.7759745,nan
786,1745920392.7875612,nan
787,1745920392.9812858,183.3789348602295
788,1745920393.176151,183.29858779907227
789,1745920393.428106,241.0743236541748
790,1745920393.6228006,184.16380882263184
791,1745920394.6390548,nan
792,1745920395.6620736,nan
793,1745920396.6850893,nan
794,1745920396.8795812,183.9771270751953
795,1745920397.0744097,183.4547519683838
796,1745920397.2679605,182.63006210327148
797,1745920397.5272453,248.2309341430664
798,1745920397.7215595,183.26902389526367
799,1745920397.9150305,183.1350326538086
800,1745920398.10967,183.87699127197266
801,1745920398.3037283,183.0275058746338
802,1745920398.4985268,183.60519409179688
803,1745920398.7452843,234.73644256591797
804,1745920398.9389198,183.12764167785645
805,1745920399.1355054,185.27960777282715
806,1745920399.329276,183.1033229827881
807,1745920399.580672,240.78059196472168
808,1745920399.8750036,283.0014228820801
809,1745920400.0696678,184.10968780517578
810,1745920400.2641325,183.22014808654785
811,1745920400.4572484,182.2648048400879
812,1745920400.6589396,190.40560722351074
813,1745920400.8563364,186.59591674804688
814,1745920401.0517657,185.1785182952881
815,1745920401.2487562,186.4149570465088
816,1745920401.497967,239.06826972961426
817,1745920401.7008424,192.2590732574463
818,1745920401.8961916,184.5262050628662
819,1745920402.090886,183.67743492126465
820,1745920402.286798,185.3163242340088
821,1745920402.5574849,260.4784965515137
822,1745920402.7518635,183.31122398376465
823,1745920402.9458885,182.8465461730957
824,1745920403.1393242,183.17341804504395
825,1745920403.334084,183.31170082092285
826,1745920403.527907,183.30788612365723
827,1745920403.721668,183.49575996398926
828,1745920403.9166393,183.55488777160645
829,1745920404.1879811,260.4207992553711
830,1745920404.4849446,285.6123447418213
831,1745920404.6785924,183.10999870300293
832,1745920404.8729782,183.39276313781738
833,1745920405.068031,183.85601043701172
834,1745920405.2619765,183.42328071594238
835,1745920405.528686,255.83314895629883
836,1745920405.725967,186.16509437561035
837,1745920405.985276,248.4111785888672
838,1745920406.1801076,183.78901481628418
839,1745920406.3737152,183.00676345825195
840,1745920406.567705,182.7089786529541
841,1745920406.7615018,183.23159217834473
842,1745920406.9560702,183.95495414733887
843,1745920407.1501086,183.02321434020996
844,1745920407.3439639,182.8012466430664
845,1745920407.5377338,183.19940567016602
846,1745920407.7657037,217.05341339111328
847,1745920407.959075,182.7106475830078
848,1745920408.1536891,183.5653781890869
849,1745920408.347557,183.3198070526123
850,1745920408.541467,183.1514835357666
851,1745920408.7902498,237.72382736206055
852,1745920408.9858193,184.00311470031738
853,1745920409.1794648,182.66963958740234
854,1745920409.3719537,182.0545196533203
855,1745920409.5701673,186.6135597229004
856,1745920409.7651227,184.04126167297363
857,1745920410.022442,246.77562713623047
858,1745920411.0457892,nan
859,1745920411.2400947,183.75062942504883
860,1745920411.5594585,308.83336067199707
861,1745920411.8701828,299.6952533721924
862,1745920412.1654887,284.116268157959
863,1745920412.358266,182.24310874938965
864,1745920412.5704134,200.92368125915527
865,1745920412.7651322,183.9008331298828
866,1745920412.9899695,214.4484519958496
867,1745920413.1831114,182.8439235687256
868,1745920413.378952,184.5390796661377
869,1745920413.5955727,206.526517868042
870,1745920414.617585,nan
871,1745920414.8152761,186.97690963745117
872,1745920415.0103605,184.03267860412598
873,1745920415.207962,186.0830783843994
874,1745920415.4467359,227.71811485290527
875,1745920415.6437588,185.9915256500244
876,1745920415.8397934,185.35923957824707
877,1745920416.0367918,186.57159805297852
878,1745920416.2308521,183.46714973449707
879,1745920416.4279764,186.5091323852539
880,1745920416.623643,185.12773513793945
881,1745920416.819867,185.61792373657227
882,1745920417.0139012,183.11214447021484
883,1745920417.210184,184.82685089111328
884,1745920417.4075308,186.32102012634277
885,1745920418.4271278,nan
886,1745920418.7236145,285.40515899658203
887,1745920418.918931,184.67307090759277
888,1745920419.1138096,184.01503562927246
889,1745920419.3117373,186.8886947631836
890,1745920419.5065124,184.53407287597656
891,1745920419.75096,233.92462730407715
892,1745920420.0609393,298.7785339355469
893,1745920420.3516212,279.4530391693115
894,1745920420.5477865,185.6215000152588
895,1745920420.756833,197.99470901489258
896,1745920421.7701745,nan
897,1745920422.793578,nan
898,1745920422.9921703,187.93368339538574
899,1745920423.1889408,185.652494430542
900,1745920423.4321103,231.74643516540527
901,1745920423.6270385,184.34858322143555
902,1745920424.6441178,nan
903,1745920424.8402717,185.9285831451416
904,1745920425.036732,184.8766803741455
905,1745920425.234399,185.64534187316895
906,1745920425.429194,184.34691429138184
907,1745920425.6322336,192.0166015625
908,1745920425.827623,184.85522270202637
909,1745920426.0248888,185.78481674194336
910,1745920426.2217185,186.08903884887695
911,1745920426.4186318,186.16342544555664
912,1745920426.616555,186.97834014892578
913,1745920426.8125653,185.41550636291504
914,1745920427.0082252,185.14490127563477
915,1745920427.2056828,186.06257438659668
916,1745920427.4027505,186.051607131958
917,1745920427.598887,185.5943202972412
918,1745920427.7938287,184.13114547729492
919,1745920427.9901602,185.16802787780762
920,1745920428.186577,185.88495254516602
921,1745920428.4518425,254.52637672424316
922,1745920428.7640493,301.38444900512695
923,1745920429.0364263,260.7734203338623
924,1745920429.2338014,186.83934211730957
925,1745920429.4297454,185.38498878479004
926,1745920429.6258004,185.63413619995117
927,1745920429.8228593,186.02776527404785
928,1745920430.0186627,184.82589721679688
929,1745920430.2137578,184.0047836303711
930,1745920430.409316,184.25250053405762
931,1745920430.6983109,277.74667739868164
932,1745920430.8949378,186.10501289367676
933,1745920431.101669,195.59192657470703
934,1745920431.2972164,185.3320598602295
935,1745920431.5230837,215.35181999206543
936,1745920431.8370848,303.2796382904053
937,1745920432.1298888,282.26518630981445
938,1745920432.324211,183.27593803405762
939,1745920432.5171084,181.89215660095215
940,1745920432.712383,183.7179660797119
941,1745920432.9063709,182.93166160583496
942,1745920433.0994024,182.234525680542
943,1745920433.2948442,184.342622756958
944,1745920433.5207477,215.3456211090088
945,1745920433.7144651,183.05730819702148
946,1745920433.9078784,182.34992027282715
947,1745920434.1018653,182.94525146484375
948,1745920434.39381,280.472993850708
949,1745920434.7038622,299.36933517456055
950,1745920434.994938,279.78038787841797
951,1745920435.1892776,183.29381942749023
952,1745920435.3848407,184.53502655029297
953,1745920435.5799952,184.5998764038086
954,1745920435.822252,231.56285285949707
955,1745920436.015915,183.01129341125488
956,1745920436.2129683,186.5389347076416
957,1745920436.4284053,204.85782623291016
958,1745920436.6226993,183.78281593322754
959,1745920436.8178458,183.93778800964355
960,1745920437.0119596,183.29215049743652
961,1745920437.2052183,182.75952339172363
962,1745920437.400136,183.87079238891602
963,1745920437.5951636,184.6461296081543
964,1745920437.7883692,182.67488479614258
965,1745920437.9835799,184.4332218170166
966,1745920438.1797056,185.6215000152588
967,1745920438.373455,183.12931060791016
968,1745920438.5695453,185.0595474243164
969,1745920438.7900543,209.98620986938477
970,1745920438.9852574,184.08727645874023
971,1745920439.179026,183.2575798034668
972,1745920439.372627,182.36470222473145
973,1745920439.6203427,236.6335391998291
974,1745920439.8141446,182.20281600952148
975,1745920440.007762,183.10976028442383
976,1745920440.2044039,185.12988090515137
977,1745920441.2304547,nan
978,1745920441.4249833,183.9752197265625
979,1745920441.6560183,220.41034698486328
980,1745920441.8507066,183.66336822509766
981,1745920442.0435743,182.33060836791992
982,1745920442.239094,184.47327613830566
983,1745920442.4339397,184.15522575378418
984,1745920442.6865036,241.91784858703613
985,1745920442.9818292,284.6195697784424
986,1745920443.176026,183.17127227783203
987,1745920443.3696082,183.1984519958496
988,1745920443.5639024,184.22579765319824
989,1745920443.8227775,248.26598167419434
990,1745920444.1149683,281.57997131347656
991,1745920444.309655,184.19241905212402
992,1745920444.5030978,182.77931213378906
993,1745920444.697972,183.74323844909668
994,1745920444.8928394,184.34643745422363
995,1745920445.0867648,183.26401710510254
996,1745920445.281674,184.4038963317871
997,1745920445.4762394,183.61783027648926
998,1745920445.6720536,184.92960929870605
999,1745920445.96012,277.5301933288574
1000,1745920446.1550446,183.93540382385254
1001,1745920447.1672657,nan
1002,1745920447.3607414,182.96146392822266
1003,1745920448.3736348,nan
1004,1745920448.5689418,184.7836971282959
1005,1745920448.8277855,247.75314331054688
1006,1745920449.02326,183.80451202392578
1007,1745920449.217591,183.87174606323242
1008,1745920449.4114947,183.3789348602295
1009,1745920449.606975,184.82542037963867
1010,1745920449.8006208,183.10952186584473
1011,1745920450.0534976,241.7616844177246
1012,1745920450.2469049,182.44552612304688
1013,1745920450.4415264,182.84249305725098
1014,1745920451.4648037,nan
1015,1745920451.6730952,197.58319854736328
1016,1745920451.86913,184.8752498626709
1017,1745920452.1050794,225.32320022583008
1018,1745920452.299605,183.39037895202637
1019,1745920452.615772,305.0203323364258
1020,1745920452.812139,185.45293807983398
1021,1745920453.007627,184.40485000610352
1022,1745920453.2001839,181.8850040435791
1023,1745920453.395403,183.70628356933594
1024,1745920453.5905554,184.10110473632812
1025,1745920453.8379717,236.33289337158203
1026,1745920454.1501522,301.013708114624
1027,1745920454.460842,299.2892265319824
1028,1745920454.7700224,298.6326217651367
1029,1745920455.7858412,nan
1030,1745920456.02366,227.1747589111328
1031,1745920456.222841,188.96818161010742
1032,1745920456.515566,282.1991443634033
1033,1745920456.710112,184.02671813964844
1034,1745920456.906,184.36217308044434
1035,1745920457.102441,185.90831756591797
1036,1745920457.298938,185.75143814086914
1037,1745920457.495878,186.4757537841797
1038,1745920457.6919603,185.0454807281494
1039,1745920457.932973,229.86483573913574
1040,1745920458.1324613,188.87877464294434
1041,1745920458.3285398,184.5071315765381
1042,1745920458.5246227,184.04412269592285
1043,1745920458.7205813,185.43148040771484
1044,1745920458.974926,243.3180809020996
1045,1745920459.169475,183.5324764251709
1046,1745920459.3642259,183.7446689605713
1047,1745920459.560213,184.7209930419922
1048,1745920459.7554095,184.00335311889648
1049,1745920459.952966,186.53631210327148
1050,1745920460.1496358,185.66370010375977
1051,1745920460.4034832,243.35050582885742
1052,1745920460.714817,300.0226020812988
1053,1745920461.010644,284.7890853881836
1054,1745920461.207469,186.2320899963379
1055,1745920461.4025187,184.52835083007812
1056,1745920461.5971818,184.13758277893066
1057,1745920461.793218,184.91148948669434
1058,1745920461.9886675,184.431791305542
1059,1745920462.1838286,184.3254566192627
1060,1745920462.4548423,260.1044178009033
1061,1745920462.6547508,188.72666358947754
1062,1745920462.8500419,184.7548484802246
1063,1745920463.0454774,184.27276611328125
1064,1745920463.2427106,186.2335205078125
1065,1745920463.4394913,186.20729446411133
1066,1745920463.634651,184.6461296081543
1067,1745920463.8288338,184.07034873962402
1068,1745920464.0256326,185.46175956726074
1069,1745920464.2217453,185.57071685791016
1070,1745920464.418001,184.94701385498047
1071,1745920464.6121244,183.38537216186523
1072,1745920464.9124777,289.3097400665283
1073,1745920465.1089044,185.7445240020752
1074,1745920465.3047404,185.02235412597656
1075,1745920465.4982667,182.28602409362793
1076,1745920465.6921291,183.43472480773926
1077,1745920465.8872678,184.49950218200684
1078,1745920466.0812335,183.3517551422119
1079,1745920466.2741156,182.20996856689453
1080,1745920466.5588229,273.1785774230957
1081,1745920466.752473,183.32409858703613
1082,1745920467.04489,281.24475479125977
1083,1745920467.2415063,185.40525436401367
1084,1745920467.4358003,183.77232551574707
1085,1745920467.6306276,183.73656272888184
1086,1745920467.881921,240.18311500549316
1087,1745920468.189985,296.8618869781494
1088,1745920468.3828282,182.70516395568848
1089,1745920468.5779998,184.1433048248291
1090,1745920468.7721102,183.4886074066162
1091,1745920468.9702585,187.79778480529785
1092,1745920469.2002552,219.46358680725098
1093,1745920469.3998501,188.55571746826172
1094,1745920469.5946712,184.19599533081055
1095,1745920469.788942,184.03172492980957
1096,1745920469.983706,184.16213989257812
1097,1745920470.2195208,225.16655921936035
1098,1745920470.414411,183.89296531677246
1099,1745920471.4473712,nan
1100,1745920471.6418936,183.99310111999512
1101,1745920471.835699,182.87301063537598
1102,1745920472.0294435,183.38608741760254
1103,1745920472.28533,245.3155517578125
1104,1745920472.592428,296.0479259490967
1105,1745920472.902932,299.82662200927734
1106,1745920473.2102187,296.68116569519043
1107,1745920473.4064746,185.2128505706787
1108,1745920473.6025143,184.99040603637695
1109,1745920473.7986631,184.4503879547119
1110,1745920473.9948192,185.61363220214844
1111,1745920474.1895518,183.9148998260498
1112,1745920474.3858647,185.31227111816406
1113,1745920474.5800235,183.60090255737305
1114,1745920474.7787452,187.3774528503418
1115,1745920475.041858,252.75111198425293
1116,1745920475.238436,184.89480018615723
1117,1745920475.4351346,185.6827735900879
1118,1745920475.6319306,186.28883361816406
1119,1745920475.8278885,185.06503105163574
1120,1745920476.057209,218.56427192687988
1121,1745920476.2542129,185.96768379211426
1122,1745920477.271599,nan
1123,1745920477.4660406,183.86101722717285
1124,1745920477.7104251,233.66451263427734
1125,1745920477.9080915,186.25330924987793
1126,1745920478.1031616,184.64255332946777
1127,1745920478.2992506,184.76247787475586
1128,1745920478.496358,185.56809425354004
1129,1745920478.6924624,185.59789657592773
1130,1745920478.8870595,184.26775932312012
1131,1745920479.084709,186.52057647705078
1132,1745920479.280176,184.6473217010498
1133,1745920479.4777303,186.02252006530762
1134,1745920479.7577655,269.2837715148926
1135,1745920480.0696301,300.04429817199707
1136,1745920480.3790607,299.3004322052002
1137,1745920480.6737256,283.9486598968506
1138,1745920480.9816694,296.92864418029785
1139,1745920481.1766117,184.2365264892578
1140,1745920481.3737235,186.33127212524414
1141,1745920481.5685072,184.31615829467773
1142,1745920481.7647426,185.19043922424316
1143,1745920481.995365,220.19028663635254
1144,1745920482.1924956,186.5522861480713
1145,1745920483.2061934,nan
1146,1745920483.4006677,183.95042419433594
1147,1745920483.6406422,229.4025421142578
1148,1745920483.8340292,182.8298568725586
1149,1745920484.8508554,nan
1150,1745920485.2698371,408.5381031036377
1151,1745920485.4645438,184.2174530029297
1152,1745920485.6677835,192.28434562683105
1153,1745920485.871969,193.27449798583984
1154,1745920486.0677562,184.97514724731445
1155,1745920487.091674,nan
1156,1745920487.2854497,183.46238136291504
1157,1745920487.4793935,183.4416389465332
1158,1745920487.7052038,214.56003189086914
1159,1745920487.8981662,182.48772621154785
1160,1745920488.09289,183.67362022399902
1161,1745920488.2879791,184.52072143554688
1162,1745920488.4803123,182.1000576019287
1163,1745920488.6757646,182.6486587524414
1164,1745920488.9745624,288.6543273925781
1165,1745920489.1691916,184.15331840515137
1166,1745920489.3648129,184.5555305480957
1167,1745920489.5617075,186.20848655700684
1168,1745920489.7551994,182.4471950531006
1169,1745920489.9484298,182.19947814941406
1170,1745920490.14594,186.4638328552246
1171,1745920490.3407443,183.8052272796631
1172,1745920490.6079304,256.52289390563965
1173,1745920490.9173858,298.9234924316406
1174,1745920491.1238616,195.33038139343262
1175,1745920491.3271763,192.87467002868652
1176,1745920491.522722,184.49997901916504
1177,1745920491.717363,183.48050117492676
1178,1745920491.9406734,212.26906776428223
1179,1745920492.1360002,183.7306022644043
1180,1745920492.3302376,183.19010734558105
1181,1745920492.525337,183.8223934173584
1182,1745920492.719212,182.94453620910645
1183,1745920492.9533107,223.57487678527832
1184,1745920493.147807,183.87269973754883
1185,1745920493.3421302,183.58111381530762
1186,1745920494.357068,nan
1187,1745920495.3816285,nan
1188,1745920495.5770931,184.93199348449707
1189,1745920495.8339272,246.05107307434082
1190,1745920496.1429524,298.475980758667
1191,1745920496.345051,191.07556343078613
1192,1745920496.6587458,303.09486389160156
1193,1745920496.8555453,186.27285957336426
1194,1745920497.1117196,245.3761100769043
1195,1745920497.3058155,182.58094787597656
1196,1745920497.5005782,184.07726287841797
1197,1745920497.6943197,182.70015716552734
1198,1745920497.88782,182.45601654052734
1199,1745920498.1930094,294.56138610839844
1200,1745920498.398748,194.6263313293457
1201,1745920499.4219475,nan
1202,1745920499.616689,184.14020538330078
1203,1745920499.9341764,307.04498291015625
1204,1745920500.1272233,182.42835998535156
1205,1745920500.321587,183.5763454437256
1206,1745920500.522458,190.33503532409668
1207,1745920501.5478654,nan
1208,1745920501.742115,183.55870246887207
1209,1745920501.9830875,229.92658615112305
1210,1745920502.27816,284.5304012298584
1211,1745920502.4727108,183.7904453277588
1212,1745920503.4896348,nan
1213,1745920503.6839592,183.8064193725586
1214,1745920503.879232,184.22389030456543
1215,1745920504.1259356,235.63432693481445
1216,1745920504.4373505,300.3125190734863
1217,1745920504.6946564,246.26421928405762
1218,1745920504.8903077,185.0590705871582
1219,1745920505.08528,183.53724479675293
1220,1745920505.27898,183.28166007995605
1221,1745920505.473138,182.68489837646484
1222,1745920505.667588,183.42185020446777
1223,1745920505.862037,184.12518501281738
1224,1745920506.058925,185.699462890625
1225,1745920506.2717543,202.31151580810547
1226,1745920506.4656308,183.26950073242188
1227,1745920506.7035162,226.4423370361328
1228,1745920506.8990095,184.09252166748047
1229,1745920507.0929334,183.394193649292
1230,1745920507.2893565,185.6982707977295
1231,1745920507.4860446,185.99987030029297
1232,1745920507.6792915,182.68752098083496
1233,1745920507.8739014,183.5799217224121
1234,1745920508.1245227,239.87793922424316
1235,1745920508.4306357,295.086145401001
1236,1745920508.7382815,296.54598236083984
1237,1745920509.0372593,287.4712944030762
1238,1745920509.2324228,183.6404800415039
1239,1745920509.4282358,184.79514122009277
1240,1745920509.6221535,182.8775405883789
1241,1745920509.8166177,183.58397483825684
1242,1745920510.0736265,246.49930000305176
1243,1745920510.3681495,283.5209369659424
1244,1745920510.5627494,183.91752243041992
1245,1745920511.5789316,nan
1246,1745920511.7729654,183.40516090393066
1247,1745920512.7903235,nan
1248,1745920513.0418994,241.12248420715332
1249,1745920513.3484585,296.25844955444336
1250,1745920513.5419886,182.50012397766113
1251,1745920513.7365308,183.4416389465332
1252,1745920513.9305239,183.02631378173828
1253,1745920514.1235702,182.40714073181152
1254,1745920514.3741844,239.45116996765137
1255,1745920514.6696284,284.7633361816406
1256,1745920514.8638487,183.05706977844238
1257,1745920515.8854218,nan
1258,1745920516.909516,nan
1259,1745920517.1035802,183.2423210144043
1260,1745920517.3426871,228.33704948425293
1261,1745920517.5376692,184.4463348388672
1262,1745920517.7300587,182.06214904785156
1263,1745920517.9247546,182.9829216003418
1264,1745920518.1195266,183.89201164245605
1265,1745920518.3135133,183.6533546447754
1266,1745920518.5669296,242.37799644470215
1267,1745920518.876826,299.3321418762207
1268,1745920519.1305351,242.9976463317871
1269,1745920519.3237205,182.47723579406738
1270,1745920519.5194128,184.0498447418213
1271,1745920519.7137003,183.52484703063965
1272,1745920519.9079812,183.78853797912598
1273,1745920520.1047487,185.71829795837402
1274,1745920520.4103684,294.96240615844727
1275,1745920520.720696,297.72377014160156
1276,1745920521.0146694,283.85162353515625
1277,1745920521.2073867,182.0967197418213
1278,1745920521.403724,185.08124351501465
1279,1745920521.597697,183.44640731811523
1280,1745920521.792269,183.49051475524902
1281,1745920521.995114,192.3055648803711
1282,1745920522.1900845,184.42797660827637
1283,1745920522.3832903,182.94548988342285
1284,1745920522.578195,183.87198448181152
1285,1745920523.6037934,nan
1286,1745920523.798358,183.8517189025879
1287,1745920524.8149457,nan
1288,1745920525.3335094,507.82012939453125
1289,1745920525.5266588,182.34515190124512
1290,1745920525.72191,184.28611755371094
1291,1745920525.9156916,183.25304985046387
1292,1745920526.935575,nan
1293,1745920527.1380677,191.98846817016602
1294,1745920527.3330529,183.78210067749023
1295,1745920527.526363,182.27076530456543
1296,1745920527.7215905,183.9275360107422
1297,1745920527.9171708,184.99255180358887
1298,1745920528.1115587,183.85863304138184
1299,1745920528.3969696,274.7831344604492
1300,1745920528.7065907,298.7961769104004
1301,1745920528.9016974,184.16571617126465
1302,1745920529.0955973,182.55186080932617
1303,1745920529.2907708,184.647798538208
1304,1745920529.4871402,185.91737747192383
1305,1745920529.680056,182.4042797088623
1306,1745920529.9190834,227.89478302001953
1307,1745920530.1135705,183.90536308288574
1308,1745920531.1278894,nan
1309,1745920531.330335,191.79344177246094
1310,1745920531.5288541,187.28876113891602
1311,1745920531.7243762,184.4770908355713
1312,1745920532.7490084,nan
1313,1745920532.9418025,182.28578567504883
1314,1745920533.1356316,182.6934814453125
1315,1745920533.3310347,184.30781364440918
1316,1745920533.525684,183.50720405578613
1317,1745920533.7187164,182.722806930542
1318,1745920534.025531,295.76945304870605
1319,1745920534.219349,183.2442283630371
1320,1745920535.232371,nan
1321,1745920535.42692,183.35390090942383
1322,1745920535.6218452,183.8834285736084
1323,1745920535.8669875,233.49690437316895
1324,1745920536.0618436,184.74817276000977
1325,1745920536.255849,183.4738254547119
1326,1745920536.472634,205.8722972869873
1327,1745920537.4943683,nan
1328,1745920537.691758,186.31768226623535
1329,1745920537.8859518,183.5646629333496
1330,1745920538.0807478,184.2789649963379
1331,1745920538.2751548,183.89606475830078
1332,1745920538.4688258,183.1369400024414
1333,1745920538.740447,260.9221935272217
1334,1745920539.0468621,295.3212261199951
1335,1745920539.240764,183.3939552307129
1336,1745920539.4360378,184.1568946838379
1337,1745920539.6305995,183.50505828857422
1338,1745920539.8259585,184.18502807617188
1339,1745920540.07377,236.77349090576172
1340,1745920540.383743,299.0291118621826
1341,1745920540.6901386,295.94945907592773
1342,1745920540.9860187,284.7445011138916
1343,1745920541.180568,183.4566593170166
1344,1745920541.3901167,198.5166072845459
1345,1745920541.587048,186.41328811645508
1346,1745920541.806993,208.77623558044434
1347,1745920542.0027792,184.76581573486328
1348,1745920542.2181776,204.05077934265137
1349,1745920542.5184321,289.20650482177734
1350,1745920542.7145908,185.46485900878906
1351,1745920542.9101527,185.0266456604004
1352,1745920543.111815,191.13945960998535
1353,1745920543.3080292,184.97109413146973
1354,1745920543.5026422,183.57372283935547
1355,1745920543.714684,201.39288902282715
1356,1745920543.9141195,188.97724151611328
1357,1745920544.1538079,228.63292694091797
1358,1745920544.3490062,184.66615676879883
1359,1745920544.6699927,309.9517822265625
1360,1745920544.8674386,186.42711639404297
1361,1745920545.8799393,nan
1362,1745920546.1146383,224.02286529541016
1363,1745920546.4245741,299.1783618927002
1364,1745920546.6206906,184.97085571289062
1365,1745920546.824127,192.35610961914062
1366,1745920547.1405826,305.4008483886719
1367,1745920548.1600785,nan
1368,1745920548.3624854,191.88570976257324
1369,1745920549.3892634,nan
1370,1745920549.5839508,184.47041511535645
1371,1745920549.7804377,185.46533584594727
1372,1745920549.996952,204.99610900878906
1373,1745920550.1917322,183.7310791015625
1374,1745920550.3852284,182.57570266723633
1375,1745920550.5805583,184.0982437133789
1376,1745920550.8217196,229.99835014343262
1377,1745920551.1307735,298.4163761138916
1378,1745920551.3337486,192.44623184204102
1379,1745920551.5274596,183.08210372924805
1380,1745920551.7217062,183.19940567016602
1381,1745920551.9168806,183.88962745666504
1382,1745920552.1107562,182.8603744506836
1383,1745920552.3038716,182.60502815246582
1384,1745920552.5549164,239.823579788208
1385,1745920552.7491498,183.55679512023926
1386,1745920552.943191,183.01963806152344
1387,1745920553.9600906,nan
1388,1745920554.1542358,183.14027786254883
1389,1745920554.3478062,182.69896507263184
1390,1745920554.5778074,219.0096378326416
1391,1745920554.774497,186.17987632751465
1392,1745920554.974636,188.16685676574707
1393,1745920555.2088745,223.23036193847656
1394,1745920555.403454,183.98070335388184
1395,1745920555.5986323,183.96234512329102
1396,1745920555.7945256,185.38928031921387
1397,1745920555.9889097,183.3667755126953
1398,1745920556.2478766,248.382568359375
1399,1745920556.5641973,305.2830696105957
1400,1745920556.7584598,183.87866020202637
1401,1745920556.9526875,183.24732780456543
1402,1745920557.147904,184.17787551879883
1403,1745920558.1635363,nan
1404,1745920559.1778133,nan
1405,1745920559.3746095,186.1896514892578
1406,1745920559.5688074,183.67457389831543
1407,1745920559.7628932,183.4547519683838
1408,1745920560.036041,262.50147819519043
1409,1745920560.2306232,184.21149253845215
1410,1745920561.248387,nan
1411,1745920561.4527655,193.8498020172119
1412,1745920561.6479995,184.64422225952148
1413,1745920561.841722,183.0728054046631
1414,1745920562.0360773,183.69340896606445
1415,1745920562.2770622,230.057954788208
1416,1745920562.4728093,185.07838249206543
1417,1745920562.6709435,187.17122077941895
1418,1745920562.8656573,184.15451049804688
1419,1745920563.1029062,226.0265350341797
1420,1745920563.299525,186.25617027282715
1421,1745920563.4961052,185.72211265563965
1422,1745920563.6937096,186.5532398223877
1423,1745920563.8890688,184.46731567382812
1424,1745920564.1270173,227.70094871520996
1425,1745920564.3225553,184.45897102355957
1426,1745920564.518149,185.06813049316406
1427,1745920564.713644,185.12988090515137
1428,1745920564.9078498,183.27045440673828
1429,1745920565.1035688,184.35263633728027
1430,1745920565.349112,234.5566749572754
1431,1745920565.5454924,185.2419376373291
1432,1745920565.7427003,185.8997344970703
1433,1745920565.9375486,184.30376052856445
1434,1745920566.1800785,231.91213607788086
1435,1745920566.4881098,297.7006435394287
1436,1745920566.7058537,207.1056365966797
1437,1745920566.901665,185.21904945373535
1438,1745920567.096306,183.62712860107422
1439,1745920567.2940266,186.27643585205078
1440,1745920567.489017,184.70287322998047
1441,1745920567.684093,184.05699729919434
1442,1745920567.8792772,184.19504165649414
1443,1745920568.113036,222.74065017700195
1444,1745920568.3071868,183.1040382385254
1445,1745920568.5032916,185.03046035766602
1446,1745920568.7016902,187.34502792358398
1447,1745920568.9519737,239.73417282104492
1448,1745920569.2647002,301.5880584716797
1449,1745920569.5625024,287.3425483703613
1450,1745920569.7573783,184.33690071105957
1451,1745920569.951634,183.72607231140137
1452,1745920570.1448345,183.00390243530273
1453,1745920570.338493,183.0134391784668
1454,1745920570.5886998,238.8474941253662
1455,1745920570.8965397,296.8566417694092
1456,1745920571.090334,183.03251266479492
1457,1745920571.2841036,183.2420825958252
1458,1745920571.4787102,183.81452560424805
1459,1745920571.672066,182.71732330322266
1460,1745920571.868855,185.70375442504883
1461,1745920572.1170635,237.1959686279297
1462,1745920572.3118596,183.76612663269043
1463,1745920573.3240595,nan
1464,1745920573.6136131,277.2805690765381
1465,1745920573.8070679,182.94811248779297
1466,1745920574.000738,183.07805061340332
1467,1745920574.1933818,182.29937553405762
1468,1745920574.4767206,271.98195457458496
1469,1745920574.787086,299.8929023742676
1470,1745920575.0962965,297.8377342224121
1471,1745920575.290714,183.39109420776367
1472,1745920575.4920628,190.33002853393555
1473,1745920575.6851575,182.5270652770996
1474,1745920575.879716,183.51984024047852
1475,1745920576.0745752,184.32974815368652
1476,1745920576.3247504,239.11380767822266
1477,1745920576.620636,285.38012504577637
1478,1745920576.8156965,183.98737907409668
1479,1745920577.0104146,183.60519409179688
1480,1745920578.027865,nan
1481,1745920578.2224314,183.98785591125488
1482,1745920579.2439466,nan
1483,1745920579.438973,184.33642387390137
1484,1745920579.6326385,183.1533908843994
1485,1745920579.8300626,186.78021430969238
1486,1745920580.0259943,184.36288833618164
1487,1745920580.2208538,183.66289138793945
1488,1745920580.5194438,287.5189781188965
1489,1745920580.8176916,285.8591079711914
1490,1745920581.0104663,182.56235122680664
1491,1745920581.2053628,183.36892127990723
1492,1745920581.4019477,184.9231719970703
1493,1745920581.6339412,221.8923568725586
1494,1745920581.826921,182.69729614257812
1495,1745920582.021968,184.27562713623047
1496,1745920582.2161722,183.68172645568848
1497,1745920582.4107506,183.55607986450195
1498,1745920582.674748,253.07250022888184
1499,1745920582.9834998,298.0914115905762
1500,1745920583.260035,265.92350006103516
1501,1745920583.4623191,191.24960899353027
1502,1745920583.6591651,185.32395362854004
1503,1745920583.8538108,183.10260772705078
1504,1745920584.0494118,185.2571964263916
1505,1745920584.2930884,232.9411506652832
1506,1745920584.4865718,182.91473388671875
1507,1745920584.680101,182.44481086730957
1508,1745920584.8746438,183.82740020751953
1509,1745920585.1266162,240.93198776245117
1510,1745920585.4367967,298.90894889831543
1511,1745920585.6355646,188.25674057006836
1512,1745920585.8286963,182.55066871643066
1513,1745920586.0229814,182.84344673156738
1514,1745920587.0465088,nan
1515,1745920587.293609,236.56177520751953
1516,1745920587.4875345,182.70611763000488
1517,1745920587.6805403,182.39760398864746
1518,1745920587.8745315,183.26473236083984
1519,1745920588.0730987,187.52551078796387
1520,1745920588.2699041,185.29748916625977
1521,1745920588.4634764,182.42287635803223
1522,1745920588.6566374,182.65056610107422
1523,1745920588.8518517,183.91013145446777
1524,1745920589.1090765,246.85287475585938
1525,1745920589.3032427,183.6848258972168
1526,1745920589.5118287,197.90911674499512
1527,1745920589.7065094,183.76922607421875
1528,1745920589.9006302,183.59017372131348
1529,1745920590.1301079,218.45293045043945
1530,1745920590.3241756,183.2447052001953
1531,1745920590.5255582,190.33336639404297
1532,1745920591.5497284,nan
1533,1745920591.7448874,184.7701072692871
1534,1745920591.9386058,182.70349502563477
1535,1745920592.185623,235.31103134155273
1536,1745920592.3814793,184.844970703125
1537,1745920592.574938,183.14433097839355
1538,1745920593.5936246,nan
1539,1745920593.7899687,185.70542335510254
1540,1745920594.029658,229.0353775024414
1541,1745920594.22331,183.213472366333
1542,1745920594.417989,183.29548835754395
1543,1745920594.6115277,183.01749229431152
1544,1745920594.805928,183.64310264587402
1545,1745920595.0008152,184.32307243347168
1546,1745920595.2588758,247.79105186462402
1547,1745920595.4530668,183.17794799804688
1548,1745920595.6478968,183.5169792175293
1549,1745920595.841629,183.21895599365234
1550,1745920596.0357828,183.20631980895996
1551,1745920596.2848115,237.93625831604004
1552,1745920596.4795418,184.0972900390625
1553,1745920596.6738403,183.76874923706055
1554,1745920596.8745422,190.05227088928223
1555,1745920597.0701272,184.27515029907227
1556,1745920598.0971665,nan
1557,1745920598.3317597,224.08533096313477
1558,1745920598.5272374,184.5238208770752
1559,1745920599.5408273,nan
1560,1745920599.735583,184.13352966308594
1561,1745920599.9287395,182.62887001037598
1562,1745920600.1251667,185.68968772888184
1563,1745920600.3215733,185.63270568847656
1564,1745920600.550366,218.4743881225586
1565,1745920601.5739853,nan
1566,1745920601.7725642,187.93654441833496
1567,1745920601.9678867,183.76898765563965
1568,1745920602.1669743,188.568115234375
1569,1745920602.4419096,264.33753967285156
1570,1745920602.6368265,184.39888954162598
1571,1745920602.833607,186.2778663635254
1572,1745920603.0302026,185.7600212097168
1573,1745920603.225346,184.10849571228027
1574,1745920603.4237092,187.6997947692871
1575,1745920603.6205032,185.97817420959473
1576,1745920603.8223257,191.30301475524902
1577,1745920604.0174854,184.647798538208
1578,1745920604.2747588,246.10495567321777
1579,1745920604.5862396,300.5504608154297
1580,1745920604.7959247,199.32270050048828
1581,1745920604.9928226,186.23924255371094
1582,1745920605.2895648,286.2391471862793
1583,1745920605.5024269,202.2719383239746
1584,1745920605.7628636,249.90510940551758
1585,1745920605.9644792,190.57536125183105
1586,1745920606.1615455,185.99390983581543
1587,1745920606.3708198,197.9672908782959
1588,1745920607.3885868,nan
1589,1745920607.5915444,192.39139556884766
1590,1745920607.7980864,195.52135467529297
1591,1745920607.9944012,185.7168674468994
1592,1745920608.1893637,184.2951774597168
1593,1745920608.4743116,273.71931076049805
1594,1745920608.6839957,199.14674758911133
1595,1745920608.9869404,291.75591468811035
1596,1745920609.2041056,206.63070678710938
1597,1745920609.4061403,191.64800643920898
1598,1745920609.7076304,290.9409999847412
1599,1745920609.910601,191.7257308959961
1600,1745920610.1049538,183.23683738708496
1601,1745920610.3035045,187.51835823059082
1602,1745920611.3264108,nan
1603,1745920611.5338538,197.18027114868164
1604,1745920611.7868538,242.56253242492676
1605,1745920611.9884863,190.9186840057373
1606,1745920612.1914377,191.96295738220215
1607,1745920612.396867,193.9098834991455
1608,1745920612.676562,268.6617374420166
1609,1745920612.9759684,288.8755798339844
1610,1745920613.1702654,183.7637424468994
1611,1745920613.3668625,185.42766571044922
1612,1745920614.387107,nan
1613,1745920615.4016628,nan
1614,1745920615.6036377,191.12634658813477
1615,1745920615.8076942,192.94428825378418
1616,1745920616.0144308,195.82819938659668
1617,1745920616.2116358,186.737060546875
1618,1745920616.446828,224.03645515441895
1619,1745920616.6450903,187.849760055542
1620,1745920616.840912,185.21499633789062
1621,1745920617.0377777,185.58979034423828
1622,1745920617.284494,236.53817176818848
1623,1745920617.4787748,183.26115608215332
1624,1745920617.6756196,185.81271171569824
1625,1745920617.8701708,183.88962745666504
1626,1745920618.0676198,185.9264373779297
1627,1745920618.2637763,185.62030792236328
1628,1745920618.495185,220.23892402648926
1629,1745920618.6915329,185.4100227355957
1630,1745920618.8892758,187.09039688110352
1631,1745920619.0841434,184.35359001159668
1632,1745920619.3221548,227.19669342041016
1633,1745920619.5715811,239.11786079406738
1634,1745920619.7985907,215.67296981811523
1635,1745920619.9949224,185.6820583343506
1636,1745920620.191633,184.10754203796387
1637,1745920620.3855064,183.76445770263672
1638,1745920620.6643317,266.4980888366699
1639,1745920620.9575021,282.63020515441895
1640,1745920621.1530364,184.51380729675293
1641,1745920622.1662955,nan
1642,1745920622.4435482,266.66736602783203
1643,1745920622.6401334,185.81295013427734
1644,1745920622.9099324,258.76593589782715
1645,1745920623.1058667,185.41789054870605
1646,1745920624.1203485,nan
1647,1745920624.3388622,207.8554630279541
1648,1745920624.5340028,184.4770908355713
1649,1745920624.7285364,183.79545211791992
1650,1745920624.9214222,182.39641189575195
1651,1745920625.116637,184.22389030456543
1652,1745920625.3663037,238.63792419433594
1653,1745920625.56068,183.6709976196289
1654,1745920625.7553623,184.13305282592773
1655,1745920625.949015,182.35111236572266
1656,1745920626.1442368,184.31401252746582
1657,1745920626.3967984,241.75453186035156
1658,1745920626.6877882,280.073881149292
1659,1745920626.8824344,184.02910232543945
1660,1745920627.0762353,182.98673629760742
1661,1745920627.2705014,183.52508544921875
1662,1745920627.4639256,183.1033229827881
1663,1745920627.658165,183.14838409423828
1664,1745920627.852209,183.61616134643555
1665,1745920628.0468361,184.07511711120605
1666,1745920628.2420785,184.39698219299316
1667,1745920628.5447948,291.9809818267822
1668,1745920628.837062,281.7566394805908
1669,1745920629.0325594,184.44418907165527
1670,1745920629.2265334,183.4695339202881
1671,1745920629.4215198,184.5841407775879
1672,1745920629.6148863,183.1355094909668
1673,1745920629.840415,214.48969841003418
1674,1745920630.0346951,182.91425704956055
1675,1745920630.2303476,184.45229530334473
1676,1745920630.4245462,183.66241455078125
1677,1745920630.687155,252.08449363708496
1678,1745920630.882461,184.25655364990234
1679,1745920631.0756388,182.753324508667
1680,1745920631.2702656,183.66527557373047
1681,1745920631.4633825,182.59263038635254
1682,1745920631.6619544,187.20698356628418
1683,1745920631.8641152,190.94514846801758
1684,1745920632.0577407,183.03918838500977
1685,1745920632.2536132,185.23526191711426
1686,1745920632.448029,183.42208862304688
1687,1745920633.471828,nan
1688,1745920633.6916153,209.47909355163574
1689,1745920633.8859622,183.66122245788574
1690,1745920634.0818965,184.8905086517334
1691,1745920634.378256,285.675048828125
1692,1745920634.5715406,182.62696266174316
1693,1745920634.767295,184.3852996826172
1694,1745920635.79203,nan
1695,1745920635.9956992,193.11952590942383
1696,1745920636.1923192,185.2853298187256
1697,1745920636.3860304,183.34603309631348
1698,1745920636.629621,232.5456142425537
1699,1745920636.8252683,184.36741828918457
1700,1745920637.0203164,184.50593948364258
1701,1745920638.041759,nan
1702,1745920638.2364624,183.67338180541992
1703,1745920638.479794,232.79786109924316
1704,1745920638.6739674,183.0756664276123
1705,1745920638.8675616,183.50481986999512
1706,1745920639.0615356,183.83049964904785
1707,1745920639.2556672,183.47692489624023
1708,1745920639.453751,187.4980926513672
1709,1745920639.647726,182.7254295349121
1710,1745920639.8417246,182.96027183532715
1711,1745920640.035402,182.85393714904785
1712,1745920640.2301204,183.7012767791748
1713,1745920640.5162275,275.57969093322754
1714,1745920640.7096384,182.6305389404297
1715,1745920640.9037452,182.84296989440918
1716,1745920641.0978024,183.3503246307373
1717,1745920641.3389943,230.14473915100098
1718,1745920641.5338798,184.1285228729248
1719,1745920641.727837,182.755708694458
1720,1745920641.9235148,184.79681015014648
1721,1745920642.1175122,182.48462677001953
1722,1745920642.31174,183.71081352233887
1723,1745920642.5050561,182.42597579956055
1724,1745920642.6991827,183.0899715423584
1725,1745920642.89332,182.93166160583496
1726,1745920643.0874624,183.00747871398926
1727,1745920643.4146805,316.65921211242676
1728,1745920643.6130474,187.12377548217773
1729,1745920643.8968096,273.3156681060791
1730,1745920644.1046631,196.41757011413574
1731,1745920644.4072912,292.4304008483887
1732,1745920644.6015837,183.29548835754395
1733,1745920644.7965515,184.43727493286133
1734,1745920644.991634,183.8679313659668
1735,1745920645.2319214,229.68769073486328
1736,1745920645.4268913,184.42726135253906
1737,1745920645.6215394,183.47573280334473
1738,1745920645.817205,184.8130226135254
1739,1745920646.013153,184.80300903320312
1740,1745920646.2065892,182.47461318969727
1741,1745920646.4551876,237.70904541015625
1742,1745920646.651543,183.97021293640137
1743,1745920646.8450253,183.26616287231445
1744,1745920647.0388343,182.76119232177734
1745,1745920647.2894306,239.5801544189453
1746,1745920647.4846666,184.21649932861328
1747,1745920647.6792543,183.929443359375
1748,1745920647.874662,185.23907661437988
1749,1745920648.0699313,184.18455123901367
1750,1745920648.2639055,183.17341804504395
1751,1745920648.4586146,183.58898162841797
1752,1745920648.7166111,247.35641479492188
1753,1745920649.0234594,295.3839302062988
1754,1745920649.339946,304.962158203125
1755,1745920649.5331721,183.1204891204834
1756,1745920649.7275271,183.8092803955078
1757,1745920649.920333,182.3108196258545
1758,1745920650.1150637,183.20989608764648
1759,1745920650.314689,189.1329288482666
1760,1745920650.5642257,238.49725723266602
1761,1745920650.758876,184.13448333740234
1762,1745920650.9522195,182.16204643249512
1763,1745920651.1469905,183.50863456726074
1764,1745920651.3402014,182.69991874694824
1765,1745920651.5344799,182.89661407470703
1766,1745920651.730902,185.90140342712402
1767,1745920651.9245622,182.5549602508545
1768,1745920652.1184459,183.25352668762207
1769,1745920652.4032876,273.93436431884766
1770,1745920652.7014208,286.7588996887207
1771,1745920652.8995159,186.98930740356445
1772,1745920653.0942044,184.1592788696289
1773,1745920653.3234193,218.8577651977539
1774,1745920653.5170243,183.0008029937744
1775,1745920653.7118287,184.25488471984863
1776,1745920653.9066634,183.8815212249756
1777,1745920654.1005664,182.91616439819336
1778,1745920654.2950404,182.4345588684082
1779,1745920654.4901516,184.87143516540527
1780,1745920654.6833856,182.24811553955078
1781,1745920654.877483,182.8465461730957
1782,1745920655.0715563,182.85560607910156
1783,1745920655.2661333,183.9888095855713
1784,1745920655.4605622,183.92181396484375
1785,1745920655.6534038,182.62314796447754
1786,1745920655.8865466,222.53823280334473
1787,1745920656.083086,185.06908416748047
1788,1745920656.2765565,182.45291709899902
1789,1745920656.4716322,184.0035915374756
1790,1745920656.6656227,183.457612991333
1791,1745920656.860078,183.49623680114746
1792,1745920657.0565078,185.33682823181152
1793,1745920657.323628,256.15549087524414
1794,1745920657.5174344,182.8289031982422
1795,1745920657.7127216,183.17437171936035
1796,1745920657.9063363,183.51435661315918
1797,1745920658.1008396,183.9926242828369
1798,1745920658.2966826,185.20307540893555
1799,1745920658.5338655,226.8064022064209
1800,1745920658.7288387,183.7782859802246
1801,1745920658.9249954,185.0607395172119
1802,1745920659.1192608,183.74180793762207
1803,1745920659.359413,229.02631759643555
1804,1745920659.553791,183.71152877807617
1805,1745920659.7481236,183.32433700561523
1806,1745920659.9419484,182.79266357421875
1807,1745920660.1366231,184.0064525604248
1808,1745920660.3308392,183.07209014892578
1809,1745920660.583933,241.5444850921631
1810,1745920660.7775638,183.1226348876953
1811,1745920660.9801643,191.1177635192871
1812,1745920662.0081844,nan
1813,1745920662.202821,183.089017868042
1814,1745920662.4438748,230.6051254272461
1815,1745920662.739533,285.1395606994629
1816,1745920662.9350657,184.78846549987793
1817,1745920663.1291757,183.59947204589844
1818,1745920663.3237324,183.7296485900879
1819,1745920663.5177104,182.9366683959961
1820,1745920663.7153084,186.0811710357666
1821,1745920663.9616144,236.0823154449463
1822,1745920664.1837492,211.5647792816162
1823,1745920664.4803994,285.14719009399414
1824,1745920664.6735356,182.1131706237793
1825,1745920664.8680468,183.37082862854004
1826,1745920665.0619118,182.8176975250244
1827,1745920665.3031418,230.18813133239746
1828,1745920665.503773,190.0961399078369
1829,1745920665.6980534,183.73894691467285
1830,1745920665.8926108,183.25400352478027
1831,1745920666.0867226,183.06708335876465
1832,1745920666.2806196,183.49671363830566
1833,1745920666.5404963,248.7795352935791
1834,1745920666.734431,182.8896999359131
1835,1745920666.929451,184.39936637878418
1836,1745920667.124801,184.83757972717285
1837,1745920667.3206706,185.0574016571045
1838,1745920667.5142286,183.0923557281494
1839,1745920667.7104409,185.09268760681152
1840,1745920667.9537532,232.09047317504883
1841,1745920668.1476405,183.40206146240234
1842,1745920668.3431687,184.62562561035156
1843,1745920668.537663,183.41422080993652
1844,1745920668.7926614,244.02427673339844
1845,1745920669.0863965,283.2002639770508
1846,1745920669.2801676,183.2737922668457
1847,1745920669.4744747,183.53748321533203
1848,1745920669.6675029,182.7685832977295
1849,1745920669.8616383,183.27713012695312
1850,1745920670.0557797,183.20846557617188
1851,1745920670.2499979,182.59429931640625
1852,1745920670.4448469,183.577299118042
1853,1745920670.732829,277.36592292785645
1854,1745920671.0416026,298.2292175292969
1855,1745920671.357633,304.8419952392578
1856,1745920671.553709,185.55498123168945
1857,1745920671.8528454,288.66004943847656
1858,1745920672.0474982,183.26091766357422
1859,1745920672.2427785,184.24534797668457
1860,1745920672.437786,183.62069129943848
1861,1745920672.631773,183.24661254882812
1862,1745920672.8895068,247.19667434692383
1863,1745920673.1836689,283.31947326660156
1864,1745920673.3786187,184.22865867614746
1865,1745920673.5731058,183.2106113433838
1866,1745920673.7678761,183.7289333343506
1867,1745920674.034492,255.92470169067383
1868,1745920674.2299173,185.00113487243652
1869,1745920674.4244502,183.8085651397705
1870,1745920674.6205325,184.26012992858887
1871,1745920674.8259063,194.78869438171387
1872,1745920675.0205295,183.51078033447266
1873,1745920675.2156155,184.73267555236816
1874,1745920675.410355,183.98666381835938
1875,1745920675.6053615,182.81912803649902
1876,1745920675.8569517,241.03283882141113
1877,1745920676.0597684,191.697359085083
1878,1745920676.2665656,196.15912437438965
1879,1745920676.5730157,295.5594062805176
1880,1745920676.810483,226.94635391235352
1881,1745920677.0855784,264.545202255249
1882,1745920677.3817298,285.6431007385254
1883,1745920677.6972005,304.2020797729492
1884,1745920677.995517,287.2734069824219
1885,1745920678.1893814,183.05420875549316
1886,1745920678.3858001,185.83297729492188
1887,1745920678.5802977,183.57038497924805
1888,1745920678.8205228,229.6464443206787
1889,1745920679.1317127,300.39381980895996
1890,1745920679.3271651,184.60607528686523
1891,1745920679.520519,182.7237606048584
1892,1745920679.7148428,183.03155899047852
1893,1745920679.9102113,184.3087673187256
1894,1745920680.105429,184.21125411987305
1895,1745920680.2994967,183.48288536071777
1896,1745920680.549839,239.8226261138916
1897,1745920680.744644,183.68792533874512
1898,1745920680.9389393,183.7003231048584
1899,1745920681.1330569,182.9848289489746
1900,1745920681.3856714,240.68808555603027
1901,1745920681.5808496,184.9536895751953
1902,1745920681.7826507,191.12491607666016
1903,1745920681.9799783,186.5091323852539
1904,1745920682.1764781,185.32800674438477
1905,1745920682.3699698,182.9841136932373
1906,1745920682.5651257,184.60798263549805
1907,1745920682.8023891,226.22919082641602
1908,1745920682.9965794,183.1824779510498
1909,1745920683.2063844,199.27716255187988
1910,1745920683.4741395,256.6976547241211
1911,1745920683.6682377,183.38632583618164
1912,1745920683.862986,184.22889709472656
1913,1745920684.072177,198.17280769348145
1914,1745920684.2661905,182.97314643859863
1915,1745920684.4607365,183.52866172790527
1916,1745920684.653864,182.9681396484375
1917,1745920684.84773,182.35301971435547
1918,1745920685.041887,183.8092803955078
1919,1745920685.2755241,222.75304794311523
1920,1745920685.569798,283.2505702972412
1921,1745920685.7636719,183.35342407226562
1922,1745920685.9578695,183.18557739257812
1923,1745920686.1519434,182.97338485717773
1924,1745920686.34645,184.03339385986328
1925,1745920686.5407276,183.2711696624756
1926,1745920686.7351956,183.67981910705566
1927,1745920686.9295576,183.16984176635742
1928,1745920687.2053015,265.1352882385254
1929,1745920687.4029257,186.59591674804688
1930,1745920687.596778,183.3648681640625
1931,1745920687.7907627,183.4428310394287
1932,1745920688.0338874,232.0408821105957
1933,1745920688.2285137,182.45935440063477
1934,1745920688.4224262,183.3782196044922
1935,1745920688.6162045,182.5881004333496
1936,1745920688.8108926,183.5341453552246
1937,1745920689.0626364,241.1661148071289
1938,1745920689.3693652,296.01383209228516
1939,1745920689.5657134,185.25958061218262
1940,1745920689.7598493,183.5041046142578
1941,1745920689.9548995,184.01241302490234
1942,1745920690.1489644,183.49409103393555
1943,1745920690.3433201,183.32791328430176
1944,1745920690.5905347,236.1767292022705
1945,1745920690.78406,182.4932098388672
1946,1745920690.9775295,183.05301666259766
1947,1745920691.170099,182.0087432861328
1948,1745920691.413078,231.08983039855957
1949,1745920691.6074615,182.85775184631348
1950,1745920691.8026798,184.77773666381836
1951,1745920692.8280537,nan
1952,1745920693.0239122,185.2550506591797
1953,1745920693.2174492,183.00700187683105
1954,1745920693.465806,237.8394603729248
1955,1745920693.774568,298.3248233795166
1956,1745920694.0718496,286.18836402893066
1957,1745920694.265814,183.45403671264648
1958,1745920694.4607813,184.73196029663086
1959,1745920694.655548,184.07511711120605
1960,1745920694.8964317,230.3946018218994
1961,1745920695.206465,298.8908290863037
1962,1745920695.489069,271.52442932128906
1963,1745920695.6918209,192.2130584716797
1964,1745920695.887702,185.34469604492188
1965,1745920696.9115553,nan
1966,1745920697.1081104,185.86301803588867
1967,1745920697.3031898,184.55100059509277
1968,1745920697.5618818,247.5745677947998
1969,1745920697.8725507,299.2067337036133
1970,1745920698.0688066,185.4541301727295
1971,1745920698.2656503,185.9900951385498
1972,1745920698.4600828,183.90583992004395
1973,1745920698.6558259,184.22436714172363
1974,1745920698.8534098,186.7387294769287
1975,1745920699.1001375,236.20867729187012
1976,1745920699.3965964,285.3853702545166
1977,1745920699.5933123,185.84823608398438
1978,1745920699.788815,184.8430633544922
1979,1745920699.9849436,185.61220169067383
1980,1745920700.1817818,185.96148490905762
1981,1745920700.3790061,186.17010116577148
1982,1745920700.6361382,246.10400199890137
1983,1745920700.9303398,283.65278244018555
1984,1745920701.1251855,184.3118667602539
1985,1745920702.1436985,nan
1986,1745920702.339987,185.6520175933838
1987,1745920702.5361981,185.1503849029541
1988,1745920702.7332735,186.43593788146973
1989,1745920702.9289494,185.60409545898438
1990,1745920703.1800685,240.05961418151855
1991,1745920703.3753664,184.74841117858887
1992,1745920703.5715005,185.61863899230957
1993,1745920703.7689915,186.44356727600098
1994,1745920704.000164,221.03095054626465
1995,1745920704.19705,185.22930145263672
1996,1745920704.3936808,185.61148643493652
1997,1745920705.4215856,nan
1998,1745920705.8538876,421.98991775512695
1999,1745920706.173598,308.58588218688965
2000,1745920706.3702836,185.5785846710205
2001,1745920706.5668216,186.00702285766602
2002,1745920706.7631936,184.83781814575195
2003,1745920706.9584541,184.7527027130127
2004,1745920707.970802,nan
2005,1745920708.173599,192.14487075805664
2006,1745920708.36848,184.36932563781738
2007,1745920708.5641305,184.39650535583496
2008,1745920708.7601523,185.49275398254395
2009,1745920709.015499,243.8199520111084
2010,1745920709.2094448,182.98935890197754
2011,1745920709.4279587,207.43536949157715
2012,1745920710.4474893,nan
2013,1745920711.4734359,nan
2014,1745920711.669731,185.5766773223877
2015,1745920711.8653798,183.45379829406738
2016,1745920712.0686426,192.75140762329102
2017,1745920712.2658103,186.15484237670898
2018,1745920712.4605627,183.72821807861328
2019,1745920712.7197165,247.95770645141602
2020,1745920712.9175289,186.80214881896973
2021,1745920713.229984,301.8336296081543
2022,1745920713.427819,186.234712600708
2023,1745920713.6227643,184.36050415039062
2024,1745920713.8174217,183.14695358276367
2025,1745920714.8387406,nan
2026,1745920715.0327122,183.4864616394043
2027,1745920715.272924,229.67195510864258
2028,1745920715.4675553,183.57110023498535
2029,1745920715.6616592,183.41398239135742
2030,1745920715.8557487,183.5958957672119
2031,1745920716.088759,221.9712734222412
2032,1745920716.2828982,183.0899715423584
2033,1745920716.4798408,185.90474128723145
2034,1745920716.6775432,186.93971633911133
2035,1745920716.8726041,183.60376358032227
2036,1745920717.120601,236.52172088623047
2037,1745920717.43181,300.0142574310303
2038,1745920717.6255257,183.0122470855713
2039,1745920717.820541,184.59749221801758
2040,1745920718.0143726,182.8000545501709
2041,1745920718.2204928,194.9625015258789
2042,1745920718.4142268,182.69801139831543
2043,1745920718.6078107,182.39474296569824
2044,1745920718.8029225,183.60209465026855
2045,1745920719.0527232,238.91139030456543
2046,1745920719.2459154,182.65414237976074
2047,1745920720.2642426,nan
2048,1745920720.4585571,183.7151050567627
2049,1745920720.6997952,230.28850555419922
2050,1745920721.7178233,nan
2051,1745920722.7406173,nan
2052,1745920722.936048,184.77249145507812
2053,1745920723.1317735,184.39650535583496
2054,1745920723.3246763,182.48748779296875
2055,1745920724.341857,nan
2056,1745920724.536366,183.89296531677246
2057,1745920724.796107,248.69298934936523
2058,1745920724.9896681,183.27045440673828
2059,1745920725.1855195,184.60845947265625
2060,1745920725.3804083,184.31639671325684
2061,1745920725.5874283,195.76478004455566
2062,1745920726.6042228,nan
2063,1745920726.7984831,183.7470531463623
2064,1745920726.9929385,183.9296817779541
2065,1745920727.1876585,183.57586860656738
2066,1745920727.382427,183.61330032348633
2067,1745920727.5780716,185.04023551940918
2068,1745920727.771589,183.0005645751953
2069,1745920728.030552,248.44765663146973
2070,1745920728.22484,183.75253677368164
2071,1745920728.4186566,182.891845703125
2072,1745920728.6126506,182.6326847076416
2073,1745920728.8847551,261.0645294189453
2074,1745920729.0807238,184.97252464294434
2075,1745920729.2752292,183.92324447631836
2076,1745920729.485088,198.82464408874512
2077,1745920729.6820378,185.8987808227539
2078,1745920729.8746774,182.1310520172119
2079,1745920730.0689704,183.2587718963623
2080,1745920730.265801,185.7287883758545
2081,1745920730.4598584,182.92737007141113
2082,1745920730.6530347,182.830810546875
2083,1745920730.8477,183.6252212524414
2084,1745920731.1434116,284.5625877380371
2085,1745920731.3376012,183.14766883850098
2086,1745920731.5315878,182.97815322875977
2087,1745920731.7265434,183.915376663208
2088,1745920731.9213927,184.2629909515381
2089,1745920732.1657274,233.82019996643066
2090,1745920732.3599026,183.64334106445312
2091,1745920732.5543199,182.93094635009766
2092,1745920732.7479053,182.53183364868164
2093,1745920732.9427567,183.8085651397705
2094,1745920733.2071798,253.19814682006836
2095,1745920733.4017074,184.02409553527832
2096,1745920733.5998769,187.12425231933594
2097,1745920733.7935338,182.969331741333
2098,1745920733.9885342,183.75658988952637
2099,1745920735.0043843,nan
2100,1745920735.1987677,183.9611530303955
2101,1745920735.3937237,183.78615379333496
2102,1745920735.5889716,184.97705459594727
2103,1745920735.7820942,182.586669921875
2104,1745920736.0497303,255.47432899475098
2105,1745920737.0754094,nan
2106,1745920738.0871413,nan
2107,1745920738.2850902,186.92564964294434
2108,1745920738.4795885,182.44457244873047
2109,1745920738.6746094,184.61203575134277
2110,1745920738.931513,246.05894088745117
2111,1745920739.125593,183.52460861206055
2112,1745920739.3200061,183.58850479125977
2113,1745920739.5138457,182.80577659606934
2114,1745920739.7073302,182.44218826293945
2115,1745920739.9027917,184.27801132202148
2116,1745920740.0974963,183.57539176940918
2117,1745920740.2914662,183.29572677612305
2118,1745920740.492144,189.6371841430664
2119,1745920740.6875308,184.0829849243164
2120,1745920740.8799303,181.38527870178223
2121,1745920741.0742154,182.75880813598633
2122,1745920741.2687294,183.98213386535645
2123,1745920741.461878,182.6314926147461
2124,1745920741.656615,183.8672161102295
2125,1745920741.851542,184.22913551330566
2126,1745920742.0457442,183.16054344177246
2127,1745920743.0715597,nan
2128,1745920744.0928795,nan
2129,1745920745.106959,nan
2130,1745920745.3858562,268.2805061340332
2131,1745920745.6847377,287.8603935241699
2132,1745920745.878289,182.88016319274902
2133,1745920746.0729454,184.10062789916992
2134,1745920746.3030086,219.02108192443848
2135,1745920746.4982293,184.68499183654785
2136,1745920746.692432,183.74872207641602
2137,1745920746.886657,183.04967880249023
2138,1745920747.0801682,182.9066276550293
2139,1745920747.3145924,223.3109474182129
2140,1745920747.5090346,183.6998462677002
2141,1745920747.702074,182.5108528137207
2142,1745920747.8968668,184.01026725769043
2143,1745920748.132807,225.10337829589844
2144,1745920748.3274586,183.5646629333496
2145,1745920748.5208223,182.7714443206787
2146,1745920748.7146454,182.8155517578125
2147,1745920748.952221,226.32694244384766
2148,1745920749.1460242,183.29095840454102
2149,1745920750.1619275,nan
2150,1745920750.3638656,191.41411781311035
2151,1745920750.5585234,184.11993980407715
2152,1745920750.753103,184.19551849365234
2153,1745920751.7779255,nan
2154,1745920751.9718215,183.3791732788086
2155,1745920752.2483041,265.40422439575195
2156,1745920752.4427252,183.2578182220459
2157,1745920752.6368082,182.4662685394287
2158,1745920752.8309445,183.83359909057617
2159,1745920753.0236514,182.23953247070312
2160,1745920753.2682395,233.37340354919434
2161,1745920753.4634092,184.12470817565918
2162,1745920753.657944,183.5494041442871
2163,1745920753.8516295,183.17151069641113
2164,1745920754.0461242,183.8858127593994
2165,1745920754.288375,231.73928260803223
2166,1745920754.4828913,183.83002281188965
2167,1745920754.6776686,184.15188789367676
2168,1745920755.7016518,nan
2169,1745920755.90515,192.6860809326172
2170,1745920756.1268997,211.20333671569824
2171,1745920756.3227186,184.9193572998047
2172,1745920756.5176425,184.13329124450684
2173,1745920756.7117417,183.53629112243652
2174,1745920756.9097536,187.3948574066162
2175,1745920757.1043465,184.0522289276123
2176,1745920757.3627148,247.82967567443848
2177,1745920757.6719096,298.8460063934326
2178,1745920757.984078,301.60975456237793
2179,1745920758.1796706,184.82327461242676
2180,1745920758.3732588,182.88207054138184
2181,1745920758.567477,183.29906463623047
2182,1745920758.762829,184.3736171722412
2183,1745920758.9588356,184.74864959716797
2184,1745920759.2117345,242.15459823608398
2185,1745920759.508713,286.2403392791748
2186,1745920759.7032962,183.6996078491211
2187,1745920759.897531,183.92276763916016
2188,1745920760.0917203,183.10832977294922
2189,1745920760.326954,224.36285018920898
2190,1745920760.5218759,184.051513671875
2191,1745920760.7154834,183.47859382629395
2192,1745920760.9096289,183.1057071685791
2193,1745920761.151584,230.81493377685547
2194,1745920761.4628994,300.7814884185791
2195,1745920761.656579,183.13980102539062
2196,1745920761.8499627,182.4347972869873
2197,1745920762.046734,184.73291397094727
2198,1745920762.2402387,183.30860137939453
2199,1745920762.4346802,183.30669403076172
2200,1745920762.6293602,183.9163303375244
2201,1745920762.8232846,182.88111686706543
2202,1745920763.0171344,183.20274353027344
2203,1745920763.2115548,184.04889106750488
2204,1745920763.4066198,183.394193649292
2205,1745920763.6103513,193.20988655090332
2206,1745920763.8046165,183.7465763092041
2207,1745920763.9989965,183.41922760009766
2208,1745920765.0255287,nan
2209,1745920766.0467315,nan
2210,1745920767.068439,nan
2211,1745920768.0945513,nan
2212,1745920768.28759,182.82222747802734
2213,1745920769.312718,nan
2214,1745920770.3378382,nan
2215,1745920770.5439105,194.9751377105713
2216,1745920770.740568,186.1274242401123
2217,1745920770.97712,225.27790069580078
2218,1745920771.1733916,185.6253147125244
2219,1745920771.370442,186.5241527557373
2220,1745920772.3862484,nan
2221,1745920772.5841095,187.31141090393066
2222,1745920772.7817352,186.5856647491455
2223,1745920772.9767668,183.69126319885254
2224,1745920773.1993482,211.83347702026367
2225,1745920773.395578,185.22167205810547
2226,1745920773.5928886,186.26713752746582
2227,1745920773.788947,185.43720245361328
2228,1745920774.047612,246.64831161499023
2229,1745920774.2435362,185.88638305664062
2230,1745920774.477891,223.73127937316895
2231,1745920774.6759064,187.48164176940918
2232,1745920774.8732486,186.28454208374023
2233,1745920775.07052,186.74707412719727
2234,1745920775.265532,184.25321578979492
2235,1745920775.4620025,184.87882614135742
2236,1745920775.6595185,187.41822242736816
2237,1745920775.8560727,185.54162979125977
2238,1745920776.0527587,185.71996688842773
2239,1745920776.2736113,209.75661277770996
2240,1745920776.471717,187.3300075531006
2241,1745920776.6670494,184.67068672180176
2242,1745920776.863584,185.96935272216797
2243,1745920777.1279106,253.67116928100586
2244,1745920777.4248984,286.17358207702637
2245,1745920778.4476914,nan
2246,1745920778.645705,187.48831748962402
2247,1745920778.8424244,185.6679916381836
2248,1745920779.0684276,214.77818489074707
2249,1745920779.379512,300.0168800354004
2250,1745920779.653354,262.7396583557129
2251,1745920779.8473525,182.6338768005371
2252,1745920780.0421476,184.1905117034912
2253,1745920780.2370439,183.4425926208496
2254,1745920780.496319,248.7471103668213
2255,1745920780.6909187,184.05771255493164
2256,1745920780.8854675,184.18478965759277
2257,1745920781.079464,182.99317359924316
2258,1745920781.2738757,183.83312225341797
2259,1745920781.5236313,238.78836631774902
2260,1745920781.71926,185.14752388000488
2261,1745920781.9156938,185.16159057617188
2262,1745920782.1086183,182.71398544311523
2263,1745920782.3024993,182.91568756103516
2264,1745920782.499338,185.6231689453125
2265,1745920782.6942456,183.87556076049805
2266,1745920782.8893359,184.1909885406494
2267,1745920783.1701286,270.4641819000244
2268,1745920783.4667664,285.0043773651123
2269,1745920783.6616135,184.20052528381348
2270,1745920783.8548338,182.67059326171875
2271,1745920784.048726,182.87110328674316
2272,1745920784.2898123,229.94351387023926
2273,1745920784.4835265,183.14647674560547
2274,1745920784.687957,192.9171085357666
2275,1745920784.8840022,185.502290725708
2276,1745920785.1126475,217.60153770446777
2277,1745920785.406225,282.9875946044922
2278,1745920785.7019918,284.5783233642578
2279,1745920785.8960416,183.02321434020996
2280,1745920786.093581,186.3384246826172
2281,1745920786.288271,183.67671966552734
2282,1745920786.4836102,184.30852890014648
2283,1745920786.6780858,183.43496322631836
2284,1745920786.875339,186.11550331115723
2285,1745920787.0704541,184.56673622131348
2286,1745920787.2659907,185.1813793182373
2287,1745920787.4617498,185.48274040222168
2288,1745920787.6582856,184.97419357299805
2289,1745920787.8548372,186.26880645751953
2290,1745920788.0498078,184.24344062805176
2291,1745920788.2467935,185.79530715942383
2292,1745920788.4425254,185.14323234558105
2293,1745920788.6394615,185.9140396118164
2294,1745920788.836887,186.3880157470703
2295,1745920789.0315428,184.00263786315918
2296,1745920789.3194485,276.6551971435547
2297,1745920789.613173,283.3528518676758
2298,1745920789.9237492,299.6194362640381
2299,1745920790.120265,186.04660034179688
2300,1745920790.3161862,184.46874618530273
2301,1745920790.5133507,186.57159805297852
2302,1745920790.7121751,188.31229209899902
2303,1745920790.907728,184.75031852722168
2304,1745920791.146805,228.73449325561523
2305,1745920791.343021,185.40334701538086
2306,1745920792.3550782,nan
2307,1745920792.550826,185.07719039916992
2308,1745920792.743794,182.8458309173584
2309,1745920792.9953024,240.42057991027832
2310,1745920793.190303,183.93921852111816
2311,1745920794.2027352,nan
2312,1745920794.4001162,186.91754341125488
2313,1745920794.5960233,185.532808303833
2314,1745920794.7902534,183.17604064941406
2315,1745920795.0444512,243.66378784179688
2316,1745920795.2419972,186.93852424621582
2317,1745920795.437755,184.69810485839844
2318,1745920795.633504,185.2409839630127
2319,1745920795.8291469,184.93390083312988
2320,1745920796.0226662,183.17294120788574
2321,1745920796.2167144,183.15863609313965
2322,1745920796.4115245,183.69364738464355
2323,1745920796.6048903,182.79647827148438
2324,1745920796.7990003,183.57443809509277
2325,1745920797.0874414,277.3447036743164
2326,1745920797.2799973,181.56862258911133
2327,1745920798.2937875,nan
2328,1745920798.4931953,188.81988525390625
2329,1745920798.6878817,184.16333198547363
2330,1745920798.8817985,182.87897109985352
2331,1745920799.1494942,256.67667388916016
2332,1745920799.443869,283.33187103271484
2333,1745920799.702948,248.13485145568848
2334,1745920799.8971345,182.91282653808594
2335,1745920800.093063,184.8156452178955
2336,1745920800.287074,182.969331741333
2337,1745920800.5803673,282.1633815765381
2338,1745920800.7763338,184.62753295898438
2339,1745920800.9718866,184.5703125
2340,1745920801.1668458,183.87508392333984
2341,1745920802.19075,nan
2342,1745920802.597765,396.44479751586914
2343,1745920802.7925017,183.74323844909668
2344,1745920802.9875345,182.9507350921631
2345,1745920803.2245705,226.52626037597656
2346,1745920803.4186716,182.8446388244629
2347,1745920803.6157656,186.0504150390625
2348,1745920803.8089867,182.68656730651855
2349,1745920804.0031078,182.95788764953613
2350,1745920804.2500224,236.77444458007812
2351,1745920804.4437985,183.1035614013672
2352,1745920804.639068,184.57818031311035
2353,1745920804.8339798,184.39126014709473
2354,1745920805.0278318,183.32314491271973
2355,1745920805.2747474,235.08429527282715
2356,1745920805.4699593,184.64422225952148
2357,1745920805.6638503,183.3479404449463
2358,1745920805.8575332,182.74784088134766
2359,1745920806.051891,183.34317207336426
2360,1745920806.247964,184.5874786376953
2361,1745920806.4429727,183.87460708618164
2362,1745920806.6364677,183.11643600463867
2363,1745920806.830852,183.36939811706543
2364,1745920807.0255442,183.65049362182617
2365,1745920807.2192447,183.16960334777832
2366,1745920807.4165707,185.8823299407959
2367,1745920807.614588,187.4549388885498
2368,1745920807.8083518,182.79600143432617
2369,1745920808.003826,184.41009521484375
2370,1745920808.2448778,230.51857948303223
2371,1745920808.4394739,183.0754280090332
2372,1745920808.6355295,185.61792373657227
2373,1745920808.8295145,183.65836143493652
2374,1745920809.022723,182.6162338256836
2375,1745920809.2160006,182.71160125732422
2376,1745920809.410606,182.46221542358398
2377,1745920809.6948493,273.6525535583496
2378,1745920809.9938333,288.01703453063965
2379,1745920810.1879687,183.62188339233398
2380,1745920810.3822038,183.20631980895996
2381,1745920811.3979955,nan
2382,1745920812.4229622,nan
2383,1745920813.4462066,nan
2384,1745920814.4653609,nan
2385,1745920814.6700299,194.09728050231934
2386,1745920814.8646584,183.97903442382812
2387,1745920815.0576491,182.46006965637207
2388,1745920815.25202,183.34221839904785
2389,1745920815.4471612,184.5076084136963
2390,1745920815.7173223,259.63354110717773
2391,1745920815.9125326,183.90274047851562
2392,1745920816.108246,184.67140197753906
2393,1745920816.3027973,184.24463272094727
2394,1745920816.5485787,234.9867820739746
2395,1745920816.7424483,183.6264133453369
2396,1745920816.9362617,182.9049587249756
2397,1745920817.1300032,182.9366683959961
2398,1745920817.326512,185.3015422821045
2399,1745920817.5844684,247.26390838623047
2400,1745920817.8822637,287.0655059814453
2401,1745920818.0761876,183.29977989196777
2402,1745920818.2702453,183.36963653564453
2403,1745920818.4647455,183.46738815307617
2404,1745920818.659665,183.92300605773926
2405,1745920818.8546252,183.98714065551758
2406,1745920819.0486453,183.48002433776855
2407,1745920819.2431965,183.50982666015625
2408,1745920819.4408662,187.49618530273438
2409,1745920819.826472,374.33767318725586
2410,1745920820.022814,184.56125259399414
2411,1745920820.3335164,300.02593994140625
2412,1745920820.527076,182.9822063446045
2413,1745920820.72073,183.1367015838623
2414,1745920820.9141612,182.91521072387695
2415,1745920821.1104658,185.12773513793945
2416,1745920821.3552098,234.18879508972168
2417,1745920822.3756347,nan
2418,1745920822.5690968,182.94405937194824
2419,1745920822.7638922,184.19122695922852
2420,1745920822.9606786,186.25545501708984
2421,1745920823.155,184.11540985107422
2422,1745920823.395979,230.78513145446777
2423,1745920823.5916703,184.70430374145508
2424,1745920823.7878687,185.81295013427734
2425,1745920823.983421,183.98094177246094
2426,1745920824.2231176,229.17556762695312
2427,1745920824.4202409,186.40708923339844
2428,1745920825.4317336,nan
2429,1745920825.628288,185.63389778137207
2430,1745920825.8219652,182.99126625061035
2431,1745920826.0722978,238.7990951538086
2432,1745920826.3826513,299.8206615447998
2433,1745920826.693045,299.7095584869385
2434,1745920826.8965564,193.16983222961426
2435,1745920827.2046144,297.013521194458
2436,1745920827.5003657,285.0174903869629
2437,1745920827.6950128,184.13424491882324
2438,1745920827.917733,211.61413192749023
2439,1745920828.213326,285.2003574371338
2440,1745920828.5238156,300.1997470855713
2441,1745920828.7328198,197.9513168334961
2442,1745920828.9284716,184.67307090759277
2443,1745920829.134542,194.56219673156738
2444,1745920829.3305714,185.5168342590332
2445,1745920829.5236695,182.9216480255127
2446,1745920829.717783,183.58111381530762
2447,1745920829.9790103,250.63538551330566
2448,1745920830.1781118,188.58957290649414
2449,1745920830.4795084,290.7567024230957
2450,1745920830.7350392,244.38166618347168
2451,1745920830.9304736,184.36789512634277
2452,1745920831.1251574,184.16094779968262
2453,1745920831.320235,184.5390796661377
2454,1745920831.5989664,268.13626289367676
2455,1745920831.8055203,196.03252410888672
2456,1745920831.9993138,183.274507522583
2457,1745920832.3160403,306.22220039367676
2458,1745920832.5138195,186.7828369140625
2459,1745920832.707374,183.10165405273438
2460,1745920832.9057407,187.35241889953613
2461,1745920833.0998285,183.5618019104004
2462,1745920833.3428946,232.5294017791748
2463,1745920833.65399,300.55761337280273
2464,1745920833.9488094,284.08312797546387
2465,1745920834.1447887,184.82422828674316
2466,1745920834.3393338,184.0212345123291
2467,1745920834.5340028,183.73847007751465
2468,1745920834.7268114,182.47723579406738
2469,1745920834.92167,183.58635902404785
2470,1745920835.1904964,258.38422775268555
2471,1745920835.4894452,287.9312038421631
2472,1745920835.684122,184.04650688171387
2473,1745920835.8793511,184.56673622131348
2474,1745920836.075954,185.37163734436035
2475,1745920836.271814,185.25362014770508
2476,1745920836.5050726,221.6191291809082
2477,1745920836.6987414,182.97052383422852
2478,1745920836.894034,184.77177619934082
2479,1745920837.0881674,182.99055099487305
2480,1745920837.2840726,185.00876426696777
2481,1745920837.4802032,185.60123443603516
2482,1745920837.6744921,183.9768886566162
2483,1745920837.8692615,183.60209465026855
2484,1745920838.0648818,184.7701072692871
2485,1745920838.260574,185.11319160461426
2486,1745920838.5688307,296.9398498535156
2487,1745920838.7645092,185.12630462646484
2488,1745920838.9577267,182.71279335021973
2489,1745920839.1516182,183.36820602416992
2490,1745920840.178801,nan
2491,1745920841.2014155,nan
2492,1745920842.2253814,nan
2493,1745920842.4398727,203.53078842163086
2494,1745920843.452934,nan
2495,1745920844.4760208,nan
2496,1745920845.48996,nan
2497,1745920846.5146804,nan
2498,1745920846.7105103,185.3199005126953
2499,1745920846.9058135,184.27109718322754
2500,1745920847.1006405,184.22985076904297
2501,1745920847.2951334,183.80260467529297
2502,1745920847.5643637,258.4052085876465
2503,1745920847.7585723,183.26354026794434
2504,1745920847.952884,183.6988925933838
2505,1745920848.1472077,183.72726440429688
2506,1745920848.3415983,183.44354629516602
2507,1745920848.6028163,251.03139877319336
2508,1745920848.796704,182.97648429870605
2509,1745920848.9903178,183.03370475769043
2510,1745920849.1849704,182.68370628356934
2511,1745920849.3787622,182.9090118408203
2512,1745920849.57549,185.9421730041504
2513,1745920849.7698863,183.34031105041504
2514,1745920849.9635186,182.30080604553223
2515,1745920850.1570983,182.47008323669434
2516,1745920850.4317088,263.5829448699951
2517,1745920850.6258907,183.31551551818848
2518,1745920850.8197522,182.31678009033203
2519,1745920851.0157511,184.9656105041504
2520,1745920851.2580776,231.28962516784668
2521,1745920851.4517314,183.09998512268066
2522,1745920852.4699748,nan
2523,1745920852.6634002,182.90376663208008
2524,1745920852.8589044,184.97657775878906
2525,1745920853.0535896,183.84885787963867
2526,1745920853.3117113,247.39503860473633
2527,1745920853.5057282,183.67338180541992
2528,1745920853.6991975,183.0894947052002
2529,1745920853.8938327,184.01694297790527
2530,1745920854.1124823,208.17184448242188
2531,1745920854.3056488,182.54446983337402
2532,1745920854.5009794,183.30931663513184
2533,1745920854.695976,184.51714515686035
2534,1745920854.8898888,183.52007865905762
2535,1745920855.0832133,182.77478218078613
2536,1745920855.3650565,270.8101272583008
2537,1745920855.6617205,286.1337661743164
2538,1745920855.856346,183.8057041168213
2539,1745920856.0506308,183.43305587768555
2540,1745920857.0714078,nan
2541,1745920857.2656229,183.69650840759277
2542,1745920857.5077875,231.64129257202148
2543,1745920857.7016754,183.38370323181152
2544,1745920857.9296627,216.8896198272705
2545,1745920858.1495452,208.8484764099121
2546,1745920858.349458,189.38684463500977
2547,1745920858.6427555,282.5624942779541
2548,1745920858.8369389,183.68101119995117
2549,1745920859.0301633,182.5401782989502
2550,1745920859.2304125,188.73023986816406
2551,1745920860.241721,nan
2552,1745920860.442678,190.3383731842041
2553,1745920860.6580906,204.44083213806152
2554,1745920860.863433,194.05460357666016
2555,1745920861.0576696,182.99341201782227
2556,1745920861.254054,185.03999710083008
2557,1745920861.4490004,183.8204860687256
2558,1745920861.710273,250.78415870666504
2559,1745920861.9052305,182.9702854156494
2560,1745920862.0988362,182.76214599609375
2561,1745920862.29242,182.81292915344238
2562,1745920862.488031,184.48495864868164
2563,1745920862.6815422,182.75928497314453
2564,1745920862.8755481,182.7247142791748
2565,1745920863.0716093,184.77749824523926
2566,1745920863.2650945,182.8763484954834
2567,1745920863.4597728,183.4728717803955
2568,1745920863.6557148,185.2097511291504
2569,1745920863.850491,184.0500831604004
2570,1745920864.0450737,183.9587688446045
2571,1745920864.2400396,183.7449073791504
2572,1745920864.4361925,184.4654083251953
2573,1745920864.6303117,183.07018280029297
2574,1745920864.8244562,182.9676628112793
2575,1745920865.0222557,186.692476272583
2576,1745920865.2169366,183.10284614562988
2577,1745920865.5036552,276.1664390563965
2578,1745920865.7975578,282.82785415649414
2579,1745920865.9925103,183.67600440979004
2580,1745920866.1887329,185.19878387451172
2581,1745920867.2013795,nan
2582,1745920867.3949032,183.00819396972656
2583,1745920867.5919008,185.81128120422363
2584,1745920867.7850406,182.94286727905273
2585,1745920867.978803,183.23111534118652
2586,1745920868.173454,184.0341091156006
2587,1745920868.4555707,271.55590057373047
2588,1745920868.651562,185.57977676391602
2589,1745920869.665309,nan
2590,1745920869.8999157,224.08556938171387
2591,1745920870.1013968,189.96047973632812
2592,1745920870.413631,301.6202449798584
2593,1745920870.7071784,282.46045112609863
2594,1745920870.8998044,182.12175369262695
2595,1745920871.0953186,182.99317359924316
2596,1745920871.2893775,183.5341453552246
2597,1745920871.542353,241.87016487121582
2598,1745920871.8391347,285.733699798584
2599,1745920872.0354633,185.78743934631348
2600,1745920872.2304559,184.4782829284668
2601,1745920872.4272554,185.69087982177734
2602,1745920872.622278,183.98118019104004
2603,1745920872.8560894,223.29974174499512
2604,1745920873.0500145,183.4115982055664
2605,1745920873.2479386,186.4302158355713
2606,1745920873.4439504,184.8762035369873
2607,1745920873.6392636,184.19861793518066
2608,1745920873.83372,183.4118366241455
2609,1745920874.0947993,249.82333183288574
2610,1745920874.2898438,184.08513069152832
2611,1745920874.4844234,183.43281745910645
2612,1745920875.5038328,nan
2613,1745920876.5288367,nan
2614,1745920876.7246132,185.46223640441895
2615,1745920876.9187243,183.36868286132812
2616,1745920877.1148179,184.8905086517334
2617,1745920877.3120627,186.7201328277588
2618,1745920878.3334134,nan
2619,1745920878.59993,255.9185028076172
2620,1745920878.795313,184.28349494934082
2621,1745920879.000738,194.44656372070312
2622,1745920879.195757,184.46683883666992
2623,1745920879.4245179,217.6504135131836
2624,1745920879.7353704,300.2023696899414
2625,1745920879.9321146,185.6534481048584
2626,1745920880.950139,nan
2627,1745920881.143456,182.79552459716797
2628,1745920881.3700259,215.54946899414062
2629,1745920881.6796267,298.0990409851074
2630,1745920881.968918,278.64718437194824
2631,1745920882.1634014,184.0357780456543
2632,1745920882.358827,184.65232849121094
2633,1745920882.5529296,183.48073959350586
2634,1745920882.7488823,185.4264736175537
2635,1745920882.9426627,183.0158233642578
2636,1745920883.1364663,182.77382850646973
2637,1745920883.4154625,268.36395263671875
2638,1745920883.6086543,182.45625495910645
2639,1745920883.804279,184.54456329345703
2640,1745920883.9992197,184.13758277893066
2641,1745920884.1926222,182.80363082885742
2642,1745920884.4441707,240.52882194519043
2643,1745920884.7416205,286.8192195892334
2644,1745920884.9348297,182.94191360473633
2645,1745920885.1299498,183.9590072631836
2646,1745920885.3235483,183.08401107788086
2647,1745920885.5608256,226.09257698059082
2648,1745920885.758855,186.22732162475586
2649,1745920885.9561205,185.56571006774902
2650,1745920886.9676995,nan
2651,1745920887.162872,184.5691204071045
2652,1745920887.3558717,182.46698379516602
2653,1745920887.549445,182.50560760498047
2654,1745920887.822752,262.2830867767334
2655,1745920888.0175362,183.7763786315918
2656,1745920888.2118495,183.4852695465088
2657,1745920888.4073792,185.3489875793457
2658,1745920888.6332881,215.58117866516113
2659,1745920888.827233,183.40253829956055
2660,1745920889.0233374,185.03928184509277
2661,1745920889.2188935,184.28683280944824
2662,1745920889.4598072,229.71200942993164
2663,1745920889.7686636,297.7266311645508
2664,1745920889.961934,182.01923370361328
2665,1745920890.1578104,184.53264236450195
2666,1745920890.351637,183.22157859802246
2667,1745920891.3717294,nan
2668,1745920892.392398,nan
2669,1745920893.4188325,nan
2670,1745920893.6179118,188.56382369995117
2671,1745920893.8150542,186.62118911743164
2672,1745920894.0739777,247.92933464050293
2673,1745920894.2706425,185.9302520751953
2674,1745920894.5822725,300.9679317474365
2675,1745920894.7778325,185.03665924072266
2676,1745920894.9728093,184.26942825317383
2677,1745920895.1698513,186.3243579864502
2678,1745920895.3654592,184.59153175354004
2679,1745920895.56304,186.54489517211914
2680,1745920895.8105793,236.99617385864258
2681,1745920896.0058901,184.5836639404297
2682,1745920896.201598,184.6773624420166
2683,1745920896.399374,187.5014305114746
2684,1745920897.4253385,nan
2685,1745920898.4397514,nan
2686,1745920898.7170808,266.7269706726074
2687,1745920898.912919,184.82208251953125
2688,1745920899.1076107,184.0207576751709
2689,1745920899.3044233,185.79816818237305
2690,1745920899.6065705,291.6128635406494
2691,1745920899.9016478,284.50632095336914
2692,1745920900.0954726,183.2888126373291
2693,1745920900.2913785,185.00375747680664
2694,1745920900.4878044,185.09864807128906
2695,1745920900.684516,186.18106842041016
2696,1745920900.9257164,230.38196563720703
2697,1745920901.1216888,185.15896797180176
2698,1745920901.3172474,184.31830406188965
2699,1745920901.514363,186.06114387512207
2700,1745920902.5288444,nan
2701,1745920902.8935423,353.79862785339355
2702,1745920903.101666,197.48449325561523
2703,1745920903.2970042,184.2808723449707
2704,1745920903.5347319,226.49240493774414
2705,1745920903.72984,183.9439868927002
2706,1745920903.9307327,189.9261474609375
2707,1745920904.1284385,186.68556213378906
2708,1745920904.3217497,182.78169631958008
2709,1745920904.6090112,276.63207054138184
2710,1745920904.8035414,183.74252319335938
2711,1745920904.9970973,183.09354782104492
2712,1745920905.1906512,182.73401260375977
2713,1745920905.3854666,182.6179027557373
2714,1745920905.6379132,241.95241928100586
2715,1745920905.9506888,301.74827575683594
2716,1745920906.238182,276.4253616333008
2717,1745920906.431635,182.43885040283203
2718,1745920906.6256354,182.59429931640625
2719,1745920906.8205178,183.63213539123535
2720,1745920907.0153453,183.7902069091797
2721,1745920907.211673,185.9884262084961
2722,1745920907.406522,183.77065658569336
2723,1745920907.685504,268.47147941589355
2724,1745920907.9427013,246.60110473632812
2725,1745920908.136798,183.0577850341797
2726,1745920908.3298342,182.38043785095215
2727,1745920908.5245306,183.17246437072754
2728,1745920908.8039117,268.37706565856934
2729,1745920909.0001366,185.73641777038574
2730,1745920909.1959152,184.2482089996338
2731,1745920909.393855,186.86676025390625
2732,1745920910.406812,nan
2733,1745920910.8577857,440.41991233825684
2734,1745920911.0519214,183.20584297180176
2735,1745920911.246703,183.69507789611816
2736,1745920911.439958,182.74450302124023
2737,1745920911.6355686,183.5801601409912
2738,1745920911.8805914,233.98280143737793
2739,1745920912.0741951,183.0291748046875
2740,1745920912.26833,183.61449241638184
2741,1745920912.4687881,189.79430198669434
2742,1745920912.6874566,208.14275741577148
2743,1745920912.8810766,183.0284595489502
2744,1745920913.073935,182.06453323364258
2745,1745920913.2694814,184.09371376037598
2746,1745920913.5087638,228.67512702941895
2747,1745920913.703774,184.6165657043457
2748,1745920913.899505,185.1193904876709
2749,1745920914.0942447,183.89415740966797
2750,1745920914.2929947,186.63883209228516
2751,1745920914.486682,183.5613250732422
2752,1745920914.7475817,250.15664100646973
2753,1745920914.9406111,182.80577659606934
2754,1745920915.1477027,196.24829292297363
2755,1745920915.3423133,183.57276916503906
2756,1745920915.5707626,217.28229522705078
2757,1745920915.8814797,300.21071434020996
2758,1745920916.0756848,183.94827842712402
2759,1745920916.2697172,182.7073097229004
2760,1745920916.4634244,182.6150417327881
2761,1745920916.6584713,184.15331840515137
2762,1745920916.8524435,183.2413673400879
2763,1745920917.047161,183.64977836608887
2764,1745920917.2413514,183.61520767211914
2765,1745920917.5098047,257.84993171691895
2766,1745920917.7028124,182.46960639953613
2767,1745920917.9366395,222.63693809509277
2768,1745920918.1447356,197.07846641540527
2769,1745920918.3387442,183.0592155456543
2770,1745920918.6502922,300.76074600219727
2771,1745920918.9414485,280.87878227233887
2772,1745920919.136541,184.21268463134766
2773,1745920919.3299994,182.9395294189453
2774,1745920919.5241313,183.0768585205078
2775,1745920919.7666724,231.52756690979004
2776,1745920919.9600763,182.19542503356934
2777,1745920920.155531,184.2195987701416
2778,1745920920.3489287,182.4023723602295
2779,1745920920.5500085,190.02294540405273
2780,1745920920.7876816,226.1064052581787
2781,1745920920.98131,182.8174591064453
2782,1745920921.1765466,184.24344062805176
2783,1745920921.3714914,183.90917778015137
2784,1745920921.6096425,227.55718231201172
2785,1745920921.8040078,183.49575996398926
2786,1745920921.999968,185.06908416748047
2787,1745920922.1979434,186.34724617004395
2788,1745920922.3939633,185.49442291259766
2789,1745920922.6358788,231.37688636779785
2790,1745920922.9473872,300.7769584655762
2791,1745920923.144766,185.6677532196045
2792,1745920923.3404672,185.0111484527588
2793,1745920923.5373778,186.19585037231445
2794,1745920923.759957,211.5647792816162
2795,1745920923.9555895,184.10491943359375
2796,1745920924.1519895,185.133695602417
2797,1745920924.4743369,311.8116855621338
2798,1745920924.6854725,200.6065845489502
2799,1745920924.881816,185.88590621948242
2800,1745920925.076053,183.32719802856445
2801,1745920925.2726889,185.44697761535645
2802,1745920925.4684546,184.74936485290527
2803,1745920925.6650963,184.8318576812744
2804,1745920925.9145176,238.55829238891602
2805,1745920926.2216952,296.5877056121826
2806,1745920926.519961,287.6901626586914
2807,1745920926.7131798,182.21211433410645
2808,1745920926.9096024,184.90266799926758
2809,1745920927.1171322,196.49386405944824
2810,1745920927.3114026,183.21585655212402
2811,1745920927.504909,182.91187286376953
2812,1745920927.7113206,195.85633277893066
2813,1745920927.90586,183.3813190460205
2814,1745920928.1005564,183.7141513824463
2815,1745920928.2937117,182.41286277770996
2816,1745920928.5825412,277.6646614074707
2817,1745920928.8796923,286.07845306396484
2818,1745920929.0744095,184.10444259643555
2819,1745920929.2803795,195.67322731018066
2820,1745920929.4781,186.42616271972656
2821,1745920929.702699,213.31000328063965
2822,1745920930.010004,296.5395450592041
2823,1745920930.3213875,300.65155029296875
2824,1745920930.6149554,282.52100944519043
2825,1745920930.80867,182.69062042236328
2826,1745920931.002702,183.2728385925293
2827,1745920931.1996799,184.86428260803223
2828,1745920931.3938785,184.13853645324707
2829,1745920931.6340241,229.0966510772705
2830,1745920931.8281035,182.89566040039062
2831,1745920932.0224946,183.33053588867188
2832,1745920932.2178257,184.30018424987793
2833,1745920932.4654088,236.3295555114746
2834,1745920932.7735896,297.37353324890137
2835,1745920932.9693449,185.394287109375
2836,1745920933.162922,182.9972267150879
2837,1745920933.357586,183.44640731811523
2838,1745920933.5515852,182.67464637756348
2839,1745920933.745846,183.09926986694336
2840,1745920933.9428155,184.91864204406738
2841,1745920934.1366444,182.26289749145508
2842,1745920934.3297184,182.8634738922119
2843,1745920934.5256715,184.783935546875
2844,1745920934.8174567,281.18205070495605
2845,1745920935.0102665,182.17897415161133
2846,1745920935.2049792,182.9817295074463
2847,1745920935.4027228,186.51151657104492
2848,1745920935.6464663,233.10184478759766
2849,1745920935.9555147,297.93286323547363
2850,1745920936.1502767,184.10491943359375
2851,1745920936.4659708,304.2490482330322
2852,1745920936.7053785,228.590726852417
2853,1745920936.9003754,184.54742431640625
2854,1745920937.0971665,185.61100959777832
2855,1745920937.2936804,185.46819686889648
2856,1745920937.4880471,183.84265899658203
2857,1745920937.7899575,290.80724716186523
2858,1745920938.0746489,273.74982833862305
2859,1745920938.2704241,184.61251258850098
2860,1745920938.4671123,186.07211112976074
2861,1745920938.661368,183.52651596069336
2862,1745920938.9217947,249.95112419128418
2863,1745920939.151459,219.21825408935547
2864,1745920939.3448346,182.84130096435547
2865,1745920939.5396245,184.2033863067627
2866,1745920939.7333875,182.97886848449707
2867,1745920939.933515,189.11004066467285
2868,1745920940.1273544,183.24565887451172
2869,1745920940.3217533,183.5646629333496
2870,1745920941.3449292,nan
2871,1745920941.5389225,183.5043430328369
2872,1745920941.732941,183.06899070739746
2873,1745920941.9852238,240.39840698242188
2874,1745920942.1788416,183.03585052490234
2875,1745920942.3728616,183.14409255981445
2876,1745920942.5687685,185.44912338256836
2877,1745920942.766579,187.4103546142578
2878,1745920942.9601545,182.99078941345215
2879,1745920943.1549916,183.26783180236816
2880,1745920943.3501847,183.96258354187012
2881,1745920943.54561,185.00733375549316
2882,1745920943.7395327,182.88755416870117
2883,1745920943.9333284,182.9512119293213
2884,1745920944.949734,nan
2885,1745920945.1696396,209.11550521850586
2886,1745920945.3630352,182.81292915344238
2887,1745920945.557892,183.89248847961426
2888,1745920945.7517805,183.22181701660156
2889,1745920945.9684415,206.0706615447998
2890,1745920946.1625783,183.91919136047363
2891,1745920946.3567083,183.2571029663086
2892,1745920946.55041,182.68465995788574
2893,1745920946.7439048,182.9826831817627
2894,1745920946.938783,183.90989303588867
2895,1745920947.187575,236.52172088623047
2896,1745920947.3819366,184.02838706970215
2897,1745920947.5753915,182.87372589111328
2898,1745920947.768789,182.35158920288086
2899,1745920947.964455,184.60321426391602
2900,1745920948.1584556,182.9824447631836
2901,1745920948.352903,183.17651748657227
2902,1745920948.6397855,276.2768268585205
2903,1745920948.8341408,184.21149253845215
2904,1745920949.8495839,nan
2905,1745920950.0430243,182.6176643371582
2906,1745920950.239179,185.1208209991455
2907,1745920950.4355533,184.6005916595459
2908,1745920950.693796,247.9701042175293
2909,1745920951.000475,295.56751251220703
2910,1745920951.1999104,188.91644477844238
2911,1745920951.393916,182.71827697753906
2912,1745920951.5883374,183.35628509521484
2913,1745920951.7818131,183.02559852600098
2914,1745920951.9761462,182.82413482666016
2915,1745920952.1716099,183.91180038452148
2916,1745920952.3657806,183.76922607421875
2917,1745920952.6249533,248.5501766204834
2918,1745920952.8195374,183.1033229827881
2919,1745920953.0297348,199.16796684265137
2920,1745920953.2247858,183.89058113098145
2921,1745920953.4188852,183.26330184936523
2922,1745920953.6493807,219.46358680725098
2923,1745920953.8433843,183.09760093688965
2924,1745920954.038355,184.04603004455566
2925,1745920954.232324,183.08639526367188
2926,1745920954.4765205,232.23423957824707
2927,1745920954.6707854,184.21006202697754
2928,1745920954.8645067,182.9831600189209
2929,1745920955.0585535,183.52985382080078
2930,1745920955.2525315,183.1216812133789
2931,1745920955.445261,182.55209922790527
2932,1745920955.696565,240.77153205871582
2933,1745920955.8902056,182.37686157226562
2934,1745920956.097846,196.11787796020508
2935,1745920956.2940118,185.1327419281006
2936,1745920956.4880538,183.01105499267578
2937,1745920956.7027743,203.62091064453125
2938,1745920956.8974466,183.56704711914062
2939,1745920957.090659,182.97338485717773
2940,1745920957.2849827,183.26616287231445
2941,1745920957.4792147,183.6845874786377
2942,1745920957.7466798,256.73842430114746
2943,1745920957.9408612,183.64620208740234
2944,1745920958.1362925,183.6566925048828
2945,1745920958.3293886,182.5847625732422
2946,1745920958.5757818,235.3823184967041
2947,1745920958.7700505,183.03656578063965
2948,1745920958.96419,183.1066608428955
2949,1745920959.9853058,nan
2950,1745920960.1848826,189.00489807128906
2951,1745920960.378943,182.99126625061035
2952,1745920960.618922,228.84798049926758
2953,1745920960.8130655,183.1190586090088
2954,1745920961.826454,nan
2955,1745920962.0873613,250.20694732666016
2956,1745920962.283798,185.90784072875977
2957,1745920962.573486,278.4419059753418
2958,1745920962.8649096,280.4126739501953
2959,1745920963.0586507,183.2277774810791
2960,1745920963.253008,183.45046043395996
2961,1745920963.4476936,183.6686134338379
2962,1745920963.6416283,182.96027183532715
2963,1745920963.8344314,182.48271942138672
2964,1745920964.0274158,182.01589584350586
2965,1745920964.2222152,183.62188339233398
2966,1745920964.5169349,283.6415767669678
2967,1745920964.8267388,299.27635192871094
2968,1745920965.1377182,299.96609687805176
2969,1745920965.3305714,182.20758438110352
2970,1745920965.5423772,200.7765769958496
2971,1745920965.8392465,285.28285026550293
2972,1745920966.0330434,183.71319770812988
2973,1745920966.2269723,182.58404731750488
2974,1745920966.4217215,183.61186981201172
2975,1745920966.6155422,183.55798721313477
2976,1745920966.8095808,183.41946601867676
2977,1745920967.0030534,182.94358253479004
2978,1745920967.2574685,243.37339401245117
2979,1745920967.4505684,182.57570266723633
2980,1745920967.6461327,184.20815467834473
2981,1745920967.8407238,184.0810775756836
2982,1745920968.0516946,199.9971866607666
2983,1745920968.248814,186.09356880187988
2984,1745920968.4431114,183.63618850708008
2985,1745920968.636986,183.35342407226562
2986,1745920968.8301904,182.69062042236328
2987,1745920969.024767,183.3631992340088
2988,1745920969.2626855,227.41293907165527
2989,1745920969.4567444,183.2718849182129
2990,1745920969.6497877,182.19566345214844
2991,1745920969.8432655,182.30962753295898
2992,1745920970.0376842,183.41422080993652
2993,1745920970.23151,182.63506889343262
2994,1745920970.452696,209.47527885437012
2995,1745920970.6459978,182.61313438415527
2996,1745920970.8584993,201.28250122070312
2997,1745920971.0559473,186.7055892944336
2998,1745920971.2677162,200.5598545074463
2999,1745920971.461546,183.30740928649902
3000,1745920971.6561332,183.88724327087402
3001,1745920971.8498178,183.15958976745605
3002,1745920972.0505676,189.8050308227539
3003,1745920972.244085,182.74164199829102
3004,1745920972.4382963,183.27808380126953
3005,1745920973.4656386,nan
3006,1745920973.6591625,182.88111686706543
3007,1745920973.8526459,182.04855918884277
3008,1745920974.0476773,184.02814865112305
3009,1745920974.3388422,280.6577682495117
3010,1745920974.5325701,183.1796169281006
3011,1745920974.7260714,182.71565437316895
3012,1745920974.9199584,182.80720710754395
3013,1745920975.1649609,233.48402976989746
3014,1745920975.3590238,183.03489685058594
3015,1745920975.554594,184.57984924316406
3016,1745920975.748628,183.35556983947754
3017,1745920975.9435112,183.33959579467773
3018,1745920976.1367784,183.01725387573242
3019,1745920976.3307343,182.75213241577148
3020,1745920976.595405,253.9358139038086
3021,1745920976.7884054,182.4953556060791
3022,1745920976.982789,183.58087539672852
3023,1745920977.177469,183.51054191589355
3024,1745920977.375251,186.8577003479004
3025,1745920977.5693552,183.06803703308105
3026,1745920977.8243153,243.9265251159668
3027,1745920978.0188124,184.05461311340332
3028,1745920978.2129362,182.80768394470215
3029,1745920978.4074562,183.97998809814453
3030,1745920978.60005,182.24740028381348
3031,1745920978.8589792,247.4071979522705
3032,1745920979.1533313,283.89430046081543
3033,1745920979.3489215,185.06646156311035
3034,1745920979.543759,184.37671661376953
3035,1745920980.5644228,nan
3036,1745920981.5906925,nan
3037,1745920981.8716345,270.50328254699707
3038,1745920982.0654945,182.7988624572754
3039,1745920982.259354,183.33721160888672
3040,1745920982.5429404,273.268461227417
3041,1745920982.8534832,299.4232177734375
3042,1745920983.147584,283.0650806427002
3043,1745920983.3425586,184.25464630126953
3044,1745920983.5367146,183.81500244140625
3045,1745920983.7305422,183.32147598266602
3046,1745920983.9240713,182.8780174255371
3047,1745920984.1179132,182.81984329223633
3048,1745920984.312721,183.90727043151855
3049,1745920984.5747995,251.43671035766602
3050,1745920984.7687993,183.43281745910645
3051,1745920984.9616094,182.68513679504395
3052,1745920985.1566005,184.42893028259277
3053,1745920985.3499854,182.77311325073242
3054,1745920985.544909,183.8855743408203
3055,1745920985.818762,263.3397579193115
3056,1745920986.126109,297.11365699768066
3057,1745920986.4338362,296.54502868652344
3058,1745920986.6958477,251.17993354797363
3059,1745920986.8896997,183.29596519470215
3060,1745920987.0832627,182.62934684753418
3061,1745920987.2781212,183.8245391845703
3062,1745920987.4717731,182.85894393920898
3063,1745920987.665519,182.6646327972412
3064,1745920987.85984,183.49504470825195
3065,1745920988.0787725,208.38689804077148
3066,1745920988.27354,184.4005584716797
3067,1745920988.4677906,183.5031509399414
3068,1745920988.66285,184.73100662231445
3069,1745920988.894354,220.8573818206787
3070,1745920989.1906977,285.94303131103516
3071,1745920989.3853724,183.66003036499023
3072,1745920989.5794647,183.08210372924805
3073,1745920990.6006327,nan
3074,1745920991.3446238,733.454704284668
3075,1745920991.5381017,182.9698085784912
3076,1745920991.7329986,184.1135025024414
3077,1745920991.9283779,184.8764419555664
3078,1745920992.1299798,190.8116340637207
3079,1745920992.3256557,185.09769439697266
3080,1745920992.5612776,224.47657585144043
3081,1745920992.7560904,184.0071678161621
3082,1745920992.9498916,183.2728385925293
3083,1745920993.1453996,183.92062187194824
3084,1745920993.342726,185.62793731689453
3085,1745920993.5365329,182.89685249328613
3086,1745920993.731664,184.13710594177246
3087,1745920993.9276412,185.35947799682617
3088,1745920994.1212645,181.53762817382812
3089,1745920994.4148712,283.466100692749
3090,1745920994.6090317,183.49075317382812
3091,1745920994.8046272,184.4627857208252
3092,1745920995.825683,nan
3093,1745920996.8450027,nan
3094,1745920997.038907,183.18581581115723
3095,1745920997.2824237,232.2840690612793
3096,1745920997.4785147,185.23406982421875
3097,1745920997.6729386,183.95400047302246
3098,1745920997.868619,184.75651741027832
3099,1745920998.0619001,182.58094787597656
3100,1745920998.2557654,182.8305721282959
3101,1745920998.4504135,183.76445770263672
3102,1745920998.6485136,187.51025199890137
3103,1745920998.8425586,183.52556228637695
3104,1745920999.0377378,183.39204788208008
3105,1745920999.2313402,183.23683738708496
3106,1745920999.4274035,185.5463981628418
3107,1745920999.6241143,186.2025260925293
3108,1745920999.8186514,184.00239944458008
3109,1745921000.0132687,183.49146842956543
3110,1745921000.2196577,195.2221393585205
3111,1745921000.4273322,195.72782516479492
3112,1745921000.6722178,234.3590259552002
3113,1745921000.9696665,286.9114875793457
3114,1745921001.282908,302.5989532470703
3115,1745921001.4768083,183.23397636413574
3116,1745921001.6697974,182.36541748046875
3117,1745921001.86456,183.12406539916992
3118,1745921002.0588527,183.03394317626953
3119,1745921002.2547276,185.62674522399902
3120,1745921002.507024,241.06216430664062
3121,1745921002.7014406,183.17484855651855
3122,1745921002.8943484,182.81292915344238
3123,1745921003.0879092,183.02297592163086
3124,1745921003.2855904,186.63549423217773
3125,1745921003.48156,184.95678901672363
3126,1745921003.6749394,182.6622486114502
3127,1745921003.9422016,256.33978843688965
3128,1745921004.135749,183.02249908447266
3129,1745921004.329856,183.00819396972656
3130,1745921004.5238807,183.50863456726074
3131,1745921004.718339,182.41453170776367
3132,1745921004.9700856,241.63818359375
3133,1745921005.2650123,283.2372188568115
3134,1745921005.458888,183.34007263183594
3135,1745921005.6547072,185.1975917816162
3136,1745921005.8498151,183.72631072998047
3137,1745921006.0435095,183.09283256530762
3138,1745921006.2399118,185.5454444885254
3139,1745921006.4354918,184.03291702270508
3140,1745921006.6289992,182.86848068237305
3141,1745921006.8235478,183.79712104797363
3142,1745921007.1206675,286.00311279296875
3143,1745921007.3148203,183.11429023742676
3144,1745921007.5085323,183.16197395324707
3145,1745921007.702845,183.40563774108887
3146,1745921007.895906,182.76500701904297
3147,1745921008.0917833,185.03999710083008
3148,1745921008.288856,186.55943870544434
3149,1745921008.4833055,183.3810806274414
3150,1745921008.6773467,182.8901767730713
3151,1745921008.9545245,265.98238945007324
3152,1745921009.14832,182.85632133483887
3153,1745921009.3417652,182.2645664215088
3154,1745921009.536823,183.5799217224121
3155,1745921009.729779,182.43980407714844
3156,1745921009.9805045,239.3057346343994
3157,1745921010.1736193,182.36684799194336
3158,1745921010.3670847,182.29269981384277
3159,1745921010.5691268,190.5813217163086
3160,1745921010.762894,183.13097953796387
3161,1745921010.9569383,183.0615997314453
3162,1745921011.2169738,249.33314323425293
3163,1745921011.4258478,197.77846336364746
3164,1745921011.6196,183.20941925048828
3165,1745921011.8137639,183.3329200744629
3166,1745921012.0065598,182.5540065765381
3167,1745921012.2000327,182.62887001037598
3168,1745921012.3950195,183.38608741760254
3169,1745921012.6466823,241.20855331420898
3170,1745921012.955121,297.7447509765625
3171,1745921013.152044,186.39302253723145
3172,1745921013.3461072,183.33816528320312
3173,1745921013.5440066,186.85197830200195
3174,1745921013.7393222,184.27371978759766
3175,1745921013.9356058,185.17494201660156
3176,1745921014.1295793,183.44879150390625
3177,1745921014.3256052,184.98992919921875
3178,1745921014.586817,251.1119842529297
3179,1745921014.7836258,185.78600883483887
3180,1745921014.977937,183.25376510620117
3181,1745921015.1749334,185.67562103271484
3182,1745921015.3715274,186.0523223876953
3183,1745921015.5661225,183.75682830810547
3184,1745921015.7637098,186.51056289672852
3185,1745921016.0105844,236.34743690490723
3186,1745921016.2057815,184.16547775268555
3187,1745921016.401737,184.8740577697754
3188,1745921016.5985842,186.01274490356445
3189,1745921016.7953944,185.85872650146484
3190,1745921016.9894962,183.05468559265137
3191,1745921017.1839209,182.2059154510498
3192,1745921017.4706197,276.1702537536621
3193,1745921017.6647153,183.1212043762207
3194,1745921017.8589947,183.23731422424316
3195,1745921018.052384,183.09950828552246
3196,1745921018.2475958,184.1895580291748
3197,1745921018.4406035,182.53517150878906
3198,1745921018.6872628,235.39209365844727
3199,1745921018.9997697,301.6180992126465
3200,1745921019.2901528,279.67214584350586
3201,1745921019.4863784,184.99422073364258
3202,1745921019.6798348,182.81078338623047
3203,1745921019.875809,184.00049209594727
3204,1745921020.1137931,227.36454010009766
3205,1745921020.307437,182.52062797546387
3206,1745921020.5018148,184.13710594177246
3207,1745921021.525048,nan
3208,1745921021.720007,184.42082405090332
3209,1745921021.9150505,183.89439582824707
3210,1745921022.1095674,184.10754203796387
3211,1745921022.377942,257.5206756591797
3212,1745921022.672632,283.60486030578613
3213,1745921022.8667572,182.13748931884766
3214,1745921023.0605993,183.53819847106934
3215,1745921023.2537198,182.5113296508789
3216,1745921023.4935987,228.45172882080078
3217,1745921023.686694,182.88469314575195
3218,1745921023.8807817,183.02631378173828
3219,1745921024.1105335,218.60504150390625
3220,1745921024.3066494,185.5480670928955
3221,1745921024.4996517,182.09457397460938
3222,1745921024.6941082,182.91020393371582
3223,1745921024.889657,184.24606323242188
3224,1745921025.1242054,223.72007369995117
3225,1745921025.3188708,183.61449241638184
3226,1745921025.5185332,189.14556503295898
3227,1745921025.7131653,183.68244171142578
3228,1745921025.9073565,183.17079544067383
3229,1745921026.1004086,182.5239658355713
3230,1745921026.3634634,252.03490257263184
3231,1745921026.5566857,182.70254135131836
3232,1745921026.7530162,185.23144721984863
3233,1745921026.9485633,184.14616584777832
3234,1745921027.1437914,183.75301361083984
3235,1745921027.337036,182.71517753601074
3236,1745921027.5304892,182.5096607208252
3237,1745921027.7249513,183.9578151702881
3238,1745921027.9196265,183.62665176391602
3239,1745921028.1137316,183.61830711364746
3240,1745921028.3077793,183.35843086242676
3241,1745921028.5021093,183.8092803955078
3242,1745921028.6953928,182.74307250976562
3243,1745921028.8891442,183.2275390625
3244,1745921029.083621,183.85934829711914
3245,1745921029.2775016,183.01916122436523
3246,1745921029.4722803,183.7153434753418
3247,1745921029.6660051,183.1984519958496
3248,1745921029.872079,195.48654556274414
3249,1745921030.0658474,183.46524238586426
3250,1745921030.2597814,183.55751037597656
3251,1745921030.558958,287.7802848815918
3252,1745921030.7524397,182.45673179626465
3253,1745921031.767307,nan
3254,1745921031.9617705,183.64834785461426
3255,1745921032.1555693,182.77215957641602
3256,1745921032.350618,184.01098251342773
3257,1745921032.544998,184.0224266052246
3258,1745921032.7385042,182.98602104187012
3259,1745921032.9324446,183.4566593170166
3260,1745921033.201413,257.67970085144043
3261,1745921033.395383,182.9216480255127
3262,1745921033.58905,183.1192970275879
3263,1745921033.7848592,184.75794792175293
3264,1745921034.0494804,254.46224212646484
3265,1745921034.2478821,187.3648166656494
3266,1745921034.442623,183.67433547973633
3267,1745921034.6387193,185.07051467895508
3268,1745921034.832449,183.1049919128418
3269,1745921035.0275767,184.44061279296875
3270,1745921035.2215414,183.3956241607666
3271,1745921035.41639,183.78090858459473
3272,1745921035.610282,183.66765975952148
3273,1745921035.804128,183.3178997039795
3274,1745921035.997413,182.74307250976562
3275,1745921036.1916351,183.0604076385498
3276,1745921036.3858314,183.39157104492188
3277,1745921036.5816145,184.64136123657227
3278,1745921036.774942,182.75165557861328
3279,1745921036.9700596,183.99310111999512
3280,1745921037.1643686,183.05253982543945
3281,1745921037.3596618,184.03124809265137
3282,1745921037.5524614,182.38091468811035
3283,1745921037.7464824,182.36589431762695
3284,1745921037.939749,182.67560005187988
3285,1745921038.166927,215.9445285797119
3286,1745921038.3621972,184.10849571228027
3287,1745921038.555681,182.97410011291504
3288,1745921038.7491775,182.8770637512207
3289,1745921039.0593941,299.17430877685547
3290,1745921039.25363,183.20178985595703
3291,1745921040.2706409,nan
3292,1745921040.466534,185.438871383667
3293,1745921040.6687262,191.41769409179688
3294,1745921040.912139,232.4995994567871
3295,1745921041.2077563,285.07232666015625
3296,1745921041.402701,183.79735946655273
3297,1745921041.5970871,183.34627151489258
3298,1745921041.7916925,183.57539176940918
3299,1745921041.994512,192.10386276245117
3300,1745921042.188287,183.26759338378906
3301,1745921042.3823452,183.25376510620117
3302,1745921042.5768516,183.77184867858887
3303,1745921042.856269,268.7950134277344
3304,1745921043.1530766,285.6595516204834
3305,1745921043.348781,185.06526947021484
3306,1745921043.5670285,207.35836029052734
3307,1745921043.7625036,184.6463680267334
3308,1745921043.956957,183.44902992248535
3309,1745921044.167921,199.93162155151367
3310,1745921044.3621695,183.20512771606445
3311,1745921044.5558424,182.81292915344238
3312,1745921044.7496476,183.28499794006348
3313,1745921044.944735,183.55584144592285
3314,1745921045.1956713,240.06032943725586
3315,1745921045.3899095,183.72726440429688
3316,1745921045.5845323,184.01098251342773
3317,1745921045.7788084,183.14433097839355
3318,1745921045.9717705,181.95009231567383
3319,1745921046.2179723,235.1388931274414
3320,1745921046.4117112,182.72924423217773
3321,1745921046.6059027,182.89589881896973
3322,1745921046.8004045,183.98523330688477
3323,1745921046.9946723,183.1827163696289
3324,1745921047.242745,237.19501495361328
3325,1745921047.4373355,183.29834938049316
3326,1745921047.6469977,198.70996475219727
3327,1745921047.8416283,183.61258506774902
3328,1745921048.0345345,182.59906768798828
3329,1745921048.2414072,194.85235214233398
3330,1745921048.436283,183.84289741516113
3331,1745921048.6315002,184.82732772827148
3332,1745921048.825601,183.41755867004395
3333,1745921049.018459,182.5425624847412
3334,1745921049.212474,183.18867683410645
3335,1745921049.5073802,283.8716506958008
3336,1745921049.700251,182.7390193939209
3337,1745921049.8947484,183.24589729309082
3338,1745921050.087642,182.02543258666992
3339,1745921050.2829158,184.1421127319336
3340,1745921050.4765341,183.08353424072266
3341,1745921050.6714437,183.61949920654297
3342,1745921050.9349954,252.43830680847168
3343,1745921051.128916,182.8303337097168
3344,1745921051.323032,183.55607986450195
3345,1745921051.5168698,183.01820755004883
3346,1745921051.7097003,182.30056762695312
3347,1745921051.90417,183.43329429626465
3348,1745921052.097885,182.9984188079834
3349,1745921052.2913725,182.9512119293213
3350,1745921052.4855618,183.67481231689453
3351,1745921052.761806,265.9151554107666
3352,1745921052.9563112,182.5425624847412
3353,1745921053.1504195,184.04889106750488
3354,1745921053.3438342,183.14838409423828
3355,1745921053.5923388,237.34545707702637
3356,1745921053.786415,183.30693244934082
3357,1745921053.980741,183.3209991455078
3358,1745921054.1754525,184.1578483581543
3359,1745921054.4304926,244.29583549499512
3360,1745921054.727495,285.97235679626465
3361,1745921054.9213886,183.1071376800537
3362,1745921055.1483636,215.9440517425537
3363,1745921055.3456461,186.2788200378418
3364,1745921055.6067002,250.42724609375
3365,1745921055.801477,183.73584747314453
3366,1745921055.994785,182.77716636657715
3367,1745921056.1888008,183.10856819152832
3368,1745921056.3993948,199.54776763916016
3369,1745921056.5928319,182.59119987487793
3370,1745921056.791325,187.2265338897705
3371,1745921056.9849682,182.62434005737305
3372,1745921057.3968115,401.3171195983887
3373,1745921057.6038413,196.3825225830078
3374,1745921057.797567,183.19296836853027
3375,1745921057.9913871,182.50536918640137
3376,1745921058.1847718,182.8618049621582
3377,1745921058.3779457,182.6488971710205
3378,1745921058.608488,219.48885917663574
3379,1745921058.803752,184.12113189697266
3380,1745921058.99754,183.56823921203613
3381,1745921059.191726,183.13860893249512
3382,1745921059.385034,182.66963958740234
3383,1745921059.5796862,184.11731719970703
3384,1745921059.7727182,182.41524696350098
3385,1745921059.9689727,185.18304824829102
3386,1745921060.1640015,183.67409706115723
3387,1745921060.3584926,183.26401710510254
3388,1745921060.5515285,182.5110912322998
3389,1745921060.7713456,209.23352241516113
3390,1745921060.9643867,182.35421180725098
3391,1745921061.1707537,195.6961154937744
3392,1745921061.3647668,183.19988250732422
3393,1745921061.5578716,182.5108528137207
3394,1745921061.7520237,183.10046195983887
3395,1745921061.9458103,183.00485610961914
3396,1745921062.139039,183.00843238830566
3397,1745921062.4124892,262.8648281097412
3398,1745921062.6070168,183.2566261291504
3399,1745921062.8017898,184.04769897460938
3400,1745921062.9950204,183.1510066986084
3401,1745921063.1884336,182.94596672058105
3402,1745921063.4215405,222.59020805358887
3403,1745921063.6158075,182.8632354736328
3404,1745921063.8106644,183.81905555725098
3405,1745921064.0072289,185.136079788208
3406,1745921064.2359045,217.82851219177246
3407,1745921064.4292173,182.2671890258789
3408,1745921064.6230102,182.59119987487793
3409,1745921064.8173828,183.51268768310547
3410,1745921065.078324,250.78845024108887
3411,1745921065.3046927,215.46649932861328
3412,1745921065.5054924,190.38105010986328
3413,1745921065.6998093,184.1409206390381
3414,1745921065.8929317,182.60765075683594
3415,1745921066.1985402,295.107364654541
3416,1745921066.3922057,183.38656425476074
3417,1745921067.4116833,nan
3418,1745921068.4370103,nan
3419,1745921068.6315308,183.19368362426758
3420,1745921068.8601034,217.96035766601562
3421,1745921069.0552402,182.37566947937012
3422,1745921069.248966,183.6721897125244
3423,1745921069.465109,205.77478408813477
3424,1745921069.6627297,187.0858669281006
3425,1745921069.856949,183.3055019378662
3426,1745921070.051755,183.75372886657715
3427,1745921070.245656,183.60614776611328
3428,1745921070.4396741,183.45212936401367
3429,1745921070.7119586,262.04776763916016
3430,1745921071.0106096,286.6864204406738
3431,1745921071.2046747,182.50727653503418
3432,1745921071.397849,182.60574340820312
3433,1745921071.5927415,183.60447883605957
3434,1745921071.78845,183.84552001953125
3435,1745921071.983693,184.1566562652588
3436,1745921072.1782813,183.44616889953613
3437,1745921072.3732343,183.59708786010742
3438,1745921072.5673459,183.41565132141113
3439,1745921072.7615302,183.14504623413086
3440,1745921073.0568533,284.7473621368408
3441,1745921073.251378,183.48097801208496
3442,1745921074.2645264,nan
3443,1745921074.6992548,424.2410659790039
3444,1745921074.894753,185.33086776733398
3445,1745921075.0892844,184.00073051452637
3446,1745921075.283652,183.34531784057617
3447,1745921075.4779992,183.7458610534668
3448,1745921075.6850414,196.641206741333
3449,1745921075.8786933,182.6326847076416
3450,1745921076.0724454,182.88779258728027
3451,1745921076.2672296,183.72225761413574
3452,1745921076.4605205,182.75761604309082
3453,1745921076.6573203,186.18083000183105
3454,1745921076.8502586,182.57498741149902
3455,1745921077.1564877,295.70960998535156
3456,1745921077.3502152,182.50036239624023
3457,1745921077.5427158,181.89239501953125
3458,1745921077.73682,182.769775390625
3459,1745921077.9316335,182.88064002990723
3460,1745921078.1240313,182.30199813842773
3461,1745921078.319024,183.76970291137695
3462,1745921078.5957866,265.73634147644043
3463,1745921078.8914928,285.2039337158203
3464,1745921079.086283,183.67457389831543
3465,1745921080.100051,nan
3466,1745921080.2971382,186.56587600708008
3467,1745921080.498879,191.21122360229492
3468,1745921080.6934512,183.19034576416016
3469,1745921080.941707,238.04831504821777
3470,1745921081.1350818,182.7850341796875
3471,1745921082.155852,nan
3472,1745921082.3747687,208.4043025970459
3473,1745921082.5703623,184.40699577331543
3474,1745921082.7644315,183.41517448425293
3475,1745921082.9588583,183.3057403564453
3476,1745921083.1530347,183.70461463928223
3477,1745921083.4165945,253.0059814453125
3478,1745921083.714522,287.80651092529297
3479,1745921083.90979,185.17255783081055
3480,1745921084.1038523,183.1490993499756
3481,1745921084.2981205,183.55989456176758
3482,1745921084.4916055,182.96432495117188
3483,1745921084.6888115,186.19275093078613
3484,1745921084.9397068,240.5107021331787
3485,1745921085.2523985,300.91023445129395
3486,1745921085.5457878,282.84716606140137
3487,1745921085.739765,182.7075481414795
3488,1745921085.9349053,184.23128128051758
3489,1745921086.1286445,183.08305740356445
3490,1745921086.323172,183.38727951049805
3491,1745921086.5703528,236.6619110107422
3492,1745921086.7636456,182.32989311218262
3493,1745921086.9582312,183.54558944702148
3494,1745921087.15197,182.74831771850586
3495,1745921087.3920214,229.5248508453369
3496,1745921087.586801,184.2513084411621
3497,1745921087.779868,182.01565742492676
3498,1745921087.9748764,183.52818489074707
3499,1745921088.168775,183.21895599365234
3500,1745921088.3633764,183.58635902404785
3501,1745921088.5569983,183.1185817718506
3502,1745921088.8404717,272.31431007385254
3503,1745921089.0353768,184.04221534729004
3504,1745921089.228312,181.86354637145996
3505,1745921089.4230912,183.7325096130371
3506,1745921089.6178088,183.6075782775879
3507,1745921089.8135226,185.57286262512207
3508,1745921090.0083985,184.2176914215088
3509,1745921090.2040586,183.88772010803223
3510,1745921090.4690068,254.4233798980713
3511,1745921090.7789958,298.9058494567871
3512,1745921090.9723935,182.34848976135254
3513,1745921091.1671815,183.46786499023438
3514,1745921091.3628983,184.32998657226562
3515,1745921091.5564795,183.04824829101562
3516,1745921091.749953,182.4333667755127
3517,1745921091.9444616,183.65836143493652
3518,1745921092.137534,182.23834037780762
3519,1745921092.3306825,182.33656883239746
3520,1745921092.5246854,183.23922157287598
3521,1745921092.8134735,277.77743339538574
3522,1745921093.010148,186.03920936584473
3523,1745921094.0349152,nan
3524,1745921095.056381,nan
3525,1745921095.3971467,1351.8109321594238
3526,1745921095.6845508,276.3855457305908
3527,1745921095.8790715,184.01193618774414
3528,1745921096.0742188,184.08775329589844
3529,1745921096.26865,183.62021446228027
3530,1745921097.2807832,nan
3531,1745921097.5143964,223.08993339538574
3532,1745921097.7094011,184.2341423034668
3533,1745921097.9045365,184.2031478881836
3534,1745921098.0987108,183.77089500427246
3535,1745921098.2923756,183.00604820251465
3536,1745921098.5515242,248.96931648254395
3537,1745921098.7462153,183.86363983154297
3538,1745921098.9405353,183.63475799560547
3539,1745921099.1347277,183.16006660461426
3540,1745921099.3727703,226.9570827484131
3541,1745921099.700403,316.5886402130127
3542,1745921099.895514,184.4327449798584
3543,1745921100.2116618,305.2856922149658
3544,1745921100.4057033,183.51507186889648
3545,1745921100.598962,182.73448944091797
3546,1745921100.7928548,183.0117702484131
3547,1745921100.9876199,183.8052272796631
3548,1745921101.1828544,184.71169471740723
3549,1745921101.377754,183.88080596923828
3550,1745921101.6306252,242.37298965454102
3551,1745921101.8240044,182.83510208129883
3552,1745921102.0171738,182.13796615600586
3553,1745921102.2127585,184.39841270446777
3554,1745921102.407031,183.93635749816895
3555,1745921102.601529,183.70866775512695
3556,1745921102.845094,232.87343978881836
3557,1745921103.0391855,183.0434799194336
3558,1745921103.2366078,186.8135929107666
3559,1745921103.4314432,183.85910987854004
3560,1745921103.6699963,227.94461250305176
3561,1745921103.8644876,183.44402313232422
3562,1745921104.0577059,182.71112442016602
3563,1745921104.252269,183.34221839904785
3564,1745921104.4448369,181.95629119873047
3565,1745921104.6404836,184.1747760772705
3566,1745921104.8338017,182.2655200958252
3567,1745921105.0291615,184.7090721130371
3568,1745921105.3104057,270.4911231994629
3569,1745921105.5051122,183.6717128753662
3570,1745921105.6999927,183.5782527923584
3571,1745921105.8943603,183.5916042327881
3572,1745921106.0885572,183.1824779510498
3573,1745921106.3258142,226.53913497924805
3574,1745921106.519418,182.7692985534668
3575,1745921106.7122974,182.3115348815918
3576,1745921106.9077034,184.07392501831055
3577,1745921107.1582801,239.82715606689453
3578,1745921107.3525991,182.99221992492676
3579,1745921107.546674,182.93285369873047
3580,1745921107.7418044,184.47089195251465
3581,1745921107.935625,182.6953887939453
3582,1745921108.13031,183.80475044250488
3583,1745921108.3275585,186.6133213043213
3584,1745921108.5222197,183.48073959350586
3585,1745921108.7166853,183.3798885345459
3586,1745921108.91063,182.94906616210938
3587,1745921109.2148678,292.8802967071533
3588,1745921109.5097878,283.9953899383545
3589,1745921109.7046304,182.8155517578125
3590,1745921109.8983352,182.65533447265625
3591,1745921110.0934255,184.0517520904541
3592,1745921110.287587,183.19320678710938
3593,1745921110.4891827,190.56081771850586
3594,1745921110.7306871,230.38458824157715
3595,1745921110.9244952,183.1202507019043
3596,1745921111.1195993,183.6564540863037
3597,1745921111.315061,184.7522258758545
3598,1745921111.5668068,240.71383476257324
3599,1745921111.8450787,267.69375801086426
3600,1745921112.0401256,183.99715423583984
3601,1745921112.2345004,183.72321128845215
3602,1745921112.4299552,184.92770195007324
3603,1745921112.6230721,182.59096145629883
3604,1745921112.8176394,183.55584144592285
3605,1745921113.0140672,185.0273609161377
3606,1745921113.2089953,183.915376663208
3607,1745921113.4027045,182.6164722442627
3608,1745921113.7091792,295.3758239746094
3609,1745921113.9033751,183.68291854858398
3610,1745921114.0966153,182.6951503753662
3611,1745921114.2906384,183.1839084625244
3612,1745921114.5296476,228.48987579345703
3613,1745921114.7240565,183.7291717529297
3614,1745921115.7452304,nan
3615,1745921115.940112,184.32283401489258
3616,1745921116.1375074,185.87040901184082
3617,1745921116.3477018,199.56183433532715
3618,1745921116.5425372,183.57539176940918
3619,1745921116.737762,184.67974662780762
3620,1745921116.9302046,181.91003799438477
3621,1745921117.1246004,182.88707733154297
3622,1745921117.319009,183.35580825805664
3623,1745921117.5124772,182.84940719604492
3624,1745921117.7058117,182.30676651000977
3625,1745921117.900462,183.60233306884766
3626,1745921118.0941374,183.08520317077637
3627,1745921118.288763,184.08703804016113
3628,1745921118.520517,220.66903114318848
3629,1745921118.7149525,184.1278076171875
3630,1745921119.735887,nan
3631,1745921119.930606,184.18478965759277
3632,1745921120.124147,183.00604820251465
3633,1745921120.356804,221.55117988586426
3634,1745921120.5498588,182.44481086730957
3635,1745921120.7450607,183.67958068847656
3636,1745921120.9392502,183.23731422424316
3637,1745921121.1829643,232.7260971069336
3638,1745921121.3779325,183.8831901550293
3639,1745921122.3945098,nan
3640,1745921123.419871,nan
3641,1745921123.621397,190.91153144836426
3642,1745921123.8429532,210.0811004638672
3643,1745921124.0380394,183.89081954956055
3644,1745921124.2314363,182.9087734222412
3645,1745921125.253761,nan
3646,1745921126.2773335,nan
3647,1745921126.5138166,225.8443832397461
3648,1745921126.7087402,183.71939659118652
3649,1745921126.9023075,183.03894996643066
3650,1745921127.0968432,183.884859085083
3651,1745921127.2903607,183.00890922546387
3652,1745921127.5429025,240.99469184875488
3653,1745921127.8377666,283.86402130126953
3654,1745921128.0326312,183.25519561767578
3655,1745921128.2266486,182.98029899597168
3656,1745921128.4217536,184.07297134399414
3657,1745921128.6168907,184.01432037353516
3658,1745921128.874144,246.69384956359863
3659,1745921129.1814775,296.80871963500977
3660,1745921129.4919255,299.8363971710205
3661,1745921129.7877555,285.259485244751
3662,1745921129.9818294,182.9826831817627
3663,1745921130.1770005,184.64016914367676
3664,1745921131.2008476,nan
3665,1745921131.942478,731.0566902160645
3666,1745921132.1388922,185.57476997375488
3667,1745921132.333411,182.2795867919922
3668,1745921132.5333605,189.73135948181152
3669,1745921132.7283702,183.1979751586914
3670,1745921132.9214244,182.9206943511963
3671,1745921133.1559632,223.48403930664062
3672,1745921133.3499057,182.8756332397461
3673,1745921133.5449407,183.96449089050293
3674,1745921133.7398763,184.5710277557373
3675,1745921133.9346745,183.46881866455078
3676,1745921134.1294923,183.66503715515137
3677,1745921134.3244324,183.90750885009766
3678,1745921134.5193639,184.27085876464844
3679,1745921134.713704,182.9228401184082
3680,1745921134.9079201,183.35556983947754
3681,1745921135.211627,292.3738956451416
3682,1745921135.405456,183.26139450073242
3683,1745921135.5993989,183.12382698059082
3684,1745921136.6105092,nan
3685,1745921136.8052788,184.12518501281738
3686,1745921136.9998784,183.23874473571777
3687,1745921137.262872,251.70111656188965
3688,1745921137.4562416,182.8310489654541
3689,1745921137.6541972,186.70272827148438
3690,1745921138.672362,nan
3691,1745921139.6932461,nan
3692,1745921140.7084131,nan
3693,1745921140.955775,236.73677444458008
3694,1745921141.150155,182.9981803894043
3695,1745921141.3447158,183.0289363861084
3696,1745921141.5400066,184.24248695373535
3697,1745921141.735609,184.77964401245117
3698,1745921141.9293978,183.19320678710938
3699,1745921142.1247504,184.16476249694824
3700,1745921142.3191202,183.9432716369629
3701,1745921142.5132961,183.26473236083984
3702,1745921142.7064142,182.4653148651123
3703,1745921142.8999894,182.4023723602295
3704,1745921143.0943632,183.33768844604492
3705,1745921143.290453,185.07909774780273
3706,1745921143.4846241,183.90750885009766
3707,1745921143.6796596,184.5247745513916
3708,1745921143.87417,183.9914321899414
3709,1745921144.0673454,182.7538013458252
3710,1745921144.2619998,184.07702445983887
3711,1745921144.455037,182.4018955230713
3712,1745921144.6487575,182.70015716552734
3713,1745921144.9377801,277.5111198425293
3714,1745921145.1328006,184.126615524292
3715,1745921145.326965,183.63118171691895
3716,1745921145.5200863,182.5859546661377
3717,1745921145.7602336,228.60980033874512
3718,1745921145.9716375,200.03724098205566
3719,1745921146.1655903,183.44593048095703
3720,1745921146.3602278,183.99596214294434
3721,1745921146.554821,184.0035915374756
3722,1745921146.7490847,183.58230590820312
3723,1745921146.94231,182.78050422668457
3724,1745921147.2055717,252.42972373962402
3725,1745921147.4998314,283.2293510437012
3726,1745921147.694022,182.67345428466797
3727,1745921147.8898215,185.2126121520996
3728,1745921148.0854404,185.14442443847656
3729,1745921148.280188,182.56807327270508
3730,1745921148.4751053,184.76605415344238
3731,1745921148.6697311,183.9137077331543
3732,1745921148.942613,261.77453994750977
3733,1745921149.1364243,183.28547477722168
3734,1745921149.3316612,184.19480323791504
3735,1745921149.528662,185.4879856109619
3736,1745921149.7347503,194.899320602417
3737,1745921149.9635253,217.71621704101562
3738,1745921150.1582313,184.01050567626953
3739,1745921150.353367,183.96902084350586
3740,1745921150.576754,212.84866333007812
3741,1745921150.8805556,292.987585067749
3742,1745921151.0752163,183.51173400878906
3743,1745921152.0971754,nan
3744,1745921152.289881,182.29365348815918
3745,1745921152.485715,184.1130256652832
3746,1745921152.678523,182.2354793548584
3747,1745921152.9372714,247.7107048034668
3748,1745921153.2301147,281.7068099975586
3749,1745921153.4227858,182.2371482849121
3750,1745921153.6172125,183.3808422088623
3751,1745921153.8105843,182.77287483215332
3752,1745921154.0052624,183.4392547607422
3753,1745921154.19977,183.98404121398926
3754,1745921154.3944018,183.9163303375244
3755,1745921154.6734014,268.89514923095703
3756,1745921154.9840007,299.3617057800293
3757,1745921155.2938466,299.0753650665283
3758,1745921155.495836,190.93728065490723
3759,1745921155.792756,285.5653762817383
3760,1745921155.9855683,182.47365951538086
3761,1745921156.178707,182.11746215820312
3762,1745921156.3724172,182.43837356567383
3763,1745921156.5673583,183.34484100341797
3764,1745921156.7598555,181.83231353759766
3765,1745921156.9544528,183.48026275634766
3766,1745921157.2263823,261.34681701660156
3767,1745921157.4200478,183.12954902648926
3768,1745921157.6189785,187.40439414978027
3769,1745921157.8223908,191.89167022705078
3770,1745921158.0174713,184.495210647583
3771,1745921158.2109141,182.89947509765625
3772,1745921158.4046574,182.847261428833
3773,1745921158.5984824,182.8296184539795
3774,1745921158.793163,181.9150447845459
3775,1745921159.0802429,276.5462398529053
3776,1745921159.2762804,184.23032760620117
3777,1745921159.470392,183.96282196044922
3778,1745921159.6639662,182.90042877197266
3779,1745921159.8584561,183.4433078765869
3780,1745921160.052627,182.99555778503418
3781,1745921160.245353,182.18088150024414
3782,1745921160.4389665,182.59143829345703
3783,1745921160.6334507,183.43782424926758
3784,1745921160.828347,184.4198703765869
3785,1745921161.0328128,193.94493103027344
3786,1745921161.2537541,210.46161651611328
3787,1745921161.447577,183.11047554016113
3788,1745921161.6423745,184.39984321594238
3789,1745921162.6654196,nan
3790,1745921163.6893857,nan
3791,1745921163.8896704,189.7597312927246
3792,1745921164.0836167,183.3817958831787
3793,1745921164.2778857,183.20512771606445
3794,1745921164.471291,182.8901767730713
3795,1745921164.6726875,190.86360931396484
3796,1745921164.8661335,182.57379531860352
3797,1745921165.0596313,182.45601654052734
3798,1745921166.0832005,nan
3799,1745921166.276221,182.49130249023438
3800,1745921166.55019,262.7856731414795
3801,1745921166.7441604,182.80482292175293
3802,1745921166.9377437,183.14504623413086
3803,1745921167.1332316,184.75794792175293
3804,1745921167.3278544,183.5801601409912
3805,1745921167.5267043,188.323974609375
3806,1745921167.7816756,243.93844604492188
3807,1745921168.0138826,221.49324417114258
3808,1745921168.2065916,182.18541145324707
3809,1745921168.4017572,183.5622787475586
3810,1745921168.5977275,184.56602096557617
3811,1745921168.7927792,184.4475269317627
3812,1745921169.1169493,313.53092193603516
3813,1745921169.310578,183.01153182983398
3814,1745921169.5053246,183.67362022399902
3815,1745921169.6989303,183.01987648010254
3816,1745921169.893065,183.55226516723633
3817,1745921170.0866356,182.53731727600098
3818,1745921170.2801447,182.46912956237793
3819,1745921170.5455987,253.4317970275879
3820,1745921170.8556066,299.4849681854248
3821,1745921171.049446,182.4319362640381
3822,1745921171.2431483,182.72638320922852
3823,1745921171.4374316,183.2718849182129
3824,1745921171.6315064,183.08544158935547
3825,1745921171.8685708,226.6225814819336
3826,1745921172.062508,182.91354179382324
3827,1745921172.2577128,184.69882011413574
3828,1745921172.4515479,183.2571029663086
3829,1745921172.6453404,182.20067024230957
3830,1745921172.8386166,182.6467514038086
3831,1745921173.0329137,182.88159370422363
3832,1745921173.2277896,183.86483192443848
3833,1745921173.5017073,262.71939277648926
3834,1745921173.6968715,184.48638916015625
3835,1745921173.8901963,182.6803684234619
3836,1745921174.085418,183.1672191619873
3837,1745921174.2806566,184.72623825073242
3838,1745921174.4740252,183.23445320129395
3839,1745921174.7302668,245.4507350921631
3840,1745921174.9264195,184.9343776702881
3841,1745921175.1212409,184.23032760620117
3842,1745921175.3153563,183.56561660766602
3843,1745921175.567045,240.79394340515137
3844,1745921175.76058,183.14599990844727
3845,1745921175.95578,184.93890762329102
3846,1745921176.1490183,182.82723426818848
3847,1745921176.3431253,182.91330337524414
3848,1745921176.5374174,183.69746208190918
3849,1745921176.7318108,184.24248695373535
3850,1745921176.924893,182.53827095031738
3851,1745921177.1197226,184.5862865447998
3852,1745921177.40991,279.45590019226074
3853,1745921177.7047672,282.8187942504883
3854,1745921177.8982606,182.48581886291504
3855,1745921178.09233,182.87897109985352
3856,1745921178.2879307,184.55743789672852
3857,1745921178.4800622,181.8258762359619
3858,1745921178.7305224,238.82389068603516
3859,1745921178.925348,183.78543853759766
3860,1745921179.1204317,184.0219497680664
3861,1745921179.3143628,183.32910537719727
3862,1745921179.5099695,184.9844455718994
3863,1745921179.754281,233.55650901794434
3864,1745921179.9627748,197.4778175354004
3865,1745921180.1592548,185.98246574401855
3866,1745921180.456497,286.20338439941406
3867,1745921180.681336,213.84358406066895
3868,1745921180.9767168,284.8677635192871
3869,1745921181.1700737,182.0521354675293
3870,1745921181.3653722,183.4850311279297
3871,1745921181.5600088,183.92038345336914
3872,1745921181.8105426,240.0057315826416
3873,1745921182.075324,253.68022918701172
3874,1745921182.2686133,182.6951503753662
3875,1745921182.4625509,183.0751895904541
3876,1745921182.6556134,182.04474449157715
3877,1745921182.927537,260.6830596923828
3878,1745921183.2388923,300.825834274292
3879,1745921183.5515907,302.09946632385254
3880,1745921183.8599832,297.5594997406006
3881,1745921184.0890121,217.5891399383545
3882,1745921184.2836149,183.99930000305176
3883,1745921184.4778047,183.67815017700195
3884,1745921184.6714861,183.02416801452637
3885,1745921184.8650222,182.8138828277588
3886,1745921185.0913503,215.28100967407227
3887,1745921185.3846574,282.6673984527588
3888,1745921185.5857892,190.40894508361816
3889,1745921185.7986834,201.6291618347168
3890,1745921185.9936762,183.64596366882324
3891,1745921186.1875694,182.94215202331543
3892,1745921186.3806026,182.570219039917
3893,1745921186.6233702,231.7349910736084
3894,1745921186.8174357,183.11762809753418
3895,1745921187.0123239,183.73656272888184
3896,1745921187.205049,182.18302726745605
3897,1745921187.3987706,182.68632888793945
3898,1745921187.6498196,240.35167694091797
3899,1745921187.9451604,283.82182121276855
3900,1745921188.1390886,183.4087371826172
3901,1745921188.333655,184.0367317199707
3902,1745921188.5277789,183.04109573364258
3903,1745921188.721382,182.56711959838867
3904,1745921188.9702425,237.81251907348633
3905,1745921189.1630874,182.28840827941895
3906,1745921189.3565395,182.42764472961426
3907,1745921189.5504577,182.97362327575684
3908,1745921189.7897284,228.0890941619873
3909,1745921189.987767,186.99407577514648
3910,1745921190.191394,192.89278984069824
3911,1745921190.3850105,183.2897663116455
3912,1745921190.614823,218.77098083496094
3913,1745921190.9229379,297.58358001708984
3914,1745921191.1171336,183.59875679016113
3915,1745921191.3125668,184.45777893066406
3916,1745921191.506529,182.90328979492188
3917,1745921191.7014089,182.56616592407227
3918,1745921191.9546478,243.00765991210938
3919,1745921192.148476,183.16125869750977
3920,1745921192.343378,184.28921699523926
3921,1745921192.5373898,182.7988624572754
3922,1745921192.7306662,182.30175971984863
3923,1745921192.925733,183.9592456817627
3924,1745921193.1198583,183.51221084594727
3925,1745921193.370271,239.7301197052002
3926,1745921193.5655854,184.0226650238037
3927,1745921193.7603657,184.02433395385742
3928,1745921193.954233,182.70015716552734
3929,1745921194.149397,184.20076370239258
3930,1745921194.343713,183.69770050048828
3931,1745921194.6105068,255.8460235595703
3932,1745921194.804886,183.37011337280273
3933,1745921194.9995284,184.1428279876709
3934,1745921195.1937423,183.47907066345215
3935,1745921195.3880024,183.04777145385742
3936,1745921195.6364603,237.8849983215332
3937,1745921195.947073,299.55148696899414
3938,1745921196.1401308,182.06095695495605
3939,1745921196.334846,183.11619758605957
3940,1745921196.5299609,184.48138236999512
3941,1745921196.7256062,184.02409553527832
3942,1745921196.9195888,183.69007110595703
3943,1745921197.1138217,183.61878395080566
3944,1745921197.3075945,182.7230453491211
3945,1745921197.5024567,184.3545436859131
3946,1745921197.776584,263.2737159729004
3947,1745921197.9704914,183.1061840057373
3948,1745921198.1647103,183.63666534423828
3949,1745921198.3587189,182.97743797302246
3950,1745921198.5527275,183.4123134613037
3951,1745921198.8141418,250.72932243347168
3952,1745921199.108783,284.12795066833496
3953,1745921199.3033223,183.02273750305176
3954,1745921199.497556,184.15307998657227
3955,1745921199.7016947,193.87054443359375
3956,1745921200.7246022,nan
3957,1745921201.7466354,nan
3958,1745921202.7696395,nan
3959,1745921202.9878886,207.74173736572266
3960,1745921203.182798,184.3576431274414
3961,1745921203.376428,182.9521656036377
3962,1745921203.574949,187.98375129699707
3963,1745921203.7697055,183.50791931152344
3964,1745921203.9629343,182.4963092803955
3965,1745921204.1573896,182.55376815795898
3966,1745921204.3523083,183.912992477417
3967,1745921204.5457904,182.2032928466797
3968,1745921204.7397592,182.84988403320312
3969,1745921205.041315,290.9524440765381
3970,1745921205.2348247,182.74974822998047
3971,1745921205.4284825,182.18135833740234
3972,1745921205.622418,182.8300952911377
3973,1745921205.8740406,240.32950401306152
3974,1745921206.1790395,293.98298263549805
3975,1745921206.3728244,183.2737922668457
3976,1745921206.5656836,182.30891227722168
3977,1745921206.7596734,183.03179740905762
3978,1745921206.9544296,183.55250358581543
3979,1745921207.1478128,182.85346031188965
3980,1745921207.342767,184.44442749023438
3981,1745921207.6014147,247.35450744628906
3982,1745921207.795523,183.02321434020996
3983,1745921208.005429,198.56715202331543
3984,1745921208.201812,185.6834888458252
3985,1745921208.3956454,183.2864284515381
3986,1745921208.5881624,182.10387229919434
3987,1745921208.8470542,247.31850624084473
3988,1745921209.0733435,215.54279327392578
3989,1745921209.2677965,183.4096908569336
3990,1745921209.4615371,182.71541595458984
3991,1745921210.4739895,nan
3992,1745921211.4895816,nan
3993,1745921212.502537,nan
3994,1745921212.6973028,184.0837001800537
3995,1745921212.9414835,233.66355895996094
3996,1745921213.249775,297.7778911590576
3997,1745921213.539575,279.21438217163086
3998,1745921213.7463222,196.11001014709473
3999,1745921213.939787,182.68156051635742
4000,1745921214.953823,nan
4001,1745921215.3922231,428.0660152435303
4002,1745921215.7033274,300.584077835083
4003,1745921216.724578,nan
4004,1745921216.9179952,182.85131454467773
4005,1745921217.1138437,184.706449508667
4006,1745921217.3080962,183.74204635620117
4007,1745921217.5400681,221.4357852935791
4008,1745921217.7373993,185.67848205566406
4009,1745921217.9313061,183.12692642211914
4010,1745921218.1264005,184.56363677978516
4011,1745921218.320012,182.59596824645996
4012,1745921218.5146627,183.12811851501465
4013,1745921218.7095013,183.31122398376465
4014,1745921218.975826,255.69939613342285
4015,1745921219.1704082,183.5942268371582
4016,1745921220.1957605,nan
4017,1745921220.3960302,189.58592414855957
4018,1745921220.5903287,183.88915061950684
4019,1745921220.785846,185.07671356201172
4020,1745921221.033219,236.82284355163574
4021,1745921221.3325496,288.8174057006836
4022,1745921221.6465974,303.58171463012695
4023,1745921221.840619,182.9397678375244
4024,1745921222.0372634,185.84203720092773
4025,1745921222.2520368,203.95588874816895
4026,1745921222.4466145,183.4871768951416
4027,1745921222.6402001,183.00342559814453
4028,1745921222.874075,222.83935546875
4029,1745921223.1794631,294.8782444000244
4030,1745921223.488713,299.074649810791
4031,1745921223.7947593,294.9042320251465
4032,1745921224.1021633,296.36263847351074
4033,1745921224.2973151,183.7761402130127
4034,1745921224.4900012,181.9465160369873
4035,1745921224.6856594,183.98284912109375
4036,1745921224.8813174,184.56625938415527
4037,1745921225.1245482,231.644868850708
4038,1745921225.432907,296.30184173583984
4039,1745921225.7234166,279.9663543701172
4040,1745921225.9185295,183.57229232788086
4041,1745921226.1123152,183.06636810302734
4042,1745921226.3058043,182.67178535461426
4043,1745921226.4991045,182.70087242126465
4044,1745921226.7075636,197.36266136169434
4045,1745921226.9016016,183.09760093688965
4046,1745921227.0957947,183.33888053894043
4047,1745921227.2898655,183.55679512023926
4048,1745921227.4839122,183.37678909301758
4049,1745921227.6774645,182.8465461730957
4050,1745921227.8719556,183.03513526916504
4051,1745921228.067602,184.57984924316406
4052,1745921228.261419,183.14123153686523
4053,1745921228.4547634,182.73258209228516
4054,1745921228.649119,183.4416389465332
4055,1745921228.8432226,183.57539176940918
4056,1745921229.106639,252.3517608642578
4057,1745921229.29937,182.07025527954102
4058,1745921229.493994,182.59906768798828
4059,1745921229.6873631,183.31074714660645
4060,1745921229.8820875,183.59756469726562
4061,1745921230.1354456,242.85173416137695
4062,1745921230.3293095,182.68895149230957
4063,1745921230.5331118,192.75927543640137
4064,1745921231.5576699,nan
4065,1745921231.7831626,215.17443656921387
4066,1745921231.9780781,184.42106246948242
4067,1745921232.1719656,183.35723876953125
4068,1745921232.3649342,182.5540065765381
4069,1745921232.5586352,182.69920349121094
4070,1745921232.753283,183.61711502075195
4071,1745921232.947849,183.6867332458496
4072,1745921233.2187514,260.32543182373047
4073,1745921233.5156405,286.40007972717285
4074,1745921233.7094774,182.40618705749512
4075,1745921233.9034271,182.82365798950195
4076,1745921234.098487,184.32354927062988
4077,1745921234.2933812,184.32307243347168
4078,1745921234.487383,183.60090255737305
4079,1745921234.6826532,184.54790115356445
4080,1745921234.875744,182.6624870300293
4081,1745921235.1516218,264.79649543762207
4082,1745921235.346529,184.18025970458984
4083,1745921236.3637362,nan
4084,1745921236.5574586,183.1076145172119
4085,1745921236.752552,184.68284606933594
4086,1745921236.9472878,183.51316452026367
4087,1745921237.1481643,190.2921199798584
4088,1745921237.3436644,184.4942569732666
4089,1745921237.536707,182.82628059387207
4090,1745921237.7296681,182.17158317565918
4091,1745921238.021987,281.207799911499
4092,1745921238.2156281,182.7397346496582
4093,1745921238.4100323,182.38568305969238
4094,1745921238.6034606,182.78169631958008
4095,1745921238.8564603,242.4793243408203
4096,1745921239.1424556,275.35200119018555
4097,1745921239.334746,181.78939819335938
4098,1745921239.5298097,183.79831314086914
4099,1745921239.7237732,183.28499794006348
4100,1745921239.9759028,241.12606048583984
4101,1745921240.1698618,183.41946601867676
4102,1745921240.3648612,183.93754959106445
4103,1745921240.5586212,182.71756172180176
4104,1745921240.7527938,183.51244926452637
4105,1745921240.9469583,183.6247444152832
4106,1745921241.1878192,230.34286499023438
4107,1745921241.3816066,183.58564376831055
4108,1745921241.5767162,184.50212478637695
4109,1745921241.7700515,182.71350860595703
4110,1745921241.964526,182.9516887664795
4111,1745921242.2106314,235.0306510925293
4112,1745921242.4055972,183.8674545288086
4113,1745921242.6000085,183.89415740966797
4114,1745921242.7938943,183.363676071167
4115,1745921243.0498025,245.37086486816406
4116,1745921243.2447784,183.90154838562012
4117,1745921243.440817,185.02449989318848
4118,1745921243.6340935,182.7526092529297
4119,1745921244.6466246,nan
4120,1745921244.8417604,184.5393180847168
4121,1745921245.1922898,339.6029472351074
4122,1745921245.386301,183.46834182739258
4123,1745921246.416957,nan
4124,1745921246.612444,185.06669998168945
4125,1745921246.8061287,183.14743041992188
4126,1745921247.03627,219.08950805664062
4127,1745921247.2317445,184.7391128540039
4128,1745921247.4252858,182.33633041381836
4129,1745921247.6242113,187.9105567932129
4130,1745921247.818637,183.37154388427734
4131,1745921248.0170307,187.88504600524902
4132,1745921248.2616389,233.748197555542
4133,1745921248.456078,183.19964408874512
4134,1745921248.6513631,184.80253219604492
4135,1745921248.8460667,184.06128883361816
4136,1745921249.0398324,182.9545497894287
4137,1745921249.2864974,235.61668395996094
4138,1745921249.4806519,183.2883358001709
4139,1745921249.6746855,183.42208862304688
4140,1745921249.8692734,183.58135223388672
4141,1745921250.062405,183.00867080688477
4142,1745921250.3150337,242.24472045898438
4143,1745921250.5100665,184.14306640625
4144,1745921250.7056792,185.08386611938477
4145,1745921250.8999796,183.2573413848877
4146,1745921251.0955563,184.69810485839844
4147,1745921251.2914696,185.38618087768555
4148,1745921251.4845538,182.59334564208984
4149,1745921251.743403,248.18921089172363
4150,1745921251.9377153,183.0747127532959
4151,1745921252.1314614,182.78789520263672
4152,1745921252.3255606,183.05110931396484
4153,1745921252.5198808,183.4712028503418
4154,1745921252.7144308,183.55417251586914
4155,1745921252.9078133,182.97576904296875
4156,1745921253.1845582,265.88964462280273
4157,1745921253.4801476,284.64818000793457
4158,1745921253.6753764,184.69524383544922
4159,1745921253.8689651,183.0463409423828
4160,1745921254.0652893,184.0038299560547
4161,1745921254.302322,226.5026569366455
4162,1745921254.4965,183.6555004119873
4163,1745921254.6903317,183.23779106140137
4164,1745921254.8844936,183.31623077392578
4165,1745921255.1279168,232.67817497253418
4166,1745921255.4401257,301.5737533569336
4167,1745921255.7347643,284.1165065765381
4168,1745921255.9283164,182.42383003234863
4169,1745921256.9433777,nan
4170,1745921257.177788,223.7386703491211
4171,1745921257.3718615,183.05397033691406
4172,1745921257.5658994,183.43520164489746
4173,1745921257.7627006,185.49871444702148
4174,1745921257.9581192,184.97586250305176
4175,1745921258.1514382,182.73043632507324
4176,1745921258.345743,183.0594539642334
4177,1745921258.5401454,183.1984519958496
4178,1745921258.734752,184.4184398651123
4179,1745921259.005058,259.78851318359375
4180,1745921259.1992607,182.86895751953125
4181,1745921259.3947325,184.4475269317627
4182,1745921259.5900674,184.29040908813477
4183,1745921259.8337388,232.63311386108398
4184,1745921260.1460478,301.89990997314453
4185,1745921260.4197004,262.6488208770752
4186,1745921260.614721,184.49711799621582
4187,1745921260.8090403,183.72559547424316
4188,1745921261.0031276,183.37726593017578
4189,1745921261.266954,252.85053253173828
4190,1745921261.4614139,183.25495719909668
4191,1745921261.658092,186.4323616027832
4192,1745921261.8547575,185.63342094421387
4193,1745921262.0845494,218.95241737365723
4194,1745921262.2780216,182.4641227722168
4195,1745921262.472786,183.71868133544922
4196,1745921262.6663358,182.48319625854492
4197,1745921262.859878,182.6343536376953
4198,1745921263.0536919,182.29031562805176
4199,1745921263.3246012,258.7766647338867
4200,1745921263.615817,281.0540199279785
4201,1745921263.8094468,183.1188201904297
4202,1745921264.0039532,183.41851234436035
4203,1745921264.1984076,183.36939811706543
4204,1745921264.4243026,215.2078151702881
4205,1745921264.6176136,182.84225463867188
4206,1745921264.8130925,184.2935085296631
4207,1745921265.0056355,182.03067779541016
4208,1745921265.2000809,183.4871768951416
4209,1745921265.46448,253.79323959350586
4210,1745921265.6601667,184.24582481384277
4211,1745921265.8559206,184.71336364746094
4212,1745921266.05051,183.5184097290039
4213,1745921266.2447011,183.88700485229492
4214,1745921266.4378927,182.73115158081055
4215,1745921266.6315367,182.94572830200195
4216,1745921266.8259895,183.40039253234863
4217,1745921267.019586,183.06541442871094
4218,1745921267.2697113,239.0458583831787
4219,1745921267.463388,182.61432647705078
4220,1745921267.6579947,183.55870246887207
4221,1745921267.8524876,183.80308151245117
4222,1745921268.1445725,280.90596199035645
4223,1745921268.3383532,183.32242965698242
4224,1745921268.5302343,181.35738372802734
4225,1745921268.7263017,184.46922302246094
4226,1745921268.9199586,182.86871910095215
4227,1745921269.11453,183.5196018218994
4228,1745921269.309678,184.98706817626953
4229,1745921269.5034742,183.49337577819824
4230,1745921269.6985824,183.78543853759766
4231,1745921269.8913596,182.5425624847412
4232,1745921270.0861282,183.84575843811035
4233,1745921270.2813158,184.19289588928223
4234,1745921270.4745984,182.5096607208252
4235,1745921270.6700816,184.27586555480957
4236,1745921270.8907852,210.2830410003662
4237,1745921271.08605,183.9122772216797
4238,1745921271.279907,183.60257148742676
4239,1745921271.4731166,182.67059326171875
4240,1745921271.6684723,184.3280792236328
4241,1745921271.9155757,236.05918884277344
4242,1745921272.1101356,183.98284912109375
4243,1745921273.1283514,nan
4244,1745921274.1489084,nan
4245,1745921274.3499722,190.3681755065918
4246,1745921274.5430884,182.53254890441895
4247,1745921274.738133,184.01408195495605
4248,1745921274.9885275,239.20774459838867
4249,1745921275.2972212,298.0372905731201
4250,1745921275.6125622,304.75807189941406
4251,1745921275.9070482,283.8859558105469
4252,1745921276.2175658,299.6172904968262
4253,1745921276.4123557,183.6714744567871
4254,1745921276.6061883,182.88350105285645
4255,1745921276.7997599,182.51347541809082
4256,1745921276.99762,186.72490119934082
4257,1745921277.2425823,233.78682136535645
4258,1745921277.4370487,183.87866020202637
4259,1745921277.7588243,311.2447261810303
4260,1745921277.965505,196.1350440979004
4261,1745921278.1596751,183.59136581420898
4262,1745921278.3540738,183.87174606323242
4263,1745921278.5756097,210.78968048095703
4264,1745921278.7698264,183.69197845458984
4265,1745921278.9850147,204.6225070953369
4266,1745921279.1917498,195.68467140197754
4267,1745921279.3867028,184.39269065856934
4268,1745921279.5996447,202.65460014343262
4269,1745921279.9195485,309.50260162353516
4270,1745921280.2162616,286.207914352417
4271,1745921280.4887323,262.178897857666
4272,1745921280.683595,183.7141513824463
4273,1745921280.8794334,184.88621711730957
4274,1745921281.0720549,181.99586868286133
4275,1745921281.2667806,183.4123134613037
4276,1745921281.5340998,256.8175792694092
4277,1745921281.7296543,184.2975616455078
4278,1745921281.9230018,182.34705924987793
4279,1745921282.1171565,183.1378936767578
4280,1745921282.3115559,183.8700771331787
4281,1745921282.5051637,183.19153785705566
4282,1745921282.6993055,183.11357498168945
4283,1745921282.8930964,183.34197998046875
4284,1745921283.086749,182.62624740600586
4285,1745921283.37893,281.10265731811523
4286,1745921283.5731542,182.75046348571777
4287,1745921283.7676096,183.93468856811523
4288,1745921283.961471,182.88421630859375
4289,1745921284.2034256,231.3847541809082
4290,1745921284.3976202,183.77685546875
4291,1745921284.594783,186.61856651306152
4292,1745921284.7897458,184.12470817565918
4293,1745921284.984038,183.69221687316895
4294,1745921285.228039,233.6258888244629
4295,1745921285.4227877,183.6996078491211
4296,1745921285.6163673,183.05301666259766
4297,1745921285.810292,183.3953857421875
4298,1745921286.0498261,228.98411750793457
4299,1745921286.3625526,302.1996021270752
4300,1745921286.5566518,183.17675590515137
4301,1745921286.7506297,182.93499946594238
4302,1745921286.9443717,183.22205543518066
4303,1745921287.1397839,184.5541000366211
4304,1745921287.3763978,226.393461227417
4305,1745921287.5698805,182.3718547821045
4306,1745921287.764797,183.3779811859131
4307,1745921287.958841,182.82699584960938
4308,1745921288.2004995,230.62944412231445
4309,1745921288.3947022,183.4120750427246
4310,1745921288.6030807,197.1113681793213
4311,1745921288.7976313,183.55321884155273
4312,1745921289.0256581,217.06414222717285
4313,1745921289.3229382,286.24773025512695
4314,1745921289.521962,188.37356567382812
4315,1745921290.5428867,nan
4316,1745921290.7446597,191.2362575531006
4317,1745921290.9383924,183.1512451171875
4318,1745921291.9645588,nan
4319,1745921292.9858549,nan
4320,1745921293.203827,206.51960372924805
4321,1745921293.3994038,184.4155788421631
4322,1745921293.62466,214.7355079650879
4323,1745921293.8189826,183.56680870056152
4324,1745921294.0139847,184.27562713623047
4325,1745921295.0350087,nan
4326,1745921295.2694201,223.9081859588623
4327,1745921295.5786126,298.1994152069092
4328,1745921295.8886058,299.222469329834
4329,1745921296.179624,280.26771545410156
4330,1745921296.3750107,184.87286567687988
4331,1745921296.5719297,185.92190742492676
4332,1745921296.7658622,183.42041969299316
4333,1745921296.960347,183.95233154296875
4334,1745921297.155974,183.65812301635742
4335,1745921297.421493,254.97865676879883
4336,1745921297.7183895,285.33935546875
4337,1745921297.912602,183.49838256835938
4338,1745921298.1066222,182.47175216674805
4339,1745921298.300635,182.9814910888672
4340,1745921298.4956138,182.89589881896973
4341,1745921298.689566,183.53509902954102
4342,1745921298.8846629,184.5715045928955
4343,1745921299.1599562,264.5697593688965
4344,1745921300.181473,nan
4345,1745921301.2084672,nan
4346,1745921302.2329924,nan
4347,1745921302.429565,186.0494613647461
4348,1745921302.622669,182.3105812072754
4349,1745921302.816433,183.22157859802246
4350,1745921303.0104673,183.3198070526123
4351,1745921303.2514193,230.62849044799805
4352,1745921304.2636576,nan
4353,1745921304.4618223,187.5152587890625
4354,1745921304.6554966,182.9676628112793
4355,1745921304.8503525,183.8059425354004
4356,1745921305.104645,243.75224113464355
4357,1745921305.400061,284.8706245422363
4358,1745921305.711479,299.8998165130615
4359,1745921306.0225065,299.65710639953613
4360,1745921306.319628,286.1063480377197
4361,1745921306.5140843,182.91306495666504
4362,1745921306.7073936,183.121919631958
4363,1745921306.9016914,182.91735649108887
4364,1745921307.140185,227.60677337646484
4365,1745921307.4547691,302.7832508087158
4366,1745921307.7613392,295.9153652191162
4367,1745921307.9567626,184.15188789367676
4368,1745921308.1501362,182.82604217529297
4369,1745921308.344786,183.1340789794922
4370,1745921308.5393224,183.51030349731445
4371,1745921308.7335365,183.6085319519043
4372,1745921308.928358,184.2949390411377
4373,1745921309.2063477,266.91174507141113
4374,1745921309.5015981,284.23118591308594
4375,1745921309.8094773,296.80490493774414
4376,1745921310.1096604,289.1521453857422
4377,1745921310.3061907,184.68880653381348
4378,1745921310.5000484,183.3200454711914
4379,1745921310.6938233,183.24947357177734
4380,1745921310.889112,184.64016914367676
4381,1745921311.0847344,184.7245693206787
4382,1745921311.339531,244.30155754089355
4383,1745921311.5343134,183.67314338684082
4384,1745921311.728977,183.55917930603027
4385,1745921311.9228923,182.708740234375
4386,1745921312.1178007,183.7153434753418
4387,1745921312.3125794,184.06391143798828
4388,1745921312.562352,239.07041549682617
4389,1745921312.7563536,183.07232856750488
4390,1745921312.9804537,213.0868434906006
4391,1745921313.1752465,183.75539779663086
4392,1745921313.3698344,183.6090087890625
4393,1745921313.564373,183.8843822479248
4394,1745921313.7588458,183.46810340881348
4395,1745921313.9537165,184.16953086853027
4396,1745921314.217703,253.09205055236816
4397,1745921314.5124846,283.35118293762207
4398,1745921314.7065728,183.54320526123047
4399,1745921314.9000154,182.91759490966797
4400,1745921315.0939207,183.0146312713623
4401,1745921315.2875636,182.60765075683594
4402,1745921315.4828885,184.13186073303223
4403,1745921315.679472,186.05947494506836
4404,1745921315.958239,267.72332191467285
4405,1745921316.1515749,183.08353424072266
4406,1745921316.3482444,185.26172637939453
4407,1745921316.5415237,182.6784610748291
4408,1745921316.7384496,186.34819984436035
4409,1745921316.9336593,183.68768692016602
4410,1745921317.130709,186.4032745361328
4411,1745921317.3726335,230.89313507080078
4412,1745921317.5674784,183.81333351135254
4413,1745921317.7601657,182.22784996032715
4414,1745921317.9553545,183.671236038208
4415,1745921318.2029276,237.41722106933594
4416,1745921318.396303,182.85179138183594
4417,1745921318.6205509,213.74225616455078
4418,1745921318.8158867,184.77797508239746
4419,1745921319.0098114,183.1197738647461
4420,1745921319.232067,211.20405197143555
4421,1745921319.5377486,295.1624393463135
4422,1745921319.8503232,301.77998542785645
4423,1745921320.1463583,285.20750999450684
4424,1745921320.3406017,183.20798873901367
4425,1745921321.3718517,nan
4426,1745921322.3984137,nan
4427,1745921323.420446,nan
4428,1745921324.4448059,nan
4429,1745921324.640654,185.3172779083252
4430,1745921324.835566,184.55743789672852
4431,1745921325.0293534,183.10046195983887
4432,1745921325.2718308,231.33444786071777
4433,1745921325.5691264,286.2517833709717
4434,1745921325.763599,184.00073051452637
4435,1745921326.7825372,nan
4436,1745921326.9771209,183.93635749816895
4437,1745921327.1718824,184.24439430236816
4438,1745921328.187218,nan
4439,1745921328.3825138,184.59844589233398
4440,1745921328.6544785,261.3828182220459
4441,1745921328.8544023,189.18776512145996
4442,1745921329.1537597,288.75207901000977
4443,1745921329.3484683,184.2193603515625
4444,1745921329.5437453,183.7453842163086
4445,1745921329.7391803,184.36336517333984
4446,1745921329.9347615,184.5848560333252
4447,1745921330.1284955,182.83510208129883
4448,1745921330.324478,184.61155891418457
4449,1745921330.5194488,184.1287612915039
4450,1745921330.7136405,183.6683750152588
4451,1745921330.9089139,184.43584442138672
4452,1745921331.2035718,284.1367721557617
4453,1745921331.3993359,185.5180263519287
4454,1745921331.5963356,185.98604202270508
4455,1745921332.6158743,nan
4456,1745921332.8106048,184.2019557952881
4457,1745921333.0050116,183.69245529174805
4458,1745921333.2555187,239.80402946472168
4459,1745921333.4500082,183.78806114196777
4460,1745921333.6501272,188.78698348999023
4461,1745921333.8453112,183.66742134094238
4462,1745921334.0406733,184.91363525390625
4463,1745921335.0627263,nan
4464,1745921335.3100314,236.7544174194336
4465,1745921335.620303,299.15452003479004
4466,1745921336.6404731,nan
4467,1745921336.8361144,185.10127067565918
4468,1745921337.0305,183.35723876953125
4469,1745921337.250096,208.97817611694336
4470,1745921337.5620282,299.771785736084
4471,1745921337.8701854,298.02393913269043
4472,1745921338.1682656,287.2884273529053
4473,1745921338.3633063,183.96234512329102
4474,1745921338.5576024,183.79688262939453
4475,1745921338.7534866,185.30511856079102
4476,1745921338.9488952,185.12773513793945
4477,1745921339.1416686,182.27910995483398
4478,1745921339.4031994,250.54121017456055
4479,1745921339.702041,288.3119583129883
4480,1745921339.8967144,184.08608436584473
4481,1745921340.9112792,nan
4482,1745921341.10665,184.74435806274414
4483,1745921342.1193306,nan
4484,1745921342.3665001,236.44113540649414
4485,1745921342.5618753,184.86380577087402
4486,1745921342.7566745,184.434175491333
4487,1745921342.9519167,184.6625804901123
4488,1745921343.1481383,185.69326400756836
4489,1745921343.3473332,188.1248950958252
4490,1745921343.543878,185.61100959777832
4491,1745921343.7387211,184.28897857666016
4492,1745921343.9347878,185.16802787780762
4493,1745921344.1746504,229.3105125427246
4494,1745921345.1977565,nan
4495,1745921345.431795,223.19436073303223
4496,1745921345.6270573,184.1754913330078
4497,1745921345.849874,211.9138240814209
4498,1745921346.1573734,295.53842544555664
4499,1745921346.3526142,184.79037284851074
4500,1745921347.3688405,nan
4501,1745921348.3943007,nan
4502,1745921349.4179742,nan
4503,1745921350.442469,nan
4504,1745921351.4686992,nan
4505,1745921351.6666274,187.17145919799805
4506,1745921351.8619049,183.83455276489258
4507,1745921352.057319,184.36861038208008
4508,1745921352.2529595,185.09459495544434
4509,1745921352.49651,232.5892448425293
4510,1745921352.6899567,182.60979652404785
4511,1745921352.8848908,183.39824676513672
4512,1745921353.0817323,185.74953079223633
4513,1745921353.3347468,242.4783706665039
4514,1745921353.642231,297.15991020202637
4515,1745921353.8376253,184.45658683776855
4516,1745921354.0342638,185.11390686035156
4517,1745921354.229021,184.22389030456543
4518,1745921354.4246278,185.30678749084473
4519,1745921354.6194987,184.34762954711914
4520,1745921354.8146265,184.0193271636963
4521,1745921355.0117185,186.13576889038086
4522,1745921355.2626762,240.38052558898926
4523,1745921355.4585161,184.65304374694824
4524,1745921355.6700885,200.99902153015137
4525,1745921356.694169,nan
4526,1745921356.895023,190.3398036956787
4527,1745921357.091467,185.90950965881348
4528,1745921357.321374,219.45452690124512
4529,1745921357.6307116,298.44164848327637
4530,1745921357.8263772,184.98682975769043
4531,1745921358.0215518,184.15093421936035
4532,1745921358.2147617,182.42883682250977
4533,1745921358.4089868,183.17842483520508
4534,1745921358.6037557,184.57484245300293
4535,1745921358.806521,191.74742698669434
4536,1745921359.0014474,183.93278121948242
4537,1745921359.1957922,183.81142616271973
4538,1745921360.2127795,nan
4539,1745921361.236692,nan
4540,1745921362.2490966,nan
4541,1745921362.4471648,187.5455379486084
4542,1745921362.6425118,183.95566940307617
4543,1745921362.8361893,182.59453773498535
4544,1745921363.0296175,183.1066608428955
4545,1745921363.2757275,235.184907913208
4546,1745921363.5696306,283.3743095397949
4547,1745921363.8790262,298.2518672943115
4548,1745921364.176274,286.18884086608887
4549,1745921364.372402,184.99302864074707
4550,1745921364.5669672,183.52937698364258
4551,1745921364.761604,184.01837348937988
4552,1745921364.9549725,182.8310489654541
4553,1745921365.1488476,182.80458450317383
4554,1745921365.405424,245.55492401123047
4555,1745921365.7158487,299.5572090148926
4556,1745921365.910057,182.94692039489746
4557,1745921366.1086597,188.0791187286377
4558,1745921367.1273172,nan
4559,1745921367.3602035,222.24998474121094
4560,1745921367.6464279,275.60925483703613
4561,1745921367.8416023,184.47327613830566
4562,1745921368.0345469,182.4171543121338
4563,1745921368.2275028,181.90503120422363
4564,1745921368.4799302,240.7541275024414
4565,1745921368.6749997,183.50958824157715
4566,1745921368.882226,196.00200653076172
4567,1745921369.0761623,182.80363082885742
4568,1745921369.3075576,220.5657958984375
4569,1745921369.5016887,183.9759349822998
4570,1745921369.6978495,185.43457984924316
4571,1745921369.8913972,183.02607536315918
4572,1745921370.0859067,184.15427207946777
4573,1745921370.2798598,183.43210220336914
4574,1745921370.473061,183.0575466156006
4575,1745921370.733325,249.36389923095703
4576,1745921370.9254465,181.84757232666016
4577,1745921371.1206534,183.82000923156738
4578,1745921371.3176703,186.42187118530273
4579,1745921371.5575712,228.63316535949707
4580,1745921371.866434,297.6365089416504
4581,1745921372.157822,280.118465423584
4582,1745921372.3516667,182.80577659606934
4583,1745921372.6714334,309.2348575592041
4584,1745921372.8658848,183.63237380981445
4585,1745921373.0624156,184.88478660583496
4586,1745921373.2557588,182.95693397521973
4587,1745921373.4986997,231.90045356750488
4588,1745921373.6929617,183.08496475219727
4589,1745921373.8875468,183.55274200439453
4590,1745921374.0875673,189.3160343170166
4591,1745921375.099532,nan
4592,1745921376.1267538,nan
4593,1745921376.6801667,1569.9551105499268
4594,1745921376.8745222,182.79790878295898
4595,1745921377.0685916,183.69078636169434
4596,1745921377.2626963,183.63523483276367
4597,1745921377.494154,220.94082832336426
4598,1745921377.68794,183.25233459472656
4599,1745921377.882347,183.72464179992676
4600,1745921378.0756807,182.25502967834473
4601,1745921378.2698689,183.1378936767578
4602,1745921378.5198,238.60836029052734
4603,1745921378.8268495,295.4895496368408
4604,1745921379.020341,182.45339393615723
4605,1745921379.2165651,184.96465682983398
4606,1745921379.4104047,183.20655822753906
4607,1745921379.6047277,183.09545516967773
4608,1745921379.8455486,229.80141639709473
4609,1745921380.038965,182.90448188781738
4610,1745921380.2337077,183.68768692016602
4611,1745921381.2529433,nan
4612,1745921381.4902859,226.898193359375
4613,1745921381.6837199,182.39998817443848
4614,1745921381.8789802,183.79902839660645
4615,1745921382.072667,183.1066608428955
4616,1745921382.2663229,182.7080249786377
4617,1745921382.5198572,242.97428131103516
4618,1745921382.81374,282.3336124420166
4619,1745921383.007546,183.2723617553711
4620,1745921383.199847,181.83279037475586
4621,1745921383.394731,183.35986137390137
4622,1745921383.635433,230.20267486572266
4623,1745921383.828936,182.4648380279541
4624,1745921384.0479379,208.17852020263672
4625,1745921384.2413967,183.14099311828613
4626,1745921384.4368806,183.43830108642578
4627,1745921384.6300075,183.06303024291992
4628,1745921384.8645022,223.44660758972168
4629,1745921385.0595007,184.58080291748047
4630,1745921385.2547135,184.3109130859375
4631,1745921386.2816234,nan
4632,1745921386.7116213,419.4676876068115
4633,1745921386.9049048,182.56402015686035
4634,1745921387.1008806,185.1193904876709
4635,1745921387.2944982,182.9531192779541
4636,1745921387.52423,218.672513961792
4637,1745921387.7182758,183.60209465026855
4638,1745921387.912031,183.23683738708496
4639,1745921388.9359665,nan
4640,1745921389.1306915,184.19432640075684
4641,1745921389.3254695,183.8996410369873
4642,1745921389.5747383,238.71827125549316
4643,1745921389.8860915,300.22311210632324
4644,1745921390.1756089,278.4903049468994
4645,1745921390.3695219,182.8937530517578
4646,1745921390.5641444,182.59310722351074
4647,1745921390.7575543,183.12597274780273
4648,1745921390.9520245,183.82716178894043
4649,1745921391.1459346,183.2737922668457
4650,1745921391.4159472,258.899450302124
4651,1745921391.6099732,183.23850631713867
4652,1745921391.8048108,183.73417854309082
4653,1745921392.0017643,186.3102912902832
4654,1745921392.1960886,183.97140502929688
4655,1745921392.3907084,182.966947555542
4656,1745921392.6380005,236.77492141723633
4657,1745921392.8324823,183.91060829162598
4658,1745921393.056837,213.41490745544434
4659,1745921393.3624375,295.26495933532715
4660,1745921393.5570607,184.08608436584473
4661,1745921393.7515557,183.90417098999023
4662,1745921394.774783,nan
4663,1745921395.007654,222.3360538482666
4664,1745921395.201357,182.89446830749512
4665,1745921395.506843,294.45385932922363
4666,1745921395.7068899,189.84103202819824
4667,1745921395.9037588,185.84752082824707
4668,1745921396.0973814,183.0766201019287
4669,1745921396.3199594,211.86375617980957
4670,1745921397.3465545,nan
4671,1745921398.3725002,nan
4672,1745921398.7644317,381.3438415527344
4673,1745921398.962089,186.62142753601074
4674,1745921399.1645591,191.42508506774902
4675,1745921399.3926632,216.75515174865723
4676,1745921399.5866632,183.27999114990234
4677,1745921399.7806516,182.9369068145752
4678,1745921399.9755561,183.76827239990234
4679,1745921400.2015548,215.5160903930664
4680,1745921400.3962834,183.64381790161133
4681,1745921401.4167094,nan
4682,1745921402.4390252,nan
4683,1745921402.6351335,185.58382987976074
4684,1745921402.8285527,182.9075813293457
4685,1745921403.0225716,183.0151081085205
4686,1745921403.2172253,183.5920810699463
4687,1745921403.500525,272.80497550964355
4688,1745921403.6952024,183.74872207641602
4689,1745921403.8913193,185.58430671691895
4690,1745921404.9179995,nan
4691,1745921405.1113987,182.8618049621582
4692,1745921405.3060899,183.48431587219238
4693,1745921405.4999437,183.50672721862793
4694,1745921405.7495277,238.24453353881836
4695,1745921405.9441586,183.96830558776855
4696,1745921406.1376297,182.43813514709473
4697,1745921406.3315136,183.24899673461914
4698,1745921406.5758212,232.88655281066895
4699,1745921406.7712774,183.7301254272461
4700,1745921406.9651995,183.7170124053955
4701,1745921407.1596491,183.79545211791992
4702,1745921407.354273,183.96782875061035
4703,1745921407.5994594,234.08889770507812
4704,1745921407.7941854,183.69555473327637
4705,1745921407.988098,182.85083770751953
4706,1745921408.181561,182.9204559326172
4707,1745921408.3775384,184.41510200500488
4708,1745921408.629098,240.77630043029785
4709,1745921409.6488748,nan
4710,1745921410.673406,nan
4711,1745921410.877583,193.6500072479248
4712,1745921411.0719156,183.28475952148438
4713,1745921411.2661662,183.2137107849121
4714,1745921411.4604366,183.7460994720459
4715,1745921411.6912441,219.9838161468506
4716,1745921411.8861783,184.0214729309082
4717,1745921412.0803742,183.77947807312012
4718,1745921412.2744455,183.17747116088867
4719,1745921412.4686563,183.9461326599121
4720,1745921412.6637404,184.56768989562988
4721,1745921412.85775,183.49170684814453
4722,1745921413.0514483,183.17151069641113
4723,1745921413.3362935,274.1563320159912
4724,1745921413.6455448,298.04062843322754
4725,1745921413.942812,286.23318672180176
4726,1745921414.1376908,184.340238571167
4727,1745921414.3336902,184.3714714050293
4728,1745921414.5650456,220.81756591796875
4729,1745921414.876522,300.40693283081055
4730,1745921415.0709605,183.8550567626953
4731,1745921415.3857517,303.821325302124
4732,1745921415.5800524,183.0751895904541
4733,1745921415.7750635,184.48138236999512
4734,1745921415.970098,184.4954490661621
4735,1745921416.1633122,182.9819679260254
4736,1745921416.3945982,220.63446044921875
4737,1745921416.5898511,184.6182346343994
4738,1745921416.7843163,183.42828750610352
4739,1745921416.9817283,186.25855445861816
4740,1745921417.1931858,200.34384727478027
4741,1745921417.3919053,187.6840591430664
4742,1745921417.6223555,219.2060947418213
4743,1745921417.817315,183.95519256591797
4744,1745921418.0125005,184.661865234375
4745,1745921418.2083006,184.71479415893555
4746,1745921418.40413,184.88383293151855
4747,1745921418.6484563,233.52789878845215
4748,1745921418.843371,184.39674377441406
4749,1745921419.0430498,188.47084045410156
4750,1745921419.2393453,185.72616577148438
4751,1745921419.4381611,187.85953521728516
4752,1745921419.6953247,246.62280082702637
4753,1745921419.8925414,185.7891082763672
4754,1745921420.19862,295.0325012207031
4755,1745921420.3956828,185.99963188171387
4756,1745921420.7123146,304.37731742858887
4757,1745921420.965869,242.9978847503662
4758,1745921421.1644845,187.5758171081543
4759,1745921421.357669,182.62791633605957
4760,1745921421.5542998,185.66155433654785
4761,1745921421.8327734,267.6117420196533
4762,1745921422.0286946,184.60845947265625
4763,1745921422.2230282,183.6071014404297
4764,1745921422.4162688,182.43789672851562
4765,1745921422.6101773,182.58166313171387
4766,1745921422.8061745,184.47494506835938
4767,1745921422.999648,182.42263793945312
4768,1745921423.1930149,182.1885108947754
4769,1745921423.4670908,263.0295753479004
4770,1745921423.6620154,184.39555168151855
4771,1745921423.8557007,183.04777145385742
4772,1745921424.0505695,184.08918380737305
4773,1745921424.2872803,225.999116897583
4774,1745921424.5994923,301.5913963317871
4775,1745921424.9053965,295.68982124328613
4776,1745921425.1012137,185.20855903625488
4777,1745921425.2965097,184.62729454040527
4778,1745921425.4977307,190.75989723205566
4779,1745921426.5216615,nan
4780,1745921426.7164156,184.22174453735352
4781,1745921426.9129608,186.0330104827881
4782,1745921427.1083279,184.8304271697998
4783,1745921427.3028579,183.49337577819824
4784,1745921427.5548549,241.47653579711914
4785,1745921427.7484462,183.05253982543945
4786,1745921427.9426627,183.69269371032715
4787,1745921428.1374788,184.26775932312012
4788,1745921428.3331785,184.5090389251709
4789,1745921428.5266771,182.9700469970703
4790,1745921428.721349,183.62975120544434
4791,1745921428.9161339,184.02862548828125
4792,1745921429.1119204,185.2567195892334
4793,1745921429.3042843,181.84137344360352
4794,1745921429.4987955,183.54177474975586
4795,1745921429.6927946,183.28189849853516
4796,1745921429.8889325,185.3921413421631
4797,1745921430.0819676,182.387113571167
4798,1745921430.276241,182.99341201782227
4799,1745921430.4727805,185.31346321105957
4800,1745921430.668379,184.97729301452637
4801,1745921430.8614035,182.1753978729248
4802,1745921431.0564754,183.8817596435547
4803,1745921431.2516115,184.5991611480713
4804,1745921431.4462123,184.02814865112305
4805,1745921431.6405566,182.90400505065918
4806,1745921431.836394,185.21618843078613
4807,1745921432.0299008,182.92880058288574
4808,1745921432.2748072,233.6130142211914
4809,1745921432.4697125,183.73465538024902
4810,1745921432.6652122,183.97283554077148
4811,1745921433.680158,nan
4812,1745921434.7036734,nan
4813,1745921434.9081085,193.94707679748535
4814,1745921435.1045947,184.76343154907227
4815,1745921435.2977576,182.89494514465332
4816,1745921435.4914474,183.09593200683594
4817,1745921435.6867273,184.50689315795898
4818,1745921435.8804119,183.25424194335938
4819,1745921436.1656425,274.20616149902344
4820,1745921436.3603122,183.56609344482422
4821,1745921436.5683131,196.20394706726074
4822,1745921436.7634335,183.135986328125
4823,1745921436.9577303,183.5308074951172
4824,1745921437.1536474,184.67330932617188
4825,1745921437.401554,237.28203773498535
4826,1745921437.6973941,284.8246097564697
4827,1745921437.8915596,183.8395595550537
4828,1745921438.084457,182.35182762145996
4829,1745921438.2795203,184.04817581176758
4830,1745921438.5195665,228.8196086883545
4831,1745921438.8332481,302.9148578643799
4832,1745921439.1047776,260.91957092285156
4833,1745921439.2991548,183.84766578674316
4834,1745921439.4936078,183.3353042602539
4835,1745921439.6879094,183.26926231384277
4836,1745921439.9519174,253.2334327697754
4837,1745921440.2663877,303.4250736236572
4838,1745921440.5800369,303.0362129211426
4839,1745921440.8747444,283.45441818237305
4840,1745921441.077253,191.67661666870117
4841,1745921441.271901,184.3714714050293
4842,1745921441.46561,183.2566261291504
4843,1745921441.659421,182.9242706298828
4844,1745921441.9098544,239.70365524291992
4845,1745921442.1045425,183.33816528320312
4846,1745921442.2980454,182.10411071777344
4847,1745921442.4945943,185.02235412597656
4848,1745921443.5085435,nan
4849,1745921444.5249336,nan
4850,1745921444.7759264,240.5869960784912
4851,1745921444.9699972,183.78186225891113
4852,1745921445.1633708,182.81006813049316
4853,1745921445.3561304,182.22951889038086
4854,1745921446.374635,nan
4855,1745921446.5706432,185.67228317260742
4856,1745921446.7650437,183.41922760009766
4857,1745921446.9597554,184.18097496032715
4858,1745921447.1554384,184.46660041809082
4859,1745921447.3500721,183.87556076049805
4860,1745921447.5439236,182.79075622558594
4861,1745921447.837927,283.1273078918457
4862,1745921448.0325887,183.50887298583984
4863,1745921448.2281537,184.5111846923828
4864,1745921448.4224024,183.2108497619629
4865,1745921448.660448,227.46896743774414
4866,1745921448.8554025,183.88104438781738
4867,1745921449.0599334,193.68481636047363
4868,1745921449.2552104,183.91799926757812
4869,1745921449.4504054,184.6902370452881
4870,1745921449.6849587,224.1191864013672
4871,1745921449.8782384,182.74283409118652
4872,1745921450.8943071,nan
4873,1745921451.906564,nan
4874,1745921452.10239,184.7832202911377
4875,1745921452.3497293,236.10210418701172
4876,1745921452.6573896,296.1456775665283
4877,1745921452.8513832,182.9524040222168
4878,1745921453.044767,182.7852725982666
4879,1745921453.2387862,183.21633338928223
4880,1745921453.4324696,182.65247344970703
4881,1745921453.6834693,240.1878833770752
4882,1745921453.980335,285.8428955078125
4883,1745921454.1747234,183.6373805999756
4884,1745921454.3683891,182.89542198181152
4885,1745921455.3917544,nan
4886,1745921455.6283813,225.91185569763184
4887,1745921455.9374313,298.3129024505615
4888,1745921456.2476068,299.33691024780273
4889,1745921456.541653,283.3728790283203
4890,1745921456.7366884,183.4268569946289
4891,1745921456.930641,183.43806266784668
4892,1745921457.1246803,183.13097953796387
4893,1745921457.319643,183.60590934753418
4894,1745921457.514549,184.22317504882812
4895,1745921457.7743618,249.00174140930176
4896,1745921457.9665325,181.69665336608887
4897,1745921458.1616743,183.8393211364746
4898,1745921458.3547666,182.29055404663086
4899,1745921458.5495198,183.64357948303223
4900,1745921458.8014863,240.91839790344238
4901,1745921459.1120498,299.98207092285156
4902,1745921459.3069043,183.33911895751953
4903,1745921459.5015757,183.89892578125
4904,1745921459.6956558,183.4113597869873
4905,1745921460.708533,nan
4906,1745921461.0620968,342.69022941589355
4907,1745921461.2670696,194.36311721801758
4908,1745921461.460011,182.6171875
4909,1745921461.7562306,285.0689888000488
4910,1745921461.9536784,185.77909469604492
4911,1745921462.978421,nan
4912,1745921463.1737041,184.76033210754395
4913,1745921463.3679345,183.18438529968262
4914,1745921463.561567,182.60622024536133
4915,1745921463.8139334,241.3961887359619
4916,1745921464.0068243,182.35325813293457
4917,1745921464.2014198,183.32862854003906
4918,1745921464.3947666,183.0880641937256
4919,1745921464.6385334,233.61539840698242
4920,1745921464.9379585,288.5911464691162
4921,1745921465.1311908,182.8935146331787
4922,1745921465.3249178,183.1669807434082
4923,1745921465.5193086,183.34436416625977
4924,1745921465.7561004,226.29737854003906
4925,1745921465.9498856,182.76405334472656
4926,1745921466.1442358,183.31503868103027
4927,1745921466.3384113,183.1228733062744
4928,1745921466.581818,232.31792449951172
4929,1745921466.7767026,184.30662155151367
4930,1745921466.970515,182.70421028137207
4931,1745921467.1646314,183.59851837158203
4932,1745921467.3587868,183.60018730163574
4933,1745921467.5522058,183.13980102539062
4934,1745921467.808251,245.10693550109863
4935,1745921468.0042899,184.9956512451172
4936,1745921468.1992366,184.32116508483887
4937,1745921468.3948147,184.55171585083008
4938,1745921468.5903268,184.798002243042
4939,1745921468.8304157,229.63929176330566
4940,1745921469.026728,185.5626106262207
4941,1745921469.2225928,185.31417846679688
4942,1745921469.419188,185.77146530151367
4943,1745921469.615391,185.01591682434082
4944,1745921469.8578455,231.64033889770508
4945,1745921470.0534303,184.5388412475586
4946,1745921470.2515767,186.98382377624512
4947,1745921470.444831,182.97433853149414
4948,1745921471.4677835,nan
4949,1745921471.7018971,223.58131408691406
4950,1745921472.0118203,299.38554763793945
4951,1745921472.206225,183.86101722717285
4952,1745921472.402675,185.10794639587402
4953,1745921472.5998662,186.10668182373047
4954,1745921473.622902,nan
4955,1745921474.646888,nan
4956,1745921474.8441048,186.68866157531738
4957,1745921475.0796833,224.46131706237793
4958,1745921475.275431,184.22317504882812
4959,1745921475.4705637,184.12208557128906
4960,1745921475.6661487,184.5245361328125
4961,1745921475.8616378,182.9535961151123
4962,1745921476.082845,210.67094802856445
4963,1745921476.2776363,184.27801132202148
4964,1745921476.4713912,182.5718879699707
4965,1745921476.6684294,185.52565574645996
4966,1745921476.8648446,185.36758422851562
4967,1745921477.0621252,186.5859031677246
4968,1745921477.2557135,182.9855442047119
4969,1745921477.4523985,185.64653396606445
4970,1745921477.736991,273.74887466430664
4971,1745921477.9312398,183.81214141845703
4972,1745921478.1275096,185.75596809387207
4973,1745921478.3233113,184.76128578186035
4974,1745921478.5189428,184.36574935913086
4975,1745921478.7654412,235.85247993469238
4976,1745921478.9612591,184.9963665008545
4977,1745921479.9853332,nan
4978,1745921480.1804993,184.65876579284668
4979,1745921480.3772092,186.02561950683594
4980,1745921480.6087294,221.12607955932617
4981,1745921480.8046527,184.88049507141113
4982,1745921481.0128298,197.85690307617188
4983,1745921481.2119296,187.85786628723145
4984,1745921481.4083629,185.38928031921387
4985,1745921481.604317,184.93080139160156
4986,1745921481.8426032,226.27997398376465
4987,1745921482.1344812,281.3405990600586
4988,1745921482.3300655,185.00447273254395
4989,1745921482.527536,185.70566177368164
4990,1745921483.5535805,nan
4991,1745921483.7914999,227.40435600280762
4992,1745921484.0862033,283.6453914642334
4993,1745921484.281516,184.27133560180664
4994,1745921485.3043692,nan
4995,1745921485.5071318,192.1558380126953
4996,1745921485.7417457,223.89817237854004
4997,1745921486.7606294,nan
4998,1745921486.955253,184.09204483032227
4999,1745921487.2635007,297.7406978607178
5000,1745921487.4597347,185.4696273803711
5001,1745921487.6554174,185.17136573791504
5002,1745921488.6826472,nan
5003,1745921489.6962907,nan
5004,1745921490.7227645,nan
5005,1745921490.9175365,184.25416946411133
5006,1745921491.1114893,183.17222595214844
5007,1745921491.306034,183.35247039794922
5008,1745921491.4997544,182.725191116333
5009,1745921491.6926749,182.3899745941162
5010,1745921491.8878074,183.9926242828369
5011,1745921492.081433,182.99365043640137
5012,1745921492.275669,183.06469917297363
5013,1745921492.469601,183.28070640563965
5014,1745921492.6672757,187.09802627563477
5015,1745921492.8629904,185.19878387451172
5016,1745921493.0586667,185.1487159729004
5017,1745921493.2529168,183.12358856201172
5018,1745921493.446695,183.2263469696045
5019,1745921493.6412206,183.31027030944824
5020,1745921493.9215488,269.5753574371338
5021,1745921494.1166012,183.92610549926758
5022,1745921494.3118691,183.96878242492676
5023,1745921494.5066204,183.6705207824707
5024,1745921494.7028515,185.6212615966797
5025,1745921494.9554555,241.58620834350586
5026,1745921495.2502484,284.03735160827637
5027,1745921495.444193,182.7692985534668
5028,1745921495.6385863,183.4847927093506
5029,1745921496.6650841,nan
5030,1745921496.8612957,185.67681312561035
5031,1745921497.05509,182.387113571167
5032,1745921497.25032,183.96544456481934
5033,1745921497.4450269,183.50648880004883
5034,1745921497.6397808,184.19575691223145
5035,1745921497.9092185,258.39972496032715
5036,1745921498.103839,183.63642692565918
5037,1745921498.297599,183.0117702484131
5038,1745921498.4918883,183.05182456970215
5039,1745921498.72238,219.96450424194336
5040,1745921499.0413685,307.9805374145508
5041,1745921499.235272,183.31217765808105
5042,1745921499.4305186,183.80069732666016
5043,1745921499.6248033,183.66432189941406
5044,1745921499.8660595,230.23557662963867
5045,1745921500.1635008,286.9241237640381
5046,1745921500.356831,182.72709846496582
5047,1745921501.3903825,nan
5048,1745921501.5841272,183.23636054992676
5049,1745921501.8114624,216.32933616638184
5050,1745921502.0057075,182.9357147216797
5051,1745921502.19989,183.10213088989258
5052,1745921502.3932617,182.8444004058838
5053,1745921502.5866675,182.8606128692627
5054,1745921502.8388867,241.77789688110352
5055,1745921503.134501,284.4350337982178
5056,1745921503.3284323,183.74991416931152
5057,1745921503.5238154,183.87937545776367
5058,1745921503.7167885,182.9063892364502
5059,1745921503.959543,231.8716049194336
5060,1745921504.272701,302.1056652069092
5061,1745921504.568412,284.848690032959
5062,1745921504.7640648,184.57818031311035
5063,1745921504.9587276,183.61568450927734
5064,1745921505.1524916,182.71541595458984
5065,1745921505.3458788,182.58070945739746
5066,1745921505.5399096,183.7751865386963
5067,1745921505.7335165,182.97982215881348
5068,1745921505.9283223,183.7918758392334
5069,1745921506.1983721,259.0773105621338
5070,1745921506.3931222,184.14068222045898
5071,1745921506.5863008,182.61981010437012
5072,1745921506.7800858,183.11524391174316
5073,1745921506.975458,183.82024765014648
5074,1745921507.2341409,248.1553554534912
5075,1745921507.4290345,183.87293815612793
5076,1745921507.6222422,182.6913356781006
5077,1745921507.816054,182.50179290771484
5078,1745921508.0128207,185.54973602294922
5079,1745921508.2064955,183.15386772155762
5080,1745921508.400645,183.06732177734375
5081,1745921508.5940554,182.39235877990723
5082,1745921508.78732,182.22498893737793
5083,1745921509.0830219,284.454345703125
5084,1745921509.277127,183.28213691711426
5085,1745921509.4823198,194.1702365875244
5086,1745921509.6759026,182.46841430664062
5087,1745921509.8703024,183.366060256958
5088,1745921510.0652092,183.86054039001465
5089,1745921510.2593808,183.16125869750977
5090,1745921510.452196,182.24215507507324
5091,1745921510.6459167,182.71660804748535
5092,1745921510.839599,182.8923225402832
5093,1745921511.033362,182.9967498779297
5094,1745921511.2278314,183.74228477478027
5095,1745921511.4218252,183.37702751159668
5096,1745921511.6153276,182.9822063446045
5097,1745921511.840107,213.44947814941406
5098,1745921512.03379,183.1202507019043
5099,1745921512.2293038,185.3475570678711
5100,1745921513.2472954,nan
5101,1745921513.4415188,183.1991672515869
5102,1745921513.635983,183.90583992004395
5103,1745921513.8933558,246.28949165344238
5104,1745921514.2015498,297.4123954772949
5105,1745921514.508418,296.389102935791
5106,1745921514.8045013,285.57729721069336
5107,1745921515.0014699,186.07091903686523
5108,1745921515.1955128,183.4416389465332
5109,1745921515.3898845,183.69174003601074
5110,1745921515.5841832,183.26449394226074
5111,1745921515.779109,184.39316749572754
5112,1745921516.0454257,255.7063102722168
5113,1745921516.3383014,281.8446159362793
5114,1745921516.5312977,182.43718147277832
5115,1745921516.725065,182.73687362670898
5116,1745921516.9194193,183.46285820007324
5117,1745921517.1138768,183.2714080810547
5118,1745921517.3074515,182.55138397216797
5119,1745921517.5026207,184.25726890563965
5120,1745921517.6966746,183.40206146240234
5121,1745921517.9846961,277.4944305419922
5122,1745921518.2995563,304.0802478790283
5123,1745921518.4957843,184.9076747894287
5124,1745921518.6912978,184.9820613861084
5125,1745921518.8836367,181.88834190368652
5126,1745921519.9001005,nan
5127,1745921520.9203556,nan
5128,1745921521.1159606,185.05597114562988
5129,1745921521.3091114,182.60955810546875
5130,1745921521.5035813,183.37321281433105
5131,1745921521.7006464,185.92500686645508
5132,1745921521.8934286,182.27314949035645
5133,1745921522.0872266,182.92760848999023
5134,1745921522.2801566,182.2679042816162
5135,1745921522.4746442,183.43377113342285
5136,1745921522.7015095,215.8489227294922
5137,1745921523.006437,294.57974433898926
5138,1745921523.1994898,182.7712059020996
5139,1745921523.3957567,185.7013702392578
5140,1745921523.5894535,182.67178535461426
5141,1745921523.7837532,183.27879905700684
5142,1745921524.0345669,239.76898193359375
5143,1745921524.2280157,182.6803684234619
5144,1745921524.4224963,183.43663215637207
5145,1745921524.6155639,182.5430393218994
5146,1745921524.8095977,183.39896202087402
5147,1745921525.044618,223.9384651184082
5148,1745921525.2394876,183.65144729614258
5149,1745921525.4326382,182.38210678100586
5150,1745921525.6268716,183.43234062194824
5151,1745921525.8214953,183.38966369628906
5152,1745921526.0734732,241.44458770751953
5153,1745921526.267665,183.24589729309082
5154,1745921526.465003,186.2199306488037
5155,1745921526.696745,221.03285789489746
5156,1745921526.890719,183.5765838623047
5157,1745921527.084733,183.38942527770996
5158,1745921528.108559,nan
5159,1745921528.3036752,183.67934226989746
5160,1745921528.4971519,183.2876205444336
5161,1745921528.691648,183.32648277282715
5162,1745921528.9492483,246.91057205200195
5163,1745921529.158285,198.08244705200195
5164,1745921529.3628347,194.02408599853516
5165,1745921529.5577633,183.8693618774414
5166,1745921529.75156,182.830810546875
5167,1745921529.9448864,182.45553970336914
5168,1745921530.1387353,182.91115760803223
5169,1745921530.3649876,215.3613567352295
5170,1745921530.5676537,191.6038990020752
5171,1745921530.7606447,182.48367309570312
5172,1745921530.9647026,193.1285858154297
5173,1745921531.9868581,nan
5174,1745921533.0061445,nan
5175,1745921533.2018185,185.23168563842773
5176,1745921533.394581,182.2655200958252
5177,1745921533.5897043,183.91942977905273
5178,1745921533.784766,183.9456558227539
5179,1745921534.05317,257.366418838501
5180,1745921534.2474601,183.17914009094238
5181,1745921534.4404833,182.49273300170898
5182,1745921534.6349318,183.55107307434082
5183,1745921534.8837698,238.40951919555664
5184,1745921535.192974,298.722505569458
5185,1745921535.5028756,299.23439025878906
5186,1745921535.7014518,187.45088577270508
5187,1745921536.0150445,302.9196262359619
5188,1745921536.3135273,287.42098808288574
5189,1745921536.620497,295.92275619506836
5190,1745921536.8162582,185.2414608001709
5191,1745921537.0128078,185.6362819671631
5192,1745921537.2073214,183.38537216186523
5193,1745921537.4026864,184.16738510131836
5194,1745921537.5999649,186.15150451660156
5195,1745921537.7949197,184.5531463623047
5196,1745921538.0555801,249.6204376220703
5197,1745921538.2497172,183.04848670959473
5198,1745921538.4465842,185.3482723236084
5199,1745921538.6414115,184.15164947509766
5200,1745921538.834344,182.21497535705566
5201,1745921539.0680213,222.66125679016113
5202,1745921539.2633739,184.3283176422119
5203,1745921539.4564297,182.6918125152588
5204,1745921539.6505005,183.32457542419434
5205,1745921539.8436458,182.69681930541992
5206,1745921540.0934384,238.43836784362793
5207,1745921540.2878602,183.47692489624023
5208,1745921540.4839628,185.0886344909668
5209,1745921540.6797628,184.7217082977295
5210,1745921541.7073977,nan
5211,1745921541.9034379,185.4715347290039
5212,1745921542.1482663,234.2674732208252
5213,1745921542.3412929,182.4815273284912
5214,1745921542.537098,184.42940711975098
5215,1745921542.7350883,186.9351863861084
5216,1745921542.9306676,185.07122993469238
5217,1745921543.181528,240.16332626342773
5218,1745921543.489826,297.78051376342773
5219,1745921543.6849403,184.0686798095703
5220,1745921543.8813818,185.438871383667
5221,1745921544.0772538,184.2823028564453
5222,1745921545.0896611,nan
5223,1745921545.285722,185.53948402404785
5224,1745921545.4873157,190.33098220825195
5225,1745921545.6814926,183.08353424072266
5226,1745921545.8754404,182.76119232177734
5227,1745921546.1332934,246.92988395690918
5228,1745921546.3334336,189.54777717590332
5229,1745921546.5276234,183.6693286895752
5230,1745921546.721376,182.97958374023438
5231,1745921546.9148357,182.8176975250244
5232,1745921547.1087756,183.49003791809082
5233,1745921547.3700726,250.63300132751465
5234,1745921547.564729,183.19344520568848
5235,1745921547.7577567,182.39307403564453
5236,1745921547.951437,182.79743194580078
5237,1745921548.14576,182.62410163879395
5238,1745921548.3396564,182.76405334472656
5239,1745921548.533575,183.31480026245117
5240,1745921548.8119893,267.90642738342285
5241,1745921549.1214945,298.7337112426758
5242,1745921549.3144553,182.64460563659668
5243,1745921549.5077581,182.50274658203125
5244,1745921549.7013535,182.48987197875977
5245,1745921549.8947976,182.50012397766113
5246,1745921550.1335964,227.8752326965332
5247,1745921550.3292947,185.3048801422119
5248,1745921550.522312,182.81888961791992
5249,1745921550.717951,184.91148948669434
5250,1745921550.9595456,230.93008995056152
5251,1745921551.2683241,297.66178131103516
5252,1745921551.5814397,302.45089530944824
5253,1745921551.7744312,182.63721466064453
5254,1745921551.9681168,182.63506889343262
5255,1745921552.162412,183.00795555114746
5256,1745921552.356719,183.27713012695312
5257,1745921552.5505712,183.11333656311035
5258,1745921552.7445385,183.380126953125
5259,1745921552.9952242,239.64262008666992
5260,1745921553.1896522,183.77399444580078
5261,1745921553.3832958,183.03346633911133
5262,1745921553.5764844,182.52015113830566
5263,1745921553.76961,182.32226371765137
5264,1745921553.9646323,183.96711349487305
5265,1745921554.1586652,182.97600746154785
5266,1745921554.3526046,183.10022354125977
5267,1745921554.546368,182.84273147583008
5268,1745921554.7396996,182.80363082885742
5269,1745921555.0595212,308.6504936218262
5270,1745921555.355951,286.0901355743408
5271,1745921555.549019,182.53517150878906
5272,1745921555.7429159,182.96074867248535
5273,1745921555.9366262,182.57713317871094
5274,1745921556.176859,229.4299602508545
5275,1745921556.3712943,183.3500862121582
5276,1745921556.5652308,183.59971046447754
5277,1745921556.7594533,183.69126319885254
5278,1745921556.9555442,185.61863899230957
5279,1745921557.1499658,182.8780174255371
5280,1745921557.343441,182.95669555664062
5281,1745921557.5379744,183.07256698608398
5282,1745921557.7326982,184.46063995361328
5283,1745921557.9267957,183.0763816833496
5284,1745921558.1218293,183.64667892456055
5285,1745921558.4386077,306.24914169311523
5286,1745921558.7335837,284.45935249328613
5287,1745921558.927995,183.58993530273438
5288,1745921559.1219974,183.44783782958984
5289,1745921559.3152397,183.08782577514648
5290,1745921559.5590966,233.47735404968262
5291,1745921559.7537167,183.60233306884766
5292,1745921559.947392,182.69753456115723
5293,1745921560.968692,nan
5294,1745921561.241346,262.0420455932617
5295,1745921561.4347036,182.88421630859375
5296,1745921561.6279824,182.6770305633545
5297,1745921561.8223412,183.30121040344238
5298,1745921562.0156145,182.41071701049805
5299,1745921562.2179625,191.65992736816406
5300,1745921562.4125938,183.5341453552246
5301,1745921562.606551,183.26067924499512
5302,1745921562.8005943,182.53135681152344
5303,1745921563.0482216,237.3044490814209
5304,1745921563.2699263,210.6635570526123
5305,1745921563.4642942,183.38942527770996
5306,1745921563.6601803,185.64796447753906
5307,1745921563.8552606,184.5414638519287
5308,1745921564.0501258,184.33380126953125
5309,1745921564.2445326,183.36081504821777
5310,1745921564.4387472,182.9819679260254
5311,1745921564.633026,183.2282543182373
5312,1745921564.825683,182.04092979431152
5313,1745921565.0198994,183.6240291595459
5314,1745921565.2144418,183.8686466217041
5315,1745921565.4082537,183.14051628112793
5316,1745921565.6027236,183.43377113342285
5317,1745921565.7962368,183.2590103149414
5318,1745921565.9903626,183.49409103393555
5319,1745921566.1862059,185.2402687072754
5320,1745921566.4155893,219.15388107299805
5321,1745921566.6095154,183.21490287780762
5322,1745921566.8028183,182.77883529663086
5323,1745921566.9956284,181.7939281463623
5324,1745921567.1905692,183.7308406829834
5325,1745921567.4497316,248.6248016357422
5326,1745921567.6799583,219.6180820465088
5327,1745921567.875693,184.1273307800293
5328,1745921568.0696716,183.41302871704102
5329,1745921568.263653,182.60979652404785
5330,1745921568.4574358,182.60931968688965
5331,1745921568.782917,315.02485275268555
5332,1745921569.0794246,285.87865829467773
5333,1745921569.2725935,182.64174461364746
5334,1745921569.4663663,182.67154693603516
5335,1745921569.662428,184.6451759338379
5336,1745921569.8564053,183.07995796203613
5337,1745921570.8816369,nan
5338,1745921571.0777378,185.4534149169922
5339,1745921571.2716467,183.19320678710938
5340,1745921571.5518262,269.6411609649658
5341,1745921571.7459567,183.14337730407715
5342,1745921571.9399652,182.96456336975098
5343,1745921572.1345956,183.5954189300537
5344,1745921572.329102,183.2559108734131
5345,1745921572.5232153,183.06946754455566
5346,1745921572.7575524,223.82760047912598
5347,1745921572.9514616,182.8629970550537
5348,1745921573.147175,184.82470512390137
5349,1745921573.3423052,184.3891143798828
5350,1745921573.5357473,182.93190002441406
5351,1745921573.729604,182.97314643859863
5352,1745921573.9230592,182.87992477416992
5353,1745921574.1178222,184.24510955810547
5354,1745921574.3115895,183.03608894348145
5355,1745921574.507555,185.30511856079102
5356,1745921574.7006023,182.539701461792
5357,1745921574.8949273,183.29310417175293
5358,1745921575.0914128,185.2397918701172
5359,1745921575.2877073,184.9954128265381
5360,1745921575.4894233,190.7787322998047
5361,1745921575.7148664,214.7228717803955
5362,1745921575.9081829,182.78908729553223
5363,1745921576.1022587,182.9516887664795
5364,1745921576.2964394,183.17914009094238
5365,1745921576.555932,248.4457492828369
5366,1745921576.7493713,182.7828884124756
5367,1745921576.943343,182.76309967041016
5368,1745921577.1361666,182.51442909240723
5369,1745921577.3311946,183.36772918701172
5370,1745921577.5284746,186.74564361572266
5371,1745921577.741299,201.84016227722168
5372,1745921577.9356608,183.84933471679688
5373,1745921578.1289837,182.68656730651855
5374,1745921578.324487,184.28397178649902
5375,1745921578.5182853,182.27148056030273
5376,1745921578.7122822,183.23135375976562
5377,1745921579.0215328,298.6741065979004
5378,1745921579.214938,183.15982818603516
5379,1745921579.4092762,183.29858779907227
5380,1745921579.6038516,183.4256649017334
5381,1745921579.7980275,183.63642692565918
5382,1745921579.9926884,183.81690979003906
5383,1745921580.2418737,238.7099266052246
5384,1745921580.435415,183.27879905700684
5385,1745921580.9561887,509.90772247314453
5386,1745921581.1494749,183.00342559814453
5387,1745921581.3456051,185.09936332702637
5388,1745921581.540393,183.20727348327637
5389,1745921581.761409,209.98311042785645
5390,1745921581.954768,182.38234519958496
5391,1745921582.1484385,182.62267112731934
5392,1745921582.3421855,182.85179138183594
5393,1745921582.5351844,182.48724937438965
5394,1745921582.7311733,184.8580837249756
5395,1745921583.0098116,268.0087089538574
5396,1745921583.2029138,182.78169631958008
5397,1745921583.3968318,182.89494514465332
5398,1745921584.422723,nan
5399,1745921585.4344115,nan
5400,1745921585.630061,184.65566635131836
5401,1745921585.8263416,185.23597717285156
5402,1745921586.0211694,183.96759033203125
5403,1745921586.2875357,254.78816032409668
5404,1745921586.4828503,184.0662956237793
5405,1745921586.6800728,186.84148788452148
5406,1745921586.8744006,183.69078636169434
5407,1745921587.068915,183.44807624816895
5408,1745921587.298815,219.3894386291504
5409,1745921587.4952972,185.35518646240234
5410,1745921587.6889145,182.92927742004395
5411,1745921587.8834975,183.563232421875
5412,1745921588.0777175,183.5927963256836
5413,1745921588.2726426,183.82525444030762
5414,1745921588.4664419,183.04204940795898
5415,1745921588.7401693,262.5689506530762
5416,1745921588.9338095,183.13145637512207
5417,1745921589.1283612,184.01479721069336
5418,1745921589.3231604,184.54408645629883
5419,1745921589.5192935,185.10699272155762
5420,1745921589.7668293,236.44542694091797
5421,1745921589.9702833,191.7126178741455
5422,1745921590.1644895,184.02361869812012
5423,1745921590.3577197,182.65819549560547
5424,1745921590.5593374,190.568208694458
5425,1745921590.7526534,182.71517753601074
5426,1745921590.9947822,231.47058486938477
5427,1745921591.1886268,183.03775787353516
5428,1745921592.2089305,nan
5429,1745921592.4042828,184.7691535949707
5430,1745921592.5975034,182.18493461608887
5431,1745921592.8462856,237.20455169677734
5432,1745921593.141647,284.32607650756836
5433,1745921593.335382,183.39776992797852
5434,1745921593.5319014,186.08880043029785
5435,1745921593.7265098,184.07678604125977
5436,1745921593.9215534,183.7155818939209
5437,1745921594.1154041,182.90090560913086
5438,1745921594.308426,181.99801445007324
5439,1745921594.5822563,262.631893157959
5440,1745921594.7755628,182.25574493408203
5441,1745921595.0002282,213.47594261169434
5442,1745921595.1944122,183.1645965576172
5443,1745921595.3879023,183.1076145172119
5444,1745921595.6204681,221.97389602661133
5445,1745921595.8159177,184.95702743530273
5446,1745921596.010074,183.95566940307617
5447,1745921596.203604,183.0008029937744
5448,1745921596.3971944,182.97600746154785
5449,1745921596.5932298,185.4419708251953
5450,1745921596.791184,186.89560890197754
5451,1745921596.985603,184.04102325439453
5452,1745921597.179008,181.85758590698242
5453,1745921597.3723621,183.0153465270996
5454,1745921597.5651293,182.2807788848877
5455,1745921597.8362641,259.62185859680176
5456,1745921598.031494,185.14680862426758
5457,1745921598.2251484,182.969331741333
5458,1745921598.4189124,182.56497383117676
5459,1745921598.6124446,182.13701248168945
5460,1745921598.86951,246.02627754211426
5461,1745921599.064336,183.8066577911377
5462,1745921600.078287,nan
5463,1745921600.617648,528.5975933074951
5464,1745921600.8113804,183.20369720458984
5465,1745921601.0302918,208.38332176208496
5466,1745921601.2247481,183.28356742858887
5467,1745921601.4187787,183.0129623413086
5468,1745921601.6125247,182.7235221862793
5469,1745921601.8090625,185.51301956176758
5470,1745921602.0031023,183.52222442626953
5471,1745921602.1976998,183.34364891052246
5472,1745921602.391187,182.70325660705566
5473,1745921602.5864775,184.71384048461914
5474,1745921602.780034,183.00652503967285
5475,1745921603.0836942,292.5219535827637
5476,1745921603.3955586,301.46050453186035
5477,1745921603.6892655,282.53912925720215
5478,1745921603.8828444,182.57951736450195
5479,1745921604.0767875,182.92593955993652
5480,1745921604.2717545,184.25774574279785
5481,1745921604.4655898,183.30001831054688
5482,1745921604.658969,183.2261085510254
5483,1745921604.916832,246.82879447937012
5484,1745921605.1114075,183.59780311584473
5485,1745921605.304772,182.95717239379883
5486,1745921605.5073454,192.0022964477539
5487,1745921605.7024384,184.06295776367188
5488,1745921605.8974147,183.72225761413574
5489,1745921606.0926168,184.14783477783203
5490,1745921606.2874625,184.02695655822754
5491,1745921606.4813466,183.22134017944336
5492,1745921606.676049,183.75778198242188
5493,1745921606.870642,184.0653419494629
5494,1745921607.0666924,184.91458892822266
5495,1745921607.2605493,183.2747459411621
5496,1745921607.4565694,185.01710891723633
5497,1745921607.6497817,182.694673538208
5498,1745921607.8666432,205.62458038330078
5499,1745921608.0628161,185.67848205566406
5500,1745921608.2593396,185.7287883758545
5501,1745921608.452441,182.4319362640381
5502,1745921608.6496017,186.11931800842285
5503,1745921608.8472114,187.0894432067871
5504,1745921609.1118128,253.82757186889648
5505,1745921609.3054903,183.06398391723633
5506,1745921609.5003054,182.99579620361328
5507,1745921609.6935306,182.7256679534912
5508,1745921609.8875816,182.70564079284668
5509,1745921610.0805783,182.66534805297852
5510,1745921610.2749796,183.87985229492188
5511,1745921610.4687629,182.89732933044434
5512,1745921610.663112,183.33172798156738
5513,1745921610.9215765,247.93624877929688
5514,1745921611.1153271,183.16197395324707
5515,1745921611.311651,185.79554557800293
5516,1745921611.5045276,182.5547218322754
5517,1745921611.7785668,262.9730701446533
5518,1745921611.9720879,182.89422988891602
5519,1745921612.1676145,184.48233604431152
5520,1745921612.3612041,182.93094635009766
5521,1745921612.5545692,182.64269828796387
5522,1745921612.7475326,182.42216110229492
5523,1745921612.9468405,187.60347366333008
5524,1745921613.1423297,185.42218208312988
5525,1745921613.366696,213.14525604248047
5526,1745921613.5605717,183.34126472473145
5527,1745921613.7563572,184.46874618530273
5528,1745921613.9512036,184.27801132202148
5529,1745921614.1461604,184.36622619628906
5530,1745921614.3421166,185.26005744934082
5531,1745921614.6543021,301.13673210144043
5532,1745921614.9652898,299.9567985534668
5533,1745921615.2734404,297.58238792419434
5534,1745921615.5713623,286.8154048919678
5535,1745921615.7669566,184.3125820159912
5536,1745921615.9626117,184.64398384094238
5537,1745921616.1598406,186.3272190093994
5538,1745921616.3543468,183.81285667419434
5539,1745921616.5513976,186.01465225219727
5540,1745921616.7455437,183.48383903503418
5541,1745921616.9412096,184.49735641479492
5542,1745921617.2178245,266.36481285095215
5543,1745921617.4133976,184.5250129699707
5544,1745921617.6095338,185.65940856933594
5545,1745921617.804547,184.2949390411377
5546,1745921618.000787,185.5916976928711
5547,1745921618.1961205,184.2954158782959
5548,1745921618.4292555,221.88782691955566
5549,1745921618.6260264,185.06217002868652
5550,1745921619.6378984,nan
5551,1745921619.832816,184.36360359191895
5552,1745921620.0285542,184.79037284851074
5553,1745921620.2250385,184.83781814575195
5554,1745921620.4204848,184.77845191955566
5555,1745921620.6221788,190.66643714904785
5556,1745921620.817936,183.8669776916504
5557,1745921621.013046,184.05532836914062
5558,1745921621.2112384,186.61999702453613
5559,1745921621.4067197,184.9689483642578
5560,1745921621.6016872,184.4501495361328
5561,1745921621.7955384,182.72066116333008
5562,1745921621.9912467,184.67187881469727
5563,1745921622.1848605,183.4723949432373
5564,1745921622.3821504,186.25926971435547
5565,1745921622.5773616,184.68260765075684
5566,1745921622.7733307,185.4240894317627
5567,1745921622.9693902,185.42909622192383
5568,1745921623.1662924,186.2649917602539
5569,1745921623.3595839,182.84368515014648
5570,1745921623.5565927,185.9111785888672
5571,1745921623.7525177,184.81111526489258
5572,1745921623.9483218,185.23859977722168
5573,1745921624.1435242,184.13949012756348
5574,1745921624.3412135,186.66362762451172
5575,1745921624.571633,219.89011764526367
5576,1745921624.7687423,186.15365028381348
5577,1745921625.7876766,nan
5578,1745921625.983427,185.15324592590332
5579,1745921626.1778834,183.40063095092773
5580,1745921626.4285107,239.5780086517334
5581,1745921626.718197,278.7492275238037
5582,1745921626.9134157,184.11636352539062
5583,1745921627.1078088,183.85720252990723
5584,1745921627.3046083,185.75310707092285
5585,1745921627.501913,186.2781047821045
5586,1745921627.7467062,234.44342613220215
5587,1745921627.9430175,185.86206436157227
5588,1745921628.1401231,186.0523223876953
5589,1745921628.3354397,184.27395820617676
5590,1745921628.5315852,185.4856014251709
5591,1745921628.770009,228.2092571258545
5592,1745921628.9673054,186.0952377319336
5593,1745921629.9813395,nan
5594,1745921630.1762419,184.39126014709473
5595,1745921630.4188535,231.57501220703125
5596,1745921630.6137404,183.79759788513184
5597,1745921630.8081982,183.9292049407959
5598,1745921631.0044532,185.13011932373047
5599,1745921632.028117,nan
5600,1745921632.2266743,187.9889965057373
5601,1745921632.423659,186.26904487609863
5602,1745921632.6303108,195.61004638671875
5603,1745921632.8234706,182.57951736450195
5604,1745921633.0168593,182.24048614501953
5605,1745921633.2157478,187.62564659118652
5606,1745921633.409715,183.37297439575195
5607,1745921633.6038797,183.43520164489746
5608,1745921633.7982101,182.9524040222168
5609,1745921633.9904978,181.77008628845215
5610,1745921634.1853318,183.81595611572266
5611,1745921634.4187286,222.86367416381836
5612,1745921634.7271476,297.7595329284668
5613,1745921635.13037,392.5738334655762
5614,1745921635.323841,182.80959129333496
5615,1745921635.525066,190.37246704101562
5616,1745921635.7188277,182.7406883239746
5617,1745921635.9133987,183.8369369506836
5618,1745921636.10822,184.2029094696045
5619,1745921636.3012743,182.86728858947754
5620,1745921636.4949028,183.11333656311035
5621,1745921636.7227695,216.96019172668457
5622,1745921636.917397,183.5317611694336
5623,1745921637.1115735,183.5644245147705
5624,1745921637.3073494,185.1184368133545
5625,1745921637.5022767,184.12494659423828
5626,1745921637.6959012,182.85846710205078
5627,1745921637.9777124,271.4037895202637
5628,1745921638.1716654,182.91664123535156
5629,1745921638.3674126,184.7066879272461
5630,1745921638.5613935,183.55035781860352
5631,1745921638.7553694,182.93237686157227
5632,1745921638.9500012,183.86125564575195
5633,1745921639.2294788,267.70591735839844
5634,1745921639.543333,302.7610778808594
5635,1745921639.8425546,287.96958923339844
5636,1745921640.0360568,182.966947555542
5637,1745921640.230551,183.9902400970459
5638,1745921640.4295657,187.12615966796875
5639,1745921640.6246789,184.08703804016113
5640,1745921640.864631,228.86967658996582
5641,1745921641.058122,182.5089454650879
5642,1745921641.253053,182.54804611206055
5643,1745921641.448637,185.4269504547119
5644,1745921641.64273,183.3488941192627
5645,1745921641.836969,183.19010734558105
5646,1745921642.0299327,182.2836399078369
5647,1745921642.22411,182.82389640808105
5648,1745921642.4183486,183.70556831359863
5649,1745921642.677446,248.80099296569824
5650,1745921642.8713992,183.4280490875244
5651,1745921643.0680544,185.8677864074707
5652,1745921643.2627769,183.38298797607422
5653,1745921643.515354,241.55545234680176
5654,1745921643.7114224,184.9067211151123
5655,1745921643.905415,183.05683135986328
5656,1745921644.1024292,186.05685234069824
5657,1745921644.296939,183.49242210388184
5658,1745921644.5497942,241.83225631713867
5659,1745921644.7433197,183.00127983093262
5660,1745921644.9365187,182.67440795898438
5661,1745921645.130445,182.88064002990723
5662,1745921645.3683891,226.9136905670166
5663,1745921645.5618377,182.80959129333496
5664,1745921645.755775,183.23016166687012
5665,1745921646.781268,nan
5666,1745921646.9760294,184.2639446258545
5667,1745921647.169821,183.26330184936523
5668,1745921647.3649902,183.63428115844727
5669,1745921647.5589564,183.40206146240234
5670,1745921647.7526302,182.90281295776367
5671,1745921647.946306,182.59596824645996
5672,1745921648.1402535,182.95860290527344
5673,1745921648.334647,182.9817295074463
5674,1745921648.529063,183.38608741760254
5675,1745921648.7457004,205.5964469909668
5676,1745921648.939944,183.05587768554688
5677,1745921649.9568946,nan
5678,1745921650.1553686,187.9589557647705
5679,1745921650.3494673,183.00390243530273
5680,1745921650.596291,235.76974868774414
5681,1745921650.7914236,184.39984321594238
5682,1745921650.9865189,184.78989601135254
5683,1745921651.181569,183.67481231689453
5684,1745921651.3773293,184.70168113708496
5685,1745921651.6216493,233.59227180480957
5686,1745921651.81428,181.9775104522705
5687,1745921652.0106113,185.35566329956055
5688,1745921652.2057598,183.74896049499512
5689,1745921652.399487,183.09450149536133
5690,1745921652.6453576,234.8337173461914
5691,1745921652.8395817,183.2563877105713
5692,1745921653.0355396,184.7822666168213
5693,1745921653.2299285,183.71987342834473
5694,1745921653.4230518,182.86800384521484
5695,1745921653.6181884,183.98165702819824
5696,1745921653.8120499,183.27856063842773
5697,1745921654.0340586,210.74891090393066
5698,1745921654.228314,183.16888809204102
5699,1745921654.42246,183.13288688659668
5700,1745921654.6160908,182.96146392822266
5701,1745921654.8952312,268.5678005218506
5702,1745921655.2078357,301.78117752075195
5703,1745921655.5026903,283.5867404937744
5704,1745921655.6957922,182.4047565460205
5705,1745921655.8885932,182.0220947265625
5706,1745921656.084572,184.9684715270996
5707,1745921656.2788525,183.7301254272461
5708,1745921656.5290065,239.8700714111328
5709,1745921656.7230668,183.0132007598877
5710,1745921656.91761,183.98714065551758
5711,1745921657.1111994,181.89144134521484
5712,1745921657.3526602,230.2415370941162
5713,1745921657.5472662,183.6681365966797
5714,1745921657.7439363,186.1402988433838
5715,1745921657.936902,182.51585960388184
5716,1745921658.1316414,183.49909782409668
5717,1745921658.324843,182.9216480255127
5718,1745921658.518529,182.77883529663086
5719,1745921658.7915828,262.18199729919434
5720,1745921659.1014962,298.8414764404297
5721,1745921659.3965616,284.5327854156494
5722,1745921659.5898068,182.6498508453369
5723,1745921659.7850785,184.0527057647705
5724,1745921659.980383,184.2176914215088
5725,1745921660.1727495,182.0969581604004
5726,1745921660.3668275,182.82747268676758
5727,1745921660.5612013,183.06589126586914
5728,1745921660.7553773,183.75444412231445
5729,1745921661.0405796,274.67918395996094
5730,1745921661.3512528,299.37744140625
5731,1745921661.5452828,182.76476860046387
5732,1745921661.7385883,182.75952339172363
5733,1745921661.9343777,185.2707862854004
5734,1745921662.1287098,183.05158615112305
5735,1745921662.3232358,183.47740173339844
5736,1745921662.5169804,182.6457977294922
5737,1745921662.7105627,182.5430393218994
5738,1745921662.9052927,183.4733486175537
5739,1745921663.0993855,183.4712028503418
5740,1745921663.4032974,293.6067581176758
5741,1745921663.5978408,183.79974365234375
5742,1745921663.7937438,184.85236167907715
5743,1745921663.9891226,184.67307090759277
5744,1745921664.1828225,183.4719181060791
5745,1745921664.3768692,183.01963806152344
5746,1745921664.5712984,183.36105346679688
5747,1745921664.7662215,183.43162536621094
5748,1745921664.959873,183.11452865600586
5749,1745921665.1559687,183.73680114746094
5750,1745921665.3502774,183.7775707244873
5751,1745921665.5526013,191.8025016784668
5752,1745921665.747634,183.95352363586426
5753,1745921665.9427633,184.45825576782227
5754,1745921666.1358778,182.46912956237793
5755,1745921666.3313565,184.3552589416504
5756,1745921666.5818553,239.99595642089844
5757,1745921666.7755156,182.54756927490234
5758,1745921667.0391073,253.129243850708
5759,1745921667.2334628,183.73990058898926
5760,1745921667.426713,182.70349502563477
5761,1745921667.6215725,183.9911937713623
5762,1745921667.8152971,182.62171745300293
5763,1745921668.0083642,182.3291778564453
5764,1745921668.203256,183.8533878326416
5765,1745921668.397599,184.1256618499756
5766,1745921668.591782,182.9822063446045
5767,1745921668.786756,183.7451457977295
5768,1745921668.9797306,181.9307804107666
5769,1745921669.1749372,183.3329200744629
5770,1745921669.3685067,182.8305721282959
5771,1745921669.561409,182.3747158050537
5772,1745921669.7554927,182.9390525817871
5773,1745921670.0542748,287.74499893188477
5774,1745921670.2483861,183.08138847351074
5775,1745921670.4424658,183.84599685668945
5776,1745921670.636374,183.39276313781738
5777,1745921670.8313384,184.37528610229492
5778,1745921671.0787776,236.9101047515869
5779,1745921671.3872087,297.5172996520996
5780,1745921671.6866336,288.8925075531006
5781,1745921671.8805273,182.80386924743652
5782,1745921672.084269,192.8863525390625
5783,1745921672.2785,183.70938301086426
5784,1745921672.4721878,183.15958976745605
5785,1745921672.6667254,183.17055702209473
5786,1745921672.8616593,183.8982105255127
5787,1745921673.0561407,183.7165355682373
5788,1745921673.2539709,186.6929531097412
5789,1745921673.4796538,214.4324779510498
5790,1745921673.6766434,185.96482276916504
5791,1745921673.8711784,183.50625038146973
5792,1745921674.0665982,184.56077575683594
5793,1745921674.2600327,182.91783332824707
5794,1745921674.4536898,183.12358856201172
5795,1745921674.762738,298.5210418701172
5796,1745921675.0569594,283.59389305114746
5797,1745921675.2521923,183.84242057800293
5798,1745921675.4463322,183.5501194000244
5799,1745921675.6401432,183.04705619812012
5800,1745921675.8858268,234.66181755065918
5801,1745921676.079227,182.9354763031006
5802,1745921676.2725766,182.5268268585205
5803,1745921676.4671836,183.46476554870605
5804,1745921676.6640317,185.83393096923828
5805,1745921676.859658,184.22579765319824
5806,1745921677.0529912,182.88803100585938
5807,1745921677.3076158,244.1096305847168
5808,1745921677.50148,182.80601501464844
5809,1745921677.6946855,182.1601390838623
5810,1745921677.891349,185.48297882080078
5811,1745921678.0995164,197.63779640197754
5812,1745921678.2944906,183.92086029052734
5813,1745921678.4892774,184.2215061187744
5814,1745921678.683038,182.76691436767578
5815,1745921678.9619584,267.7121162414551
5816,1745921679.262586,290.0886535644531
5817,1745921679.4578485,183.26926231384277
5818,1745921680.4732118,nan
5819,1745921680.6783533,194.62347030639648
5820,1745921680.8713958,182.53350257873535
5821,1745921681.0673275,184.40937995910645
5822,1745921681.2605639,182.71231651306152
5823,1745921681.4546883,183.07232856750488
5824,1745921681.649354,183.00151824951172
5825,1745921681.9301894,269.9310779571533
5826,1745921682.1242485,182.91163444519043
5827,1745921682.3205924,185.26124954223633
5828,1745921682.5145073,183.7902069091797
5829,1745921682.707607,182.79433250427246
5830,1745921682.9004712,182.50560760498047
5831,1745921683.0948143,183.4709644317627
5832,1745921683.3523533,246.45638465881348
5833,1745921683.5468268,183.46238136291504
5834,1745921683.741187,183.62164497375488
5835,1745921683.9343824,182.41357803344727
5836,1745921684.1282997,182.6303005218506
5837,1745921684.3222315,182.81030654907227
5838,1745921684.5158052,183.29882621765137
5839,1745921684.7106643,183.8221549987793
5840,1745921684.9045053,183.25042724609375
5841,1745921685.2083442,293.03789138793945
5842,1745921685.4963071,277.0054340362549
5843,1745921685.6922984,184.9663257598877
5844,1745921685.8858473,182.57403373718262
5845,1745921686.0819013,185.03403663635254
5846,1745921686.2755964,183.09712409973145
5847,1745921686.4711745,184.5252513885498
5848,1745921686.7231836,240.85402488708496
5849,1745921686.9166672,182.9688549041748
5850,1745921687.112127,184.403657913208
5851,1745921687.3069897,183.77375602722168
5852,1745921687.501466,183.88652801513672
5853,1745921687.6966865,184.59200859069824
5854,1745921687.9733236,266.2158012390137
5855,1745921688.1676383,183.65979194641113
5856,1745921688.3614192,182.6496124267578
5857,1745921688.556856,183.99381637573242
5858,1745921688.749898,182.61218070983887
5859,1745921688.984438,224.00426864624023
5860,1745921689.1786761,183.18557739257812
5861,1745921689.3717475,182.42430686950684
5862,1745921689.5665636,183.66408348083496
5863,1745921689.7602491,182.6467514038086
5864,1745921689.9537268,182.94620513916016
5865,1745921690.1539397,189.1770362854004
5866,1745921690.3474345,182.9819679260254
5867,1745921690.63502,276.8983840942383
5868,1745921690.9433184,297.79982566833496
5869,1745921691.2513344,296.9019412994385
5870,1745921691.5245888,262.7227306365967
5871,1745921691.7177,182.5845241546631
5872,1745921691.912601,183.84814262390137
5873,1745921692.1088822,185.22000312805176
5874,1745921692.3029492,183.79831314086914
5875,1745921692.4962132,182.72781372070312
5876,1745921692.689399,182.67035484313965
5877,1745921692.9887767,288.34009170532227
5878,1745921693.2992697,299.9746799468994
5879,1745921693.493411,183.182954788208
5880,1745921693.6866198,182.68632888793945
5881,1745921693.8794682,182.09338188171387
5882,1745921694.073191,182.54542350769043
5883,1745921694.2665331,182.31487274169922
5884,1745921694.4609663,183.39800834655762
5885,1745921694.7165265,245.10717391967773
5886,1745921694.910354,182.59668350219727
5887,1745921695.1035056,182.62767791748047
5888,1745921695.2969885,182.56878852844238
5889,1745921695.497815,189.73183631896973
5890,1745921695.6922224,183.13837051391602
5891,1745921695.8852117,182.1599006652832
5892,1745921696.079946,183.71891975402832
5893,1745921696.2739856,182.98840522766113
5894,1745921696.467904,183.02369117736816
5895,1745921696.7140906,235.65411567687988
5896,1745921696.9087732,183.68244171142578
5897,1745921697.1041584,184.33475494384766
5898,1745921697.2974453,182.69872665405273
5899,1745921697.5091722,201.50995254516602
5900,1745921697.7042904,183.1057071685791
5901,1745921697.8999224,185.26482582092285
5902,1745921698.0928423,182.38568305969238
5903,1745921698.2869918,183.11643600463867
5904,1745921698.4814749,183.3651065826416
5905,1745921698.6789367,186.10405921936035
5906,1745921698.9322095,242.67101287841797
5907,1745921699.2435944,300.85253715515137
5908,1745921699.4378695,183.05063247680664
5909,1745921699.6324828,183.52866172790527
5910,1745921699.825683,182.53540992736816
5911,1745921700.0194075,182.37614631652832
5912,1745921700.2127717,182.31940269470215
5913,1745921700.4076202,183.8059425354004
5914,1745921700.656423,238.297700881958
5915,1745921700.8504164,183.37082862854004
5916,1745921701.043015,182.020902633667
5917,1745921701.237692,183.5010051727295
5918,1745921701.4830623,234.6646785736084
5919,1745921701.6761787,182.37614631652832
5920,1745921701.8696837,182.25717544555664
5921,1745921702.0640574,183.25185775756836
5922,1745921702.2589464,183.87293815612793
5923,1745921702.4530678,182.99245834350586
5924,1745921702.821841,358.23822021484375
5925,1745921703.016789,183.89391899108887
5926,1745921703.2115831,184.24463272094727
5927,1745921703.4046295,182.2655200958252
5928,1745921703.5981843,182.51466751098633
5929,1745921703.8400118,230.79514503479004
5930,1745921704.0348475,183.54487419128418
5931,1745921704.2289884,183.55846405029297
5932,1745921704.4225426,183.01033973693848
5933,1745921704.616025,182.89852142333984
5934,1745921704.8675342,240.45753479003906
5935,1745921705.1799796,301.81336402893066
5936,1745921705.4674094,275.9082317352295
5937,1745921705.6616771,183.31146240234375
5938,1745921705.855698,182.92880058288574
5939,1745921706.051239,184.41128730773926
5940,1745921706.244505,182.98983573913574
5941,1745921706.4394376,183.90130996704102
5942,1745921706.7157247,265.72370529174805
5943,1745921706.911649,185.5788230895996
5944,1745921707.105634,182.97815322875977
5945,1745921707.299694,183.00914764404297
5946,1745921707.6860993,375.873327255249
5947,1745921707.9177299,220.9928035736084
5948,1745921708.1133132,184.71837043762207
5949,1745921708.3067548,182.94501304626465
5950,1745921708.5013454,183.55536460876465
5951,1745921708.776966,264.9860382080078
5952,1745921709.0592551,271.5027332305908
5953,1745921709.2535295,183.74061584472656
5954,1745921709.446179,182.32011795043945
5955,1745921709.6405566,183.3329200744629
5956,1745921709.8360207,184.36932563781738
5957,1745921710.0846493,238.01040649414062
5958,1745921710.2782698,182.53469467163086
5959,1745921710.4791524,189.84460830688477
5960,1745921711.5023372,nan
5961,1745921712.5291214,nan
5962,1745921712.7237964,183.9747428894043
5963,1745921712.9173532,183.01868438720703
5964,1745921713.149241,221.1601734161377
5965,1745921713.3433132,183.00318717956543
5966,1745921713.5376968,183.427095413208
5967,1745921713.7312093,181.47969245910645
5968,1745921713.9266381,185.26530265808105
5969,1745921714.1211534,183.90393257141113
5970,1745921714.314288,182.73377418518066
5971,1745921714.5085142,183.7179660797119
5972,1745921714.8131957,294.0411567687988
5973,1745921715.110435,286.06200218200684
5974,1745921715.421879,300.3880977630615
5975,1745921715.7194436,287.0347499847412
5976,1745921715.9133365,183.23945999145508
5977,1745921716.1064723,182.31797218322754
5978,1745921716.300065,182.5277805328369
5979,1745921716.494699,183.58612060546875
5980,1745921716.7257757,220.5488681793213
5981,1745921716.9202669,183.4256649017334
5982,1745921717.1154864,184.25798416137695
5983,1745921717.3096666,183.59947204589844
5984,1745921717.5477877,226.99260711669922
5985,1745921717.7432883,184.48352813720703
5986,1745921717.9384992,184.55767631530762
5987,1745921718.1326594,184.07607078552246
5988,1745921718.3268268,183.12740325927734
5989,1745921718.521268,184.35287475585938
5990,1745921718.7164881,183.81071090698242
5991,1745921718.9106276,182.93285369873047
5992,1745921719.1040282,182.96432495117188
5993,1745921719.4068923,292.3393249511719
5994,1745921719.716337,298.7060546875
5995,1745921720.0294628,302.6864528656006
5996,1745921720.2232308,183.07256698608398
5997,1745921720.416688,182.8439235687256
5998,1745921720.6097052,182.23953247070312
5999,1745921720.8042634,183.43114852905273
6000,1745921720.9986708,183.74276161193848
