1,1745931107.7674015,186.18464469909668
2,1745931107.9653063,186.5701675415039
3,1745931108.16213,185.36663055419922
4,1745931108.3590558,186.43665313720703
5,1745931108.5575092,187.93749809265137
6,1745931108.7560186,187.33501434326172
7,1745931108.9538872,186.7351531982422
8,1745931109.1506898,185.82892417907715
9,1745931109.3493226,187.46161460876465
10,1745931109.545221,184.87191200256348
11,1745931109.7439294,187.63017654418945
12,1745931109.9406714,185.5487823486328
13,1745931110.1384268,186.83815002441406
14,1745931110.336069,186.23638153076172
15,1745931110.5317512,185.17255783081055
16,1745931110.7290602,186.2485408782959
17,1745931110.925194,185.17684936523438
18,1745931111.1241746,188.2152557373047
19,1745931111.3209684,186.3248348236084
20,1745931111.5185285,186.86294555664062
21,1745931111.7202885,191.237211227417
22,1745931111.9205859,189.09192085266113
23,1745931112.9397624,nan
24,1745931113.1381226,187.83092498779297
25,1745931113.3350515,186.03754043579102
26,1745931113.5323477,186.26689910888672
27,1745931113.7311168,187.1030330657959
28,1745931113.9270747,184.79037284851074
29,1745931114.1217744,183.82978439331055
30,1745931114.3184435,185.41741371154785
31,1745931115.3425214,nan
32,1745931115.547233,194.18907165527344
33,1745931115.7416148,183.85004997253418
34,1745931116.7586064,nan
35,1745931116.9624279,193.28880310058594
36,1745931117.1612003,187.1957778930664
37,1745931117.3608873,187.7286434173584
38,1745931117.55826,186.8739128112793
39,1745931117.7550764,186.10882759094238
40,1745931117.953815,187.8948211669922
41,1745931118.1479719,183.6237907409668
42,1745931118.3470962,188.07435035705566
43,1745931118.5428813,185.3046417236328
44,1745931118.7403276,186.89799308776855
45,1745931118.9366503,185.5175495147705
46,1745931119.1397367,191.79201126098633
47,1745931119.3363166,186.03777885437012
48,1745931120.3611422,nan
49,1745931120.5569372,185.17208099365234
50,1745931120.7539303,186.65552139282227
51,1745931120.95072,186.0959529876709
52,1745931121.1451728,184.17859077453613
53,1745931121.3439634,187.87837028503418
54,1745931121.540587,185.563325881958
55,1745931121.7374249,186.3081455230713
56,1745931121.9330385,184.59510803222656
57,1745931122.129221,184.85093116760254
58,1745931122.3253434,184.6623420715332
59,1745931122.522174,185.0759983062744
60,1745931122.719562,186.7532730102539
61,1745931122.917017,187.0136260986328
62,1745931123.1156976,187.5903606414795
63,1745931123.313139,186.98787689208984
64,1745931123.5120466,188.06171417236328
65,1745931123.7092063,186.6476535797119
66,1745931123.9058902,186.0654354095459
67,1745931124.1026795,186.25831604003906
68,1745931125.11399,nan
69,1745931126.133298,nan
70,1745931126.3311205,186.9344711303711
71,1745931126.75632,414.2298698425293
72,1745931126.9514651,183.92229080200195
73,1745931127.1496966,187.07728385925293
74,1745931127.3453994,185.16159057617188
75,1745931127.5427032,186.26880645751953
76,1745931128.5692053,nan
77,1745931129.5949087,nan
78,1745931129.7966208,191.40887260437012
79,1745931129.995142,187.46566772460938
80,1745931130.1916518,185.49394607543945
81,1745931130.3899288,187.02101707458496
82,1745931130.5930395,192.33965873718262
83,1745931130.790287,185.97722053527832
84,1745931130.9881098,186.97738647460938
85,1745931131.1857374,186.83147430419922
86,1745931131.3841321,186.68699264526367
87,1745931131.5800278,185.5642795562744
88,1745931131.774827,184.28897857666016
89,1745931131.970003,184.08727645874023
90,1745931132.9942646,nan
91,1745931133.192016,187.07847595214844
92,1745931133.3870234,184.44466590881348
93,1745931133.5843601,186.25926971435547
94,1745931133.7810483,185.6405735015869
95,1745931133.9780798,186.51914596557617
96,1745931134.1754923,186.8577003479004
97,1745931134.3718655,185.36019325256348
98,1745931134.5689754,186.33270263671875
99,1745931134.7641964,184.10086631774902
100,1745931134.961997,186.5212917327881
101,1745931135.161268,188.25840950012207
102,1745931135.3618326,189.86010551452637
103,1745931135.5585635,185.64271926879883
104,1745931135.756217,186.63263320922852
105,1745931135.9552398,188.00830841064453
106,1745931136.1527553,186.74492835998535
107,1745931136.3501532,186.87820434570312
108,1745931136.548079,187.40105628967285
109,1745931136.7461581,187.26539611816406
110,1745931136.9553313,198.41909408569336
111,1745931137.1526854,186.8128776550293
112,1745931137.3502603,186.65146827697754
113,1745931137.5460682,185.19067764282227
114,1745931138.5609884,nan
115,1745931138.7594838,187.9708766937256
116,1745931139.7851946,nan
117,1745931139.981738,185.7895851135254
118,1745931140.1789522,185.84299087524414
119,1745931140.3761344,186.5544319152832
120,1745931140.5734224,186.2633228302002
121,1745931140.7704506,186.46621704101562
122,1745931140.968201,187.0901584625244
123,1745931141.1709573,191.7271614074707
124,1745931141.3687873,185.8055591583252
125,1745931142.3876333,nan
126,1745931142.598278,200.1039981842041
127,1745931143.6224113,nan
128,1745931143.8202832,187.35003471374512
129,1745931144.017823,186.4917278289795
130,1745931144.214089,186.10405921936035
131,1745931144.410408,185.73427200317383
132,1745931144.606483,185.62817573547363
133,1745931144.8024983,184.85236167907715
134,1745931145.005461,191.61009788513184
135,1745931145.2017734,186.08880043029785
136,1745931145.400206,187.38055229187012
137,1745931145.6075938,196.45237922668457
138,1745931145.8051608,187.20173835754395
139,1745931146.0013194,185.42718887329102
140,1745931146.1981947,186.25164031982422
141,1745931146.396475,186.6464614868164
142,1745931146.5953019,187.5004768371582
143,1745931146.7919586,186.0344409942627
144,1745931146.9889722,185.8994960784912
145,1745931147.1852634,185.16874313354492
146,1745931147.3843458,187.55531311035156
147,1745931147.580123,185.3923797607422
148,1745931148.5972304,nan
149,1745931148.7939024,185.82439422607422
150,1745931148.9896169,184.66758728027344
151,1745931149.1889944,188.0648136138916
152,1745931149.3849587,185.0428581237793
153,1745931149.5827186,186.6621971130371
154,1745931149.7803564,186.60306930541992
155,1745931149.9774733,186.61022186279297
156,1745931150.1741955,186.17820739746094
157,1745931151.1902936,nan
158,1745931151.3875813,186.92255020141602
159,1745931151.588727,190.54579734802246
160,1745931151.7867365,187.47997283935547
161,1745931151.9827442,184.30495262145996
162,1745931152.1812944,187.03198432922363
163,1745931152.3770802,185.0271224975586
164,1745931152.5739934,185.29462814331055
165,1745931152.7730565,188.0335807800293
166,1745931152.9715445,187.8502368927002
167,1745931153.1670127,184.8762035369873
168,1745931153.3662093,188.06815147399902
169,1745931153.5631607,186.41281127929688
170,1745931153.760034,186.27119064331055
171,1745931153.9580543,187.49690055847168
172,1745931154.969083,nan
173,1745931155.166529,186.88344955444336
174,1745931155.3641534,187.11161613464355
175,1745931155.562579,187.1480941772461
176,1745931155.7609148,186.812162399292
177,1745931155.9576533,185.71972846984863
178,1745931156.1563745,188.21096420288086
179,1745931156.352368,185.22357940673828
180,1745931157.373881,nan
181,1745931157.5719771,187.31689453125
182,1745931157.7693555,186.5215301513672
183,1745931157.9661942,186.30528450012207
184,1745931158.1639106,186.48195266723633
185,1745931159.1813772,nan
186,1745931159.3796751,187.79635429382324
187,1745931159.57743,186.56659126281738
188,1745931159.7741873,185.73594093322754
189,1745931159.9724631,186.67030334472656
190,1745931160.1696434,186.5847110748291
191,1745931160.3664844,185.80031394958496
192,1745931160.5708003,193.27235221862793
193,1745931160.7681801,187.0110034942627
194,1745931160.965076,186.0179901123047
195,1745931161.1616826,185.44411659240723
196,1745931162.1779928,nan
197,1745931162.3757875,187.1340274810791
198,1745931162.5717852,185.5611801147461
199,1745931163.5941374,nan
200,1745931163.791105,186.16890907287598
201,1745931163.9874072,185.26935577392578
202,1745931164.184965,186.89298629760742
203,1745931164.3824062,186.92898750305176
204,1745931164.5793655,185.87398529052734
205,1745931164.775349,184.87954139709473
206,1745931164.9739342,187.3793601989746
207,1745931165.171498,187.04938888549805
208,1745931165.3681474,185.5909824371338
209,1745931165.5671456,187.8950595855713
210,1745931166.5863402,nan
211,1745931166.783154,186.39898300170898
212,1745931166.980774,186.49959564208984
213,1745931167.1772134,185.5452060699463
214,1745931167.3721614,184.4789981842041
215,1745931167.5776443,193.43948364257812
216,1745931167.772717,185.01830101013184
217,1745931168.7910275,nan
218,1745931169.8168333,nan
219,1745931170.0124397,185.09769439697266
220,1745931170.210028,186.07282638549805
221,1745931170.4098508,189.29505348205566
222,1745931170.6049917,184.62157249450684
223,1745931170.8019702,186.02395057678223
224,1745931171.0000937,187.2239112854004
225,1745931171.1971614,186.16962432861328
226,1745931171.3917613,184.07344818115234
227,1745931171.5870016,184.04865264892578
228,1745931171.782147,184.10372734069824
229,1745931171.9849293,191.7436122894287
230,1745931172.1809318,185.06407737731934
231,1745931172.378173,186.72537803649902
232,1745931173.4050272,nan
233,1745931173.6028466,187.23368644714355
234,1745931173.7989428,185.5771541595459
235,1745931173.9958758,185.65750122070312
236,1745931174.192922,186.3999366760254
237,1745931174.3896325,186.1886978149414
238,1745931174.5910594,190.40584564208984
239,1745931174.7889009,186.9220733642578
240,1745931174.9841962,184.3106746673584
241,1745931175.1808732,186.09046936035156
242,1745931175.3765345,184.8599910736084
243,1745931175.5799654,192.96932220458984
244,1745931175.7764006,185.91856956481934
245,1745931175.9742398,186.77163124084473
246,1745931176.1713483,186.56063079833984
247,1745931176.367392,185.51349639892578
248,1745931176.5625775,184.63945388793945
249,1745931176.7681265,194.01860237121582
250,1745931176.964424,185.6544017791748
251,1745931177.1593926,184.44347381591797
252,1745931177.3565152,186.07425689697266
253,1745931177.554107,186.5708827972412
254,1745931177.7510688,186.3844394683838
255,1745931177.9469392,184.6623420715332
256,1745931178.149683,191.58411026000977
257,1745931178.3483505,187.6211166381836
258,1745931178.5446465,185.4989528656006
259,1745931178.741764,185.56809425354004
260,1745931178.9364808,184.19361114501953
261,1745931179.1340754,186.19155883789062
262,1745931179.329376,184.7684383392334
263,1745931179.5263505,185.807466506958
264,1745931179.7280147,190.42134284973145
265,1745931179.9238951,184.706449508667
266,1745931180.1192958,184.25273895263672
267,1745931180.3143563,184.53550338745117
268,1745931180.5077639,182.87324905395508
269,1745931180.7028465,183.95233154296875
270,1745931180.8968914,182.8608512878418
271,1745931181.0941517,186.1746311187744
272,1745931181.287719,183.38847160339355
273,1745931181.485184,186.51080131530762
274,1745931181.6802502,184.1294765472412
275,1745931181.8741126,183.27927589416504
276,1745931182.0686302,183.46166610717773
277,1745931182.2677298,187.9899501800537
278,1745931182.4634643,185.0743293762207
279,1745931182.6655824,190.66452980041504
280,1745931182.862411,186.6457462310791
281,1745931183.0630856,188.83681297302246
282,1745931183.2589364,184.63587760925293
283,1745931183.4540951,184.63921546936035
284,1745931183.6491542,184.52119827270508
285,1745931183.844272,183.9759349822998
286,1745931184.0376801,182.88850784301758
287,1745931184.23295,184.25297737121582
288,1745931184.428314,184.6311092376709
289,1745931184.6248472,185.48893928527832
290,1745931184.8196456,184.55862998962402
291,1745931185.0191953,187.50810623168945
292,1745931185.214932,184.7217082977295
293,1745931185.412456,186.476469039917
294,1745931185.610961,186.204195022583
295,1745931185.805798,184.75770950317383
296,1745931186.0006168,184.09013748168945
297,1745931186.1978576,186.83743476867676
298,1745931186.3938599,184.08560752868652
299,1745931186.5888798,184.78775024414062
300,1745931186.7829182,183.02345275878906
301,1745931186.9790778,185.1365566253662
302,1745931187.1803043,190.54293632507324
303,1745931187.3760347,184.68236923217773
304,1745931187.5731978,186.93113327026367
305,1745931188.5906749,nan
306,1745931188.7886617,187.47448921203613
307,1745931188.9868774,187.05034255981445
308,1745931189.1814346,183.44926834106445
309,1745931189.3759162,183.44783782958984
310,1745931189.57297,186.16557121276855
311,1745931189.7691314,185.12439727783203
312,1745931189.965687,185.01782417297363
313,1745931190.16127,185.05001068115234
314,1745931190.355533,182.98101425170898
315,1745931190.5582254,192.62051582336426
316,1745931190.7532258,183.4738254547119
317,1745931190.949908,185.7450008392334
318,1745931191.147398,186.8135929107666
319,1745931191.3431869,184.42845344543457
320,1745931191.5394409,185.22405624389648
321,1745931191.7355509,184.96370315551758
322,1745931191.9293044,182.69634246826172
323,1745931192.1247468,184.56006050109863
324,1745931192.320178,184.75818634033203
325,1745931192.5148578,184.01432037353516
326,1745931192.7122524,186.05875968933105
327,1745931192.9071586,184.38005447387695
328,1745931193.102345,184.51547622680664
329,1745931193.300517,186.75708770751953
330,1745931193.4953127,183.66289138793945
331,1745931193.6931245,186.63668632507324
332,1745931193.890464,186.74659729003906
333,1745931194.0860271,184.5376491546631
334,1745931194.2828832,186.12360954284668
335,1745931194.479367,186.02490425109863
336,1745931194.6845965,194.72193717956543
337,1745931194.8809252,185.06932258605957
338,1745931195.076641,184.8464012145996
339,1745931195.2746234,187.14404106140137
340,1745931195.4739068,188.17996978759766
341,1745931195.672134,187.63184547424316
342,1745931195.8683178,185.63103675842285
343,1745931196.0655386,186.67292594909668
344,1745931196.2628012,186.2471103668213
345,1745931196.4593647,186.00988388061523
346,1745931196.6576684,187.74032592773438
347,1745931197.6784754,nan
348,1745931197.8748584,185.8208179473877
349,1745931198.0784025,192.37565994262695
350,1745931198.2739406,184.9815845489502
351,1745931198.4684038,183.3806037902832
352,1745931198.6645114,184.8289966583252
353,1745931198.8674474,192.8553581237793
354,1745931199.0623207,183.9277744293213
355,1745931199.2579217,184.54575538635254
356,1745931199.4559743,186.74063682556152
357,1745931199.6543536,187.33811378479004
358,1745931199.8503056,184.88240242004395
359,1745931200.0481737,187.33882904052734
360,1745931200.2441044,184.89694595336914
361,1745931200.4391263,183.3810806274414
362,1745931200.635885,186.25640869140625
363,1745931200.8310282,184.12446975708008
364,1745931201.0311754,188.81464004516602
365,1745931201.2296035,187.5767707824707
366,1745931201.4240308,183.4127902984619
367,1745931201.6211221,186.06853485107422
368,1745931201.816845,184.72790718078613
369,1745931202.0120873,184.22937393188477
370,1745931202.207931,185.22977828979492
371,1745931202.4045706,185.56857109069824
372,1745931202.6010067,185.92000007629395
373,1745931202.8005493,187.9286766052246
374,1745931202.9977682,186.00082397460938
375,1745931203.2008092,191.98369979858398
376,1745931203.4011793,189.7268295288086
377,1745931203.6066344,194.51594352722168
378,1745931203.8058608,188.68780136108398
379,1745931204.0015879,184.30829048156738
380,1745931204.1985934,186.46907806396484
381,1745931204.3971224,187.49547004699707
382,1745931204.5943086,186.35964393615723
383,1745931204.7992446,193.7565803527832
384,1745931204.9963348,186.02585792541504
385,1745931205.193135,185.7314109802246
386,1745931205.3894718,185.43434143066406
387,1745931205.595193,194.93889808654785
388,1745931205.7966099,190.91415405273438
389,1745931206.0150359,207.9155445098877
390,1745931206.211963,186.2778663635254
391,1745931206.4109035,188.54141235351562
392,1745931206.6060681,184.6323013305664
393,1745931206.803218,185.72402000427246
394,1745931206.9993105,185.5757236480713
395,1745931207.1964588,186.0966682434082
396,1745931207.3927886,185.93430519104004
397,1745931207.6091995,206.32505416870117
398,1745931207.807286,187.05010414123535
399,1745931208.0011322,183.0897331237793
400,1745931208.2062614,193.57991218566895
401,1745931208.4038904,185.6098175048828
402,1745931208.6069841,192.56186485290527
403,1745931208.8025308,184.80825424194336
404,1745931209.0075042,193.6337947845459
405,1745931209.2230854,203.5374641418457
406,1745931209.4192097,185.78243255615234
407,1745931209.618706,188.0781650543213
408,1745931210.6452599,nan
409,1745931210.8475142,191.63107872009277
410,1745931211.077351,219.29168701171875
411,1745931211.2720783,183.3651065826416
412,1745931211.4685454,185.42838096618652
413,1745931211.6678913,188.36092948913574
414,1745931211.8619978,183.37130546569824
415,1745931212.0576892,184.7999095916748
416,1745931212.2537892,184.9064826965332
417,1745931212.4505072,185.65058708190918
418,1745931212.6620595,200.5178928375244
419,1745931212.8620439,189.5124912261963
420,1745931213.060739,187.6530647277832
421,1745931213.255034,183.17484855651855
422,1745931213.4486277,182.9092502593994
423,1745931213.6458974,186.23995780944824
424,1745931213.8416617,184.51619148254395
425,1745931214.0370421,184.859037399292
426,1745931214.2372124,188.9631748199463
427,1745931214.4369693,188.78912925720215
428,1745931214.6299698,182.36780166625977
429,1745931214.8270915,186.28191947937012
430,1745931215.0261004,187.96253204345703
431,1745931215.2279518,190.5837059020996
432,1745931215.4258053,186.71488761901855
433,1745931215.621224,184.80873107910156
434,1745931215.8209045,189.14318084716797
435,1745931216.0159385,184.3264102935791
436,1745931216.21077,184.13543701171875
437,1745931216.411379,189.5899772644043
438,1745931216.6164057,193.4680938720703
439,1745931216.8140984,187.17098236083984
440,1745931217.010803,185.6536865234375
441,1745931217.2084243,187.11113929748535
442,1745931217.4051497,186.41996383666992
443,1745931217.6120858,195.9071159362793
444,1745931217.8096538,186.94114685058594
445,1745931218.005444,185.17494201660156
446,1745931218.2006776,184.6902370452881
447,1745931218.39553,184.25631523132324
448,1745931218.5924213,185.50920486450195
449,1745931218.7906759,186.7218017578125
450,1745931218.9867523,185.05549430847168
451,1745931219.1839826,186.4628791809082
452,1745931219.382096,187.3166561126709
453,1745931219.5817866,188.4329319000244
454,1745931219.7774904,184.69500541687012
455,1745931219.974073,185.1663589477539
456,1745931220.1691206,184.4160556793213
457,1745931220.3641286,183.94088745117188
458,1745931221.3886068,nan
459,1745931221.5851197,186.2354278564453
460,1745931221.7825015,186.33604049682617
461,1745931221.984642,190.55509567260742
462,1745931222.1790328,183.85744094848633
463,1745931222.3728888,182.88660049438477
464,1745931222.5753887,191.08152389526367
465,1745931222.7724102,185.6670379638672
466,1745931222.9681673,185.21571159362793
467,1745931223.1647801,186.0339641571045
468,1745931223.358425,183.46166610717773
469,1745931223.5527146,183.20655822753906
470,1745931223.7485487,184.31520462036133
471,1745931223.9449708,185.38522720336914
472,1745931224.1395125,184.03124809265137
473,1745931224.3372731,186.68389320373535
474,1745931224.5352328,186.97047233581543
475,1745931224.7324636,186.73110008239746
476,1745931224.9276638,184.6766471862793
477,1745931225.122842,184.13686752319336
478,1745931225.3184967,184.60845947265625
479,1745931225.515009,186.09094619750977
480,1745931225.7114012,184.2355728149414
481,1745931225.907037,185.45985221862793
482,1745931226.1076038,189.55111503601074
483,1745931226.3017938,183.65955352783203
484,1745931226.4976587,185.3640079498291
485,1745931226.693977,185.3499412536621
486,1745931226.890194,185.08100509643555
487,1745931227.0859492,185.09721755981445
488,1745931227.2845385,188.33494186401367
489,1745931227.4852612,190.17624855041504
490,1745931228.5063047,nan
491,1745931228.7011352,184.2935085296631
492,1745931228.8967202,184.9350929260254
493,1745931229.0924432,185.18853187561035
494,1745931229.2902129,186.73300743103027
495,1745931230.3063798,nan
496,1745931230.5018425,184.9386692047119
497,1745931230.6961858,183.83073806762695
498,1745931230.8910995,183.72797966003418
499,1745931231.0863671,184.0531826019287
500,1745931231.2839737,186.59186363220215
501,1745931231.480457,185.87422370910645
502,1745931231.6780257,186.7973804473877
503,1745931231.8725636,184.03172492980957
504,1745931232.067508,184.42082405090332
505,1745931232.2650769,186.85388565063477
506,1745931232.4610035,184.71574783325195
507,1745931232.656472,184.9539279937744
508,1745931232.8537464,186.24544143676758
509,1745931233.0508015,186.4907741546631
510,1745931233.2469978,184.57770347595215
511,1745931233.4529226,194.42319869995117
512,1745931233.650037,186.05422973632812
513,1745931233.8454416,184.8914623260498
514,1745931234.0406463,183.08043479919434
515,1745931234.23504,183.84885787963867
516,1745931234.4311402,184.8311424255371
517,1745931234.6253076,183.58516693115234
518,1745931234.8213317,184.9808692932129
519,1745931235.0151045,182.7561855316162
520,1745931235.2087157,183.09807777404785
521,1745931235.4024441,183.14266204833984
522,1745931235.604288,190.65070152282715
523,1745931235.8075578,192.2287940979004
524,1745931236.0013638,182.7564239501953
525,1745931236.1981292,185.6405735015869
526,1745931236.3924625,183.8068962097168
527,1745931236.5879896,183.98451805114746
528,1745931236.787937,188.67993354797363
529,1745931236.982378,183.9299201965332
530,1745931237.181107,188.13538551330566
531,1745931237.3762658,184.5555305480957
532,1745931237.5800302,193.4969425201416
533,1745931237.7863793,195.29223442077637
534,1745931237.9833634,185.9567165374756
535,1745931238.178957,185.02426147460938
536,1745931238.3748462,184.84210968017578
537,1745931238.572191,186.39135360717773
538,1745931238.7679331,184.65566635131836
539,1745931238.9631362,184.18312072753906
540,1745931239.1598341,185.6710910797119
541,1745931239.3561695,184.31520462036133
542,1745931239.5522587,185.07623672485352
543,1745931239.7503557,187.2885227203369
544,1745931239.9451923,184.03863906860352
545,1745931240.1380987,182.13915824890137
546,1745931240.3327417,183.02130699157715
547,1745931240.531377,187.6053810119629
548,1745931240.7262921,184.44085121154785
549,1745931240.9231558,186.29860877990723
550,1745931241.1185088,184.8471164703369
551,1745931241.3152628,185.59575080871582
552,1745931241.513005,186.7678165435791
553,1745931241.7081418,184.5383644104004
554,1745931241.9052618,185.94813346862793
555,1745931242.1042337,188.33303451538086
556,1745931242.300722,185.92596054077148
557,1745931242.499059,188.13514709472656
558,1745931242.697642,187.68692016601562
559,1745931242.8923159,184.1418743133545
560,1745931243.08937,185.88900566101074
561,1745931243.2849097,184.3092441558838
562,1745931243.4803843,184.21387672424316
563,1745931243.6788752,187.44158744812012
564,1745931243.8748953,185.32943725585938
565,1745931244.0706842,185.49847602844238
566,1745931244.267859,186.63406372070312
567,1745931244.4640515,185.19020080566406
568,1745931244.6609468,186.36822700500488
569,1745931244.8554049,183.92395973205566
570,1745931245.0527885,186.39039993286133
571,1745931245.249589,185.75167655944824
572,1745931245.4446003,183.85863304138184
573,1745931245.642587,186.65409088134766
574,1745931245.8397915,186.63835525512695
575,1745931246.0397856,189.50414657592773
576,1745931246.2357404,185.50920486450195
577,1745931246.4324768,185.70947647094727
578,1745931246.6297333,186.232328414917
579,1745931246.8248181,184.0670108795166
580,1745931247.0200243,184.15093421936035
581,1745931247.2169013,185.86087226867676
582,1745931247.414048,186.52057647705078
583,1745931247.6100276,185.40167808532715
584,1745931247.8063462,185.38641929626465
585,1745931248.0113313,194.3650245666504
586,1745931248.2090707,186.69772148132324
587,1745931248.4063857,186.21516227722168
588,1745931248.6025722,185.1637363433838
589,1745931248.7968326,183.66360664367676
590,1745931248.9943523,186.2342357635498
591,1745931249.1898644,184.05795097351074
592,1745931249.3853695,184.47637557983398
593,1745931249.5825436,186.16294860839844
594,1745931249.778759,184.62610244750977
595,1745931249.9731207,183.349609375
596,1745931250.1673925,183.25304985046387
597,1745931250.3665621,188.6610984802246
598,1745931250.5700536,192.48104095458984
599,1745931250.7661757,185.14084815979004
600,1745931250.961668,184.95464324951172
601,1745931251.1591396,186.9361400604248
602,1745931251.3558536,186.19132041931152
603,1745931251.551626,185.20545959472656
604,1745931251.7494476,186.76018714904785
605,1745931251.9453812,185.60194969177246
606,1745931252.141439,185.56499481201172
607,1745931252.335924,183.46166610717773
608,1745931252.5328014,186.0511302947998
609,1745931252.7356324,191.79630279541016
610,1745931252.93126,185.10961532592773
611,1745931253.127171,184.97133255004883
612,1745931253.3239005,186.50174140930176
613,1745931253.5211034,186.04278564453125
614,1745931253.71829,185.45985221862793
615,1745931253.9143667,185.3477954864502
616,1745931254.111059,186.33460998535156
617,1745931254.305917,184.16810035705566
618,1745931254.501366,184.33189392089844
619,1745931254.697771,185.20689010620117
620,1745931254.89203,183.67934226989746
621,1745931255.0893388,186.26761436462402
622,1745931255.2870932,186.71751022338867
623,1745931255.4858541,188.02142143249512
624,1745931255.682291,186.11478805541992
625,1745931255.8780758,185.26434898376465
626,1745931256.0738199,184.68189239501953
627,1745931256.2698467,184.89432334899902
628,1745931256.466203,185.09483337402344
629,1745931256.6643045,187.04533576965332
630,1745931256.8596637,183.7754249572754
631,1745931257.0568779,186.67173385620117
632,1745931257.2540846,186.5999698638916
633,1745931257.449898,185.57333946228027
634,1745931257.6446192,184.1897964477539
635,1745931257.844126,188.22312355041504
636,1745931258.0487332,193.1769847869873
637,1745931258.2457528,185.95147132873535
638,1745931258.4400563,183.22491645812988
639,1745931258.638827,187.58392333984375
640,1745931258.836373,187.00528144836426
641,1745931259.0302978,183.58969688415527
642,1745931260.0488405,nan
643,1745931260.2455184,186.07783317565918
644,1745931260.441466,184.73052978515625
645,1745931260.637531,185.0893497467041
646,1745931260.8327491,184.18455123901367
647,1745931261.027672,184.10563468933105
648,1745931261.2216966,183.4864616394043
649,1745931261.4140234,181.91170692443848
650,1745931261.607469,182.42263793945312
651,1745931261.804531,186.00797653198242
652,1745931262.0001972,184.1440200805664
653,1745931262.1959953,185.62722206115723
654,1745931262.3918586,185.2719783782959
655,1745931262.58848,185.4689121246338
656,1745931262.784172,184.85140800476074
657,1745931262.9857116,190.84882736206055
658,1745931263.1818485,185.09387969970703
659,1745931263.3768084,183.9606761932373
660,1745931263.572303,184.48233604431152
661,1745931263.7699952,186.3400936126709
662,1745931263.9652557,184.48352813720703
663,1745931264.161657,185.88900566101074
664,1745931264.3639863,191.28942489624023
665,1745931264.560637,185.26387214660645
666,1745931264.7564836,185.26291847229004
667,1745931264.9561157,188.60459327697754
668,1745931265.151755,184.76605415344238
669,1745931265.347932,185.13822555541992
670,1745931265.552829,194.47827339172363
671,1745931265.7490044,185.52160263061523
672,1745931265.9447422,184.57531929016113
673,1745931266.141099,185.33968925476074
674,1745931266.3357277,184.0505599975586
675,1745931266.5318644,184.5545768737793
676,1745931266.7299168,186.78021430969238
677,1745931266.9258614,184.81874465942383
678,1745931267.1229532,186.71607971191406
679,1745931267.3173194,183.78853797912598
680,1745931267.5139775,185.57119369506836
681,1745931267.7112586,186.262845993042
682,1745931267.909369,186.82098388671875
683,1745931268.1049287,184.80539321899414
684,1745931268.3177147,201.27081871032715
685,1745931268.5127678,184.81063842773438
686,1745931268.710561,186.74159049987793
687,1745931268.9162393,194.5056915283203
688,1745931269.1131878,185.9583854675293
689,1745931269.3071334,183.16936492919922
690,1745931269.5023022,184.3585968017578
691,1745931269.7004018,186.5675449371338
692,1745931269.8976486,186.0029697418213
693,1745931270.0982456,189.47625160217285
694,1745931270.3389025,229.63285446166992
695,1745931270.5354939,185.55498123168945
696,1745931270.7303426,184.35955047607422
697,1745931270.9270031,185.6238842010498
698,1745931271.124646,186.6741180419922
699,1745931271.3178523,182.9085350036621
700,1745931271.5144715,186.1104965209961
701,1745931271.7097647,184.706449508667
702,1745931271.9051363,184.8595142364502
703,1745931272.101944,185.79816818237305
704,1745931272.297015,184.0074062347412
705,1745931272.4912772,183.67934226989746
706,1745931272.6920633,189.83697891235352
707,1745931272.8887994,186.20753288269043
708,1745931273.089222,189.3618106842041
709,1745931273.2824085,182.61957168579102
710,1745931273.4810362,187.0708465576172
711,1745931273.6751428,183.14504623413086
712,1745931273.8724914,186.19322776794434
713,1745931274.0677705,184.68284606933594
714,1745931274.2626371,184.340238571167
715,1745931274.4590683,184.91196632385254
716,1745931274.6558917,186.31720542907715
717,1745931274.8527718,185.35232543945312
718,1745931275.0483682,185.06669998168945
719,1745931275.2453885,186.50007247924805
720,1745931275.4411194,185.1975917816162
721,1745931275.6381195,185.4541301727295
722,1745931275.8349242,185.77122688293457
723,1745931276.032376,185.8689785003662
724,1745931276.2277942,184.18407440185547
725,1745931276.4237492,185.4557991027832
726,1745931276.6206143,186.06829643249512
727,1745931276.8184948,187.2882843017578
728,1745931277.0150905,185.1212978363037
729,1745931277.2118146,186.03873252868652
730,1745931277.407226,184.78155136108398
731,1745931277.6025517,184.79204177856445
732,1745931277.79752,183.95066261291504
733,1745931277.9929814,184.45134162902832
734,1745931278.1901553,186.64145469665527
735,1745931278.3859289,184.7090721130371
736,1745931278.583748,186.43641471862793
737,1745931278.7794628,185.17756462097168
738,1745931278.9757588,185.0888729095459
739,1745931279.171819,185.28127670288086
740,1745931279.3674552,184.24510955810547
741,1745931279.562106,184.46755409240723
742,1745931279.7557566,183.52150917053223
743,1745931279.9530652,186.06257438659668
744,1745931280.1491313,184.87119674682617
745,1745931280.3457162,185.9261989593506
746,1745931280.5441964,187.55364418029785
747,1745931280.737816,182.93190002441406
748,1745931280.9338605,184.76462364196777
749,1745931281.1292162,184.30089950561523
750,1745931281.3242185,184.08703804016113
751,1745931281.5194275,183.92705917358398
752,1745931281.7285292,197.53193855285645
753,1745931281.9240465,184.9989891052246
754,1745931282.1207008,186.1441135406494
755,1745931282.3157806,184.04364585876465
756,1745931282.5132282,186.77568435668945
757,1745931282.7094052,185.65988540649414
758,1745931282.9057324,186.10811233520508
759,1745931283.1011777,184.88192558288574
760,1745931283.2955248,183.68172645568848
761,1745931283.4897902,183.5155487060547
762,1745931283.685415,185.09554862976074
763,1745931283.8819008,185.44936180114746
764,1745931284.07698,184.2210292816162
765,1745931284.2731404,185.40382385253906
766,1745931284.4688482,184.6609115600586
767,1745931284.6715212,191.5454864501953
768,1745931284.869189,186.65075302124023
769,1745931285.0648963,185.17637252807617
770,1745931285.259267,183.64882469177246
771,1745931285.4539702,183.81500244140625
772,1745931285.6510234,186.53249740600586
773,1745931285.8456526,184.44418907165527
774,1745931286.039114,183.01796913146973
775,1745931286.2377727,187.51144409179688
776,1745931286.43451,185.57429313659668
777,1745931286.6321268,187.09659576416016
778,1745931286.8262663,182.96051025390625
779,1745931287.021059,183.67481231689453
780,1745931287.2192664,187.09945678710938
781,1745931287.4145997,183.51387977600098
782,1745931287.616384,191.23005867004395
783,1745931287.811214,184.21602249145508
784,1745931288.007877,186.11383438110352
785,1745931288.2039626,185.52231788635254
786,1745931288.3990388,184.30018424987793
787,1745931288.5938597,183.7782859802246
788,1745931288.7892413,183.1960678100586
789,1745931288.9849303,185.1637363433838
790,1745931289.181352,185.3792667388916
791,1745931289.3783169,185.55116653442383
792,1745931289.5759118,187.24846839904785
793,1745931289.7729998,186.5839958190918
794,1745931289.9705064,186.4314079284668
795,1745931290.1678982,186.6598129272461
796,1745931290.3664033,187.67952919006348
797,1745931290.5620878,184.5993995666504
798,1745931290.759597,187.06154823303223
799,1745931290.9569225,186.7542266845703
800,1745931291.1515245,182.98959732055664
801,1745931291.3470366,184.9844455718994
802,1745931291.5409696,183.5012435913086
803,1745931291.7338357,182.5551986694336
804,1745931291.9269304,182.56425857543945
805,1745931292.1209726,183.0298900604248
806,1745931292.315062,183.0449104309082
807,1745931292.5123062,186.16580963134766
808,1745931292.7109115,187.99757957458496
809,1745931292.9068274,185.7302188873291
810,1745931293.1008086,183.3486557006836
811,1745931293.2974513,185.42981147766113
812,1745931293.4927158,184.2052936553955
813,1745931293.6889796,185.0717067718506
814,1745931293.8850374,185.5330467224121
815,1745931294.0811021,185.48321723937988
816,1745931294.2786903,186.5520477294922
817,1745931294.4763365,186.2349510192871
818,1745931294.6710317,184.16786193847656
819,1745931294.8651166,183.02631378173828
820,1745931295.0591848,182.8153133392334
821,1745931295.255238,185.21666526794434
822,1745931295.4513884,184.7820281982422
823,1745931295.6550553,192.62933731079102
824,1745931295.8538706,187.69097328186035
825,1745931296.0500333,184.98516082763672
826,1745931296.2465336,185.9431266784668
827,1745931296.443678,185.11223793029785
828,1745931296.6458545,191.6639804840088
829,1745931296.8439975,187.63303756713867
830,1745931297.0407593,186.5396499633789
831,1745931297.238305,187.3934268951416
832,1745931297.436795,187.93177604675293
833,1745931297.6590495,211.71283721923828
834,1745931297.8666868,196.04849815368652
835,1745931298.0618758,184.8928928375244
836,1745931298.2570338,184.56435203552246
837,1745931298.4549367,186.6629123687744
838,1745931298.6519926,186.45787239074707
839,1745931298.8473816,184.74817276000977
840,1745931299.045498,187.59536743164062
841,1745931299.2424476,186.06829643249512
842,1745931299.438826,185.7900619506836
843,1745931299.642643,192.78383255004883
844,1745931299.8378255,184.04650688171387
845,1745931300.0369034,187.76893615722656
846,1745931300.234957,186.72561645507812
847,1745931300.43265,187.27636337280273
848,1745931300.6305833,186.9032382965088
849,1745931300.8254733,184.18574333190918
850,1745931301.0210245,185.14037132263184
851,1745931301.218986,187.16001510620117
852,1745931301.4141357,184.06200408935547
853,1745931301.60909,184.17978286743164
854,1745931301.8071346,187.26205825805664
855,1745931302.0063028,187.94989585876465
856,1745931302.200735,183.90989303588867
857,1745931302.3947904,183.02464485168457
858,1745931302.5927696,186.63263320922852
859,1745931302.8066232,202.61430740356445
860,1745931303.0061333,188.98248672485352
861,1745931304.0225697,nan
862,1745931304.2182405,185.09268760681152
863,1745931304.4138532,185.07885932922363
864,1745931304.611819,187.4852180480957
865,1745931304.8062716,184.30328369140625
866,1745931305.0022595,185.4088306427002
867,1745931305.2001255,187.3469352722168
868,1745931305.3950787,183.84385108947754
869,1745931305.5917299,184.6461296081543
870,1745931305.7886024,186.71870231628418
871,1745931305.9857175,186.58733367919922
872,1745931306.1803083,183.9284896850586
873,1745931306.3764663,185.68730354309082
874,1745931306.5714395,184.45491790771484
875,1745931306.7658045,183.65001678466797
876,1745931306.9630709,186.81049346923828
877,1745931307.1599603,185.87303161621094
878,1745931307.3593102,188.63773345947266
879,1745931307.5599823,189.86129760742188
880,1745931307.7580452,186.80667877197266
881,1745931307.9538672,185.2869987487793
882,1745931308.1507552,186.1412525177002
883,1745931308.3469806,185.69517135620117
884,1745931308.5430439,185.5027675628662
885,1745931308.7380047,184.0834617614746
886,1745931308.9363022,187.26229667663574
887,1745931309.1319442,185.1344108581543
888,1745931309.328907,186.17010116577148
889,1745931309.5227566,183.32290649414062
890,1745931309.7170563,183.33935737609863
891,1745931309.912106,184.01002883911133
892,1745931310.1068316,183.6848258972168
893,1745931310.3021786,184.38720703125
894,1745931310.4994035,185.91070175170898
895,1745931310.696171,186.39516830444336
896,1745931310.8919315,185.25934219360352
897,1745931311.0874805,184.86714363098145
898,1745931311.2811456,182.9853057861328
899,1745931311.4760664,183.882474899292
900,1745931311.67249,185.1363182067871
901,1745931311.869361,185.35161018371582
902,1745931312.0626373,182.7225685119629
903,1745931312.2589295,185.1210594177246
904,1745931312.452377,182.95955657958984
905,1745931312.6464539,183.46452713012695
906,1745931312.8395708,182.80315399169922
907,1745931313.8518991,nan
908,1745931314.047135,184.49091911315918
909,1745931314.2452893,187.47758865356445
910,1745931314.4423711,185.9610080718994
911,1745931314.648461,195.06239891052246
912,1745931314.842769,183.73656272888184
913,1745931315.0394986,185.99939346313477
914,1745931315.2367034,186.6750717163086
915,1745931315.4346144,187.37554550170898
916,1745931315.629603,184.4193935394287
917,1745931315.8285255,188.34352493286133
918,1745931316.024057,184.63468551635742
919,1745931316.2193115,184.2968463897705
920,1745931316.415447,185.44840812683105
921,1745931316.612331,186.3398551940918
922,1745931316.8076625,184.7062110900879
923,1745931317.0045068,185.79435348510742
924,1745931317.2001035,184.54742431640625
925,1745931317.3963583,185.5599880218506
926,1745931317.592354,185.23740768432617
927,1745931317.7912312,187.56437301635742
928,1745931317.9873912,185.12272834777832
929,1745931318.1840434,186.0518455505371
930,1745931318.3807998,184.7097873687744
931,1745931318.5761378,185.2564811706543
932,1745931318.771481,184.21196937561035
933,1745931318.968704,186.02323532104492
934,1745931319.1625974,183.00390243530273
935,1745931319.3619704,187.74747848510742
936,1745931319.5565567,184.25893783569336
937,1745931319.7524364,185.70280075073242
938,1745931319.951538,187.53647804260254
939,1745931320.1464021,184.12089347839355
940,1745931320.3423414,184.97204780578613
941,1745931320.5382454,183.99429321289062
942,1745931320.7346344,185.8806610107422
943,1745931320.9310522,185.30607223510742
944,1745931321.126127,183.58230590820312
945,1745931321.3230238,185.85872650146484
946,1745931321.519627,186.431884765625
947,1745931321.715336,185.46390533447266
948,1745931321.9125862,186.19823455810547
949,1745931322.1105666,186.45167350769043
950,1745931322.3064196,184.82565879821777
951,1745931323.321212,nan
952,1745931323.517053,185.28151512145996
953,1745931323.7127862,184.65590476989746
954,1745931323.9086494,185.30583381652832
955,1745931324.1024425,182.88421630859375
956,1745931324.2992523,185.28151512145996
957,1745931324.4972155,185.90593338012695
958,1745931324.69787,190.14596939086914
959,1745931324.8945837,185.55331230163574
960,1745931325.0924828,187.3495578765869
961,1745931325.2889502,185.29176712036133
962,1745931325.4858193,186.25640869140625
963,1745931325.6813574,183.88128280639648
964,1745931325.87601,184.42749977111816
965,1745931326.0725856,185.55974960327148
966,1745931326.2689939,185.8973503112793
967,1745931326.4653893,185.65917015075684
968,1745931326.6612918,185.2860450744629
969,1745931326.8586369,186.2189769744873
970,1745931327.0540097,184.3278408050537
971,1745931327.2485878,184.04698371887207
972,1745931327.449339,190.22011756896973
973,1745931327.647198,186.82336807250977
974,1745931327.841807,183.05420875549316
975,1745931328.034954,182.11603164672852
976,1745931328.2300375,183.80069732666016
977,1745931328.424136,183.58778953552246
978,1745931328.6184156,183.75778198242188
979,1745931328.8128827,183.74228477478027
980,1745931329.0062885,182.36804008483887
981,1745931329.201625,184.08799171447754
982,1745931329.3951564,182.89995193481445
983,1745931329.5971308,190.51003456115723
984,1745931329.7920911,184.24606323242188
985,1745931329.9864936,184.20147895812988
986,1745931330.18181,184.80706214904785
987,1745931330.3787274,186.22779846191406
988,1745931330.5740287,184.91315841674805
989,1745931330.7709348,186.2008571624756
990,1745931330.965823,183.71844291687012
991,1745931331.162426,185.20689010620117
992,1745931331.3600063,185.94646453857422
993,1745931331.5571027,185.760498046875
994,1745931331.7550645,186.79285049438477
995,1745931331.9511192,185.01639366149902
996,1745931332.1479769,186.1898899078369
997,1745931332.341854,182.94095993041992
998,1745931332.5380836,184.19194221496582
999,1745931332.7338204,185.62722206115723
1000,1745931332.9310534,185.45269966125488
1001,1745931333.1283996,186.35106086730957
1002,1745931333.324078,184.95917320251465
1003,1745931333.520637,185.93859672546387
1004,1745931333.717592,185.91666221618652
1005,1745931333.915221,186.57588958740234
1006,1745931334.112091,186.14959716796875
1007,1745931334.3082404,185.61673164367676
1008,1745931334.504116,184.77940559387207
1009,1745931334.699431,184.71741676330566
1010,1745931334.8935711,183.4847927093506
1011,1745931335.0918262,186.94758415222168
1012,1745931335.2871342,184.35335159301758
1013,1745931335.4845405,186.36369705200195
1014,1745931335.6795719,184.48877334594727
1015,1745931335.8757124,185.11223793029785
1016,1745931336.0718906,185.76574325561523
1017,1745931336.266355,183.83264541625977
1018,1745931336.4622889,184.91339683532715
1019,1745931336.658291,185.47821044921875
1020,1745931336.854097,185.2724552154541
1021,1745931337.049609,184.97323989868164
1022,1745931337.24409,183.9146614074707
1023,1745931337.4382656,183.01081657409668
1024,1745931337.6321216,182.82437324523926
1025,1745931337.8392756,196.78616523742676
1026,1745931338.035165,185.35304069519043
1027,1745931338.2319613,185.64963340759277
1028,1745931338.4283538,185.47558784484863
1029,1745931338.6241179,184.87954139709473
1030,1745931338.818395,183.98380279541016
1031,1745931339.0160146,186.5708827972412
1032,1745931339.2124825,185.45985221862793
1033,1745931339.4095895,186.06901168823242
1034,1745931339.6052048,184.55839157104492
1035,1745931339.798943,182.98935890197754
1036,1745931339.9964352,186.00726127624512
1037,1745931341.0214348,nan
1038,1745931341.218527,186.67054176330566
1039,1745931341.4130044,184.18264389038086
1040,1745931341.6092107,185.29462814331055
1041,1745931341.8059719,185.66441535949707
1042,1745931342.002265,185.5618953704834
1043,1745931342.200064,186.54155731201172
1044,1745931342.3966959,186.03754043579102
1045,1745931342.5937176,186.0051155090332
1046,1745931342.7906435,186.14578247070312
1047,1745931342.9881837,186.5699291229248
1048,1745931343.1837234,184.96155738830566
1049,1745931343.3803031,185.39738655090332
1050,1745931343.575396,183.7773323059082
1051,1745931343.7711844,185.0731372833252
1052,1745931343.9681683,185.7309341430664
1053,1745931344.1654348,186.59520149230957
1054,1745931344.3588042,182.9073429107666
1055,1745931344.5627012,192.7945613861084
1056,1745931344.7579067,183.83216857910156
1057,1745931344.9541364,184.4785213470459
1058,1745931345.1497996,185.06121635437012
1059,1745931345.3458774,185.5010986328125
1060,1745931345.5542738,197.2196102142334
1061,1745931345.7501867,184.8771572113037
1062,1745931345.9476118,186.9213581085205
1063,1745931346.1439788,185.90307235717773
1064,1745931346.341104,185.95051765441895
1065,1745931346.5383148,186.7513656616211
1066,1745931346.7341588,185.32419204711914
1067,1745931346.9310315,186.23995780944824
1068,1745931347.1281223,185.8062744140625
1069,1745931348.1537628,nan
1070,1745931348.3519552,187.61730194091797
1071,1745931348.5462682,183.14480781555176
1072,1745931348.7422013,184.58056449890137
1073,1745931348.938994,184.9372386932373
1074,1745931349.1348557,184.76390838623047
1075,1745931349.328753,183.1824779510498
1076,1745931349.5237412,184.48233604431152
1077,1745931349.7187614,184.42511558532715
1078,1745931349.9118214,182.6651096343994
1079,1745931350.109159,185.8665943145752
1080,1745931350.301117,181.33783340454102
1081,1745931350.49823,185.27936935424805
1082,1745931350.6923397,183.3021640777588
1083,1745931350.8873475,184.48424339294434
1084,1745931351.08928,190.4284954071045
1085,1745931351.2841036,184.4182014465332
1086,1745931351.4869943,192.2910213470459
1087,1745931351.6830182,184.1716766357422
1088,1745931351.8790338,185.49704551696777
1089,1745931352.0757592,186.0663890838623
1090,1745931352.2730677,186.12074851989746
1091,1745931352.4676,183.9296817779541
1092,1745931352.6665554,187.78133392333984
1093,1745931352.8625078,185.26983261108398
1094,1745931353.060337,186.80667877197266
1095,1745931353.2594664,187.957763671875
1096,1745931353.45426,184.42511558532715
1097,1745931353.6492572,183.27760696411133
1098,1745931353.8457792,185.6553554534912
1099,1745931354.042017,185.72068214416504
1100,1745931354.2382135,185.62817573547363
1101,1745931354.4350371,186.3119602203369
1102,1745931354.6304889,185.0743293762207
1103,1745931354.8261743,184.57531929016113
1104,1745931355.0217946,184.4620704650879
1105,1745931355.2177012,184.88430976867676
1106,1745931355.413947,185.35923957824707
1107,1745931355.611373,185.7919692993164
1108,1745931355.805674,183.76851081848145
1109,1745931356.0003903,183.96234512329102
1110,1745931356.1962304,185.5320930480957
1111,1745931356.3918025,185.06240844726562
1112,1745931356.5904732,188.07482719421387
1113,1745931356.7848709,183.83169174194336
1114,1745931356.9781966,182.81078338623047
1115,1745931357.179314,190.3223991394043
1116,1745931357.3727,182.74331092834473
1117,1745931357.5670152,182.88707733154297
1118,1745931357.7647734,187.22891807556152
1119,1745931357.962265,186.61117553710938
1120,1745931358.1562133,182.89661407470703
1121,1745931358.3524141,185.17374992370605
1122,1745931358.547521,183.65812301635742
1123,1745931358.7425728,184.5238208770752
1124,1745931358.9395926,185.48893928527832
1125,1745931359.1347754,184.07821655273438
1126,1745931359.3285978,182.78789520263672
1127,1745931359.529968,189.8818016052246
1128,1745931359.7261848,185.18877029418945
1129,1745931359.920927,183.35604667663574
1130,1745931360.1154356,183.49003791809082
1131,1745931360.3143196,188.38095664978027
1132,1745931360.5083036,183.5339069366455
1133,1745931360.7031085,184.29040908813477
1134,1745931360.9013798,187.24727630615234
1135,1745931361.095574,183.6414337158203
1136,1745931361.2904506,184.33237075805664
1137,1745931361.484862,183.8836669921875
1138,1745931361.6794848,183.3791732788086
1139,1745931361.8741105,183.58135223388672
1140,1745931362.0700374,184.65685844421387
1141,1745931362.2630658,182.4045181274414
1142,1745931362.458422,184.04889106750488
1143,1745931362.6597955,190.85144996643066
1144,1745931362.853847,183.1836700439453
1145,1745931363.0487595,184.32092666625977
1146,1745931363.243657,183.86363983154297
1147,1745931363.437048,182.45410919189453
1148,1745931363.6371908,188.920259475708
1149,1745931363.8325171,184.81111526489258
1150,1745931364.0282245,185.03284454345703
1151,1745931364.224041,184.47351455688477
1152,1745931364.4182227,183.6233139038086
1153,1745931364.6172528,187.8526210784912
1154,1745931364.8141375,185.78290939331055
1155,1745931365.009765,184.59701538085938
1156,1745931365.2053406,185.17804145812988
1157,1745931365.399339,182.94739723205566
1158,1745931365.5957134,184.3433380126953
1159,1745931365.7918856,185.6515407562256
1160,1745931365.98885,185.91666221618652
1161,1745931366.184955,185.14108657836914
1162,1745931366.3808496,184.85784530639648
1163,1745931366.5769024,185.35280227661133
1164,1745931366.772181,184.13567543029785
1165,1745931366.969276,186.15150451660156
1166,1745931367.164132,184.2801570892334
1167,1745931367.3610578,185.83440780639648
1168,1745931367.5574327,186.1424446105957
1169,1745931367.7538524,185.38260459899902
1170,1745931367.951463,186.50174140930176
1171,1745931368.1480134,185.9121322631836
1172,1745931368.3452191,186.1860752105713
1173,1745931368.540034,183.98571014404297
1174,1745931368.7371278,185.87994575500488
1175,1745931368.9331062,185.377836227417
1176,1745931369.1298053,186.19346618652344
1177,1745931369.32512,184.3249797821045
1178,1745931369.5207198,184.41343307495117
1179,1745931369.7180116,186.0668659210205
1180,1745931369.9150736,185.8687400817871
1181,1745931370.1109238,184.80944633483887
1182,1745931370.3064785,184.72671508789062
1183,1745931370.5015433,184.04841423034668
1184,1745931370.6971552,185.04095077514648
1185,1745931370.8920338,183.7472915649414
1186,1745931371.088853,185.9424114227295
1187,1745931371.28798,188.5700225830078
1188,1745931371.4824514,183.8836669921875
1189,1745931371.6813128,186.7382526397705
1190,1745931371.8777235,184.94081497192383
1191,1745931372.0731738,184.91101264953613
1192,1745931372.2690258,184.7970485687256
1193,1745931372.4650679,184.98992919921875
1194,1745931372.6614058,185.6374740600586
1195,1745931372.856688,184.93270874023438
1196,1745931373.0525324,184.80873107910156
1197,1745931373.2492025,185.32872200012207
1198,1745931373.4453554,185.09984016418457
1199,1745931373.6405091,184.34381484985352
1200,1745931373.8351731,183.8827133178711
1201,1745931374.031776,185.9123706817627
1202,1745931374.2292008,186.3875389099121
1203,1745931374.4238615,184.13615226745605
1204,1745931374.6261513,192.09694862365723
1205,1745931374.8231096,186.34510040283203
1206,1745931375.019059,185.63270568847656
1207,1745931375.215668,186.06090545654297
1208,1745931375.410059,183.88962745666504
1209,1745931375.604646,183.38513374328613
1210,1745931375.804394,188.2345676422119
1211,1745931376.0052185,189.85486030578613
1212,1745931376.19908,183.20441246032715
1213,1745931376.3959506,185.6064796447754
1214,1745931377.408735,nan
1215,1745931377.6060975,186.51723861694336
1216,1745931377.8021135,185.27770042419434
1217,1745931377.9979377,184.8006248474121
1218,1745931378.1917684,183.19988250732422
1219,1745931378.3849118,182.60931968688965
1220,1745931378.5830257,186.60712242126465
1221,1745931378.7775888,183.51244926452637
1222,1745931378.974021,185.38522720336914
1223,1745931379.1703758,186.01393699645996
1224,1745931379.365278,183.99333953857422
1225,1745931379.561159,185.23216247558594
1226,1745931379.7567675,184.6015453338623
1227,1745931379.9544272,186.65599822998047
1228,1745931380.1502938,185.37592887878418
1229,1745931380.345896,185.06288528442383
1230,1745931380.5390003,182.5854778289795
1231,1745931380.7360723,185.5025291442871
1232,1745931380.9317393,184.9365234375
1233,1745931381.1315527,189.100980758667
1234,1745931381.3266375,184.35955047607422
1235,1745931381.522086,184.39102172851562
1236,1745931381.7165701,183.48097801208496
1237,1745931381.9103968,182.78026580810547
1238,1745931382.1047242,183.57133865356445
1239,1745931382.2985368,182.73687362670898
1240,1745931382.4924533,182.86800384521484
1241,1745931382.689025,185.98079681396484
1242,1745931382.8867471,186.61189079284668
1243,1745931383.080956,183.1510066986084
1244,1745931383.2777812,185.7929229736328
1245,1745931383.4756896,186.8598461151123
1246,1745931383.6706514,183.94970893859863
1247,1745931383.8643627,182.67822265625
1248,1745931384.060427,184.97633934020996
1249,1745931384.2548623,183.15792083740234
1250,1745931384.4488707,183.44807624816895
1251,1745931385.4741082,nan
1252,1745931385.6700175,185.22906303405762
1253,1745931385.8660333,185.42170524597168
1254,1745931386.063049,185.95075607299805
1255,1745931386.2584403,184.36408042907715
1256,1745931386.4540982,184.86475944519043
1257,1745931386.6511102,185.97936630249023
1258,1745931386.8501146,188.4441375732422
1259,1745931387.0446827,184.1273307800293
1260,1745931387.2412817,185.65011024475098
1261,1745931387.4370668,184.87119674682617
1262,1745931387.6329758,184.86738204956055
1263,1745931387.8287983,184.7841739654541
1264,1745931388.0260096,186.1245632171631
1265,1745931388.2198615,183.23755264282227
1266,1745931388.415825,184.93318557739258
1267,1745931388.6126826,185.76478958129883
1268,1745931388.8093245,185.83130836486816
1269,1745931389.0062382,185.86301803588867
1270,1745931389.2027845,185.7900619506836
1271,1745931390.2171907,nan
1272,1745931390.419331,191.6975975036621
1273,1745931390.6165023,186.60688400268555
1274,1745931390.8116677,184.13019180297852
1275,1745931391.006855,184.1561794281006
1276,1745931391.2011352,183.36224555969238
1277,1745931391.3979912,186.09046936035156
1278,1745931391.5919209,182.8761100769043
1279,1745931391.786567,183.96949768066406
1280,1745931391.980366,182.60979652404785
1281,1745931392.1759038,184.50665473937988
1282,1745931392.370923,183.93349647521973
1283,1745931392.5684063,186.9645118713379
1284,1745931392.7626367,183.7010383605957
1285,1745931392.9646358,191.47229194641113
1286,1745931393.9791434,nan
1287,1745931394.1724894,182.80386924743652
1288,1745931394.3681998,184.6609115600586
1289,1745931394.5627692,184.04030799865723
1290,1745931394.762135,188.7800693511963
1291,1745931394.959598,186.44976615905762
1292,1745931395.1539657,183.5618019104004
1293,1745931395.3503377,185.5909824371338
1294,1745931395.5482802,186.54918670654297
1295,1745931395.7460508,187.23440170288086
1296,1745931395.9448721,187.2997283935547
1297,1745931396.1408799,185.11438369750977
1298,1745931396.335703,184.29970741271973
1299,1745931396.5302296,183.99691581726074
1300,1745931396.723951,183.16936492919922
1301,1745931396.9191754,183.94136428833008
1302,1745931397.1141853,184.4780445098877
1303,1745931397.3077765,182.9683780670166
1304,1745931397.5023496,183.54129791259766
1305,1745931397.6994843,186.08593940734863
1306,1745931397.896961,186.95735931396484
1307,1745931398.0920632,184.05795097351074
1308,1745931398.2878897,185.2707862854004
1309,1745931398.4823046,183.82740020751953
1310,1745931398.6758697,183.04157257080078
1311,1745931398.8702383,183.3484172821045
1312,1745931399.0638964,182.68728256225586
1313,1745931399.2607763,186.34700775146484
1314,1745931399.4671395,196.17795944213867
1315,1745931399.6642253,185.60457229614258
1316,1745931399.8601186,185.15563011169434
1317,1745931400.0551186,184.13066864013672
1318,1745931400.251272,185.47534942626953
1319,1745931400.4475443,185.49227714538574
1320,1745931400.6440206,185.51874160766602
1321,1745931400.8404443,185.7774257659912
1322,1745931401.0355232,184.1742992401123
1323,1745931401.2300446,183.25090408325195
1324,1745931401.4274404,186.3555908203125
1325,1745931401.6218798,183.90774726867676
1326,1745931401.818239,185.2109432220459
1327,1745931402.0131762,184.35168266296387
1328,1745931402.2075644,183.55417251586914
1329,1745931402.40165,183.55226516723633
1330,1745931402.5975075,185.32466888427734
1331,1745931402.7928662,184.1275691986084
1332,1745931402.9868672,183.2113265991211
1333,1745931403.1840348,186.1276626586914
1334,1745931403.379026,184.7250461578369
1335,1745931403.575344,184.79418754577637
1336,1745931403.7712169,184.8442554473877
1337,1745931403.9657838,183.9609146118164
1338,1745931404.1640053,187.66188621520996
1339,1745931404.361126,186.38944625854492
1340,1745931404.5642257,191.758394241333
1341,1745931404.762346,186.78975105285645
1342,1745931404.957465,183.7460994720459
1343,1745931405.1524987,183.9132308959961
1344,1745931405.3491101,185.91976165771484
1345,1745931405.5448782,184.73243713378906
1346,1745931405.7390695,183.43472480773926
1347,1745931405.9356275,185.47749519348145
1348,1745931406.1321242,185.4567527770996
1349,1745931406.3289337,185.66656112670898
1350,1745931406.5262406,185.90664863586426
1351,1745931406.725201,187.94631958007812
1352,1745931406.9224768,186.15102767944336
1353,1745931407.1181352,185.09912490844727
1354,1745931407.313827,184.6768856048584
1355,1745931407.5101798,185.12415885925293
1356,1745931407.705776,184.52167510986328
1357,1745931407.902525,185.61577796936035
1358,1745931408.0981867,184.57913398742676
1359,1745931408.290712,181.92195892333984
1360,1745931408.4850519,182.9209327697754
1361,1745931408.6821816,186.10644340515137
1362,1745931408.8752873,182.0056438446045
1363,1745931409.0703871,184.13972854614258
1364,1745931409.2650568,184.08751487731934
1365,1745931409.4600215,183.91752243041992
1366,1745931409.6540818,183.52174758911133
1367,1745931409.8481252,183.6988925933838
1368,1745931410.0449266,186.2645149230957
1369,1745931410.2445056,188.48800659179688
1370,1745931410.4393091,183.75825881958008
1371,1745931410.6391356,188.80844116210938
1372,1745931410.8339686,183.89034271240234
1373,1745931411.0315402,186.76114082336426
1374,1745931411.2293386,186.77496910095215
1375,1745931411.4238684,184.0195655822754
1376,1745931411.619657,184.62848663330078
1377,1745931411.8170562,186.7833137512207
1378,1745931412.0106208,183.0289363861084
1379,1745931412.2064106,184.68284606933594
1380,1745931412.4008708,182.95645713806152
1381,1745931412.6011822,189.77689743041992
1382,1745931412.7959294,184.22389030456543
1383,1745931412.991526,184.59105491638184
1384,1745931413.188539,186.48433685302734
1385,1745931413.383886,184.72647666931152
1386,1745931413.5779188,183.4416389465332
1387,1745931413.7762227,186.8584156036377
1388,1745931413.970527,183.69197845458984
1389,1745931414.1727362,191.17164611816406
1390,1745931414.3672113,183.39228630065918
1391,1745931414.563071,184.97753143310547
1392,1745931414.7578428,184.28301811218262
1393,1745931414.9606938,190.75655937194824
1394,1745931415.157292,186.05589866638184
1395,1745931415.3532958,185.4112148284912
1396,1745931415.5498736,185.93597412109375
1397,1745931415.74371,182.73210525512695
1398,1745931415.9377542,183.02559852600098
1399,1745931416.1328475,184.52119827270508
1400,1745931416.328239,184.62800979614258
1401,1745931416.5240498,184.22746658325195
1402,1745931416.7207959,185.52136421203613
1403,1745931416.9179957,186.28668785095215
1404,1745931417.1140969,185.26434898376465
1405,1745931417.3089356,183.52794647216797
1406,1745931417.505205,185.63508987426758
1407,1745931417.6992755,183.54249000549316
1408,1745931417.8950427,184.6485137939453
1409,1745931418.0903115,184.22651290893555
1410,1745931418.2841763,182.80577659606934
1411,1745931418.4775562,182.24000930786133
1412,1745931418.6730015,184.42225456237793
1413,1745931418.8694134,185.0597858428955
1414,1745931419.0652502,184.82255935668945
1415,1745931419.26106,185.01782417297363
1416,1745931419.457576,185.49084663391113
1417,1745931419.660306,192.29555130004883
1418,1745931419.8572252,186.39111518859863
1419,1745931420.0601444,192.37804412841797
1420,1745931420.2554812,183.4101676940918
1421,1745931420.4509375,184.9818229675293
1422,1745931420.6720812,209.0303897857666
1423,1745931420.8675823,184.87262725830078
1424,1745931421.0621853,183.46714973449707
1425,1745931421.2612476,188.22336196899414
1426,1745931421.4571633,185.38212776184082
1427,1745931421.6539829,186.0954761505127
1428,1745931421.8478959,183.3212375640869
1429,1745931422.8662252,nan
1430,1745931423.0628786,186.08927726745605
1431,1745931423.256963,183.59613418579102
1432,1745931423.4524753,184.8440170288086
1433,1745931423.6471071,183.49313735961914
1434,1745931423.8489382,190.78969955444336
1435,1745931424.0451844,185.31298637390137
1436,1745931424.2404823,183.55154991149902
1437,1745931424.4357655,184.7679615020752
1438,1745931425.4612248,nan
1439,1745931425.6567342,184.92889404296875
1440,1745931425.8514535,183.72392654418945
1441,1745931426.0477355,185.2419376373291
1442,1745931426.241558,182.77812004089355
1443,1745931426.4380648,184.9052906036377
1444,1745931426.643903,195.7385540008545
1445,1745931426.840317,185.3930950164795
1446,1745931427.0359259,184.87024307250977
1447,1745931427.2318146,184.553861618042
1448,1745931427.4266574,183.7902069091797
1449,1745931427.6251578,187.44492530822754
1450,1745931427.8212466,184.78131294250488
1451,1745931428.8340106,nan
1452,1745931429.028242,183.41851234436035
1453,1745931429.2259762,186.5403652191162
1454,1745931429.422294,184.9677562713623
1455,1745931429.6163332,183.52317810058594
1456,1745931429.8141975,187.48807907104492
1457,1745931430.0108116,185.8060359954834
1458,1745931430.2093163,187.98446655273438
1459,1745931430.40636,186.00106239318848
1460,1745931430.603932,186.53368949890137
1461,1745931430.7974327,182.58976936340332
1462,1745931430.993857,185.18781661987305
1463,1745931431.1896703,185.14561653137207
1464,1745931431.3861783,185.3158473968506
1465,1745931431.5829444,185.42122840881348
1466,1745931431.7790751,185.59026718139648
1467,1745931431.9739077,183.7921142578125
1468,1745931432.1722956,186.83409690856934
1469,1745931432.366854,184.02838706970215
1470,1745931432.5668013,188.65537643432617
1471,1745931432.7662916,188.93122673034668
1472,1745931432.960349,183.03632736206055
1473,1745931433.15704,185.64939498901367
1474,1745931433.354797,186.68270111083984
1475,1745931433.552481,187.14547157287598
1476,1745931433.7498279,186.83600425720215
1477,1745931433.9461672,185.32156944274902
1478,1745931434.1424773,184.97538566589355
1479,1745931434.3400807,186.00106239318848
1480,1745931435.3598118,nan
1481,1745931436.3841088,nan
1482,1745931437.4039133,nan
1483,1745931438.4261112,nan
1484,1745931439.4398155,nan
1485,1745931439.6724515,221.9066619873047
1486,1745931439.9023736,218.81389617919922
1487,1745931440.1380184,222.8081226348877
1488,1745931441.1501968,nan
1489,1745931441.3853042,224.45011138916016
1490,1745931441.6191874,223.40798377990723
1491,1745931442.6380272,nan
1492,1745931443.6649475,nan
1493,1745931444.6905537,nan
1494,1745931445.7036185,nan
1495,1745931445.9043639,189.1958713531494
1496,1745931446.1050565,189.6202564239502
1497,1745931446.305818,189.72206115722656
1498,1745931446.5075266,190.89388847351074
1499,1745931446.709502,191.3437843322754
1500,1745931447.7279298,nan
1501,1745931448.7540605,nan
1502,1745931449.770853,nan
1503,1745931450.794042,nan
1504,1745931451.8079946,nan
1505,1745931452.0069833,188.1582736968994
1506,1745931452.206806,189.18633460998535
1507,1745931452.4059901,188.96865844726562
1508,1745931452.6068122,189.64385986328125
1509,1745931452.806846,189.52035903930664
1510,1745931453.0059159,188.55619430541992
1511,1745931453.2065232,189.84150886535645
1512,1745931454.2312386,nan
1513,1745931454.4528863,210.47711372375488
1514,1745931455.4704251,nan
1515,1745931456.4898953,nan
1516,1745931457.5103056,nan
1517,1745931458.5285847,nan
1518,1745931459.5509322,nan
1519,1745931460.5719,nan
1520,1745931460.8066752,224.06840324401855
1521,1745931461.0368702,219.1622257232666
1522,1745931461.2709196,222.6393222808838
1523,1745931462.2969344,nan
1524,1745931463.3187594,nan
1525,1745931464.3421404,nan
1526,1745931464.5796638,226.87220573425293
1527,1745931464.808043,217.29063987731934
1528,1745931465.8240275,nan
1529,1745931466.0524445,217.881441116333
1530,1745931466.28582,221.78101539611816
1531,1745931466.5161297,219.4502353668213
1532,1745931466.749526,222.20635414123535
1533,1745931466.981112,220.55602073669434
1534,1745931467.2144358,222.24831581115723
1535,1745931468.2397432,nan
1536,1745931469.252637,nan
1537,1745931469.4802573,217.31829643249512
1538,1745931470.506024,nan
1539,1745931470.7369099,220.2286720275879
1540,1745931470.9663854,218.53280067443848
1541,1745931471.19625,219.4199562072754
1542,1745931472.218063,nan
1543,1745931473.2400293,nan
1544,1745931474.2518284,nan
1545,1745931474.481193,218.81604194641113
1546,1745931474.7108195,218.84655952453613
1547,1745931475.7369142,nan
1548,1745931475.9691863,221.82154655456543
1549,1745931476.993812,nan
1550,1745931477.2273283,223.07825088500977
1551,1745931477.457459,219.04253959655762
1552,1745931477.69073,222.2115993499756
1553,1745931478.716285,nan
1554,1745931478.9430895,216.19415283203125
1555,1745931479.172434,217.99397468566895
1556,1745931479.4044037,221.4045524597168
1557,1745931480.420071,nan
1558,1745931480.6541128,223.51551055908203
1559,1745931480.887912,222.52845764160156
1560,1745931481.1171432,218.73068809509277
1561,1745931482.13982,nan
1562,1745931482.3692892,218.90568733215332
1563,1745931483.3840244,nan
1564,1745931484.4100661,nan
1565,1745931484.6410954,220.34239768981934
1566,1745931484.8720214,219.8023796081543
1567,1745931485.8899314,nan
1568,1745931486.121384,220.91960906982422
1569,1745931487.1386113,nan
1570,1745931488.1512237,nan
1571,1745931488.382466,220.73125839233398
1572,1745931489.4021475,nan
1573,1745931490.4241364,nan
1574,1745931490.6598132,224.96604919433594
1575,1745931490.8923538,221.29583358764648
1576,1745931491.127681,224.29633140563965
1577,1745931492.147028,nan
1578,1745931492.3798213,222.26190567016602
1579,1745931493.403954,nan
1580,1745931493.6340065,219.53606605529785
1581,1745931493.8654392,221.15755081176758
1582,1745931494.0977933,221.45628929138184
1583,1745931495.1242862,nan
1584,1745931495.332385,197.56770133972168
1585,1745931495.5298822,185.84513664245605
1586,1745931495.72392,183.41636657714844
1587,1745931495.920026,185.50872802734375
1588,1745931496.1149306,184.38482284545898
1589,1745931496.311482,185.50443649291992
1590,1745931496.507291,185.3024959564209
1591,1745931496.702829,184.72886085510254
1592,1745931496.900011,186.89894676208496
1593,1745931497.0940938,183.49671363830566
1594,1745931497.2911081,185.58907508850098
1595,1745931497.5083222,206.47644996643066
1596,1745931497.7080438,189.10503387451172
1597,1745931497.9047463,185.75739860534668
1598,1745931498.102967,187.06583976745605
1599,1745931498.3006995,186.8600845336914
1600,1745931498.4959028,184.01360511779785
1601,1745931498.689857,182.816743850708
1602,1745931498.8836844,182.79218673706055
1603,1745931499.0780356,183.61186981201172
1604,1745931499.2728238,184.50927734375
1605,1745931499.4671586,183.25448036193848
1606,1745931499.6622324,184.04364585876465
1607,1745931499.8576376,182.76691436767578
1608,1745931500.0517957,182.90305137634277
1609,1745931500.2489936,186.8271827697754
1610,1745931500.4519541,192.34752655029297
1611,1745931500.6464183,183.77184867858887
1612,1745931500.839787,182.8763484954834
1613,1745931501.0338566,182.85036087036133
1614,1745931501.2282884,183.52556228637695
1615,1745931501.4245496,185.24432182312012
1616,1745931501.6196191,184.52978134155273
1617,1745931501.8138864,183.73775482177734
1618,1745931502.008255,183.73560905456543
1619,1745931502.202287,183.43424797058105
1620,1745931502.3959236,182.11913108825684
1621,1745931502.5890195,182.0845603942871
1622,1745931502.7829788,182.74283409118652
1623,1745931502.9769309,182.9369068145752
1624,1745931503.1760585,188.7667179107666
1625,1745931503.371166,184.58294868469238
1626,1745931503.5655417,183.82549285888672
1627,1745931503.759798,183.71295928955078
1628,1745931503.9551072,184.14020538330078
1629,1745931504.147922,182.29317665100098
1630,1745931504.3445919,185.40310859680176
1631,1745931504.5389204,183.76946449279785
1632,1745931504.7349308,184.15546417236328
1633,1745931504.9298546,184.81755256652832
1634,1745931505.1231277,182.40737915039062
1635,1745931505.3164759,182.16514587402344
1636,1745931505.510698,183.64357948303223
1637,1745931505.7038505,182.3132038116455
1638,1745931505.9039717,189.52560424804688
1639,1745931506.098145,183.4869384765625
1640,1745931506.2951238,186.4187717437744
1641,1745931506.4920943,186.4316463470459
1642,1745931506.6855073,182.90352821350098
1643,1745931506.8789518,182.4018955230713
1644,1745931507.0774722,187.24608421325684
1645,1745931507.274207,185.77098846435547
1646,1745931507.469991,185.19234657287598
1647,1745931507.6651325,184.126615524292
1648,1745931507.868348,192.9481029510498
1649,1745931508.0619075,183.0298900604248
1650,1745931508.258713,185.64081192016602
1651,1745931508.4546738,184.93127822875977
1652,1745931508.6499078,184.71312522888184
1653,1745931508.8487935,188.28463554382324
1654,1745931509.045406,185.95123291015625
1655,1745931509.2422554,186.3234043121338
1656,1745931509.4411728,188.69638442993164
1657,1745931509.6449926,193.18056106567383
1658,1745931509.8411295,184.98706817626953
1659,1745931510.0371628,185.3928565979004
1660,1745931510.2344618,186.25545501708984
1661,1745931510.430752,185.75215339660645
1662,1745931510.6286538,186.812162399292
1663,1745931510.8244586,185.23931503295898
1664,1745931511.0188644,184.18025970458984
1665,1745931511.2162166,185.26387214660645
1666,1745931511.4148543,188.07601928710938
1667,1745931511.6116028,185.83178520202637
1668,1745931511.8095815,186.92636489868164
1669,1745931512.0039692,183.8667392730713
1670,1745931512.1980238,183.03227424621582
1671,1745931512.3944085,185.1978302001953
1672,1745931512.6102686,205.3232192993164
1673,1745931512.8063717,185.56642532348633
1674,1745931513.0039575,186.45763397216797
1675,1745931513.1988282,184.5223903656006
1676,1745931513.3963015,186.92755699157715
1677,1745931513.590723,183.57515335083008
1678,1745931513.7865422,185.2855682373047
1679,1745931513.9952915,197.922945022583
1680,1745931514.192245,185.8992576599121
1681,1745931514.3892677,186.7356300354004
1682,1745931514.5838807,184.08203125
1683,1745931514.7869806,192.95668601989746
1684,1745931514.9827926,185.20140647888184
1685,1745931515.1805754,186.96355819702148
1686,1745931515.3751254,184.19718742370605
1687,1745931515.5752187,189.06664848327637
1688,1745931515.772158,186.25926971435547
1689,1745931515.9675803,184.71908569335938
1690,1745931516.1648803,186.1720085144043
1691,1745931516.3617387,185.84871292114258
1692,1745931516.557778,184.53240394592285
1693,1745931516.755641,186.83815002441406
1694,1745931516.9506667,184.48448181152344
1695,1745931517.1491296,187.51120567321777
1696,1745931517.3427775,183.0747127532959
1697,1745931517.5396514,185.2436065673828
1698,1745931517.7379384,187.75439262390137
1699,1745931517.9347956,186.03181838989258
1700,1745931518.1310017,185.6558322906494
1701,1745931518.3257856,184.23986434936523
1702,1745931518.5226026,185.79554557800293
1703,1745931518.7208223,186.68603897094727
1704,1745931518.914959,183.61592292785645
1705,1745931519.112154,186.23948097229004
1706,1745931519.3069363,183.66122245788574
1707,1745931519.5001173,182.4359893798828
1708,1745931519.6944783,183.55107307434082
1709,1745931519.8894122,183.37607383728027
1710,1745931520.0823452,182.39974975585938
1711,1745931520.2779915,184.0040683746338
1712,1745931520.472334,183.81285667419434
1713,1745931520.666155,183.46166610717773
1714,1745931520.8609245,183.48431587219238
1715,1745931521.055096,183.13097953796387
1716,1745931521.2486486,182.88898468017578
1717,1745931521.4440756,184.35978889465332
1718,1745931521.6388152,183.58802795410156
1719,1745931521.835502,185.12582778930664
1720,1745931522.029343,182.97481536865234
1721,1745931522.222471,182.07669258117676
1722,1745931522.426082,192.03615188598633
1723,1745931522.6202075,183.47692489624023
1724,1745931522.812597,181.87260627746582
1725,1745931523.0074112,183.01129341125488
1726,1745931523.2011797,182.26099014282227
1727,1745931523.4020422,190.23370742797852
1728,1745931523.5972118,184.06152725219727
1729,1745931523.793767,185.51921844482422
1730,1745931523.990769,186.37800216674805
1731,1745931524.186696,184.87024307250977
1732,1745931524.3829203,185.6076717376709
1733,1745931524.5883787,194.75603103637695
1734,1745931524.7837982,184.60941314697266
1735,1745931524.9810362,186.70964241027832
1736,1745931525.177131,185.5175495147705
1737,1745931525.3748095,185.72092056274414
1738,1745931525.570063,184.74888801574707
1739,1745931525.7673645,186.2623691558838
1740,1745931525.9627235,184.73196029663086
1741,1745931526.1590927,184.85617637634277
1742,1745931526.3552954,185.5919361114502
1743,1745931526.5489728,182.8744411468506
1744,1745931526.7451556,184.89313125610352
1745,1745931526.943825,188.04311752319336
1746,1745931527.1386015,183.91156196594238
1747,1745931527.3343618,184.5099925994873
1748,1745931527.530943,186.0644817352295
1749,1745931527.7313519,189.41450119018555
1750,1745931527.927395,184.9350929260254
1751,1745931528.121454,183.51984024047852
1752,1745931528.3153796,182.90472030639648
1753,1745931529.3412204,nan
1754,1745931529.5340111,182.26194381713867
1755,1745931529.728969,183.4259033203125
1756,1745931529.922522,182.2521686553955
1757,1745931530.1173377,183.2880973815918
1758,1745931530.3120868,184.2172145843506
1759,1745931530.5081475,185.09292602539062
1760,1745931530.7017305,183.0737590789795
1761,1745931530.8961825,183.40229988098145
1762,1745931531.0910392,183.36248397827148
1763,1745931531.2857852,184.04102325439453
1764,1745931531.4792345,182.94930458068848
1765,1745931531.6749637,184.71550941467285
1766,1745931531.8685758,183.18486213684082
1767,1745931532.067925,186.9359016418457
1768,1745931532.2614303,183.37535858154297
1769,1745931532.4556155,183.516263961792
1770,1745931532.6593568,192.53134727478027
1771,1745931532.855547,185.35709381103516
1772,1745931533.0559275,189.28289413452148
1773,1745931533.2552865,188.31753730773926
1774,1745931533.4527738,186.40947341918945
1775,1745931533.6492596,185.80937385559082
1776,1745931533.846502,186.2335205078125
1777,1745931534.0399864,182.8162670135498
1778,1745931534.2358825,185.0452423095703
1779,1745931534.4297998,182.91211128234863
1780,1745931534.6274555,186.40470504760742
1781,1745931534.8229349,184.56363677978516
1782,1745931535.0176044,183.6545467376709
1783,1745931535.2146497,185.96696853637695
1784,1745931535.4110384,185.35757064819336
1785,1745931535.6078243,185.41884422302246
1786,1745931535.803743,184.88264083862305
1787,1745931536.0007565,186.45882606506348
1788,1745931536.1964748,185.00161170959473
1789,1745931536.3942719,186.41304969787598
1790,1745931536.590678,184.78679656982422
1791,1745931536.7867422,185.04810333251953
1792,1745931536.9811263,183.27021598815918
1793,1745931537.1769004,184.5855712890625
1794,1745931537.372223,184.31329727172852
1795,1745931537.5670748,183.65478515625
1796,1745931537.7660718,188.36426734924316
1797,1745931537.9608335,184.25464630126953
1798,1745931538.157087,185.20593643188477
1799,1745931538.352248,184.63516235351562
1800,1745931538.5503747,187.0880126953125
1801,1745931538.7463825,185.75358390808105
1802,1745931538.942699,185.50419807434082
1803,1745931539.1376724,184.76009368896484
1804,1745931539.3326354,183.9139461517334
1805,1745931539.536455,193.62711906433105
1806,1745931539.7416055,194.2892074584961
1807,1745931539.936422,184.28730964660645
1808,1745931540.1325433,185.30559539794922
1809,1745931540.3282018,184.1280460357666
1810,1745931540.523751,184.56101417541504
1811,1745931540.7178843,182.7716827392578
1812,1745931540.9124968,183.59613418579102
1813,1745931541.1072636,183.6416721343994
1814,1745931541.3026645,184.39030647277832
1815,1745931541.4960146,182.31964111328125
1816,1745931541.6951234,187.73531913757324
1817,1745931541.8928525,186.56206130981445
1818,1745931542.0873609,183.81929397583008
1819,1745931542.2854254,187.18194961547852
1820,1745931542.4801376,184.22555923461914
1821,1745931542.6803594,188.9791488647461
1822,1745931542.875026,183.6068630218506
1823,1745931543.0707664,185.0292682647705
1824,1745931543.266273,183.91942977905273
1825,1745931543.4613047,183.78186225891113
1826,1745931543.6547985,182.8787326812744
1827,1745931543.8480995,182.78908729553223
1828,1745931544.0489697,190.02270698547363
1829,1745931544.2424698,183.1836700439453
1830,1745931544.4399638,185.92453002929688
1831,1745931544.6338694,183.14123153686523
1832,1745931544.8273892,182.98912048339844
1833,1745931545.0202427,181.8234920501709
1834,1745931545.2141225,182.74497985839844
1835,1745931545.4084318,182.97696113586426
1836,1745931545.6023068,182.95025825500488
1837,1745931545.7971165,184.2968463897705
1838,1745931545.9922924,183.11309814453125
1839,1745931546.1861062,183.49766731262207
1840,1745931546.3805413,183.71868133544922
1841,1745931547.393116,nan
1842,1745931547.5954163,191.58387184143066
1843,1745931547.7930048,186.8898868560791
1844,1745931547.9866302,182.66558647155762
1845,1745931548.1841393,185.77814102172852
1846,1745931548.3824782,187.66093254089355
1847,1745931548.5803845,186.39349937438965
1848,1745931548.7751381,183.7155818939209
1849,1745931548.9793363,192.75426864624023
1850,1745931549.1799066,189.85319137573242
1851,1745931549.3737967,183.40659141540527
1852,1745931549.5732746,187.4096393585205
1853,1745931549.76743,182.6789379119873
1854,1745931549.96113,183.16888809204102
1855,1745931550.1558585,183.7027072906494
1856,1745931550.351336,184.11588668823242
1857,1745931550.5466795,184.30066108703613
1858,1745931550.7405508,183.65120887756348
1859,1745931550.9347496,183.66074562072754
1860,1745931551.1299665,184.17835235595703
1861,1745931551.3240747,183.6111545562744
1862,1745931551.5181434,182.81149864196777
1863,1745931551.7112997,182.8901767730713
1864,1745931551.906746,184.34762954711914
1865,1745931552.1020062,184.50212478637695
1866,1745931552.2976484,185.08577346801758
1867,1745931552.4918163,183.17651748657227
1868,1745931552.6951683,192.307710647583
1869,1745931552.8911443,185.57405471801758
1870,1745931553.0866544,185.1823329925537
1871,1745931553.2827373,184.78083610534668
1872,1745931553.4796414,185.87327003479004
1873,1745931553.6771264,186.2659454345703
1874,1745931553.8728354,185.17756462097168
1875,1745931554.0691223,185.04834175109863
1876,1745931554.2649815,185.11724472045898
1877,1745931554.4596353,183.61473083496094
1878,1745931554.6623337,191.6337013244629
1879,1745931554.858714,184.79609489440918
1880,1745931555.0552268,185.57119369506836
1881,1745931555.251728,185.98318099975586
1882,1745931555.4488087,186.51437759399414
1883,1745931555.6431015,183.6874485015869
1884,1745931555.838825,185.0283145904541
1885,1745931556.0423179,192.9640769958496
1886,1745931556.2373557,184.60798263549805
1887,1745931556.4323452,184.46087837219238
1888,1745931556.6292017,186.3267421722412
1889,1745931556.8250487,185.227632522583
1890,1745931557.0216517,185.30631065368652
1891,1745931557.2188067,186.10692024230957
1892,1745931557.414471,184.55839157104492
1893,1745931557.6104481,184.9069595336914
1894,1745931557.8160267,193.78256797790527
1895,1745931558.012308,185.74833869934082
1896,1745931558.208728,185.14680862426758
1897,1745931558.4021668,182.53755569458008
1898,1745931558.597253,183.851957321167
1899,1745931558.7909358,183.07185173034668
1900,1745931558.9844801,182.89732933044434
1901,1745931559.1800346,184.86571311950684
1902,1745931559.3764052,185.60457229614258
1903,1745931559.5701468,183.20417404174805
1904,1745931559.765103,184.2195987701416
1905,1745931559.9580982,182.3134422302246
1906,1745931560.1514182,182.45315551757812
1907,1745931560.346705,184.0953826904297
1908,1745931560.540164,182.77645111083984
1909,1745931560.7361934,184.86642837524414
1910,1745931560.9304924,184.1130256652832
1911,1745931561.1241183,183.1192970275879
1912,1745931561.3170605,182.42812156677246
1913,1745931561.51083,182.79170989990234
1914,1745931561.7053638,183.51125717163086
1915,1745931561.8982582,181.87379837036133
1916,1745931562.091147,181.63251876831055
1917,1745931562.288808,185.80889701843262
1918,1745931562.4859333,185.94765663146973
1919,1745931562.6805055,184.19194221496582
1920,1745931562.87807,187.03389167785645
1921,1745931563.0722203,183.62760543823242
1922,1745931563.2684197,184.5684051513672
1923,1745931563.4630888,183.6385726928711
1924,1745931563.6592484,184.85069274902344
1925,1745931563.85616,185.9757900238037
1926,1745931564.0511787,183.90870094299316
1927,1745931564.2470906,184.89408493041992
1928,1745931564.4439847,185.22310256958008
1929,1745931564.639988,184.77654457092285
1930,1745931564.8355448,184.62014198303223
1931,1745931565.0325842,186.29813194274902
1932,1745931565.2285254,184.30662155151367
1933,1745931565.422733,182.91044235229492
1934,1745931565.6184466,184.9668025970459
1935,1745931565.8137488,184.24510955810547
1936,1745931566.011771,185.97912788391113
1937,1745931566.2062073,184.3721866607666
1938,1745931566.4023132,185.56594848632812
1939,1745931566.598282,184.4499111175537
1940,1745931566.7914712,182.97743797302246
1941,1745931567.8045902,nan
1942,1745931567.9980915,182.94525146484375
1943,1745931568.1973948,187.70694732666016
1944,1745931568.395222,186.80477142333984
1945,1745931568.626812,220.23391723632812
1946,1745931568.8342526,196.31695747375488
1947,1745931569.032984,187.95132637023926
1948,1745931569.2302942,186.18535995483398
1949,1745931569.4309468,190.20724296569824
1950,1745931569.63416,192.8107738494873
1951,1745931569.8312893,186.57755851745605
1952,1745931570.0276854,185.56833267211914
1953,1745931570.222995,184.00907516479492
1954,1745931570.4158604,182.34753608703613
1955,1745931570.6101425,183.11023712158203
1956,1745931570.805676,184.15355682373047
1957,1745931571.0005417,183.7916374206543
1958,1745931571.194476,183.38680267333984
1959,1745931571.3907735,185.77146530151367
1960,1745931571.5845037,183.19296836853027
1961,1745931571.7812495,185.64867973327637
1962,1745931571.9772072,185.4398250579834
1963,1745931572.1740394,185.74810028076172
1964,1745931572.369279,184.2186450958252
1965,1745931572.5661538,185.86277961730957
1966,1745931572.7654917,188.26794624328613
1967,1745931572.960554,184.61847305297852
1968,1745931573.1574113,186.16366386413574
1969,1745931573.35276,184.30304527282715
1970,1745931573.5549436,191.14255905151367
1971,1745931573.7487366,183.2571029663086
1972,1745931573.9436543,184.39269065856934
1973,1745931574.1404488,186.2649917602539
1974,1745931574.3377504,186.27166748046875
1975,1745931574.532232,183.974027633667
1976,1745931574.732198,188.11583518981934
1977,1745931574.9298763,186.63620948791504
1978,1745931575.1239793,183.49313735961914
1979,1745931575.3193407,184.66687202453613
1980,1745931575.518175,188.29917907714844
1981,1745931575.711214,182.4793815612793
1982,1745931575.9085126,185.8515739440918
1983,1745931576.1043348,185.26124954223633
1984,1745931576.2995505,184.0507984161377
1985,1745931576.4965434,185.94741821289062
1986,1745931576.693226,185.64486503601074
1987,1745931576.8897576,185.35184860229492
1988,1745931577.0862894,185.94765663146973
1989,1745931577.2819195,184.72719192504883
1990,1745931577.484365,191.84589385986328
1991,1745931577.6800294,184.58223342895508
1992,1745931577.8816984,190.14644622802734
1993,1745931578.0810485,188.81773948669434
1994,1745931578.2814336,189.30959701538086
1995,1745931578.478011,185.53638458251953
1996,1745931578.675951,186.80548667907715
1997,1745931578.8697994,183.52103233337402
1998,1745931579.0680773,187.24632263183594
1999,1745931579.2630074,183.6082935333252
2000,1745931579.460139,186.03920936584473
2001,1745931579.6560285,184.5555305480957
2002,1745931579.8549416,187.91651725769043
2003,1745931580.0509744,185.26434898376465
2004,1745931580.2479134,185.75048446655273
2005,1745931580.4437513,185.26387214660645
2006,1745931580.6405737,185.85491180419922
2007,1745931580.8352873,183.70509147644043
2008,1745931581.0301359,184.19265747070312
2009,1745931581.224101,183.243989944458
2010,1745931581.4179034,182.74474143981934
2011,1745931581.6120796,183.45189094543457
2012,1745931582.6268528,nan
2013,1745931582.8216598,184.21363830566406
2014,1745931583.0164287,183.366060256958
2015,1745931583.2108226,183.75039100646973
2016,1745931583.4044375,182.77502059936523
2017,1745931583.599233,184.13710594177246
2018,1745931583.792578,182.80315399169922
2019,1745931583.986625,182.62624740600586
2020,1745931584.182305,184.65375900268555
2021,1745931584.377868,184.51237678527832
2022,1745931584.5799782,191.32256507873535
2023,1745931584.7729077,181.8995475769043
2024,1745931584.967234,183.0894947052002
2025,1745931585.1628408,184.31711196899414
2026,1745931585.3562865,182.3561191558838
2027,1745931585.5511682,183.8364601135254
2028,1745931585.745502,183.69436264038086
2029,1745931585.9405427,184.4921112060547
2030,1745931586.1338048,182.51800537109375
2031,1745931586.3281255,183.72058868408203
2032,1745931587.3454454,nan
2033,1745931587.5400493,184.1604709625244
2034,1745931587.7372289,186.4454746246338
2035,1745931587.9327722,184.48567390441895
2036,1745931588.1267114,182.8906536102295
2037,1745931588.3203251,183.02655220031738
2038,1745931588.5159678,184.4470500946045
2039,1745931588.7093875,182.57856369018555
2040,1745931588.903786,183.81261825561523
2041,1745931589.9231508,nan
2042,1745931590.1176546,184.07011032104492
2043,1745931590.3129668,184.10515785217285
2044,1745931590.5094993,185.48130989074707
2045,1745931590.7088518,188.78698348999023
2046,1745931590.9038906,183.89654159545898
2047,1745931591.0964653,182.0390224456787
2048,1745931591.2912338,183.46738815307617
2049,1745931591.483952,182.21044540405273
2050,1745931591.6789358,183.84194374084473
2051,1745931591.874045,183.3169460296631
2052,1745931592.0678332,183.20679664611816
2053,1745931592.2624648,183.5179328918457
2054,1745931592.4571924,183.18819999694824
2055,1745931592.6523774,184.55123901367188
2056,1745931592.8479004,185.07027626037598
2057,1745931593.044241,185.7583522796631
2058,1745931593.2384136,183.6555004119873
2059,1745931593.4329805,183.5768222808838
2060,1745931593.627493,182.8310489654541
2061,1745931593.820762,183.1369400024414
2062,1745931594.015399,184.04293060302734
2063,1745931594.2097282,184.04102325439453
2064,1745931594.4041536,183.9139461517334
2065,1745931594.5983534,183.43853950500488
2066,1745931594.7921262,182.71589279174805
2067,1745931594.986847,183.4874153137207
2068,1745931595.1807241,182.8615665435791
2069,1745931595.3770535,185.03355979919434
2070,1745931595.5740745,186.40494346618652
2071,1745931595.7678208,183.2122802734375
2072,1745931595.9627478,183.89630317687988
2073,1745931596.1583385,184.5841407775879
2074,1745931596.3515117,182.79457092285156
2075,1745931596.5462725,183.72178077697754
2076,1745931597.5666356,nan
2077,1745931597.7606008,183.67910385131836
2078,1745931597.9541454,183.01153182983398
2079,1745931598.1481957,182.7831268310547
2080,1745931598.342983,183.75134468078613
2081,1745931598.5364988,182.97481536865234
2082,1745931598.731918,184.04412269592285
2083,1745931598.924756,182.01041221618652
2084,1745931599.1214864,184.37767028808594
2085,1745931599.3150935,183.0759048461914
2086,1745931599.5163713,190.55676460266113
2087,1745931599.7124379,184.89503860473633
2088,1745931599.9076347,183.87532234191895
2089,1745931600.9330256,nan
2090,1745931601.1280622,184.42940711975098
2091,1745931601.32214,183.39228630065918
2092,1745931601.516859,183.67433547973633
2093,1745931601.7128096,184.8459243774414
2094,1745931601.908561,184.44252014160156
2095,1745931602.103941,183.8676929473877
2096,1745931602.2986875,184.5684051513672
2097,1745931602.4961421,186.33365631103516
2098,1745931602.6967735,189.62836265563965
2099,1745931602.8938606,186.46764755249023
2100,1745931603.0921793,187.30568885803223
2101,1745931603.2873135,184.60440635681152
2102,1745931603.4838398,185.71209907531738
2103,1745931603.6800532,185.22024154663086
2104,1745931603.8758888,185.17088890075684
2105,1745931604.0708776,184.39078330993652
2106,1745931605.0936704,nan
2107,1745931605.2916718,186.30671501159668
2108,1745931605.4862595,184.46898460388184
2109,1745931605.6823292,185.197114944458
2110,1745931605.8811152,187.2715950012207
2111,1745931606.0775506,185.40549278259277
2112,1745931606.272787,184.13496017456055
2113,1745931606.4712465,187.42704391479492
2114,1745931606.6677222,185.9128475189209
2115,1745931606.8648195,185.99843978881836
2116,1745931607.0631535,187.32380867004395
2117,1745931607.2585125,185.00161170959473
2118,1745931607.455308,185.41669845581055
2119,1745931607.6530523,186.7051124572754
2120,1745931607.8484316,184.62872505187988
2121,1745931608.046922,187.45875358581543
2122,1745931608.2440097,185.5905055999756
2123,1745931608.4383862,184.13448333740234
2124,1745931608.6351347,185.7292652130127
2125,1745931608.832721,186.54942512512207
2126,1745931609.0302587,187.20579147338867
2127,1745931609.2304707,189.59856033325195
2128,1745931609.4257138,184.2176914215088
2129,1745931609.6210082,184.24510955810547
2130,1745931609.817445,185.79959869384766
2131,1745931610.0125623,184.0536594390869
2132,1745931610.207098,183.976411819458
2133,1745931610.4006894,182.5394630432129
2134,1745931610.5964515,184.71527099609375
2135,1745931610.791172,184.190034866333
2136,1745931610.9859736,184.31782722473145
2137,1745931611.1797788,183.26735496520996
2138,1745931611.3754303,184.47542190551758
2139,1745931611.570043,183.38394165039062
2140,1745931611.7653675,184.28611755371094
2141,1745931611.959042,183.15482139587402
2142,1745931612.153034,183.01892280578613
2143,1745931612.3477361,183.62689018249512
2144,1745931612.5415254,183.1817626953125
2145,1745931612.7504823,198.286771774292
2146,1745931612.9468923,185.97960472106934
2147,1745931613.1426163,185.1637363433838
2148,1745931613.3376348,184.50379371643066
2149,1745931613.5326812,184.52715873718262
2150,1745931613.7280757,184.63993072509766
2151,1745931613.92297,184.4322681427002
2152,1745931614.1165118,182.91807174682617
2153,1745931614.3109882,183.8510036468506
2154,1745931614.512637,191.1184787750244
2155,1745931614.7076008,183.1669807434082
2156,1745931614.902831,184.92627143859863
2157,1745931615.097922,184.05508995056152
2158,1745931615.2928553,184.29231643676758
2159,1745931615.4879608,183.69174003601074
2160,1745931615.6837,184.6942901611328
2161,1745931615.8780313,183.81381034851074
2162,1745931616.072738,183.29739570617676
2163,1745931616.269946,186.17939949035645
2164,1745931616.4643238,183.35556983947754
2165,1745931616.6592278,183.07948112487793
2166,1745931616.8539436,184.14926528930664
2167,1745931617.0489569,184.39316749572754
2168,1745931617.24482,184.95559692382812
2169,1745931617.439167,183.80284309387207
2170,1745931617.6339858,183.65788459777832
2171,1745931617.8395836,194.51355934143066
2172,1745931618.036037,185.81533432006836
2173,1745931618.2326581,185.30678749084473
2174,1745931618.4291341,184.94486808776855
2175,1745931618.6261055,185.93358993530273
2176,1745931619.6426299,nan
2177,1745931619.8398106,186.4798069000244
2178,1745931620.0340934,184.07845497131348
2179,1745931620.2295194,184.93938446044922
2180,1745931621.2508388,nan
2181,1745931621.4438384,182.4815273284912
2182,1745931621.639633,184.01837348937988
2183,1745931621.8345942,184.42487716674805
2184,1745931622.0304625,183.6528778076172
2185,1745931622.225953,184.47017669677734
2186,1745931622.4212549,184.2796802520752
2187,1745931622.6172836,185.5936050415039
2188,1745931622.8122678,184.30662155151367
2189,1745931623.00697,183.1800937652588
2190,1745931623.2003794,182.38496780395508
2191,1745931623.398641,187.3171329498291
2192,1745931623.597125,186.96975708007812
2193,1745931623.7924132,184.73529815673828
2194,1745931623.9868033,183.78353118896484
2195,1745931624.1816185,184.00216102600098
2196,1745931624.3765242,184.22245979309082
2197,1745931624.5710063,183.884859085083
2198,1745931624.7660606,184.4334602355957
2199,1745931624.9627254,186.06853485107422
2200,1745931625.157742,183.89368057250977
2201,1745931625.3537588,185.5010986328125
2202,1745931625.5480516,183.7596893310547
2203,1745931625.7422047,183.1371784210205
2204,1745931625.9387195,184.9524974822998
2205,1745931626.1338286,184.7529411315918
2206,1745931626.3301723,185.7895851135254
2207,1745931626.5243962,183.4733486175537
2208,1745931626.7191963,184.26251411437988
2209,1745931626.914042,183.81881713867188
2210,1745931627.1085453,183.24565887451172
2211,1745931627.3046868,185.53709983825684
2212,1745931627.4990902,183.37225914001465
2213,1745931627.6938746,184.17811393737793
2214,1745931627.8906834,186.27166748046875
2215,1745931628.0885174,187.29639053344727
2216,1745931628.2860572,186.6457462310791
2217,1745931628.4818668,185.57095527648926
2218,1745931628.6806355,187.73293495178223
2219,1745931628.876672,185.38761138916016
2220,1745931629.0748768,187.14046478271484
2221,1745931629.2709765,185.57000160217285
2222,1745931629.4666848,184.85164642333984
2223,1745931630.497784,nan
2224,1745931630.6951237,186.81621551513672
2225,1745931630.892334,186.46693229675293
2226,1745931631.0884106,185.43267250061035
2227,1745931631.2837226,184.0963363647461
2228,1745931631.480276,185.49847602844238
2229,1745931631.6758988,185.47844886779785
2230,1745931631.8743203,187.40105628967285
2231,1745931632.069489,183.37512016296387
2232,1745931632.265281,185.28056144714355
2233,1745931632.4617877,185.46319007873535
2234,1745931632.6666894,193.82286071777344
2235,1745931632.8657298,187.7596378326416
2236,1745931633.0670946,190.19246101379395
2237,1745931633.2610786,183.16292762756348
2238,1745931633.4560761,183.3803653717041
2239,1745931633.6499293,183.54177474975586
2240,1745931633.8438802,183.38751792907715
2241,1745931634.0380619,183.4878921508789
2242,1745931634.2326078,183.4738254547119
2243,1745931634.4271255,183.6533546447754
2244,1745931634.62216,184.2362880706787
2245,1745931634.8170161,183.82978439331055
2246,1745931635.012321,184.4618320465088
2247,1745931635.2061994,183.17389488220215
2248,1745931636.2260883,nan
2249,1745931636.4223423,184.77344512939453
2250,1745931636.6640224,230.56268692016602
2251,1745931636.8588717,184.7238540649414
2252,1745931637.0550106,185.11605262756348
2253,1745931637.249176,183.26759338378906
2254,1745931637.446684,186.07616424560547
2255,1745931637.642069,184.33785438537598
2256,1745931637.8364787,183.2137107849121
2257,1745931638.0366066,188.71641159057617
2258,1745931638.2381063,190.38867950439453
2259,1745931638.4330623,184.57388877868652
2260,1745931638.6299222,185.83393096923828
2261,1745931638.8250763,184.94629859924316
2262,1745931639.0218728,186.25259399414062
2263,1745931639.219761,186.67936325073242
2264,1745931639.4148934,184.6146583557129
2265,1745931639.6137955,187.70146369934082
2266,1745931639.809182,184.7994327545166
2267,1745931640.004573,184.3564510345459
2268,1745931640.1983795,182.45482444763184
2269,1745931640.3931167,183.71200561523438
2270,1745931640.5893116,185.67466735839844
2271,1745931640.784055,183.8059425354004
2272,1745931640.9794114,184.54313278198242
2273,1745931641.1737764,183.8390827178955
2274,1745931641.3678818,183.58659744262695
2275,1745931641.5637436,184.76009368896484
2276,1745931641.7591462,185.11080741882324
2277,1745931641.9545755,184.2961311340332
2278,1745931642.9791348,nan
2279,1745931643.1736224,184.16213989257812
2280,1745931643.367252,183.08711051940918
2281,1745931643.56384,185.57429313659668
2282,1745931643.7611387,185.70232391357422
2283,1745931643.9550982,183.46595764160156
2284,1745931644.151114,184.7999095916748
2285,1745931644.345366,183.6678981781006
2286,1745931644.5472069,190.79065322875977
2287,1745931644.7411156,183.37607383728027
2288,1745931644.9363565,184.33165550231934
2289,1745931645.1317363,184.5097541809082
2290,1745931645.325387,183.10809135437012
2291,1745931645.5203364,183.90345573425293
2292,1745931645.7144837,183.40253829956055
2293,1745931645.910251,184.33141708374023
2294,1745931646.1053388,183.9599609375
2295,1745931646.2999659,183.66432189941406
2296,1745931646.4938233,182.9218864440918
2297,1745931646.6889653,184.3581199645996
2298,1745931646.8825958,182.87205696105957
2299,1745931647.078209,184.55767631530762
2300,1745931647.2727814,183.74872207641602
2301,1745931647.4688354,185.52660942077637
2302,1745931647.6720786,192.52347946166992
2303,1745931647.8680527,184.7696304321289
2304,1745931648.0637743,183.685302734375
2305,1745931648.2587595,184.28683280944824
2306,1745931648.4539723,184.26847457885742
2307,1745931648.6479876,183.488130569458
2308,1745931648.8420732,183.52627754211426
2309,1745931649.041542,188.25173377990723
2310,1745931649.239031,186.32769584655762
2311,1745931649.432631,183.19225311279297
2312,1745931649.629397,185.48297882080078
2313,1745931649.8246922,184.24129486083984
2314,1745931650.0209222,185.25385856628418
2315,1745931650.217491,185.93096733093262
2316,1745931650.4140892,185.5621337890625
2317,1745931650.611109,185.9109401702881
2318,1745931650.806038,184.36908721923828
2319,1745931651.0038176,186.93900108337402
2320,1745931651.2004635,185.8236789703369
2321,1745931651.3963244,185.3320598602295
2322,1745931651.5927458,184.10038948059082
2323,1745931651.790101,187.30592727661133
2324,1745931651.9867454,186.09046936035156
2325,1745931652.1806197,183.17937850952148
2326,1745931652.376559,184.91315841674805
2327,1745931652.5723205,184.9668025970459
2328,1745931652.7751946,190.83428382873535
2329,1745931652.974006,187.74127960205078
2330,1745931653.1693509,184.87310409545898
2331,1745931653.3658774,185.4991912841797
2332,1745931653.56258,184.92889404296875
2333,1745931653.7605138,186.88321113586426
2334,1745931653.9590447,187.51120567321777
2335,1745931654.1609538,190.8888816833496
2336,1745931654.3598464,188.16781044006348
2337,1745931654.5573566,186.18059158325195
2338,1745931654.7540672,185.13154983520508
2339,1745931654.9502795,185.9910488128662
2340,1745931655.1466613,185.58144569396973
2341,1745931655.344991,187.1802806854248
2342,1745931655.5407665,184.28587913513184
2343,1745931655.7389567,187.17169761657715
2344,1745931655.9348712,184.85641479492188
2345,1745931656.132867,186.90228462219238
2346,1745931656.3310115,187.12759017944336
2347,1745931656.526072,184.32235717773438
2348,1745931656.7228389,185.53924560546875
2349,1745931656.9210048,186.9661808013916
2350,1745931657.115558,183.43091011047363
2351,1745931657.313125,186.36059761047363
2352,1745931657.5083117,184.35263633728027
2353,1745931658.530713,nan
2354,1745931658.7292082,187.66260147094727
2355,1745931658.9239068,183.64334106445312
2356,1745931659.119483,184.99755859375
2357,1745931659.3151662,184.4775676727295
2358,1745931659.5215092,195.28841972351074
2359,1745931659.7170208,184.8447322845459
2360,1745931659.91205,184.1444969177246
2361,1745931660.1088665,185.78219413757324
2362,1745931660.3022418,182.85298347473145
2363,1745931660.4968822,183.03155899047852
2364,1745931660.6915817,183.577299118042
2365,1745931660.8867378,184.02361869812012
2366,1745931661.0805037,182.49225616455078
2367,1745931661.2756858,184.01479721069336
2368,1745931661.4712777,185.04643440246582
2369,1745931661.6667233,184.18288230895996
2370,1745931661.861531,183.7615966796875
2371,1745931662.058676,186.8419647216797
2372,1745931662.257421,188.2033348083496
2373,1745931662.4526074,184.65065956115723
2374,1745931662.651736,187.2100830078125
2375,1745931662.8458357,183.65168571472168
2376,1745931663.0413976,184.55100059509277
2377,1745931663.2367175,183.9919090270996
2378,1745931663.4340913,186.33580207824707
2379,1745931663.628173,183.5641860961914
2380,1745931663.8222785,183.1655502319336
2381,1745931664.0169752,184.1442584991455
2382,1745931664.210868,183.20298194885254
2383,1745931664.4045854,183.14838409423828
2384,1745931664.5994244,183.79831314086914
2385,1745931664.7938557,183.81667137145996
2386,1745931664.9883113,183.39896202087402
2387,1745931665.182467,183.6397647857666
2388,1745931665.377212,182.80744552612305
2389,1745931665.5729816,184.49759483337402
2390,1745931665.7687058,185.19234657287598
2391,1745931665.9630032,183.9921474456787
2392,1745931666.1578522,184.30233001708984
2393,1745931666.353021,184.65018272399902
2394,1745931666.5539865,190.08636474609375
2395,1745931666.7484434,183.50696563720703
2396,1745931666.942211,183.2747459411621
2397,1745931667.137494,184.0348243713379
2398,1745931667.332018,183.87937545776367
2399,1745931667.5281765,185.1353645324707
2400,1745931667.7224522,183.71343612670898
2401,1745931667.9177551,184.9961280822754
2402,1745931668.115236,184.98897552490234
2403,1745931668.311089,185.31084060668945
2404,1745931668.505034,183.64715576171875
2405,1745931668.7012057,184.14974212646484
2406,1745931668.8978274,186.16247177124023
2407,1745931669.0943213,185.41336059570312
2408,1745931669.2901335,185.29081344604492
2409,1745931669.4847713,183.90750885009766
2410,1745931669.6812334,185.63199043273926
2411,1745931669.8772788,184.57460403442383
2412,1745931670.0742288,186.41066551208496
2413,1745931670.2725348,186.9521141052246
2414,1745931670.4690058,185.410737991333
2415,1745931670.666507,186.70940399169922
2416,1745931670.8628752,185.32991409301758
2417,1745931671.060929,187.02244758605957
2418,1745931671.2588189,187.35980987548828
2419,1745931671.4559853,185.2867603302002
2420,1745931671.6506624,184.15045738220215
2421,1745931671.848045,186.2938404083252
2422,1745931672.0452912,186.52009963989258
2423,1745931672.2414875,185.66012382507324
2424,1745931672.4407582,188.25268745422363
2425,1745931672.6485279,197.22580909729004
2426,1745931672.8462784,187.24822998046875
2427,1745931673.0449526,187.63136863708496
2428,1745931673.240701,184.4339370727539
2429,1745931673.4356081,183.87866020202637
2430,1745931673.6340132,187.29567527770996
2431,1745931673.8276472,183.3939552307129
2432,1745931674.023906,185.2266788482666
2433,1745931674.2195768,185.00685691833496
2434,1745931674.4139433,183.34269523620605
2435,1745931674.616899,192.41714477539062
2436,1745931674.8128242,185.31298637390137
2437,1745931675.0127232,188.68374824523926
2438,1745931675.2078092,184.8278045654297
2439,1745931675.4019418,183.8068962097168
2440,1745931675.5964386,183.46381187438965
2441,1745931675.7911174,183.9892864227295
2442,1745931675.9854271,183.77137184143066
2443,1745931676.18097,184.41390991210938
2444,1745931676.3779116,185.9116554260254
2445,1745931676.5724108,183.8696002960205
2446,1745931676.7678697,183.94088745117188
2447,1745931676.9629574,184.39745903015137
2448,1745931677.1573927,183.91084671020508
2449,1745931677.3530726,185.14180183410645
2450,1745931677.551157,186.89823150634766
2451,1745931677.7475653,185.34278869628906
2452,1745931677.944572,186.03801727294922
2453,1745931678.1409688,185.80293655395508
2454,1745931678.3357418,184.19575691223145
2455,1745931678.5295901,183.21990966796875
2456,1745931678.7247176,184.08513069152832
2457,1745931679.744035,nan
2458,1745931679.9377997,183.25257301330566
2459,1745931680.1330955,184.26966667175293
2460,1745931680.3283036,184.18550491333008
2461,1745931680.5226922,182.50703811645508
2462,1745931680.717273,184.39722061157227
2463,1745931680.9128106,184.89909172058105
2464,1745931681.108011,184.64279174804688
2465,1745931681.3024654,183.72607231140137
2466,1745931681.4976683,184.30709838867188
2467,1745931681.6920125,183.06827545166016
2468,1745931681.8872912,184.38386917114258
2469,1745931682.082079,184.27586555480957
2470,1745931682.2787945,185.08148193359375
2471,1745931682.4756007,184.78155136108398
2472,1745931682.6782086,192.08598136901855
2473,1745931682.8829362,194.17238235473633
2474,1745931683.078481,184.9513053894043
2475,1745931683.2750735,185.5320930480957
2476,1745931683.469824,183.73799324035645
2477,1745931683.668759,187.79397010803223
2478,1745931683.8653443,185.57000160217285
2479,1745931684.0601926,184.31472778320312
2480,1745931684.2549453,183.3794116973877
2481,1745931684.450182,184.20982360839844
2482,1745931684.6446495,184.3397617340088
2483,1745931684.8420339,186.16104125976562
2484,1745931685.0368402,183.64310264587402
2485,1745931685.2349358,187.05201148986816
2486,1745931685.4315882,185.5301856994629
2487,1745931685.629827,187.2568130493164
2488,1745931685.8272297,186.74159049987793
2489,1745931686.0228107,184.77106094360352
2490,1745931686.2202725,186.45095825195312
2491,1745931686.417094,186.33246421813965
2492,1745931686.6129932,185.70399284362793
2493,1745931686.8092566,185.23812294006348
2494,1745931687.0065858,185.9722137451172
2495,1745931687.202521,184.82232093811035
2496,1745931687.3974645,183.35437774658203
2497,1745931687.5958524,187.42823600769043
2498,1745931687.7901306,183.70652198791504
2499,1745931687.9909976,189.78309631347656
2500,1745931688.1860929,184.4937801361084
2501,1745931688.381612,184.81755256652832
2502,1745931688.5776756,185.96410751342773
2503,1745931688.7739441,185.26387214660645
2504,1745931688.9708447,186.32054328918457
2505,1745931689.1680698,186.21039390563965
2506,1745931689.366108,186.88249588012695
2507,1745931689.5709317,193.6655044555664
2508,1745931689.7683313,186.31649017333984
2509,1745931689.965867,186.50531768798828
2510,1745931690.1621308,185.23454666137695
2511,1745931690.3604453,187.94012069702148
2512,1745931690.557857,185.38475036621094
2513,1745931690.7551985,187.17050552368164
2514,1745931690.950751,184.5242977142334
2515,1745931691.149683,186.48600578308105
2516,1745931691.34611,186.2964630126953
2517,1745931691.5411222,184.43775177001953
2518,1745931691.7374358,185.23120880126953
2519,1745931691.9364815,187.7727508544922
2520,1745931692.131868,184.13114547729492
2521,1745931692.3294325,186.7966651916504
2522,1745931692.5248735,184.42201614379883
2523,1745931692.720312,184.90886688232422
2524,1745931692.9248097,193.3615207672119
2525,1745931693.9373877,nan
2526,1745931694.132953,185.03546714782715
2527,1745931694.3295743,185.44435501098633
2528,1745931694.5275748,186.94400787353516
2529,1745931694.7250612,186.906099319458
2530,1745931694.9227047,186.59114837646484
2531,1745931695.1181333,184.80181694030762
2532,1745931695.3153138,186.13672256469727
2533,1745931695.5110943,184.7536563873291
2534,1745931695.7076335,185.77027320861816
2535,1745931695.9047601,186.4621639251709
2536,1745931696.1037004,187.31212615966797
2537,1745931696.2976284,183.5777759552002
2538,1745931696.4912572,182.7094554901123
2539,1745931696.684843,183.2869052886963
2540,1745931696.8804927,183.40492248535156
2541,1745931697.0748277,183.80498886108398
2542,1745931697.269372,183.37106704711914
2543,1745931698.2859013,nan
2544,1745931698.488893,192.46912002563477
2545,1745931698.6843514,184.92770195007324
2546,1745931698.8799307,185.0302219390869
2547,1745931699.0745366,183.58516693115234
2548,1745931699.2708595,184.9668025970459
2549,1745931699.4664683,185.01043319702148
2550,1745931699.6614947,183.98165702819824
2551,1745931699.8563356,183.7460994720459
2552,1745931700.0519273,183.96997451782227
2553,1745931700.246885,184.32021141052246
2554,1745931700.4421904,184.73410606384277
2555,1745931701.459288,nan
2556,1745931701.654099,184.30280685424805
2557,1745931701.8497338,184.35359001159668
2558,1745931702.0450497,183.95018577575684
2559,1745931702.239537,183.37750434875488
2560,1745931702.4339554,183.0430030822754
2561,1745931702.6378493,192.4302577972412
2562,1745931702.8330123,184.86309051513672
2563,1745931703.026758,182.95931816101074
2564,1745931703.2198534,182.04665184020996
2565,1745931703.4141397,182.88230895996094
2566,1745931703.607918,182.73377418518066
2567,1745931703.803125,184.19265747070312
2568,1745931703.9983091,183.90917778015137
2569,1745931704.1938443,184.97157096862793
2570,1745931704.388161,183.7325096130371
2571,1745931704.582804,184.12423133850098
2572,1745931704.776778,183.2258701324463
2573,1745931704.9721277,184.07702445983887
2574,1745931705.986618,nan
2575,1745931706.1805394,183.59756469726562
2576,1745931706.375249,183.6540699005127
2577,1745931706.5709767,183.33148956298828
2578,1745931706.7660508,184.78679656982422
2579,1745931706.9598527,183.4418773651123
2580,1745931707.155013,184.13567543029785
2581,1745931707.349094,182.99317359924316
2582,1745931707.5423672,182.18111991882324
2583,1745931707.7390914,185.47415733337402
2584,1745931707.9337444,183.95137786865234
2585,1745931708.1286848,184.37647819519043
2586,1745931708.3253345,185.29462814331055
2587,1745931708.5212202,184.8461627960205
2588,1745931708.7168887,184.74149703979492
2589,1745931708.914137,186.20896339416504
2590,1745931709.1111674,186.21516227722168
2591,1745931709.3072577,185.55927276611328
2592,1745931709.503922,185.36758422851562
2593,1745931709.7013416,186.86509132385254
2594,1745931709.8991241,187.2270107269287
2595,1745931710.0964234,187.0880126953125
2596,1745931711.1090662,nan
2597,1745931712.1359417,nan
2598,1745931712.3304274,183.99524688720703
2599,1745931712.525173,183.91776084899902
2600,1745931712.7212696,185.70542335510254
2601,1745931712.916962,184.55743789672852
2602,1745931713.1143808,186.3384246826172
2603,1745931713.3086474,183.69030952453613
2604,1745931713.5078838,188.720703125
2605,1745931713.7039688,185.2130889892578
2606,1745931713.904184,189.20063972473145
2607,1745931714.0998118,185.03808975219727
2608,1745931714.295742,184.9994659423828
2609,1745931714.490533,184.17811393737793
2610,1745931714.6847763,183.66694450378418
2611,1745931714.8806581,184.71240997314453
2612,1745931715.075285,184.39197540283203
2613,1745931715.270797,184.99398231506348
2614,1745931715.4681275,185.5916976928711
2615,1745931715.6636646,184.94510650634766
2616,1745931715.857912,183.1989288330078
2617,1745931716.0590475,189.70680236816406
2618,1745931716.2559845,184.9691867828369
2619,1745931716.451497,184.89766120910645
2620,1745931716.6457257,183.70866775512695
2621,1745931716.8407593,183.8364601135254
2622,1745931717.0362701,184.39984321594238
2623,1745931717.2303467,183.5324764251709
2624,1745931717.426958,185.64414978027344
2625,1745931717.6212823,183.79616737365723
2626,1745931717.815794,183.48360061645508
2627,1745931718.010498,184.02886390686035
2628,1745931718.2045574,182.9967498779297
2629,1745931718.400472,184.48734283447266
2630,1745931718.5955982,184.96012687683105
2631,1745931718.7898858,183.9773654937744
2632,1745931718.9845335,183.6545467376709
2633,1745931719.1790924,183.49885940551758
2634,1745931719.3739095,183.7146282196045
2635,1745931719.5759208,190.9925937652588
2636,1745931719.7725434,185.03808975219727
2637,1745931719.9670348,183.9759349822998
2638,1745931720.1621408,183.96544456481934
2639,1745931720.3580234,184.62491035461426
2640,1745931720.5528617,184.27181243896484
2641,1745931720.747698,183.79569053649902
2642,1745931720.9439416,185.2257251739502
2643,1745931721.1386912,183.74133110046387
2644,1745931721.3357887,186.5086555480957
2645,1745931721.5300713,183.25567245483398
2646,1745931721.726941,185.3809356689453
2647,1745931721.9243588,185.99486351013184
2648,1745931722.122066,186.6612434387207
2649,1745931722.3203657,187.26372718811035
2650,1745931723.3405375,nan
2651,1745931723.537218,186.16032600402832
2652,1745931723.7340539,185.81867218017578
2653,1745931723.9305215,185.94741821289062
2654,1745931724.1254253,183.85624885559082
2655,1745931724.3202593,183.8679313659668
2656,1745931724.5165598,185.72139739990234
2657,1745931724.7138164,186.12241744995117
2658,1745931724.9110804,186.77282333374023
2659,1745931725.108285,185.99510192871094
2660,1745931725.304127,184.99994277954102
2661,1745931725.5008965,185.6706142425537
2662,1745931725.6970384,184.92627143859863
2663,1745931725.8923466,184.27109718322754
2664,1745931726.0904841,187.1049404144287
2665,1745931726.2859466,184.4160556793213
2666,1745931726.5262969,229.32958602905273
2667,1745931726.7222955,185.46628952026367
2668,1745931726.9213133,187.49737739562988
2669,1745931727.1177688,186.31887435913086
2670,1745931727.3148782,186.97643280029297
2671,1745931727.5113811,185.46533584594727
2672,1745931727.7091522,187.22939491271973
2673,1745931727.9081528,187.95204162597656
2674,1745931728.1047313,185.5447292327881
2675,1745931728.3011928,185.3649616241455
2676,1745931728.498208,185.98508834838867
2677,1745931728.6941183,185.00661849975586
2678,1745931728.8900375,185.36376953125
2679,1745931729.0865386,185.5921745300293
2680,1745931729.2840364,186.5382194519043
2681,1745931729.4777582,183.56013298034668
2682,1745931729.6721516,183.3481788635254
2683,1745931729.8680687,184.7860813140869
2684,1745931730.0617511,183.1226348876953
2685,1745931731.087344,nan
2686,1745931732.1106746,nan
2687,1745931732.3053484,184.16142463684082
2688,1745931732.4995425,183.12883377075195
2689,1745931732.6940963,183.54058265686035
2690,1745931732.8895426,183.9745044708252
2691,1745931733.0840023,184.17096138000488
2692,1745931733.2812836,186.72657012939453
2693,1745931733.4756882,183.2737922668457
2694,1745931733.6700683,184.04078483581543
2695,1745931733.8646445,184.21435356140137
2696,1745931734.0590813,183.67934226989746
2697,1745931734.2545173,184.26966667175293
2698,1745931734.4487977,183.65216255187988
2699,1745931734.6525338,193.2199001312256
2700,1745931734.848105,184.42606925964355
2701,1745931735.0436883,184.5388412475586
2702,1745931735.2388432,183.37392807006836
2703,1745931735.43407,184.9515438079834
2704,1745931735.6281586,183.63094329833984
2705,1745931735.8222768,183.06636810302734
2706,1745931736.0182476,185.29605865478516
2707,1745931736.2135892,184.25750732421875
2708,1745931736.4071357,182.9540729522705
2709,1745931736.6028385,184.41200256347656
2710,1745931736.7991967,185.1351261138916
2711,1745931736.9974704,187.72268295288086
2712,1745931737.193096,184.8435401916504
2713,1745931737.3887799,184.62729454040527
2714,1745931737.5861962,186.8429183959961
2715,1745931737.788191,190.9632682800293
2716,1745931737.9830143,184.33117866516113
2717,1745931738.1799355,185.88614463806152
2718,1745931738.3758242,185.31537055969238
2719,1745931738.5725305,186.09905242919922
2720,1745931738.7710772,187.4988079071045
2721,1745931738.966687,185.0898265838623
2722,1745931739.1620667,184.1270923614502
2723,1745931739.3584695,184.87143516540527
2724,1745931739.5560842,186.4461898803711
2725,1745931739.7522795,185.38475036621094
2726,1745931739.948817,185.00399589538574
2727,1745931740.1444387,184.6163272857666
2728,1745931740.3427227,187.20269203186035
2729,1745931740.5394552,186.16652488708496
2730,1745931740.7378006,187.25824356079102
2731,1745931740.934015,185.2285861968994
2732,1745931741.131358,186.31219863891602
2733,1745931741.3292813,187.30592727661133
2734,1745931741.5261173,185.60338020324707
2735,1745931741.7229307,185.80293655395508
2736,1745931741.9209077,186.6891384124756
2737,1745931742.1184437,186.65766716003418
2738,1745931742.3159268,186.43569946289062
2739,1745931742.5135918,186.55681610107422
2740,1745931742.716517,191.21384620666504
2741,1745931742.9127967,185.77289581298828
2742,1745931743.1087863,185.10150909423828
2743,1745931743.3061373,187.06965446472168
2744,1745931743.502075,185.4245662689209
2745,1745931743.7037451,190.73987007141113
2746,1745931743.900157,185.79649925231934
2747,1745931744.0957618,185.0757598876953
2748,1745931744.2947996,187.7613067626953
2749,1745931744.4925687,187.1354579925537
2750,1745931744.6881924,185.1513385772705
2751,1745931744.8830569,184.28635597229004
2752,1745931745.0777555,184.04340744018555
2753,1745931745.27542,187.13974952697754
2754,1745931745.4708912,185.06765365600586
2755,1745931745.66768,186.248779296875
2756,1745931745.8630924,184.9071979522705
2757,1745931746.0629396,188.91358375549316
2758,1745931746.2600024,186.15221977233887
2759,1745931746.4584897,187.4237060546875
2760,1745931746.6551552,185.48202514648438
2761,1745931746.8514078,185.0717067718506
2762,1745931747.8775642,nan
2763,1745931748.0723414,184.13329124450684
2764,1745931748.2686849,185.7011318206787
2765,1745931748.463615,184.68093872070312
2766,1745931748.6582935,184.1435432434082
2767,1745931748.8538263,184.8928928375244
2768,1745931749.0483878,183.96592140197754
2769,1745931749.241909,182.90376663208008
2770,1745931749.436783,183.65025520324707
2771,1745931749.6389472,191.65349006652832
2772,1745931749.8337443,184.01813507080078
2773,1745931750.0282245,183.42161178588867
2774,1745931750.222169,183.26115608215332
2775,1745931750.417423,184.72599983215332
2776,1745931750.6109085,182.57474899291992
2777,1745931750.8169637,194.53668594360352
2778,1745931751.0120807,184.24439430236816
2779,1745931751.2073236,184.69977378845215
2780,1745931751.4046059,186.2478256225586
2781,1745931751.6007948,185.60028076171875
2782,1745931751.7963693,184.42654609680176
2783,1745931751.9930596,185.66489219665527
2784,1745931752.186957,183.34221839904785
2785,1745931752.383749,185.96577644348145
2786,1745931752.5782557,183.32910537719727
2787,1745931752.7729578,183.6390495300293
2788,1745931752.9679768,183.98141860961914
2789,1745931753.162863,183.87174606323242
2790,1745931753.3583055,183.15386772155762
2791,1745931753.5537255,184.9048137664795
2792,1745931753.748995,184.78965759277344
2793,1745931753.9423368,182.96265602111816
2794,1745931754.1378996,184.71479415893555
2795,1745931754.3329577,184.3717098236084
2796,1745931754.5278275,183.8376522064209
2797,1745931754.7231581,184.31925773620605
2798,1745931754.9174852,183.68172645568848
2799,1745931755.1125603,184.49878692626953
2800,1745931755.3085172,184.34572219848633
2801,1745931755.5027885,183.57491493225098
2802,1745931755.6974921,183.57157707214355
2803,1745931755.8929234,184.48448181152344
2804,1745931756.0875485,184.01336669921875
2805,1745931756.2818625,183.27760696411133
2806,1745931756.476846,183.63451957702637
2807,1745931756.671585,184.0817928314209
2808,1745931756.8659856,183.75539779663086
2809,1745931757.0592709,183.06326866149902
2810,1745931757.2547758,184.59558486938477
2811,1745931757.4502213,184.44371223449707
2812,1745931757.6427245,181.73766136169434
2813,1745931757.8375385,183.74037742614746
2814,1745931758.0321817,184.20910835266113
2815,1745931758.2289298,185.53423881530762
2816,1745931758.4268565,186.70344352722168
2817,1745931758.6245952,186.44142150878906
2818,1745931758.82133,185.69278717041016
2819,1745931759.019007,186.65337562561035
2820,1745931759.2155044,185.8227252960205
2821,1745931759.4127164,186.35296821594238
2822,1745931759.6084049,184.9496364593506
2823,1745931759.8044035,184.96370315551758
2824,1745931760.0004299,184.95893478393555
2825,1745931760.1950424,183.9296817779541
2826,1745931760.3903077,184.24415588378906
2827,1745931760.5848217,183.4886074066162
2828,1745931761.6068747,nan
2829,1745931761.8040907,186.5253448486328
2830,1745931761.9984734,183.8521957397461
2831,1745931762.192324,183.1967830657959
2832,1745931762.387426,184.08203125
2833,1745931762.582091,183.31527709960938
2834,1745931762.7845597,191.4525032043457
2835,1745931762.9793768,184.2806339263916
2836,1745931763.1743498,184.40651893615723
2837,1745931763.3687215,183.8393211364746
2838,1745931763.5652132,185.96220016479492
2839,1745931763.760083,184.3724250793457
2840,1745931763.9539385,183.32791328430176
2841,1745931764.1526022,187.14022636413574
2842,1745931764.3489063,185.78648567199707
2843,1745931764.5538843,194.36216354370117
2844,1745931764.7508202,186.0644817352295
2845,1745931764.949475,187.07752227783203
2846,1745931765.1463838,186.52582168579102
2847,1745931765.3439925,187.10613250732422
2848,1745931765.5408087,186.45477294921875
2849,1745931765.734876,182.9986572265625
2850,1745931766.7508855,nan
2851,1745931767.762582,nan
2852,1745931767.9597816,186.69795989990234
2853,1745931768.1558945,185.7626438140869
2854,1745931768.3536434,186.52081489562988
2855,1745931768.547577,183.5336685180664
2856,1745931768.74637,187.4547004699707
2857,1745931768.9440246,186.6316795349121
2858,1745931769.1404016,185.40549278259277
2859,1745931769.3352337,183.79902839660645
2860,1745931769.531131,185.11223793029785
2861,1745931769.7282972,186.13123893737793
2862,1745931769.926719,187.40153312683105
2863,1745931770.1239054,186.65742874145508
2864,1745931770.319583,185.1511001586914
2865,1745931770.5162692,185.53972244262695
2866,1745931770.713748,187.00551986694336
2867,1745931770.9103951,186.06281280517578
2868,1745931771.1076565,187.03126907348633
2869,1745931771.3031108,184.40675735473633
2870,1745931771.4992359,185.61029434204102
2871,1745931771.6947773,184.9970817565918
2872,1745931771.8923318,186.43832206726074
2873,1745931772.0880153,185.1649284362793
2874,1745931772.2857099,187.04509735107422
2875,1745931772.4807081,184.53645706176758
2876,1745931772.6769514,185.22143363952637
2877,1745931772.874243,186.309814453125
2878,1745931773.0711107,186.39683723449707
2879,1745931773.2679749,185.76931953430176
2880,1745931773.4811432,202.35633850097656
2881,1745931773.678575,186.40828132629395
2882,1745931773.8767462,187.18218803405762
2883,1745931774.0746777,186.91349029541016
2884,1745931774.2700398,184.71288681030273
2885,1745931774.46598,185.1036548614502
2886,1745931774.6636095,186.87963485717773
2887,1745931774.8611283,186.98835372924805
2888,1745931775.0607445,188.59148025512695
2889,1745931775.2567763,185.00542640686035
2890,1745931775.4554913,187.67714500427246
2891,1745931775.6518853,185.02211570739746
2892,1745931775.8611994,198.78840446472168
2893,1745931776.057701,185.54925918579102
2894,1745931776.2551303,186.04660034179688
2895,1745931777.280969,nan
2896,1745931777.4755163,183.8696002960205
2897,1745931777.6724265,185.52231788635254
2898,1745931777.867198,184.25750732421875
2899,1745931778.062192,184.3855381011963
2900,1745931778.2579136,184.82303619384766
2901,1745931778.4526536,183.72273445129395
2902,1745931778.6477823,183.9771270751953
2903,1745931778.8469036,188.07411193847656
2904,1745931779.0418994,184.19933319091797
2905,1745931779.2362514,183.29119682312012
2906,1745931779.431694,184.4501495361328
2907,1745931779.636315,194.1051483154297
2908,1745931779.8304667,183.64834785461426
2909,1745931780.025541,184.03363227844238
2910,1745931780.2200325,183.98165702819824
2911,1745931780.4150617,184.14545059204102
2912,1745931780.6250014,199.3875503540039
2913,1745931780.8191524,183.65097045898438
2914,1745931781.013818,183.6857795715332
2915,1745931781.2098093,185.44244766235352
2916,1745931781.4048073,184.48686599731445
2917,1745931781.6014462,185.62030792236328
2918,1745931781.796927,184.53407287597656
2919,1745931781.9936595,185.1503849029541
2920,1745931782.1877534,183.94017219543457
2921,1745931782.3820114,183.1796169281006
2922,1745931782.5777628,185.1639747619629
2923,1745931782.77358,184.76057052612305
2924,1745931782.9689302,183.8052272796631
2925,1745931783.163866,183.4425926208496
2926,1745931783.3679342,192.43574142456055
2927,1745931783.5625045,182.8632354736328
2928,1745931783.7580757,185.0433349609375
2929,1745931783.9527185,183.66456031799316
2930,1745931784.147541,184.16452407836914
2931,1745931784.342154,184.39674377441406
2932,1745931784.5359063,183.59971046447754
2933,1745931784.730314,183.29501152038574
2934,1745931784.9249716,184.14902687072754
2935,1745931785.1196501,183.6833953857422
2936,1745931785.3147385,184.00835990905762
2937,1745931785.5099123,184.27085876464844
2938,1745931785.7072854,186.295747756958
2939,1745931785.9022572,184.43751335144043
2940,1745931786.0953095,182.67416954040527
2941,1745931786.2905438,184.07464027404785
2942,1745931786.4851944,184.10873413085938
2943,1745931786.6801267,183.89034271240234
2944,1745931786.8760796,184.91458892822266
2945,1745931787.0708065,184.21173095703125
2946,1745931787.265899,183.98714065551758
2947,1745931787.479005,202.01921463012695
2948,1745931787.6758146,186.30027770996094
2949,1745931787.8726559,185.66060066223145
2950,1745931788.070773,186.78998947143555
2951,1745931788.2660592,184.7693920135498
2952,1745931788.4647837,188.0037784576416
2953,1745931788.6608458,185.03308296203613
2954,1745931788.8598602,188.29894065856934
2955,1745931789.0552785,184.73243713378906
2956,1745931789.2511284,184.828519821167
2957,1745931789.4452891,183.69817733764648
2958,1745931789.6395044,183.51364135742188
2959,1745931789.8340168,184.1871738433838
2960,1745931790.0276992,183.11190605163574
2961,1745931790.2219453,183.28046798706055
2962,1745931790.4170852,184.11016464233398
2963,1745931790.6110146,182.90948867797852
2964,1745931790.8063223,184.02361869812012
2965,1745931791.0008736,183.48932266235352
2966,1745931791.1968935,185.25195121765137
2967,1745931791.391297,184.2794418334961
2968,1745931791.5840962,182.47079849243164
2969,1745931791.7780633,183.3360195159912
2970,1745931791.9711602,182.46173858642578
2971,1745931792.1657863,183.61711502075195
2972,1745931793.1777873,nan
2973,1745931793.3721144,183.51197242736816
2974,1745931793.5667567,183.68005752563477
2975,1745931793.7627597,184.97419357299805
2976,1745931793.9570332,183.68983268737793
2977,1745931794.1624,193.99142265319824
2978,1745931794.3605924,187.42084503173828
2979,1745931794.5637622,192.5830841064453
2980,1745931794.7585104,184.2184066772461
2981,1745931794.9527256,183.69770050048828
2982,1745931795.1473105,184.04889106750488
2983,1745931795.3421385,183.79974365234375
2984,1745931795.5370612,184.41247940063477
2985,1745931795.7314165,182.58309364318848
2986,1745931795.9258983,183.4566593170166
2987,1745931796.9452431,nan
2988,1745931797.1394534,183.38727951049805
2989,1745931797.332625,182.02733993530273
2990,1745931797.528537,184.11874771118164
2991,1745931797.7222493,183.4428310394287
2992,1745931797.917214,183.66622924804688
2993,1745931798.1118221,183.72035026550293
2994,1745931798.3061583,183.81786346435547
2995,1745931798.5004778,182.96074867248535
2996,1745931798.6955361,184.51499938964844
2997,1745931798.8897977,183.7465763092041
2998,1745931799.0845811,183.60090255737305
2999,1745931799.2810235,185.1489543914795
3000,1745931799.4767473,185.18805503845215
3001,1745931799.6736586,186.34510040283203
3002,1745931799.8689883,185.18447875976562
3003,1745931800.0661106,186.10811233520508
3004,1745931800.2617764,184.64303016662598
3005,1745931800.4588919,186.11884117126465
3006,1745931800.6554317,185.4844093322754
3007,1745931800.8506875,184.7381591796875
3008,1745931801.0479634,186.30099296569824
3009,1745931801.2466643,188.2016658782959
3010,1745931801.4444225,186.76400184631348
3011,1745931801.6392004,184.36098098754883
3012,1745931801.837085,186.99216842651367
3013,1745931802.0335968,185.4689121246338
3014,1745931802.227463,183.29739570617676
3015,1745931802.4262173,187.44730949401855
3016,1745931802.6236088,186.71369552612305
3017,1745931802.8209548,186.13839149475098
3018,1745931803.0170507,185.49513816833496
3019,1745931803.2129343,184.80181694030762
3020,1745931803.4123404,188.37928771972656
3021,1745931803.6096878,186.8147850036621
3022,1745931803.8074825,186.56039237976074
3023,1745931804.0053399,186.34629249572754
3024,1745931804.2004263,184.06343460083008
3025,1745931804.396678,185.9731674194336
3026,1745931804.59376,185.9261989593506
3027,1745931804.7899525,185.56547164916992
3028,1745931804.9892027,188.46678733825684
3029,1745931805.1844149,184.70215797424316
3030,1745931805.381279,186.07616424560547
3031,1745931805.5771022,185.53423881530762
3032,1745931805.775793,187.4401569366455
3033,1745931805.9715693,184.72719192504883
3034,1745931806.169276,186.98668479919434
3035,1745931806.3704944,190.01150131225586
3036,1745931806.5678556,186.8438720703125
3037,1745931806.7627532,184.61894989013672
3038,1745931806.9603465,186.30599975585938
3039,1745931807.156612,185.67371368408203
3040,1745931807.3516064,183.95113945007324
3041,1745931807.5459602,183.7158203125
3042,1745931807.7427108,186.23042106628418
3043,1745931807.9404166,187.12091445922852
3044,1745931808.136748,185.78791618347168
3045,1745931808.3338428,185.89544296264648
3046,1745931808.5281677,184.1299533843994
3047,1745931808.7260237,187.09897994995117
3048,1745931808.9222283,185.68110466003418
3049,1745931809.1191914,185.9292984008789
3050,1745931809.315853,185.6398582458496
3051,1745931809.5209336,194.06461715698242
3052,1745931809.7225983,191.176176071167
3053,1745931809.9193897,185.63437461853027
3054,1745931810.1147647,184.3111515045166
3055,1745931810.3109305,185.19973754882812
3056,1745931810.5060265,184.16118621826172
3057,1745931811.5230527,nan
3058,1745931811.7185633,185.2097511291504
3059,1745931811.9166396,187.2875690460205
3060,1745931812.1128676,185.18829345703125
3061,1745931812.3088677,185.41812896728516
3062,1745931812.5039957,184.5862865447998
3063,1745931812.7020583,187.53910064697266
3064,1745931812.9005287,187.67476081848145
3065,1745931813.0978067,186.2332820892334
3066,1745931813.294548,185.6529712677002
3067,1745931813.4911094,186.12408638000488
3068,1745931813.687143,184.9684715270996
3069,1745931813.8840606,185.9304904937744
3070,1745931814.0820043,186.62357330322266
3071,1745931814.2793207,186.34414672851562
3072,1745931814.4753034,184.94653701782227
3073,1745931814.672989,186.62285804748535
3074,1745931814.8690662,185.22334098815918
3075,1745931815.0822828,202.09431648254395
3076,1745931815.2931643,199.82194900512695
3077,1745931815.4902325,185.8804225921631
3078,1745931815.6891575,187.92963027954102
3079,1745931815.8855705,185.82558631896973
3080,1745931816.9000318,nan
3081,1745931817.0959208,185.36829948425293
3082,1745931817.2915075,184.906005859375
3083,1745931817.4960034,193.4196949005127
3084,1745931817.6931205,186.60855293273926
3085,1745931817.889956,186.1732006072998
3086,1745931818.0864553,185.32252311706543
3087,1745931818.2825372,185.0428581237793
3088,1745931818.481427,187.06488609313965
3089,1745931818.681054,189.4993782043457
3090,1745931818.8785808,186.84744834899902
3091,1745931819.0748127,185.18924713134766
3092,1745931819.270421,184.42916870117188
3093,1745931819.4664042,184.9346160888672
3094,1745931819.6617982,184.96060371398926
3095,1745931819.8560178,183.45975875854492
3096,1745931820.0512593,184.661865234375
3097,1745931820.2461755,183.5310459136963
3098,1745931820.4424267,185.14347076416016
3099,1745931820.6380386,185.09793281555176
3100,1745931820.832932,183.59851837158203
3101,1745931821.0271797,183.2101345062256
3102,1745931821.2241988,186.36345863342285
3103,1745931821.421198,186.39135360717773
3104,1745931821.6169848,184.59653854370117
3105,1745931821.815685,187.66355514526367
3106,1745931822.0116498,184.94939804077148
3107,1745931822.2059083,183.58802795410156
3108,1745931822.4003751,183.44950675964355
3109,1745931822.6142328,202.29005813598633
3110,1745931822.8095164,185.0728988647461
3111,1745931823.004047,183.2730770111084
3112,1745931823.1988623,184.037446975708
3113,1745931823.3949456,185.47821044921875
3114,1745931823.5896974,183.7782859802246
3115,1745931823.7847064,184.45301055908203
3116,1745931823.980219,184.04650688171387
3117,1745931824.174938,183.7010383605957
3118,1745931824.3694644,183.5331916809082
3119,1745931824.5731876,192.66414642333984
3120,1745931824.7775228,193.2976245880127
3121,1745931824.9753587,187.62588500976562
3122,1745931825.1830187,197.14117050170898
3123,1745931825.380425,186.29717826843262
3124,1745931825.578503,187.5615119934082
3125,1745931825.7760332,186.05422973632812
3126,1745931825.9726863,185.95170974731445
3127,1745931826.1690042,185.28199195861816
3128,1745931826.3649294,184.8776340484619
3129,1745931826.562802,186.7072582244873
3130,1745931826.7592192,185.8847141265869
3131,1745931826.9582539,187.4539852142334
3132,1745931827.1564944,187.38842010498047
3133,1745931827.351355,184.3392848968506
3134,1745931827.5479465,185.54353713989258
3135,1745931827.7461526,187.47496604919434
3136,1745931827.9439585,186.13266944885254
3137,1745931828.1425767,187.69335746765137
3138,1745931828.336748,183.640718460083
3139,1745931828.5307155,183.55870246887207
3140,1745931828.725665,184.4332218170166
3141,1745931828.9220843,185.49060821533203
3142,1745931829.1169932,184.3254566192627
3143,1745931829.3139455,185.63604354858398
3144,1745931829.5111911,186.6621971130371
3145,1745931829.7081704,185.82630157470703
3146,1745931829.906553,187.49642372131348
3147,1745931830.1008296,183.22348594665527
3148,1745931830.2974102,185.18328666687012
3149,1745931830.4940906,185.5907440185547
3150,1745931830.69045,185.6825351715088
3151,1745931830.8879693,186.42783164978027
3152,1745931831.0841482,185.55617332458496
3153,1745931831.2820556,187.06083297729492
3154,1745931831.4795957,186.5079402923584
3155,1745931831.6755996,185.02116203308105
3156,1745931831.8722422,186.10239028930664
3157,1745931832.0690796,186.05566024780273
3158,1745931832.265105,185.7588291168213
3159,1745931832.459981,184.31830406188965
3160,1745931832.6599255,189.49484825134277
3161,1745931832.8652558,194.03409957885742
3162,1745931833.0630877,186.72919273376465
3163,1745931833.2616196,187.3769760131836
3164,1745931833.457248,184.8738193511963
3165,1745931833.6538787,186.11931800842285
3166,1745931833.8527837,188.34376335144043
3167,1745931834.0486777,183.94994735717773
3168,1745931834.2488198,189.62550163269043
3169,1745931834.4479134,188.50278854370117
3170,1745931834.6451795,186.88654899597168
3171,1745931834.8406518,185.09197235107422
3172,1745931835.03685,185.48822402954102
3173,1745931835.2312298,183.70556831359863
3174,1745931835.4262848,183.93802642822266
3175,1745931835.6204052,183.58802795410156
3176,1745931835.8151271,183.99763107299805
3177,1745931836.0119667,186.24186515808105
3178,1745931836.2057188,183.2408905029297
3179,1745931836.400416,184.09037590026855
3180,1745931836.5959513,184.80372428894043
3181,1745931836.7938035,186.77425384521484
3182,1745931836.9894762,184.9226951599121
3183,1745931837.1849236,183.71176719665527
3184,1745931837.387449,192.14630126953125
3185,1745931837.5816758,183.14361572265625
3186,1745931837.7837553,191.0400390625
3187,1745931837.9810035,186.71584129333496
3188,1745931838.1851296,192.86632537841797
3189,1745931838.3807807,185.21666526794434
3190,1745931838.5762372,184.92794036865234
3191,1745931838.7728922,186.07807159423828
3192,1745931838.9696364,185.7013702392578
3193,1745931839.1696348,188.95697593688965
3194,1745931839.3648143,184.60464477539062
3195,1745931839.5693066,193.2384967803955
3196,1745931839.768304,187.4988079071045
3197,1745931840.792658,nan
3198,1745931840.9896948,186.47384643554688
3199,1745931841.184811,184.52954292297363
3200,1745931841.379953,183.90965461730957
3201,1745931841.573752,182.7566623687744
3202,1745931841.7686186,183.84480476379395
3203,1745931841.964064,183.974027633667
3204,1745931842.158265,183.66503715515137
3205,1745931842.3530974,184.20743942260742
3206,1745931842.5482469,184.87858772277832
3207,1745931842.7489922,190.2291774749756
3208,1745931842.946485,186.62047386169434
3209,1745931843.1444416,186.0363483428955
3210,1745931844.1618156,nan
3211,1745931844.3608797,188.48419189453125
3212,1745931844.5570395,185.0438117980957
3213,1745931844.754759,187.1352195739746
3214,1745931844.9512975,185.49370765686035
3215,1745931845.1471024,184.61036682128906
3216,1745931845.34207,184.36384201049805
3217,1745931845.5380552,185.6100559234619
3218,1745931845.735504,186.38944625854492
3219,1745931845.9351032,188.66229057312012
3220,1745931846.1320434,185.8818531036377
3221,1745931846.329265,186.75851821899414
3222,1745931846.5238595,183.8228702545166
3223,1745931846.7171783,182.84058570861816
3224,1745931847.7441242,nan
3225,1745931847.9389865,183.99691581726074
3226,1745931848.1338897,184.05508995056152
3227,1745931848.3278203,183.746337890625
3228,1745931848.5219398,183.17651748657227
3229,1745931848.7174168,184.63778495788574
3230,1745931848.911762,183.3488941192627
3231,1745931849.1066022,183.80284309387207
3232,1745931849.3017948,184.65471267700195
3233,1745931849.49693,183.2256317138672
3234,1745931849.6915035,184.05771255493164
3235,1745931849.8872333,185.2121353149414
3236,1745931850.0813034,183.63523483276367
3237,1745931850.275177,183.34460258483887
3238,1745931850.46982,184.12089347839355
3239,1745931850.663692,183.72488021850586
3240,1745931850.8585114,183.79616737365723
3241,1745931851.052743,183.2103729248047
3242,1745931851.2473953,183.20345878601074
3243,1745931851.442968,184.28611755371094
3244,1745931851.6370423,183.86220932006836
3245,1745931851.8327463,184.98992919921875
3246,1745931852.0280404,183.86411666870117
3247,1745931852.2250571,186.0060691833496
3248,1745931852.41961,183.50481986999512
3249,1745931852.6140802,183.38799476623535
3250,1745931852.818993,194.3991184234619
3251,1745931853.0147514,184.29064750671387
3252,1745931853.2092814,183.98165702819824
3253,1745931854.2310545,nan
3254,1745931854.4273572,185.78696250915527
3255,1745931854.630207,191.3013458251953
3256,1745931854.8255758,185.0576400756836
3257,1745931855.0202477,184.1413974761963
3258,1745931855.2154152,184.12137031555176
3259,1745931855.41096,184.24057960510254
3260,1745931855.604887,183.40539932250977
3261,1745931855.799807,183.81738662719727
3262,1745931855.9962614,184.9055290222168
3263,1745931856.1911998,184.3585968017578
3264,1745931856.385889,183.90870094299316
3265,1745931856.5814445,184.5991611480713
3266,1745931856.7750432,183.08544158935547
3267,1745931856.9700322,183.90512466430664
3268,1745931857.164723,184.12017822265625
3269,1745931857.3584301,182.66820907592773
3270,1745931857.5553453,186.42544746398926
3271,1745931857.7498095,183.93445014953613
3272,1745931857.945907,185.1351261138916
3273,1745931858.1405509,184.40771102905273
3274,1745931858.3356197,184.53335762023926
3275,1745931858.5313544,184.70048904418945
3276,1745931858.7264516,184.0651035308838
3277,1745931858.9217577,184.60988998413086
3278,1745931859.1140723,181.8983554840088
3279,1745931859.3091328,183.61973762512207
3280,1745931859.5037088,184.04531478881836
3281,1745931859.7039127,189.33343887329102
3282,1745931859.8972702,183.23755264282227
3283,1745931860.099883,192.12865829467773
3284,1745931860.2938302,183.75492095947266
3285,1745931860.488329,183.86173248291016
3286,1745931860.6849341,185.64152717590332
3287,1745931860.8802786,184.24296379089355
3288,1745931861.0741627,183.22086334228516
3289,1745931861.2713435,186.11574172973633
3290,1745931861.467856,186.2349510192871
3291,1745931861.6638343,184.87167358398438
3292,1745931861.8579931,183.55798721313477
3293,1745931862.0538085,184.69572067260742
3294,1745931862.2487862,184.19146537780762
3295,1745931862.4440632,184.25512313842773
3296,1745931862.6391196,183.68053436279297
3297,1745931862.8355231,185.08625030517578
3298,1745931863.0296943,183.9148998260498
3299,1745931863.2239172,183.69245529174805
3300,1745931863.4175732,182.97576904296875
3301,1745931863.6139445,184.6141815185547
3302,1745931863.8091042,183.9466094970703
3303,1745931864.0051641,185.52017211914062
3304,1745931864.2004128,184.6907138824463
3305,1745931864.3946984,183.75158309936523
3306,1745931865.4154654,nan
3307,1745931865.6099954,184.02433395385742
3308,1745931865.8050506,184.42988395690918
3309,1745931866.0000656,184.0507984161377
3310,1745931866.1979012,186.72657012939453
3311,1745931866.394417,186.0034465789795
3312,1745931866.58906,184.10539627075195
3313,1745931866.7864544,186.04254722595215
3314,1745931866.9802864,183.30097198486328
3315,1745931867.1767163,185.1499080657959
3316,1745931867.3712258,184.13281440734863
3317,1745931867.5701714,188.43579292297363
3318,1745931867.7653127,184.09252166748047
3319,1745931867.9620154,185.88852882385254
3320,1745931868.1570196,184.52858924865723
3321,1745931868.3519857,184.54647064208984
3322,1745931868.5472293,184.73148345947266
3323,1745931868.7419405,184.25297737121582
3324,1745931868.9372275,184.71527099609375
3325,1745931869.1340456,186.05995178222656
3326,1745931869.3278208,182.98029899597168
3327,1745931869.529571,190.71197509765625
3328,1745931870.5417833,nan
3329,1745931870.7371807,184.7395896911621
3330,1745931870.9308672,183.0308437347412
3331,1745931871.1262548,184.3860149383545
3332,1745931871.3215609,184.22865867614746
3333,1745931871.5164318,183.87627601623535
3334,1745931871.7105696,183.3341121673584
3335,1745931871.905987,184.41367149353027
3336,1745931872.1003451,183.77304077148438
3337,1745931872.294115,183.3968162536621
3338,1745931872.4901893,185.05239486694336
3339,1745931872.6850028,183.75897407531738
3340,1745931872.8802168,184.58795547485352
3341,1745931873.074743,183.98666381835938
3342,1745931873.2688558,183.56990814208984
3343,1745931873.4622977,182.92641639709473
3344,1745931873.657675,183.86077880859375
3345,1745931873.8530452,184.3709945678711
3346,1745931874.0492017,184.87143516540527
3347,1745931874.248799,189.09001350402832
3348,1745931874.4439719,183.98523330688477
3349,1745931874.640141,185.37187576293945
3350,1745931874.8350623,183.98618698120117
3351,1745931875.0298002,183.87293815612793
3352,1745931875.2244692,184.1447353363037
3353,1745931875.4181032,183.2256317138672
3354,1745931875.6136973,184.45682525634766
3355,1745931875.8085346,184.1411590576172
3356,1745931876.0036447,184.5552921295166
3357,1745931876.2016113,186.35058403015137
3358,1745931876.395901,183.20846557617188
3359,1745931876.5906003,184.19194221496582
3360,1745931876.7868774,185.26148796081543
3361,1745931876.9803157,182.90257453918457
3362,1745931877.1750767,183.8819980621338
3363,1745931877.3769155,190.78779220581055
3364,1745931877.5725067,184.57436561584473
3365,1745931877.7705545,187.4380111694336
3366,1745931877.9654236,184.22198295593262
3367,1745931878.1604724,184.52024459838867
3368,1745931878.3548717,183.78257751464844
3369,1745931878.5496123,183.77137184143066
3370,1745931878.7458692,185.23025512695312
3371,1745931878.940829,184.2324733734131
3372,1745931879.1357553,184.3092441558838
3373,1745931880.1580846,nan
3374,1745931880.3527684,184.1590404510498
3375,1745931880.5474944,183.5498809814453
3376,1745931880.7438982,185.8658790588379
3377,1745931880.9376915,183.150053024292
3378,1745931881.9620037,nan
3379,1745931882.1570177,184.44347381591797
3380,1745931882.3520377,184.2024326324463
3381,1745931882.5467606,183.6414337158203
3382,1745931882.739908,182.48319625854492
3383,1745931882.9351132,184.0493679046631
3384,1745931883.1301584,183.96759033203125
3385,1745931883.3245392,184.26990509033203
3386,1745931884.3454802,nan
3387,1745931884.5480418,192.14415550231934
3388,1745931884.7420619,183.1812858581543
3389,1745931885.7587442,nan
3390,1745931885.9540734,184.79514122009277
3391,1745931886.1492321,183.52937698364258
3392,1745931886.3440106,184.15546417236328
3393,1745931886.5393472,184.28659439086914
3394,1745931886.7336447,183.05039405822754
3395,1745931886.9268162,182.0380687713623
3396,1745931887.1217182,183.4251880645752
3397,1745931887.3169694,184.24558639526367
3398,1745931887.51196,183.96973609924316
3399,1745931887.7058861,183.26449394226074
3400,1745931887.9000742,183.52031707763672
3401,1745931888.0945747,183.48217010498047
3402,1745931888.2899296,184.04030799865723
3403,1745931888.483914,183.46881866455078
3404,1745931888.6801667,185.72092056274414
3405,1745931888.8750582,183.60447883605957
3406,1745931889.0699837,184.22603607177734
3407,1745931890.0878415,nan
3408,1745931890.2813492,183.10236930847168
3409,1745931890.477003,183.57086181640625
3410,1745931890.671695,184.16190147399902
3411,1745931890.8700526,187.12925910949707
3412,1745931891.0706718,189.467191696167
3413,1745931891.2680867,186.37943267822266
3414,1745931891.4652102,186.51747703552246
3415,1745931891.6610496,184.84783172607422
3416,1745931891.8581877,185.6215000152588
3417,1745931892.0556467,186.92398071289062
3418,1745931892.2560046,189.16749954223633
3419,1745931892.4553244,188.29822540283203
3420,1745931892.6602957,194.43726539611816
3421,1745931892.8601496,188.64703178405762
3422,1745931893.056009,185.32991409301758
3423,1745931893.254715,187.8373622894287
3424,1745931893.4505773,185.25457382202148
3425,1745931893.64533,183.72178077697754
3426,1745931893.8422146,185.77289581298828
3427,1745931894.03856,184.94129180908203
3428,1745931894.2352192,185.699462890625
3429,1745931894.4299467,183.91966819763184
3430,1745931894.6267648,185.59908866882324
3431,1745931894.8209877,183.7153434753418
3432,1745931895.0158405,183.85791778564453
3433,1745931895.2125223,185.55092811584473
3434,1745931895.406919,183.66098403930664
3435,1745931895.6007931,183.1190586090088
3436,1745931895.7950585,182.93404579162598
3437,1745931895.9919357,185.9431266784668
3438,1745931896.1864827,183.9292049407959
3439,1745931896.380805,183.363676071167
3440,1745931896.5745776,182.95645713806152
3441,1745931896.7692015,183.51197242736816
3442,1745931896.9720051,191.78390502929688
3443,1745931897.1658509,182.7993392944336
3444,1745931897.3602235,183.0599308013916
3445,1745931897.554078,183.33172798156738
3446,1745931897.7598777,193.59326362609863
3447,1745931897.9547355,184.3283176422119
3448,1745931898.149867,183.63499641418457
3449,1745931898.3447316,184.0200424194336
3450,1745931898.5385067,182.6803684234619
3451,1745931898.7328947,184.07154083251953
3452,1745931898.934039,189.94665145874023
3453,1745931899.128051,183.3360195159912
3454,1745931899.3230174,183.82859230041504
3455,1745931899.5237992,190.5803680419922
3456,1745931899.717949,183.7317943572998
3457,1745931899.911909,183.4418773651123
3458,1745931900.1069732,183.9611530303955
3459,1745931900.3010995,183.74204635620117
3460,1745931900.4965012,184.8776340484619
3461,1745931900.6903603,183.34627151489258
3462,1745931900.8837638,182.80267715454102
3463,1745931901.077725,183.44759941101074
3464,1745931901.2718737,183.49099159240723
3465,1745931901.4715393,188.74359130859375
3466,1745931901.6655834,183.5174560546875
3467,1745931901.8604488,183.94804000854492
3468,1745931902.0558622,184.39149856567383
3469,1745931902.2493718,183.01749229431152
3470,1745931902.4459743,185.7600212097168
3471,1745931902.6419938,184.8618984222412
3472,1745931902.840441,187.59489059448242
3473,1745931903.0359924,184.645414352417
3474,1745931903.2329562,185.95051765441895
3475,1745931903.4309006,186.875581741333
3476,1745931903.6283906,186.89465522766113
3477,1745931903.825179,185.7926845550537
3478,1745931904.0220664,185.86063385009766
3479,1745931904.2237086,190.2151107788086
3480,1745931904.4186268,183.81309509277344
3481,1745931904.6157172,186.10739707946777
3482,1745931904.8102756,184.07678604125977
3483,1745931905.0069964,185.67609786987305
3484,1745931905.202329,184.5223903656006
3485,1745931905.4021802,188.41099739074707
3486,1745931905.5985184,186.16104125976562
3487,1745931905.7946103,185.58144569396973
3488,1745931905.9910877,185.23859977722168
3489,1745931906.20919,207.47971534729004
3490,1745931906.4072454,187.16907501220703
3491,1745931906.6045442,186.7847442626953
3492,1745931906.800488,185.4081153869629
3493,1745931906.9959118,184.2646598815918
3494,1745931907.1909895,184.02481079101562
3495,1745931907.3871994,185.15801429748535
3496,1745931907.5816674,183.50958824157715
3497,1745931907.7770264,184.85760688781738
3498,1745931907.9727461,184.97419357299805
3499,1745931908.1672547,183.98666381835938
3500,1745931908.36383,185.54019927978516
3501,1745931908.561154,185.9121322631836
3502,1745931908.756416,184.87167358398438
3503,1745931908.951219,184.3581199645996
3504,1745931909.1446857,183.34531784057617
3505,1745931909.3406703,185.66179275512695
3506,1745931909.5368092,185.0283145904541
3507,1745931909.734137,186.265230178833
3508,1745931909.930175,185.52231788635254
3509,1745931910.125831,184.58151817321777
3510,1745931910.320566,183.67862701416016
3511,1745931910.5165389,184.90028381347656
3512,1745931910.712113,184.1146945953369
3513,1745931910.9090407,185.00995635986328
3514,1745931911.104016,184.44299697875977
3515,1745931911.2997887,184.58890914916992
3516,1745931911.4959726,185.63032150268555
3517,1745931911.6913857,184.42893028259277
3518,1745931911.8871284,185.26291847229004
3519,1745931912.0822403,183.91180038452148
3520,1745931912.2810316,187.28160858154297
3521,1745931912.4771783,185.3020191192627
3522,1745931912.6737716,185.15777587890625
3523,1745931912.8688636,184.10372734069824
3524,1745931913.0659108,184.90266799926758
3525,1745931913.2626188,186.14888191223145
3526,1745931913.4590266,185.42838096618652
3527,1745931913.6561828,186.32102012634277
3528,1745931913.8520334,185.3494644165039
3529,1745931914.0480096,184.4637393951416
3530,1745931914.2453578,186.22279167175293
3531,1745931914.4406703,184.77344512939453
3532,1745931914.6424713,190.69242477416992
3533,1745931914.837888,184.38196182250977
3534,1745931915.0364091,187.47448921203613
3535,1745931915.2316804,184.26871299743652
3536,1745931915.4260101,183.22515487670898
3537,1745931915.6212795,184.43894386291504
3538,1745931915.8151743,183.26115608215332
3539,1745931916.0082166,182.50226974487305
3540,1745931916.2030675,183.65168571472168
3541,1745931916.3976614,183.55703353881836
3542,1745931916.5940115,185.15419960021973
3543,1745931916.7918766,187.24703788757324
3544,1745931916.9863856,184.06224250793457
3545,1745931917.1809413,182.2679042816162
3546,1745931917.3749652,183.45952033996582
3547,1745931917.5775318,191.47300720214844
3548,1745931917.771871,183.83193016052246
3549,1745931917.9684567,185.5640411376953
3550,1745931918.1625836,183.59613418579102
3551,1745931918.356829,182.93070793151855
3552,1745931918.5497606,182.42692947387695
3553,1745931918.7464163,185.32657623291016
3554,1745931918.9399083,183.1362247467041
3555,1745931919.1358967,184.58318710327148
3556,1745931919.3292067,182.33704566955566
3557,1745931919.5228558,182.60931968688965
3558,1745931919.7169554,183.04061889648438
3559,1745931919.9142992,185.9745979309082
3560,1745931920.1077406,182.91354179382324
3561,1745931920.3025925,184.25393104553223
3562,1745931920.4992568,186.06948852539062
3563,1745931920.6928139,182.27887153625488
3564,1745931920.9609601,256.67262077331543
3565,1745931921.1557996,184.0648651123047
3566,1745931921.353856,186.3551139831543
3567,1745931921.5479085,183.58421325683594
3568,1745931921.7423816,183.20465087890625
3569,1745931921.9359982,181.99491500854492
3570,1745931922.129807,182.79099464416504
3571,1745931922.324146,183.69698524475098
3572,1745931922.5192883,184.55839157104492
3573,1745931922.7187502,188.4317398071289
3574,1745931922.91628,187.03222274780273
3575,1745931923.1105547,184.15117263793945
3576,1745931923.3109112,189.63170051574707
3577,1745931923.5062132,184.7667694091797
3578,1745931923.703864,186.4309310913086
3579,1745931923.89986,184.9801540374756
3580,1745931924.0958006,184.95750427246094
3581,1745931924.2905052,184.1409206390381
3582,1745931924.484698,182.97553062438965
3583,1745931924.6791327,183.40086936950684
3584,1745931924.875058,184.98682975769043
3585,1745931925.069286,183.64381790161133
3586,1745931925.2622006,182.37924575805664
3587,1745931925.457449,183.58516693115234
3588,1745931925.6511798,182.71756172180176
3589,1745931925.844471,182.35135078430176
3590,1745931926.040089,184.39745903015137
3591,1745931926.2349727,184.31615829467773
3592,1745931926.4311352,185.06097793579102
3593,1745931926.6261575,184.0958595275879
3594,1745931926.819815,183.14671516418457
3595,1745931927.0172122,186.31434440612793
3596,1745931927.2111592,182.93070793151855
3597,1745931927.4073372,184.97562408447266
3598,1745931927.6028988,184.5266819000244
3599,1745931927.7978024,184.1733455657959
3600,1745931927.9958658,187.00671195983887
3601,1745931928.192375,185.4534149169922
3602,1745931929.2102048,nan
3603,1745931929.4085248,187.73341178894043
3604,1745931929.6125665,192.81387329101562
3605,1745931929.8092704,185.6546401977539
3606,1745931930.0048468,184.53598022460938
3607,1745931930.2009938,185.20593643188477
3608,1745931930.3962996,183.35390090942383
3609,1745931930.5924363,185.60433387756348
3610,1745931930.7900994,186.10191345214844
3611,1745931930.9889476,188.2941722869873
3612,1745931931.1839597,184.51356887817383
3613,1745931931.3791764,184.69786643981934
3614,1745931932.3987405,nan
3615,1745931932.6062095,196.7031955718994
3616,1745931932.802603,185.17112731933594
3617,1745931932.9973707,183.9766502380371
3618,1745931933.19476,186.17486953735352
3619,1745931933.3897846,184.01455879211426
3620,1745931933.5857024,184.89599227905273
3621,1745931933.7825108,185.776948928833
3622,1745931933.9799237,186.2173080444336
3623,1745931934.1762094,185.25028228759766
3624,1745931934.371225,184.5247745513916
3625,1745931934.570965,189.09597396850586
3626,1745931934.7665253,184.99064445495605
3627,1745931934.963153,185.5764389038086
3628,1745931935.158563,184.07773971557617
3629,1745931935.3551989,185.61863899230957
3630,1745931935.5490088,182.76190757751465
3631,1745931935.745902,185.75334548950195
3632,1745931935.940927,183.99906158447266
3633,1745931936.136096,183.89487266540527
3634,1745931936.3320081,184.86952781677246
3635,1745931936.5297766,186.45501136779785
3636,1745931936.7259116,184.40771102905273
3637,1745931936.9207907,184.67330932617188
3638,1745931937.115461,184.14902687072754
3639,1745931937.3172436,190.75822830200195
3640,1745931937.5127082,184.4320297241211
3641,1745931937.7188663,195.32203674316406
3642,1745931937.915218,185.09316444396973
3643,1745931938.1106331,184.87238883972168
3644,1745931938.3060586,184.3557357788086
3645,1745931938.5017397,184.66687202453613
3646,1745931938.69837,185.5297088623047
3647,1745931938.8921657,183.25352668762207
3648,1745931939.0872688,183.7615966796875
3649,1745931939.2843142,186.8143081665039
3650,1745931939.480363,184.96465682983398
3651,1745931939.6761067,184.8926544189453
3652,1745931939.8728385,185.78195571899414
3653,1745931940.068191,184.71574783325195
3654,1745931940.2639,185.06741523742676
3655,1745931940.4593315,184.11016464233398
3656,1745931940.6557639,185.38379669189453
3657,1745931940.8523936,185.58216094970703
3658,1745931941.0474634,184.54837799072266
3659,1745931941.2436829,184.70096588134766
3660,1745931941.4385676,184.62109565734863
3661,1745931941.6372733,187.70217895507812
3662,1745931941.834544,186.25497817993164
3663,1745931942.0323465,186.0795021057129
3664,1745931942.2281265,185.06908416748047
3665,1745931942.424705,185.53662300109863
3666,1745931942.6243875,188.8899803161621
3667,1745931942.822232,187.2880458831787
3668,1745931943.0205944,186.8751049041748
3669,1745931943.2154095,184.23843383789062
3670,1745931943.4098628,183.9160919189453
3671,1745931943.6059532,185.06669998168945
3672,1745931943.802286,185.41455268859863
3673,1745931943.9980142,184.19694900512695
3674,1745931944.1954038,186.90967559814453
3675,1745931944.3897893,183.32886695861816
3676,1745931944.592043,191.5581226348877
3677,1745931944.7877553,185.1823329925537
3678,1745931944.984764,185.74118614196777
3679,1745931945.182977,187.17026710510254
3680,1745931945.3796804,185.69016456604004
3681,1745931945.5737376,182.8629970550537
3682,1745931945.7686985,183.9125156402588
3683,1745931945.9626398,183.41493606567383
3684,1745931946.160558,186.8112087249756
3685,1745931946.3590188,187.15620040893555
3686,1745931946.55498,185.34183502197266
3687,1745931946.7508044,184.30733680725098
3688,1745931946.9476483,186.71131134033203
3689,1745931947.1428905,184.46803092956543
3690,1745931947.3402946,186.82622909545898
3691,1745931947.5403965,189.47124481201172
3692,1745931947.7364163,185.49656867980957
3693,1745931947.931878,183.33745002746582
3694,1745931948.125837,183.41660499572754
3695,1745931948.3230257,185.14442443847656
3696,1745931948.5182738,185.03284454345703
3697,1745931948.7149951,184.95941162109375
3698,1745931948.9417887,215.93642234802246
3699,1745931949.1349986,182.8169822692871
3700,1745931949.3301373,184.06963348388672
3701,1745931949.5273156,185.9421730041504
3702,1745931949.7220201,183.5770606994629
3703,1745931949.916864,183.79759788513184
3704,1745931950.1129103,184.83710289001465
3705,1745931950.308554,184.01813507080078
3706,1745931950.5026562,183.99596214294434
3707,1745931950.6992905,185.39714813232422
3708,1745931950.895354,185.4093074798584
3709,1745931951.0907328,184.1883659362793
3710,1745931951.2856042,183.68101119995117
3711,1745931951.4804072,184.14998054504395
3712,1745931951.6751528,183.685302734375
3713,1745931951.8709614,184.7820281982422
3714,1745931952.0682511,186.14840507507324
3715,1745931952.2623968,183.1204891204834
3716,1745931952.4572234,184.30233001708984
3717,1745931952.6539373,186.15221977233887
3718,1745931952.849455,184.9071979522705
3719,1745931953.0447543,184.7822666168213
3720,1745931953.241693,185.42242050170898
3721,1745931953.437344,184.6301555633545
3722,1745931953.6356,187.2258186340332
3723,1745931953.8321867,186.01250648498535
3724,1745931954.0297227,186.1398220062256
3725,1745931954.2247567,183.5167407989502
3726,1745931954.4185286,183.4709644317627
3727,1745931954.612107,183.04109573364258
3728,1745931954.8059597,181.83279037475586
3729,1745931954.9998715,182.67345428466797
3730,1745931955.1952872,182.97219276428223
3731,1745931955.3916304,185.80365180969238
3732,1745931955.5883577,185.58883666992188
3733,1745931955.7854824,186.13624572753906
3734,1745931955.9886777,192.74568557739258
3735,1745931956.1837738,184.09466743469238
3736,1745931956.3800945,185.4228973388672
3737,1745931956.5755892,184.46016311645508
3738,1745931956.7845478,197.9849338531494
3739,1745931956.9825506,185.94813346862793
3740,1745931957.190693,197.6156234741211
3741,1745931957.3878007,186.57588958740234
3742,1745931957.5821471,183.7000846862793
3743,1745931957.7825036,189.00108337402344
3744,1745931957.9801466,186.431884765625
3745,1745931958.1752481,184.11684036254883
3746,1745931958.373796,187.5286102294922
3747,1745931958.5684223,183.9916706085205
3748,1745931958.7647328,185.2869987487793
3749,1745931958.960047,184.78918075561523
3750,1745931959.155394,184.81850624084473
3751,1745931959.3516772,185.63270568847656
3752,1745931959.5576167,194.8997974395752
3753,1745931959.7538834,185.70280075073242
3754,1745931959.9479945,183.90536308288574
3755,1745931960.1456628,186.13696098327637
3756,1745931960.3426747,186.25640869140625
3757,1745931960.5408888,186.9347095489502
3758,1745931960.7347825,183.36939811706543
3759,1745931960.9322822,186.13815307617188
3760,1745931961.1289787,185.6520175933838
3761,1745931961.3236406,184.13710594177246
3762,1745931961.5196824,185.0411891937256
3763,1745931961.7159522,185.81891059875488
3764,1745931961.9144883,187.47544288635254
3765,1745931962.1090314,184.0057373046875
3766,1745931962.30619,186.51700019836426
3767,1745931962.5030227,185.80889701843262
3768,1745931962.6989667,185.2574348449707
3769,1745931962.895156,185.48202514648438
3770,1745931963.1066892,200.99115371704102
3771,1745931963.3019502,184.24510955810547
3772,1745931963.4950426,182.4333667755127
3773,1745931963.690177,184.1120719909668
3774,1745931963.8836184,182.68299102783203
3775,1745931964.0774024,183.26187133789062
3776,1745931965.0921497,nan
3777,1745931965.2864017,183.62975120544434
3778,1745931965.4816806,183.87818336486816
3779,1745931965.6758106,183.50911140441895
3780,1745931965.869168,182.73353576660156
3781,1745931966.0629094,182.79790878295898
3782,1745931966.2573402,183.5341453552246
3783,1745931966.4512358,183.07924270629883
3784,1745931966.6454003,183.64405632019043
3785,1745931966.8410785,184.58247184753418
3786,1745931967.034833,183.40826034545898
3787,1745931967.2292995,183.43472480773926
3788,1745931968.246778,nan
3789,1745931968.4517858,194.33069229125977
3790,1745931968.6477249,184.92698669433594
3791,1745931969.6651893,nan
3792,1745931969.860949,185.20116806030273
3793,1745931970.0539997,182.403564453125
3794,1745931970.2480597,183.14862251281738
3795,1745931970.442895,184.23151969909668
3796,1745931970.6393218,185.38832664489746
3797,1745931970.8343606,183.96306037902832
3798,1745931971.035665,190.5205249786377
3799,1745931971.231965,185.27960777282715
3800,1745931971.4280725,184.0815544128418
3801,1745931971.6222122,183.5956573486328
3802,1745931971.8187242,185.97865104675293
3803,1745931972.0149312,185.18352508544922
3804,1745931972.2120247,186.07139587402344
3805,1745931972.4170165,194.8568820953369
3806,1745931972.623668,195.61767578125
3807,1745931972.823947,189.23354148864746
3808,1745931973.0192394,184.23771858215332
3809,1745931973.217141,186.71298027038574
3810,1745931973.4126499,184.94606018066406
3811,1745931973.6116588,188.22908401489258
3812,1745931973.8077796,184.50593948364258
3813,1745931974.0027163,184.40914154052734
3814,1745931974.1998522,186.61117553710938
3815,1745931974.395332,184.8912239074707
3816,1745931974.598849,193.23492050170898
3817,1745931974.792881,183.49909782409668
3818,1745931974.9889395,184.98873710632324
3819,1745931975.1860504,185.86206436157227
3820,1745931975.3800256,183.44449996948242
3821,1745931975.5781612,187.19148635864258
3822,1745931975.7732568,184.04889106750488
3823,1745931975.969216,185.37354469299316
3824,1745931976.1652896,183.76636505126953
3825,1745931976.3641064,188.30347061157227
3826,1745931976.5597174,185.08315086364746
3827,1745931976.7552743,185.38951873779297
3828,1745931976.94925,183.10856819152832
3829,1745931977.1458046,185.33778190612793
3830,1745931977.3425314,185.52613258361816
3831,1745931977.5368009,183.73894691467285
3832,1745931977.7348723,186.99145317077637
3833,1745931977.931075,185.05859375
3834,1745931978.1280482,185.96816062927246
3835,1745931978.3255875,187.00575828552246
3836,1745931978.5224018,185.35804748535156
3837,1745931978.7189639,185.91070175170898
3838,1745931978.9128175,183.33148956298828
3839,1745931979.1098115,185.471773147583
3840,1745931979.3055756,185.13059616088867
3841,1745931979.5014246,184.8130226135254
3842,1745931979.6981184,186.17010116577148
3843,1745931979.8955848,186.90085411071777
3844,1745931980.0924144,185.74905395507812
3845,1745931980.288436,185.33563613891602
3846,1745931980.4852557,186.0044002532959
3847,1745931980.6797965,183.82906913757324
3848,1745931980.8761458,185.26816368103027
3849,1745931981.0723794,185.66465377807617
3850,1745931981.2687905,185.8975887298584
3851,1745931981.4637935,184.30471420288086
3852,1745931981.6593764,184.4921112060547
3853,1745931981.8538468,183.4123134613037
3854,1745931982.0502038,185.2107048034668
3855,1745931982.24634,185.11390686035156
3856,1745931982.443681,186.30409240722656
3857,1745931982.638387,184.2629909515381
3858,1745931982.836072,187.15524673461914
3859,1745931983.0300567,183.35342407226562
3860,1745931983.2251105,183.91966819763184
3861,1745931983.4181592,182.41477012634277
3862,1745931983.6152442,185.63437461853027
3863,1745931983.8103528,184.5695972442627
3864,1745931984.0065088,185.52422523498535
3865,1745931984.2024608,185.1520538330078
3866,1745931984.399874,186.0504150390625
3867,1745931984.5943952,183.47907066345215
3868,1745931984.7908618,185.40167808532715
3869,1745931984.9895818,188.13300132751465
3870,1745931985.1849458,184.58151817321777
3871,1745931985.3807163,185.07862091064453
3872,1745931985.5769975,184.15355682373047
3873,1745931985.7727835,185.2731704711914
3874,1745931985.969154,185.10770797729492
3875,1745931986.164557,184.87262725830078
3876,1745931986.361498,185.87327003479004
3877,1745931986.5572264,185.15539169311523
3878,1745931986.753957,185.52207946777344
3879,1745931986.9508834,186.1555576324463
3880,1745931987.1446102,183.37225914001465
3881,1745931987.3400478,184.59701538085938
3882,1745931987.5355275,184.41295623779297
3883,1745931987.7319734,185.49275398254395
3884,1745931987.9298062,186.9795322418213
3885,1745931988.1261842,185.90450286865234
3886,1745931988.3222787,185.00876426696777
3887,1745931988.5189714,185.32967567443848
3888,1745931988.7150843,185.57453155517578
3889,1745931988.9113548,185.1813793182373
3890,1745931989.1063023,184.65852737426758
3891,1745931989.302353,185.52112579345703
3892,1745931989.5044253,191.3444995880127
3893,1745931989.7002895,185.1034164428711
3894,1745931989.8961265,185.28056144714355
3895,1745931990.0916631,185.1212978363037
3896,1745931990.2873511,185.06574630737305
3897,1745931990.4814653,183.72797966003418
3898,1745931990.6750445,182.93452262878418
3899,1745931990.8694963,183.39920043945312
3900,1745931991.0646124,184.5386028289795
3901,1745931991.257639,182.5573444366455
3902,1745931991.451633,182.96051025390625
3903,1745931991.646374,183.71081352233887
3904,1745931991.8392296,182.3263168334961
3905,1745931992.0337195,183.26592445373535
3906,1745931992.2279754,182.82318115234375
3907,1745931992.4209523,182.22332000732422
3908,1745931992.6176481,185.67728996276855
3909,1745931992.8126843,183.9451789855957
3910,1745931993.0196295,195.91736793518066
3911,1745931993.2170622,186.91182136535645
3912,1745931993.4137478,185.69302558898926
3913,1745931993.6101317,185.0595474243164
3914,1745931993.8046606,184.01217460632324
3915,1745931993.9999747,183.9299201965332
3916,1745931994.1944814,184.1104030609131
3917,1745931994.3889375,183.37631225585938
3918,1745931994.5873635,187.8182888031006
3919,1745931994.7835886,184.95917320251465
3920,1745931994.9785726,183.96878242492676
3921,1745931995.1762025,186.39755249023438
3922,1745931995.3715227,184.97776985168457
3923,1745931995.5650012,182.94787406921387
3924,1745931995.7617016,185.7779026031494
3925,1745931995.958271,185.55355072021484
3926,1745931996.1537192,184.93080139160156
3927,1745931996.3469431,182.47437477111816
3928,1745931996.5427427,185.18877029418945
3929,1745931996.73848,184.94057655334473
3930,1745931996.9350402,185.6846809387207
3931,1745931997.1302836,184.7388744354248
3932,1745931997.32783,185.47749519348145
3933,1745931997.5225291,184.16285514831543
3934,1745931997.7190046,185.50348281860352
3935,1745931997.9148965,183.78973007202148
3936,1745931998.1119835,186.9523525238037
3937,1745931998.3077328,185.2426528930664
3938,1745931998.5043428,185.96553802490234
3939,1745931998.6985142,183.11285972595215
3940,1745931998.8936656,184.12423133850098
3941,1745931999.0880578,183.33125114440918
3942,1745931999.2820528,183.4392547607422
3943,1745931999.4759767,183.39157104492188
3944,1745931999.6700594,183.26830863952637
3945,1745931999.863761,182.53850936889648
3946,1745932000.0586147,183.7930679321289
3947,1745932000.2520316,182.65843391418457
3948,1745932000.448478,184.59653854370117
3949,1745932000.6421716,183.18557739257812
3950,1745932000.8354473,182.22737312316895
3951,1745932001.0310357,184.36670303344727
3952,1745932001.2254038,183.3338737487793
3953,1745932001.4197347,183.29429626464844
3954,1745932001.6129136,182.0354461669922
3955,1745932001.808477,184.5412254333496
3956,1745932002.0073464,187.28160858154297
3957,1745932002.203003,183.52699279785156
3958,1745932002.4014747,187.6366138458252
3959,1745932002.5972412,185.19067764282227
3960,1745932002.810354,202.0859718322754
3961,1745932003.0077994,186.4161491394043
3962,1745932003.2058113,187.09993362426758
3963,1745932003.4011152,184.58318710327148
3964,1745932003.5966098,184.91578102111816
3965,1745932003.7919378,185.1203441619873
3966,1745932003.9881458,185.16850471496582
3967,1745932004.185408,187.00194358825684
3968,1745932004.38006,184.48686599731445
3969,1745932004.5828917,191.78414344787598
3970,1745932004.778051,184.64231491088867
3971,1745932004.97495,185.68062782287598
3972,1745932005.171941,185.7912540435791
3973,1745932005.3679276,185.03761291503906
3974,1745932005.5649276,185.87851524353027
3975,1745932005.780801,205.11960983276367
3976,1745932005.978351,185.91904640197754
3977,1745932006.1721027,182.70564079284668
3978,1745932006.367695,184.57555770874023
3979,1745932006.5639343,185.21571159362793
3980,1745932006.759118,184.5114231109619
3981,1745932006.955033,184.89813804626465
3982,1745932007.1523669,186.71846389770508
3983,1745932007.3496516,186.3715648651123
3984,1745932007.5597434,199.86844062805176
3985,1745932007.7582397,188.3718967437744
3986,1745932007.9549077,186.16747856140137
3987,1745932008.152409,186.86723709106445
3988,1745932008.3489535,186.0330104827881
3989,1745932008.5436327,184.16380882263184
3990,1745932008.7397056,184.6175193786621
3991,1745932008.9340534,183.8390827178955
3992,1745932009.1323426,186.9957447052002
3993,1745932009.32709,184.22985076904297
3994,1745932009.5205786,183.00151824951172
3995,1745932009.7170036,185.272216796875
3996,1745932009.9117358,183.61973762512207
3997,1745932010.108308,185.76955795288086
3998,1745932010.3070526,187.61134147644043
3999,1745932010.5002422,183.03179740905762
4000,1745932010.6971428,185.87040901184082
4001,1745932010.8947532,186.7368221282959
4002,1745932011.0911431,185.22167205810547
4003,1745932011.2867055,184.84759330749512
4004,1745932011.484991,187.24918365478516
4005,1745932011.6816566,185.36734580993652
4006,1745932011.8801808,188.01045417785645
4007,1745932012.0762289,185.80198287963867
4008,1745932012.272448,185.70828437805176
4009,1745932012.4678195,184.53216552734375
4010,1745932012.6642134,185.06097793579102
4011,1745932012.8677225,192.98171997070312
4012,1745932013.0630155,184.76057052612305
4013,1745932013.2610676,186.77973747253418
4014,1745932013.4564185,184.40628051757812
4015,1745932013.6506684,183.19416046142578
4016,1745932013.8460493,184.84878540039062
4017,1745932014.0412304,184.4809055328369
4018,1745932014.2357397,183.4726333618164
4019,1745932015.2623475,nan
4020,1745932016.283967,nan
4021,1745932016.4782615,183.69817733764648
4022,1745932016.6726272,183.58302116394043
4023,1745932016.8652227,182.0657253265381
4024,1745932017.0591977,182.9397678375244
4025,1745932017.2537954,183.25304985046387
4026,1745932017.4483862,183.58278274536133
4027,1745932017.6419792,183.07876586914062
4028,1745932017.8385189,185.5020523071289
4029,1745932018.0350103,185.69064140319824
4030,1745932018.230066,184.2215061187744
4031,1745932018.4239554,182.99007415771484
4032,1745932018.6184838,182.76548385620117
4033,1745932018.813827,184.4503879547119
4034,1745932019.012186,187.72530555725098
4035,1745932019.2054565,182.68895149230957
4036,1745932019.3999527,183.9578151702881
4037,1745932019.6003945,189.65435028076172
4038,1745932019.7964857,185.04834175109863
4039,1745932019.993643,186.13886833190918
4040,1745932020.1908817,186.46621704101562
4041,1745932020.3879113,186.0978603363037
4042,1745932020.584567,186.13576889038086
4043,1745932020.7779424,182.85465240478516
4044,1745932020.9749887,185.90188026428223
4045,1745932021.1711648,184.95965003967285
4046,1745932021.3648078,183.3329200744629
4047,1745932021.5607142,185.2552890777588
4048,1745932021.7575357,186.25426292419434
4049,1745932021.9541535,185.88900566101074
4050,1745932022.1500306,184.67140197753906
4051,1745932022.3457203,184.57698822021484
4052,1745932022.5440743,187.0577335357666
4053,1745932022.7400596,185.4560375213623
4054,1745932022.9383285,187.23750114440918
4055,1745932023.1329482,184.10778045654297
4056,1745932023.3297586,185.72759628295898
4057,1745932023.5254085,184.4491958618164
4058,1745932023.7218235,185.55521965026855
4059,1745932023.9176166,184.54289436340332
4060,1745932024.1119957,184.0839385986328
4061,1745932024.3105347,187.93582916259766
4062,1745932024.5048606,182.7070713043213
4063,1745932024.6989665,183.67671966552734
4064,1745932024.892544,182.96098709106445
4065,1745932025.089461,184.86785888671875
4066,1745932025.2848947,184.89551544189453
4067,1745932025.482298,186.22541427612305
4068,1745932025.6779516,184.62538719177246
4069,1745932025.8760755,186.93280220031738
4070,1745932026.0702202,183.79664421081543
4071,1745932026.26662,185.3644847869873
4072,1745932026.4625773,184.64112281799316
4073,1745932026.660277,186.65719032287598
4074,1745932026.8580456,186.9790554046631
4075,1745932027.0539045,185.29343605041504
4076,1745932027.2491684,184.95965003967285
4077,1745932027.4450512,184.34596061706543
4078,1745932027.640846,184.81087684631348
4079,1745932027.837797,185.7585906982422
4080,1745932028.03448,185.99247932434082
4081,1745932028.229609,184.2184066772461
4082,1745932028.424874,184.74555015563965
4083,1745932028.6199908,184.23867225646973
4084,1745932028.8168736,185.84227561950684
4085,1745932029.0106049,183.2144260406494
4086,1745932029.2064717,185.23669242858887
4087,1745932029.401821,184.23795700073242
4088,1745932029.5978165,185.05001068115234
4089,1745932029.7946308,185.4872703552246
4090,1745932029.9892724,184.05580520629883
4091,1745932030.1836646,183.87246131896973
4092,1745932030.379456,185.58764457702637
4093,1745932030.5737064,183.7329864501953
4094,1745932030.768989,184.26132202148438
4095,1745932030.9630451,182.83653259277344
4096,1745932031.156845,182.5706958770752
4097,1745932031.3510706,183.12311172485352
4098,1745932031.5467765,185.1959228515625
4099,1745932031.7396488,182.39283561706543
4100,1745932031.9322321,181.8826198577881
4101,1745932032.1289244,184.57698822021484
4102,1745932032.3226783,182.99269676208496
4103,1745932032.517058,183.17890167236328
4104,1745932032.7153025,187.73388862609863
4105,1745932032.9092453,183.42065811157227
4106,1745932033.1028268,182.61289596557617
4107,1745932033.2971575,183.62903594970703
4108,1745932033.4912517,183.56943130493164
4109,1745932033.685603,183.31670761108398
4110,1745932033.8826725,186.32864952087402
4111,1745932034.0755699,182.38019943237305
4112,1745932034.270887,184.2057704925537
4113,1745932034.4646423,183.19368362426758
4114,1745932034.6657877,190.1407241821289
4115,1745932034.8588996,181.93745613098145
4116,1745932035.0547078,184.47017669677734
4117,1745932035.248869,183.64262580871582
4118,1745932035.442912,183.17413330078125
4119,1745932035.6385229,184.8897933959961
4120,1745932035.831009,182.34014511108398
4121,1745932036.0259387,183.89153480529785
4122,1745932036.2199256,182.74950981140137
4123,1745932036.4157724,184.76176261901855
4124,1745932036.6103766,184.01217460632324
4125,1745932036.806596,185.2271556854248
4126,1745932037.001968,184.7984790802002
4127,1745932037.1964812,183.88938903808594
4128,1745932037.3908598,183.71915817260742
4129,1745932037.589818,187.93416023254395
4130,1745932037.7836585,183.3815574645996
4131,1745932037.977721,183.37559700012207
4132,1745932038.1750102,186.082124710083
4133,1745932038.3685749,182.81936645507812
4134,1745932038.5625885,183.30049514770508
4135,1745932038.7620766,189.25213813781738
4136,1745932038.957302,184.00931358337402
4137,1745932039.1519125,184.0190887451172
4138,1745932039.3455255,182.60908126831055
4139,1745932039.5386405,182.49940872192383
4140,1745932039.73254,182.86824226379395
4141,1745932039.9254034,182.2526454925537
4142,1745932040.1200469,183.60638618469238
4143,1745932040.3139744,183.4254264831543
4144,1745932040.5098999,185.72163581848145
4145,1745932040.7047698,184.42296981811523
4146,1745932040.8986745,183.35986137390137
4147,1745932041.0920334,183.12835693359375
4148,1745932041.286659,183.11119079589844
4149,1745932041.4802144,182.90114402770996
4150,1745932041.6762855,184.65685844421387
4151,1745932041.8702567,182.93094635009766
4152,1745932042.06423,182.91902542114258
4153,1745932042.2599747,185.0736141204834
4154,1745932042.453825,182.81054496765137
4155,1745932042.64721,182.77955055236816
4156,1745932042.8446605,186.42687797546387
4157,1745932043.0423145,186.5103244781494
4158,1745932043.2368476,184.35263633728027
4159,1745932043.4327056,185.22334098815918
4160,1745932043.628905,185.52279472351074
4161,1745932043.824691,185.14680862426758
4162,1745932044.019906,184.34524536132812
4163,1745932044.2159863,184.69762802124023
4164,1745932044.4145927,187.33716011047363
4165,1745932044.6110058,185.6822967529297
4166,1745932044.8048203,183.30144882202148
4167,1745932045.0002582,184.42606925964355
4168,1745932045.194011,183.3937168121338
4169,1745932045.3915412,186.50126457214355
4170,1745932045.5875492,185.49132347106934
4171,1745932045.7820582,183.9897632598877
4172,1745932045.9781003,184.84067916870117
4173,1745932046.1737275,184.46040153503418
4174,1745932046.370614,185.86468696594238
4175,1745932046.5678349,186.56396865844727
4176,1745932046.7646072,186.2778663635254
4177,1745932046.961216,185.5294704437256
4178,1745932047.1580548,185.7888698577881
4179,1745932047.3537276,185.05334854125977
4180,1745932047.5490785,184.77249145507812
4181,1745932047.7467544,187.119722366333
4182,1745932047.9397395,182.664155960083
4183,1745932048.1387994,188.04049491882324
4184,1745932048.3336604,183.74133110046387
4185,1745932048.5305285,185.84465980529785
4186,1745932048.724617,183.55369567871094
4187,1745932048.9191267,183.81094932556152
4188,1745932049.1155758,185.76669692993164
4189,1745932049.312003,185.4097843170166
4190,1745932049.5167506,194.22149658203125
4191,1745932049.7142053,186.936616897583
4192,1745932049.9096577,184.92770195007324
4193,1745932050.1055787,185.40692329406738
4194,1745932050.3011465,184.5266819000244
4195,1745932050.497525,185.3470802307129
4196,1745932050.6959088,187.8988742828369
4197,1745932050.8950346,188.31562995910645
4198,1745932051.0890584,183.00151824951172
4199,1745932051.2851458,184.8618984222412
4200,1745932051.4823778,185.54091453552246
4201,1745932051.6782584,185.3487491607666
4202,1745932051.8739812,185.211181640625
4203,1745932052.0708604,185.55068969726562
4204,1745932052.2668276,185.43004989624023
4205,1745932052.460653,183.1684112548828
4206,1745932052.6647983,193.25876235961914
4207,1745932052.8610482,185.12773513793945
4208,1745932053.0571566,185.2397918701172
4209,1745932053.2536426,185.93692779541016
4210,1745932053.449033,183.86244773864746
4211,1745932053.6438434,183.82668495178223
4212,1745932053.8397822,184.65018272399902
4213,1745932054.0360792,185.0721836090088
4214,1745932054.2336917,186.32984161376953
4215,1745932054.4325666,187.35599517822266
4216,1745932054.6303988,186.3081455230713
4217,1745932054.8252814,183.6225986480713
4218,1745932055.0225098,186.1562728881836
4219,1745932055.2176805,184.53693389892578
4220,1745932055.413882,185.5318546295166
4221,1745932055.6121702,187.49451637268066
4222,1745932055.808035,184.6911907196045
4223,1745932056.0042415,185.22191047668457
4224,1745932056.1997087,184.9534511566162
4225,1745932056.3948262,185.00423431396484
4226,1745932056.5906715,185.06407737731934
4227,1745932056.786654,184.30471420288086
4228,1745932056.9818985,184.97490882873535
4229,1745932057.1765878,183.5949420928955
4230,1745932057.3738127,186.34438514709473
4231,1745932057.568796,184.661865234375
4232,1745932057.7662985,186.0830783843994
4233,1745932057.9642866,187.61062622070312
4234,1745932058.1589787,184.1714382171631
4235,1745932058.356213,186.19656562805176
4236,1745932058.5514972,184.23724174499512
4237,1745932058.7468858,184.76057052612305
4238,1745932058.945152,187.23630905151367
4239,1745932059.1401334,184.52072143554688
4240,1745932059.3364294,185.26077270507812
4241,1745932059.532981,185.13035774230957
4242,1745932059.7296777,185.66250801086426
4243,1745932059.9249504,184.4620704650879
4244,1745932060.1200464,184.0503215789795
4245,1745932060.3151946,184.12280082702637
4246,1745932060.5107272,184.3860149383545
4247,1745932060.7063527,184.47136878967285
4248,1745932060.9010491,184.1602325439453
4249,1745932061.0978198,185.6837272644043
4250,1745932061.2948415,186.47527694702148
4251,1745932061.4919133,185.8224868774414
4252,1745932061.6894162,186.82408332824707
4253,1745932061.883653,183.18700790405273
4254,1745932062.0775738,183.7003231048584
4255,1745932062.2720947,183.67385864257812
4256,1745932062.4682267,184.9193572998047
4257,1745932062.6661777,187.42108345031738
4258,1745932062.8622043,185.2579116821289
4259,1745932063.0591063,186.45882606506348
4260,1745932063.2551408,184.83948707580566
4261,1745932063.450833,184.60392951965332
4262,1745932063.6461852,183.9451789855957
4263,1745932063.8429863,186.23638153076172
4264,1745932064.0398645,185.87779998779297
4265,1745932064.2373734,186.76280975341797
4266,1745932064.4337847,185.36996841430664
4267,1745932064.6350553,190.98520278930664
4268,1745932064.8339186,187.83020973205566
4269,1745932065.0318112,186.84005737304688
4270,1745932065.228147,185.88900566101074
4271,1745932065.4222312,183.06732177734375
4272,1745932065.6189027,185.15563011169434
4273,1745932065.8139014,183.94732475280762
4274,1745932066.0102906,185.48059463500977
4275,1745932066.2076678,186.33341789245605
4276,1745932066.4019065,183.6252212524414
4277,1745932066.5967402,184.03887748718262
4278,1745932066.7927396,185.4708194732666
4279,1745932066.9882379,184.93127822875977
4280,1745932067.1822143,183.44521522521973
4281,1745932067.3778694,185.14108657836914
4282,1745932067.5748925,185.4076385498047
4283,1745932067.7800198,194.25368309020996
4284,1745932067.975523,184.91888046264648
4285,1745932068.17151,184.97085571289062
4286,1745932068.3681457,185.42718887329102
4287,1745932068.5645792,185.40120124816895
4288,1745932068.7598088,184.1259002685547
4289,1745932068.955275,184.42797660827637
4290,1745932069.1499724,183.64667892456055
4291,1745932069.3478951,186.50507926940918
4292,1745932069.544007,184.7681999206543
4293,1745932069.7428737,187.70074844360352
4294,1745932069.9365435,183.45141410827637
4295,1745932070.131858,184.11755561828613
4296,1745932070.3292985,186.45596504211426
4297,1745932070.524632,184.1278076171875
4298,1745932070.719716,184.52119827270508
4299,1745932070.9175332,187.08443641662598
4300,1745932071.116875,188.14754486083984
4301,1745932071.313806,186.3563060760498
4302,1745932071.510273,185.8508586883545
4303,1745932071.7079754,186.6004467010498
4304,1745932071.9020982,183.09760093688965
4305,1745932072.099321,186.7079734802246
4306,1745932072.2956002,185.69660186767578
4307,1745932072.4908211,184.5264434814453
4308,1745932072.6880748,185.77146530151367
4309,1745932072.8948655,196.4735984802246
4310,1745932073.0912352,185.34255027770996
4311,1745932074.102666,nan
4312,1745932074.2994957,185.16993522644043
4313,1745932074.4982536,188.12179565429688
4314,1745932074.6923456,183.04991722106934
4315,1745932074.8869069,183.8080883026123
4316,1745932075.0839393,185.9118938446045
4317,1745932075.2802916,185.1794719696045
4318,1745932075.4752405,184.63587760925293
4319,1745932075.6710622,184.4654083251953
4320,1745932075.8738382,191.66040420532227
4321,1745932076.0709817,186.2788200378418
4322,1745932076.2684996,186.35106086730957
4323,1745932076.464961,185.43148040771484
4324,1745932076.6615982,186.03062629699707
4325,1745932076.8592887,187.14332580566406
4326,1745932077.0549312,184.97467041015625
4327,1745932077.2517166,186.13767623901367
4328,1745932077.4453607,181.8559169769287
4329,1745932077.6396265,183.21990966796875
4330,1745932077.8358839,185.61029434204102
4331,1745932078.0338445,187.04938888549805
4332,1745932078.2277408,182.3902130126953
4333,1745932078.4226077,183.92562866210938
4334,1745932078.6157343,182.542085647583
4335,1745932078.8103616,183.35485458374023
4336,1745932079.0047908,183.49242210388184
4337,1745932079.1992934,183.90417098999023
4338,1745932079.3937154,183.3639144897461
4339,1745932079.5940661,189.64838981628418
4340,1745932079.7898567,184.77249145507812
4341,1745932079.9829016,182.02829360961914
4342,1745932080.1769798,182.46221542358398
4343,1745932080.3724325,184.4348907470703
4344,1745932080.5666468,183.17341804504395
4345,1745932080.7597709,182.4967861175537
4346,1745932080.9540875,183.9754581451416
4347,1745932081.1481018,182.77335166931152
4348,1745932081.342871,183.75563621520996
4349,1745932081.5379229,184.49139595031738
4350,1745932081.732423,183.20369720458984
4351,1745932081.9250863,182.1427345275879
4352,1745932082.1192527,182.87277221679688
4353,1745932082.3150396,184.16714668273926
4354,1745932082.5084422,182.76023864746094
4355,1745932082.7168128,197.8168487548828
4356,1745932082.9101238,182.75761604309082
4357,1745932083.1056445,184.5242977142334
4358,1745932083.2997513,183.58087539672852
4359,1745932083.4941986,183.55202674865723
4360,1745932083.6890736,184.35978889465332
4361,1745932083.8830347,182.90424346923828
4362,1745932084.076899,182.85012245178223
4363,1745932084.270663,182.76238441467285
4364,1745932084.4654782,183.7623119354248
4365,1745932084.6592274,182.71207809448242
4366,1745932084.8519819,182.2218894958496
4367,1745932085.047168,183.89391899108887
4368,1745932085.2430475,185.36090850830078
4369,1745932085.4369862,183.23087692260742
4370,1745932085.6314275,183.55512619018555
4371,1745932085.8263297,183.91108512878418
4372,1745932086.0205317,183.37416648864746
4373,1745932086.2143364,183.15696716308594
4374,1745932086.4086227,183.76851081848145
4375,1745932086.6019251,183.0291748046875
4376,1745932086.7951536,182.13367462158203
4377,1745932086.9902492,184.0684413909912
4378,1745932087.1841211,182.82604217529297
4379,1745932087.3778424,182.68728256225586
4380,1745932087.5735962,184.85164642333984
4381,1745932087.7722416,188.27462196350098
4382,1745932087.967968,184.20648574829102
4383,1745932088.1611717,182.32464790344238
4384,1745932088.355009,182.71541595458984
4385,1745932088.5503113,184.28564071655273
4386,1745932088.7441685,183.5343837738037
4387,1745932088.9385056,183.87985229492188
4388,1745932089.1337006,183.29691886901855
4389,1745932089.327934,183.42947959899902
4390,1745932089.5212524,182.4800968170166
4391,1745932089.7162123,183.94041061401367
4392,1745932089.913599,186.84720993041992
4393,1745932090.1068347,182.69896507263184
4394,1745932090.3040261,186.2649917602539
4395,1745932090.4992201,183.8223934173584
4396,1745932090.6924658,182.74450302124023
4397,1745932090.8952663,191.28179550170898
4398,1745932091.0993123,192.5194263458252
4399,1745932091.30403,193.6931610107422
4400,1745932091.5094476,193.89605522155762
4401,1745932091.7045164,183.97879600524902
4402,1745932091.8994029,183.85767936706543
4403,1745932092.095773,184.85045433044434
4404,1745932092.2904212,184.13662910461426
4405,1745932092.4924316,191.4966106414795
4406,1745932092.6862519,183.29858779907227
4407,1745932092.8809693,183.69269371032715
4408,1745932093.0760803,184.08799171447754
4409,1745932093.2709625,183.84766578674316
4410,1745932093.4650826,183.20345878601074
4411,1745932093.6608963,184.77654457092285
4412,1745932093.8551402,183.2294464111328
4413,1745932094.0491338,183.27093124389648
4414,1745932094.2426765,182.97815322875977
4415,1745932094.4374611,184.26084518432617
4416,1745932094.6466923,198.35209846496582
4417,1745932094.843627,186.42663955688477
4418,1745932095.039112,184.24677848815918
4419,1745932095.2345164,183.86363983154297
4420,1745932095.4369838,191.42413139343262
4421,1745932095.6315253,183.78925323486328
4422,1745932095.8263977,183.93325805664062
4423,1745932096.02379,186.34700775146484
4424,1745932096.2202723,185.45866012573242
4425,1745932096.462107,230.8666706085205
4426,1745932096.658136,184.99302864074707
4427,1745932096.8519673,183.17484855651855
4428,1745932097.0471606,184.13281440734863
4429,1745932098.0671666,nan
4430,1745932098.2618837,183.95590782165527
4431,1745932098.457401,184.23795700073242
4432,1745932098.6503668,182.39879608154297
4433,1745932098.8435926,182.2812557220459
4434,1745932099.038803,183.9146614074707
4435,1745932099.2337475,183.15601348876953
4436,1745932099.4291127,184.6466064453125
4437,1745932099.6240332,184.35955047607422
4438,1745932099.817985,183.4123134613037
4439,1745932100.0111516,182.6171875
4440,1745932100.205518,182.9984188079834
4441,1745932100.4038749,187.30473518371582
4442,1745932100.600432,185.35995483398438
4443,1745932100.7942724,182.67393112182617
4444,1745932100.9983904,193.2210922241211
4445,1745932101.192699,183.7325096130371
4446,1745932101.3872752,183.55894088745117
4447,1745932101.5809994,183.21514129638672
4448,1745932101.7746458,182.61361122131348
4449,1745932101.9696445,183.74347686767578
4450,1745932102.1620286,181.67805671691895
4451,1745932102.357659,184.12089347839355
4452,1745932102.5551877,186.7387294769287
4453,1745932102.7502546,183.5176944732666
4454,1745932102.9438477,183.05683135986328
4455,1745932103.1388695,184.0038299560547
4456,1745932103.3322601,182.26265907287598
4457,1745932103.5274806,184.1866970062256
4458,1745932103.7238238,185.8212947845459
4459,1745932103.9170563,182.6941967010498
4460,1745932104.1123507,184.23891067504883
4461,1745932104.3056054,182.7411651611328
4462,1745932104.500167,183.9313507080078
4463,1745932104.6942275,183.5312843322754
4464,1745932104.8880994,183.38537216186523
4465,1745932105.0867522,187.2415542602539
4466,1745932105.2837272,186.37728691101074
4467,1745932105.4783318,184.07487869262695
4468,1745932105.674474,185.03594398498535
4469,1745932105.8713312,186.32125854492188
4470,1745932106.0669196,184.12041664123535
4471,1745932106.2630959,184.90982055664062
4472,1745932106.4600177,185.7922077178955
4473,1745932106.65543,184.26895141601562
4474,1745932106.8510363,183.5763454437256
4475,1745932107.049767,188.2798671722412
4476,1745932107.2446828,183.96997451782227
4477,1745932107.4392776,183.49099159240723
4478,1745932107.6346211,184.4637393951416
4479,1745932107.8318536,186.7232322692871
4480,1745932108.0275893,184.7217082977295
4481,1745932108.2240577,185.13178825378418
4482,1745932108.4200766,185.09936332702637
4483,1745932108.6158817,184.77654457092285
4484,1745932108.810783,184.5419406890869
4485,1745932109.008287,186.36345863342285
4486,1745932109.2048473,186.03944778442383
4487,1745932109.4008765,184.3886375427246
4488,1745932109.6025548,191.12753868103027
4489,1745932109.7972434,183.17604064941406
4490,1745932109.9922736,183.2718849182129
4491,1745932110.189424,185.5926513671875
4492,1745932110.387854,187.2403621673584
4493,1745932110.5836325,184.65232849121094
4494,1745932110.781298,187.11328506469727
4495,1745932110.9762638,184.4465732574463
4496,1745932111.1737857,186.47480010986328
4497,1745932111.3693364,185.17494201660156
4498,1745932111.5653408,185.47940254211426
4499,1745932111.761767,185.4085922241211
4500,1745932111.9586766,185.8522891998291
4501,1745932112.152314,182.59572982788086
4502,1745932112.3518565,188.0168914794922
4503,1745932112.5569825,194.54336166381836
4504,1745932112.7548783,186.87152862548828
4505,1745932112.951617,185.84632873535156
4506,1745932113.1502223,188.1701946258545
4507,1745932113.3442554,182.9667091369629
4508,1745932113.538395,183.49814414978027
4509,1745932113.7329934,184.32116508483887
4510,1745932113.928681,185.1656436920166
4511,1745932114.9448557,nan
4512,1745932115.1421351,186.90228462219238
4513,1745932115.3407245,187.30425834655762
4514,1745932115.536552,185.30535697937012
4515,1745932115.7328284,185.42098999023438
4516,1745932115.9310052,187.6363754272461
4517,1745932116.1298873,188.34924697875977
4518,1745932116.3281922,187.1933937072754
4519,1745932116.5316849,192.98028945922852
4520,1745932116.734805,191.0989284515381
4521,1745932116.9401188,194.7784423828125
4522,1745932117.1339264,183.29501152038574
4523,1745932117.3317494,186.86580657958984
4524,1745932117.5257657,183.44497680664062
4525,1745932117.72711,189.3310546875
4526,1745932117.9225209,185.22930145263672
4527,1745932118.1188097,185.16993522644043
4528,1745932118.3145335,185.12821197509766
4529,1745932118.5106134,184.7982406616211
4530,1745932118.70548,183.4707260131836
4531,1745932118.8990524,182.53159523010254
4532,1745932119.0988355,188.59004974365234
4533,1745932119.2949948,185.49084663391113
4534,1745932119.4905145,184.46660041809082
4535,1745932119.6858876,184.13352966308594
4536,1745932119.882553,185.90235710144043
4537,1745932120.080284,186.71488761901855
4538,1745932120.275314,184.4463348388672
4539,1745932120.4717705,185.14108657836914
4540,1745932120.6676483,184.9980354309082
4541,1745932121.683656,nan
4542,1745932121.8802762,186.09046936035156
4543,1745932122.075431,184.62896347045898
4544,1745932122.270022,183.4573745727539
4545,1745932122.4663134,185.24718284606934
4546,1745932122.6629074,185.9908103942871
4547,1745932122.859006,184.8289966583252
4548,1745932123.0538573,184.33761596679688
4549,1745932123.2503512,186.26165390014648
4550,1745932123.445701,184.78703498840332
4551,1745932123.641361,184.4463348388672
4552,1745932123.8387232,186.3381862640381
4553,1745932124.0377781,188.29798698425293
4554,1745932124.2340236,185.46748161315918
4555,1745932124.4304116,185.2731704711914
4556,1745932124.6375234,195.80340385437012
4557,1745932124.83189,183.72130393981934
4558,1745932125.030995,187.87431716918945
4559,1745932125.2275002,185.4870319366455
4560,1745932125.4250524,186.4326000213623
4561,1745932125.621191,185.60123443603516
4562,1745932125.8152244,183.39300155639648
4563,1745932126.00817,182.43932723999023
4564,1745932126.2022529,183.2270622253418
4565,1745932126.395768,182.99221992492676
4566,1745932126.5906806,184.04245376586914
4567,1745932126.784809,183.6094856262207
4568,1745932126.9817069,185.87064743041992
4569,1745932127.1750615,182.74617195129395
4570,1745932127.3698843,183.6235523223877
4571,1745932127.563604,182.6779842376709
4572,1745932127.7578628,182.90400505065918
4573,1745932127.9539957,185.0602626800537
4574,1745932128.1517682,186.19203567504883
4575,1745932128.3450248,182.51895904541016
4576,1745932128.5400298,184.28349494934082
4577,1745932128.7334936,182.69681930541992
4578,1745932128.9282525,183.20870399475098
4579,1745932129.1235993,184.8461627960205
4580,1745932129.317618,183.5339069366455
4581,1745932129.5120268,183.28142166137695
4582,1745932129.7061782,182.83915519714355
4583,1745932129.8994505,182.74950981140137
4584,1745932130.0934508,182.95812606811523
4585,1745932130.291607,187.12306022644043
4586,1745932130.486292,183.66336822509766
4587,1745932130.6813967,183.90917778015137
4588,1745932130.875264,183.21967124938965
4589,1745932131.067847,182.0509433746338
4590,1745932131.2628431,183.90727043151855
4591,1745932131.4594893,185.71186065673828
4592,1745932131.6537058,183.70962142944336
4593,1745932131.8470552,183.08353424072266
4594,1745932132.870831,nan
4595,1745932133.0654483,184.10730361938477
4596,1745932133.2594502,183.42828750610352
4597,1745932133.454748,184.57531929016113
4598,1745932133.6486084,182.8477382659912
4599,1745932133.84408,184.12423133850098
4600,1745932134.0384734,183.10880661010742
4601,1745932134.2321222,182.87396430969238
4602,1745932134.4266825,183.5157871246338
4603,1745932134.6201525,182.47699737548828
4604,1745932134.8157697,184.09085273742676
4605,1745932135.0103593,183.52270126342773
4606,1745932135.202448,181.60104751586914
4607,1745932135.3978498,183.8400363922119
4608,1745932135.592731,183.6695671081543
4609,1745932135.7882123,183.5930347442627
4610,1745932135.9808564,182.26313591003418
4611,1745932136.1756067,183.58421325683594
4612,1745932136.3696277,183.48336219787598
4613,1745932136.5651748,184.90982055664062
4614,1745932136.758523,183.11142921447754
4615,1745932136.951871,182.6183795928955
4616,1745932137.149996,187.58583068847656
4617,1745932137.3458772,185.3475570678711
4618,1745932137.5406444,183.7601661682129
4619,1745932137.7373643,186.19275093078613
4620,1745932137.9326103,184.21244621276855
4621,1745932138.1280677,184.13329124450684
4622,1745932138.3363597,197.0527172088623
4623,1745932138.5318208,184.3855381011963
4624,1745932138.7253845,182.4805736541748
4625,1745932138.9191282,183.20751190185547
4626,1745932139.1126597,182.4951171875
4627,1745932139.3067963,183.60447883605957
4628,1745932139.5101554,192.32988357543945
4629,1745932139.715275,193.73369216918945
4630,1745932139.9098651,183.98737907409668
4631,1745932140.107599,186.9516372680664
4632,1745932140.3030875,185.17780303955078
4633,1745932140.4994211,185.82439422607422
4634,1745932140.6944926,184.37767028808594
4635,1745932140.8900423,184.4806671142578
4636,1745932141.085692,185.0285530090332
4637,1745932141.2836835,186.8445873260498
4638,1745932141.4778264,182.97195434570312
4639,1745932141.6752653,186.79332733154297
4640,1745932141.8705416,184.47017669677734
4641,1745932142.0664172,185.3640079498291
4642,1745932142.262708,184.90362167358398
4643,1745932142.4603577,186.4757537841797
4644,1745932142.655943,183.85577201843262
4645,1745932142.8510787,184.9992275238037
4646,1745932143.0466115,184.49735641479492
4647,1745932143.2427487,185.49633026123047
4648,1745932143.4398968,184.6456527709961
4649,1745932143.6359768,185.53972244262695
4650,1745932143.8317466,184.71431732177734
4651,1745932144.0280483,185.26291847229004
4652,1745932144.2268767,187.48188018798828
4653,1745932144.424008,186.11574172973633
4654,1745932144.6201797,185.43696403503418
4655,1745932144.8164241,185.22930145263672
4656,1745932145.014017,187.0744228363037
4657,1745932145.2094889,185.24479866027832
4658,1745932145.405846,185.7321262359619
4659,1745932145.6029153,186.16342544555664
4660,1745932145.7995858,185.8503818511963
4661,1745932145.9968605,186.248779296875
4662,1745932146.192952,185.06884574890137
4663,1745932146.3870232,183.5474967956543
4664,1745932146.5848541,186.50412559509277
4665,1745932146.7818186,185.95027923583984
4666,1745932146.9766283,184.25941467285156
4667,1745932147.1730137,185.69278717041016
4668,1745932147.368095,184.3876838684082
4669,1745932147.5638216,185.03880500793457
4670,1745932147.7609642,185.99510192871094
4671,1745932147.955964,183.9761734008789
4672,1745932148.1526237,185.55378913879395
4673,1745932148.3481283,184.4944953918457
4674,1745932148.5417068,183.0737590789795
4675,1745932148.7364578,183.8383674621582
4676,1745932148.9341934,186.58971786499023
4677,1745932149.1303024,185.55641174316406
4678,1745932149.3263345,185.47868728637695
4679,1745932149.522357,184.9536895751953
4680,1745932149.7183852,185.31250953674316
4681,1745932149.9141173,185.19139289855957
4682,1745932150.1107047,185.5175495147705
4683,1745932150.3066669,185.3923797607422
4684,1745932150.5030465,185.8217716217041
4685,1745932150.698613,184.89980697631836
4686,1745932150.8939106,183.99786949157715
4687,1745932151.0892122,183.97808074951172
4688,1745932151.2844887,184.10658836364746
4689,1745932151.478998,183.9771270751953
4690,1745932151.674631,184.4778060913086
4691,1745932151.870729,185.18328666687012
4692,1745932152.0664756,185.12749671936035
4693,1745932152.2629204,184.42535400390625
4694,1745932152.4582934,185.23859977722168
4695,1745932152.6554327,186.1875057220459
4696,1745932152.853758,187.38579750061035
4697,1745932153.050683,186.4032745361328
4698,1745932154.0668275,nan
4699,1745932154.2622232,184.8585605621338
4700,1745932154.4578085,185.06360054016113
4701,1745932154.6538022,185.3506565093994
4702,1745932155.6771712,nan
4703,1745932155.8716187,183.91680717468262
4704,1745932156.0671418,185.00661849975586
4705,1745932156.2625988,184.9203109741211
4706,1745932156.457791,184.78870391845703
4707,1745932156.6602488,191.61510467529297
4708,1745932156.856102,185.2402687072754
4709,1745932157.0510316,183.9454174041748
4710,1745932157.2481146,185.70804595947266
4711,1745932157.4442642,185.77194213867188
4712,1745932157.643686,188.33184242248535
4713,1745932157.839208,184.98897552490234
4714,1745932158.0351627,185.29868125915527
4715,1745932158.2318387,185.8046054840088
4716,1745932158.4292197,185.77837944030762
4717,1745932158.624459,184.21483039855957
4718,1745932158.818985,183.46047401428223
4719,1745932159.0159101,184.6296787261963
4720,1745932159.2118292,185.58502197265625
4721,1745932159.4072316,185.0717067718506
4722,1745932159.6041174,186.6912841796875
4723,1745932159.8014681,186.80953979492188
4724,1745932159.9991949,186.68532371520996
4725,1745932160.1956515,185.92119216918945
4726,1745932160.3916178,185.84322929382324
4727,1745932160.5862715,184.0529441833496
4728,1745932160.7826922,186.01298332214355
4729,1745932160.9776638,184.41224098205566
4730,1745932161.1729238,184.52119827270508
4731,1745932161.3694232,184.7989559173584
4732,1745932161.5651717,185.22143363952637
4733,1745932161.7621703,185.97888946533203
4734,1745932161.957963,184.19790267944336
4735,1745932162.1536198,185.16302108764648
4736,1745932162.3482707,183.2749843597412
4737,1745932162.567462,208.1151008605957
4738,1745932162.7682483,190.17529487609863
4739,1745932162.9693613,190.0780200958252
4740,1745932163.1640215,184.45706367492676
4741,1745932163.3593652,185.02163887023926
4742,1745932163.5552075,184.82303619384766
4743,1745932163.7528114,186.68866157531738
4744,1745932163.950429,186.96999549865723
4745,1745932164.145257,184.3113899230957
4746,1745932164.3410606,185.28437614440918
4747,1745932164.535103,182.82175064086914
4748,1745932164.7297587,183.6071014404297
4749,1745932164.922743,182.36136436462402
4750,1745932165.1175222,183.6717128753662
4751,1745932165.311972,183.91895294189453
4752,1745932165.5059533,182.99174308776855
4753,1745932165.70129,184.17954444885254
4754,1745932165.8953757,183.07256698608398
4755,1745932166.0894806,183.7010383605957
4756,1745932166.2842855,184.2970848083496
4757,1745932166.4778316,183.03871154785156
4758,1745932166.6717532,183.28571319580078
4759,1745932166.8658605,183.47787857055664
4760,1745932167.060437,183.49575996398926
4761,1745932167.2538633,182.47318267822266
4762,1745932167.4477625,182.85250663757324
4763,1745932167.6424227,183.88772010803223
4764,1745932167.8370898,184.32116508483887
4765,1745932168.034608,185.9605312347412
4766,1745932168.2318635,186.13123893737793
4767,1745932168.427888,185.34159660339355
4768,1745932168.6220295,182.80959129333496
4769,1745932168.8159595,183.00914764404297
4770,1745932169.0097034,182.6457977294922
4771,1745932169.203918,183.441162109375
4772,1745932169.3982122,183.18986892700195
4773,1745932169.5988152,189.63861465454102
4774,1745932169.7927158,182.77883529663086
4775,1745932169.988178,183.8691234588623
4776,1745932170.1830816,183.84194374084473
4777,1745932170.376037,182.420015335083
4778,1745932170.571236,184.16619300842285
4779,1745932170.7652435,182.91664123535156
4780,1745932170.9597764,183.9447021484375
4781,1745932171.1542416,183.92610549926758
4782,1745932171.347994,183.28070640563965
4783,1745932171.5406692,181.98227882385254
4784,1745932171.7353823,183.67338180541992
4785,1745932171.9286864,182.8482151031494
4786,1745932172.122235,182.31964111328125
4787,1745932172.3171103,183.35461616516113
4788,1745932172.510734,182.6159954071045
4789,1745932172.7061777,184.2653751373291
4790,1745932172.9019024,184.983491897583
4791,1745932173.0967813,183.75039100646973
4792,1745932173.289082,182.0206642150879
4793,1745932173.4858449,185.71209907531738
4794,1745932173.6797376,183.39252471923828
4795,1745932173.8735294,183.67600440979004
4796,1745932174.0675166,183.24875831604004
4797,1745932174.2621744,183.58278274536133
4798,1745932174.4569118,183.43305587768555
4799,1745932174.6516187,182.6803684234619
4800,1745932174.8455594,183.78186225891113
4801,1745932175.0390387,182.2798252105713
4802,1745932175.2349026,184.57293510437012
4803,1745932175.432427,186.91301345825195
4804,1745932175.62537,182.48224258422852
4805,1745932175.8208373,184.4184398651123
4806,1745932176.017695,186.41185760498047
4807,1745932176.2111404,182.8479766845703
4808,1745932176.405775,183.58898162841797
4809,1745932176.6010163,184.73219871520996
4810,1745932176.7942188,182.57546424865723
4811,1745932176.9875727,183.0127239227295
4812,1745932177.1864233,188.14516067504883
4813,1745932177.3810322,183.91752243041992
4814,1745932177.574185,182.7869415283203
4815,1745932177.7729962,187.3931884765625
4816,1745932177.9666784,182.63506889343262
4817,1745932178.1658607,188.41004371643066
4818,1745932178.359389,182.53254890441895
4819,1745932178.5528762,182.9395294189453
4820,1745932178.7488205,184.76605415344238
4821,1745932178.9441547,184.75341796875
4822,1745932179.140469,185.79626083374023
4823,1745932179.3360562,185.0588321685791
4824,1745932179.5315037,184.55147743225098
4825,1745932179.7250211,182.45983123779297
4826,1745932179.9213614,185.04023551940918
4827,1745932180.1181314,184.6926212310791
4828,1745932180.3125052,183.98284912109375
4829,1745932180.5061574,182.4948787689209
4830,1745932180.700181,182.00993537902832
4831,1745932180.89581,185.11629104614258
4832,1745932181.089591,183.25543403625488
4833,1745932181.282101,181.73718452453613
4834,1745932181.4763284,182.96360969543457
4835,1745932181.6746874,187.38722801208496
4836,1745932181.868714,182.90448188781738
4837,1745932182.0646122,184.47613716125488
4838,1745932182.2587333,183.424711227417
4839,1745932182.4518979,182.30199813842773
4840,1745932182.6470966,184.02457237243652
4841,1745932182.8437953,184.13567543029785
4842,1745932183.0382192,183.81929397583008
4843,1745932183.232752,183.83431434631348
4844,1745932183.4273965,183.60495567321777
4845,1745932183.6229596,184.53550338745117
4846,1745932183.8168921,183.41326713562012
4847,1745932184.0120475,184.70287322998047
4848,1745932184.2051497,182.57904052734375
4849,1745932184.3986976,182.82270431518555
4850,1745932184.5924568,182.84130096435547
4851,1745932184.7884023,184.21077728271484
4852,1745932184.9821854,183.17103385925293
4853,1745932185.176382,183.66646766662598
4854,1745932185.3715477,184.128999710083
4855,1745932185.566938,185.22357940673828
4856,1745932185.7620935,183.6071014404297
4857,1745932185.9559255,183.64715576171875
4858,1745932186.149545,182.8629970550537
4859,1745932186.3429215,182.36231803894043
4860,1745932186.5378025,183.59613418579102
4861,1745932186.732014,183.8364601135254
4862,1745932186.9298089,187.27898597717285
4863,1745932187.1236289,183.29477310180664
4864,1745932187.3177927,183.54463577270508
4865,1745932187.5126941,183.91752243041992
4866,1745932187.7100196,186.80429458618164
4867,1745932187.9100685,189.00799751281738
4868,1745932188.1058843,184.79609489440918
4869,1745932188.2986348,182.17015266418457
4870,1745932188.4919913,182.13748931884766
4871,1745932188.687812,184.2963695526123
4872,1745932188.8818457,183.35962295532227
4873,1745932189.0757394,182.87086486816406
4874,1745932189.270247,183.84647369384766
4875,1745932189.4645078,182.98840522766113
4876,1745932189.66689,191.31708145141602
4877,1745932189.8616934,183.7775707244873
4878,1745932190.0573967,184.8747730255127
4879,1745932190.2508466,182.77359008789062
4880,1745932190.4447963,182.76524543762207
4881,1745932190.6386504,183.23683738708496
4882,1745932190.8340828,184.09347534179688
4883,1745932191.027787,182.65223503112793
4884,1745932191.2240841,185.68062782287598
4885,1745932191.4180596,183.2597255706787
4886,1745932191.6123235,183.17508697509766
4887,1745932191.8088558,186.02800369262695
4888,1745932192.007589,188.2033348083496
4889,1745932192.2037797,185.99343299865723
4890,1745932192.3986049,184.42416191101074
4891,1745932192.594719,185.07933616638184
4892,1745932192.7992465,192.7797794342041
4893,1745932192.998341,188.54999542236328
4894,1745932193.1940446,184.99445915222168
4895,1745932193.3898842,184.47041511535645
4896,1745932193.5883784,187.4382495880127
4897,1745932193.7938595,195.04213333129883
4898,1745932193.9906323,185.94861030578613
4899,1745932194.1853874,183.73346328735352
4900,1745932194.378934,182.755708694458
4901,1745932194.577018,187.35122680664062
4902,1745932194.7740593,186.4030361175537
4903,1745932194.9712796,186.35272979736328
4904,1745932195.1679573,186.15150451660156
4905,1745932195.3636878,185.38498878479004
4906,1745932195.5613678,186.65456771850586
4907,1745932195.759356,186.1422061920166
4908,1745932195.9553652,185.49871444702148
4909,1745932196.150651,184.74483489990234
4910,1745932196.3490987,187.86883354187012
4911,1745932196.5485835,188.94505500793457
4912,1745932196.7458935,186.7685317993164
4913,1745932196.941098,184.60798263549805
4914,1745932197.1403759,188.2619857788086
4915,1745932197.3363926,184.99112129211426
4916,1745932197.5318701,184.3855381011963
4917,1745932197.7298331,187.14404106140137
4918,1745932197.936443,195.84178924560547
4919,1745932198.143794,196.2454319000244
4920,1745932198.356522,201.6277313232422
4921,1745932198.553982,186.3555908203125
4922,1745932198.7497582,185.2414608001709
4923,1745932198.9462333,185.47344207763672
4924,1745932199.142559,185.6992244720459
4925,1745932199.3398173,186.7513656616211
4926,1745932199.5364096,185.66417694091797
4927,1745932199.731866,184.86452102661133
4928,1745932199.9296818,187.30759620666504
4929,1745932200.1253114,184.98635292053223
4930,1745932200.3220294,186.17844581604004
4931,1745932200.517921,184.37981605529785
4932,1745932200.7131472,184.13066864013672
4933,1745932200.911217,187.40582466125488
4934,1745932201.1079407,186.2044334411621
4935,1745932201.3037977,185.47654151916504
4936,1745932201.5096898,195.2211856842041
4937,1745932201.709852,189.64099884033203
4938,1745932201.9048858,184.40818786621094
4939,1745932202.0999558,184.02600288391113
4940,1745932202.2962825,185.394287109375
4941,1745932202.5248356,218.01424026489258
4942,1745932202.7326722,197.21746444702148
4943,1745932202.9287941,184.73362922668457
4944,1745932203.1249022,185.07003784179688
4945,1745932203.3209724,185.5635643005371
4946,1745932203.5177696,186.27405166625977
4947,1745932203.7122183,182.41596221923828
4948,1745932203.9067476,184.4322681427002
4949,1745932204.1003878,182.89804458618164
4950,1745932204.2971494,185.71901321411133
4951,1745932204.500544,192.885160446167
4952,1745932204.6945622,183.47692489624023
4953,1745932204.889089,183.05277824401855
4954,1745932205.0838964,183.1493377685547
4955,1745932205.2775717,183.1381320953369
4956,1745932205.4709356,182.8773021697998
4957,1745932205.6652772,183.00318717956543
4958,1745932205.8593767,183.07089805603027
4959,1745932206.0540078,183.58731269836426
4960,1745932206.2487905,184.2215061187744
4961,1745932206.4437091,183.86292457580566
4962,1745932206.6383522,184.04269218444824
4963,1745932206.8336272,184.7074031829834
4964,1745932207.0273073,182.86514282226562
4965,1745932207.2211735,182.84368515014648
4966,1745932207.41634,184.14950370788574
4967,1745932207.6122563,185.39118766784668
4968,1745932207.8078449,185.00518798828125
4969,1745932208.0047698,185.72568893432617
4970,1745932208.2001784,184.77797508239746
4971,1745932208.3966653,185.4684352874756
4972,1745932208.591675,184.49807167053223
4973,1745932208.7868207,184.12065505981445
4974,1745932208.9878533,189.9726390838623
4975,1745932209.1837409,185.37449836730957
4976,1745932209.3794682,185.27960777282715
4977,1745932209.5748415,184.35120582580566
4978,1745932209.7716758,185.89115142822266
4979,1745932209.969012,186.30409240722656
4980,1745932210.1647468,185.21857261657715
4981,1745932210.361291,186.02871894836426
4982,1745932210.5579534,185.6374740600586
4983,1745932210.7548342,185.85872650146484
4984,1745932210.949654,183.8095188140869
4985,1745932211.1463652,185.5618953704834
4986,1745932211.340868,183.46261978149414
4987,1745932211.5413246,189.43095207214355
4988,1745932211.742537,190.69671630859375
4989,1745932211.9414275,188.59434127807617
4990,1745932212.1410766,188.73095512390137
4991,1745932212.3407326,188.63940238952637
4992,1745932212.5366735,185.43171882629395
4993,1745932212.7369533,189.51892852783203
4994,1745932212.9314651,183.99500846862793
4995,1745932213.1278343,186.11431121826172
4996,1745932213.3235826,184.7386360168457
4997,1745932213.5182734,183.35819244384766
4998,1745932213.7162867,186.9964599609375
4999,1745932213.9108236,184.02791023254395
5000,1745932214.1102254,187.8046989440918
5001,1745932214.305726,184.48734283447266
5002,1745932214.503957,186.72609329223633
5003,1745932214.7004414,185.9574317932129
5004,1745932214.8965557,185.62746047973633
5005,1745932215.0936449,186.36775016784668
5006,1745932215.2882578,183.93492698669434
5007,1745932215.4840353,185.23144721984863
5008,1745932215.6828504,187.70766258239746
5009,1745932215.878038,184.91816520690918
5010,1745932216.0735645,184.983491897583
5011,1745932216.283499,198.70781898498535
5012,1745932216.479192,184.6609115600586
5013,1745932216.6759248,186.12074851989746
5014,1745932216.8738227,186.85483932495117
5015,1745932217.0708675,186.4631175994873
5016,1745932217.2656586,184.27348136901855
5017,1745932217.4605088,183.75921249389648
5018,1745932217.6565185,184.76438522338867
5019,1745932217.8715734,204.26344871520996
5020,1745932218.0646536,182.62243270874023
5021,1745932218.2602687,184.29827690124512
5022,1745932218.4546242,183.08687210083008
5023,1745932218.6496603,184.4336986541748
5024,1745932218.8426447,181.9469928741455
5025,1745932219.0394056,185.06455421447754
5026,1745932219.232086,181.61296844482422
5027,1745932219.427433,183.70699882507324
5028,1745932219.6346564,196.69461250305176
5029,1745932219.8286724,183.50768089294434
5030,1745932220.0244534,185.2576732635498
5031,1745932220.2187843,183.04681777954102
5032,1745932220.4122818,182.4052333831787
5033,1745932220.6073828,183.5799217224121
5034,1745932220.8011465,183.455228805542
5035,1745932220.9963984,184.1106414794922
5036,1745932221.1905885,183.14552307128906
5037,1745932221.3867362,185.1644515991211
5038,1745932221.5817773,183.82620811462402
5039,1745932221.774992,182.7409267425537
5040,1745932221.9700193,183.58993530273438
5041,1745932222.1660101,185.42051315307617
5042,1745932222.35973,182.6612949371338
5043,1745932222.5553002,184.48305130004883
5044,1745932222.750225,184.18598175048828
5045,1745932222.9438262,182.9512119293213
5046,1745932223.1374383,182.7068328857422
5047,1745932223.3318315,183.20941925048828
5048,1745932223.5273426,184.39602851867676
5049,1745932223.723995,186.0816478729248
5050,1745932223.9217825,187.24918365478516
5051,1745932224.1186137,185.67347526550293
5052,1745932224.3160589,186.4144802093506
5053,1745932224.5098078,183.2277774810791
5054,1745932224.706481,185.95552444458008
5055,1745932224.9050395,187.5460147857666
5056,1745932225.1010234,185.38403511047363
5057,1745932225.296065,184.45873260498047
5058,1745932226.3185163,nan
5059,1745932226.5135045,184.2174530029297
5060,1745932226.7106764,186.4767074584961
5061,1745932226.9057274,184.52811241149902
5062,1745932227.1015234,184.71980094909668
5063,1745932227.2985146,186.3420009613037
5064,1745932227.4949687,185.95147132873535
5065,1745932227.6907046,185.11509895324707
5066,1745932227.887989,186.8915557861328
5067,1745932228.0851786,185.96816062927246
5068,1745932228.2821982,185.9724521636963
5069,1745932228.4777954,185.27841567993164
5070,1745932228.6738973,185.03403663635254
5071,1745932228.8699439,185.4569911956787
5072,1745932229.0650945,184.01241302490234
5073,1745932229.2599952,183.8667392730713
5074,1745932229.4555957,184.5855712890625
5075,1745932229.6519036,185.22930145263672
5076,1745932229.8478806,185.10937690734863
5077,1745932230.0443988,185.50586700439453
5078,1745932230.240562,184.90910530090332
5079,1745932230.4376268,186.39111518859863
5080,1745932230.632419,184.27443504333496
5081,1745932230.8300195,186.5546703338623
5082,1745932231.0256128,184.99064445495605
5083,1745932231.2203395,183.69650840759277
5084,1745932231.4149568,184.01837348937988
5085,1745932231.6128678,186.8460178375244
5086,1745932231.807511,183.54082107543945
5087,1745932232.009568,191.01381301879883
5088,1745932232.2059522,185.81342697143555
5089,1745932232.4027338,186.26976013183594
5090,1745932232.5990815,185.16016006469727
5091,1745932232.7949884,184.8623752593994
5092,1745932232.9900968,184.46946144104004
5093,1745932233.1846263,183.90274047851562
5094,1745932233.380078,184.94820594787598
5095,1745932233.575641,184.77439880371094
5096,1745932233.7721603,185.75501441955566
5097,1745932233.9677055,184.82708930969238
5098,1745932234.1647456,186.25164031982422
5099,1745932234.359978,184.19241905212402
5100,1745932234.5647345,193.6814785003662
5101,1745932234.7629166,186.8152618408203
5102,1745932234.9578965,183.9282512664795
5103,1745932235.152334,184.01169776916504
5104,1745932235.350759,186.38944625854492
5105,1745932235.54869,187.55578994750977
5106,1745932235.743923,184.35215950012207
5107,1745932235.9417815,186.77115440368652
5108,1745932236.1394186,187.03675270080566
5109,1745932236.3335743,183.1345558166504
5110,1745932236.734355,389.6980285644531
5111,1745932236.9323733,187.50548362731934
5112,1745932237.1276326,183.7484836578369
5113,1745932237.3204865,182.43169784545898
5114,1745932237.5169902,185.44411659240723
5115,1745932237.7103262,182.83581733703613
5116,1745932237.906401,184.6764087677002
5117,1745932238.1093454,191.91575050354004
5118,1745932238.3039498,184.08560752868652
5119,1745932238.500086,185.14037132263184
5120,1745932238.6964924,185.69087982177734
5121,1745932238.8928509,185.80365180969238
5122,1745932239.0908804,187.08205223083496
5123,1745932239.2863739,184.7827434539795
5124,1745932239.4824421,185.4870319366455
5125,1745932239.6769073,184.3714714050293
5126,1745932239.8722632,184.31711196899414
5127,1745932240.0678399,184.25703048706055
5128,1745932240.263808,184.8886013031006
5129,1745932240.4596395,184.24296379089355
5130,1745932240.6568382,187.1323585510254
5131,1745932240.8521147,184.2215061187744
5132,1745932241.0480547,184.8921775817871
5133,1745932241.2439346,185.347318649292
5134,1745932241.4412425,185.8212947845459
5135,1745932241.6392202,185.63199043273926
5136,1745932241.8356526,186.28978729248047
5137,1745932242.0303092,183.274507522583
5138,1745932242.2269907,185.64724922180176
5139,1745932242.4221232,184.1118335723877
5140,1745932242.6170554,183.4123134613037
5141,1745932242.8136182,185.05191802978516
5142,1745932243.0098226,185.66465377807617
5143,1745932243.2057137,185.54306030273438
5144,1745932243.4008036,184.10062789916992
5145,1745932243.5966878,184.5858097076416
5146,1745932243.7923398,185.14251708984375
5147,1745932243.988174,184.31615829467773
5148,1745932244.1854792,186.27476692199707
5149,1745932244.3820016,186.00702285766602
5150,1745932244.5770772,184.5541000366211
5151,1745932244.7703912,182.3718547821045
5152,1745932244.9681187,186.11669540405273
5153,1745932245.1654665,186.2790584564209
5154,1745932245.3608732,184.23056602478027
5155,1745932245.5572867,186.18202209472656
5156,1745932245.7517211,183.42304229736328
5157,1745932245.9487233,186.33270263671875
5158,1745932246.1442442,184.24701690673828
5159,1745932246.3396137,184.33165550231934
5160,1745932246.5365796,186.10858917236328
5161,1745932246.7337434,186.0644817352295
5162,1745932246.9301167,185.9452724456787
5163,1745932247.1249516,184.31520462036133
5164,1745932247.3209305,185.44554710388184
5165,1745932247.5180073,186.04516983032227
5166,1745932247.7139876,185.46676635742188
5167,1745932247.9104028,186.13243103027344
5168,1745932248.1052148,184.29994583129883
5169,1745932248.3024566,186.20562553405762
5170,1745932248.4960885,183.11262130737305
5171,1745932248.6898394,183.2268238067627
5172,1745932248.8870878,186.21087074279785
5173,1745932249.081555,183.5954189300537
5174,1745932249.2777119,185.10723114013672
5175,1745932249.4816713,193.53413581848145
5176,1745932249.6765847,184.40556526184082
5177,1745932249.873577,186.28835678100586
5178,1745932250.0704613,186.36751174926758
5179,1745932250.2678556,185.8234405517578
5180,1745932250.462407,183.81142616271973
5181,1745932250.6587524,185.73355674743652
5182,1745932250.8539083,184.12542343139648
5183,1745932251.0500622,185.20164489746094
5184,1745932251.2436762,183.07232856750488
5185,1745932251.4385188,182.8176975250244
5186,1745932251.6324759,183.69603157043457
5187,1745932251.8267171,182.7716827392578
5188,1745932252.0208566,183.39204788208008
5189,1745932252.2167845,185.4245662689209
5190,1745932252.4111907,183.7015151977539
5191,1745932252.6058629,183.74252319335938
5192,1745932252.8036659,186.5243911743164
5193,1745932252.9998262,185.56523323059082
5194,1745932253.1956334,185.288667678833
5195,1745932253.3931246,186.35058403015137
5196,1745932253.5890806,185.20879745483398
5197,1745932253.7877314,187.608003616333
5198,1745932253.9848106,185.92357635498047
5199,1745932254.1887126,192.2132968902588
5200,1745932254.3847795,185.06383895874023
5201,1745932254.5828955,187.23368644714355
5202,1745932254.7788033,184.86881256103516
5203,1745932254.9748352,184.99159812927246
5204,1745932255.1709259,185.55378913879395
5205,1745932255.366464,184.25774574279785
5206,1745932255.5619388,184.4470500946045
5207,1745932255.7585764,185.09221076965332
5208,1745932255.9539347,184.6930980682373
5209,1745932256.1517458,187.5922679901123
5210,1745932256.3468106,184.2825412750244
5211,1745932256.5443184,186.13409996032715
5212,1745932256.7379599,183.12430381774902
5213,1745932256.9351017,186.09952926635742
5214,1745932257.1312141,185.58478355407715
5215,1745932257.3274357,185.67705154418945
5216,1745932257.523614,185.08005142211914
5217,1745932257.7210426,186.37514114379883
5218,1745932257.9162602,185.01567840576172
5219,1745932258.113813,184.647798538208
5220,1745932258.3114662,187.12115287780762
5221,1745932258.510573,187.59727478027344
5222,1745932258.7059143,184.96465682983398
5223,1745932258.9046454,187.7598762512207
5224,1745932259.101994,186.05399131774902
5225,1745932259.298103,184.93223190307617
5226,1745932259.4943302,185.64939498901367
5227,1745932259.6971319,191.7572021484375
5228,1745932259.8928506,184.81087684631348
5229,1745932260.0905766,186.7659091949463
5230,1745932260.2874558,186.17749214172363
5231,1745932260.4827,184.58223342895508
5232,1745932260.6775408,184.2484474182129
5233,1745932260.8762705,187.71123886108398
5234,1745932261.0701764,183.5196018218994
5235,1745932261.266338,185.41622161865234
5236,1745932261.4601738,183.3040714263916
5237,1745932261.6568089,185.47630310058594
5238,1745932261.8527868,184.97753143310547
5239,1745932262.050428,186.6304874420166
5240,1745932262.246482,185.00804901123047
5241,1745932262.4422603,184.71837043762207
5242,1745932262.6396513,186.8581771850586
5243,1745932262.8362782,184.5996379852295
5244,1745932263.033019,186.4147186279297
5245,1745932263.2281628,184.5846176147461
5246,1745932263.422318,183.1192970275879
5247,1745932263.617101,183.26568603515625
5248,1745932263.8110814,182.9380989074707
5249,1745932264.0056086,182.48939514160156
5250,1745932264.1996608,183.9597225189209
5251,1745932264.3926263,182.42740631103516
5252,1745932264.595108,191.46394729614258
5253,1745932264.7906196,185.0147247314453
5254,1745932264.98464,182.94501304626465
5255,1745932265.1798866,184.35096740722656
5256,1745932265.3742537,183.3488941192627
5257,1745932265.5686502,183.48193168640137
5258,1745932265.762212,183.32219123840332
5259,1745932265.9564817,183.2284927368164
5260,1745932266.1494534,182.49273300170898
5261,1745932266.3444648,184.32950973510742
5262,1745932266.539117,183.61282348632812
5263,1745932266.7322557,182.1911334991455
5264,1745932266.9276628,184.07750129699707
5265,1745932267.122566,184.39126014709473
5266,1745932267.3195271,185.27674674987793
5267,1745932267.5136735,183.579683303833
5268,1745932267.7100875,185.288667678833
5269,1745932267.9038801,182.91687965393066
5270,1745932268.1017256,187.32452392578125
5271,1745932268.297743,185.48274040222168
5272,1745932268.4947708,186.54108047485352
5273,1745932268.6890028,183.6531162261963
5274,1745932268.883997,184.36217308044434
5275,1745932269.0805497,185.29629707336426
5276,1745932269.2788968,187.64162063598633
5277,1745932269.4721746,182.41286277770996
5278,1745932269.6668494,183.62879753112793
5279,1745932269.863027,184.92364883422852
5280,1745932270.0570526,182.83843994140625
5281,1745932270.250537,182.4357509613037
5282,1745932270.4479585,186.3853931427002
5283,1745932270.6422606,183.29715728759766
5284,1745932270.835804,182.49201774597168
5285,1745932271.0304608,183.43520164489746
5286,1745932271.2261236,184.7097873687744
5287,1745932271.4204733,183.29453468322754
5288,1745932271.6151028,183.09402465820312
5289,1745932271.8093815,183.85767936706543
5290,1745932272.0036533,183.23111534118652
5291,1745932272.1975784,183.31170082092285
5292,1745932272.3937156,184.92889404296875
5293,1745932272.5867498,182.52134323120117
5294,1745932272.7806602,183.26783180236816
5295,1745932272.9798017,188.61651420593262
5296,1745932273.1744587,183.90274047851562
5297,1745932273.369417,184.59534645080566
5298,1745932273.5645444,183.87365341186523
5299,1745932273.7600744,184.4942569732666
5300,1745932273.9553406,184.66973304748535
5301,1745932274.151406,185.5149269104004
5302,1745932274.348999,186.09070777893066
5303,1745932274.546247,186.22660636901855
5304,1745932274.7437072,186.7239475250244
5305,1745932274.939025,184.73076820373535
5306,1745932275.136046,186.19084358215332
5307,1745932275.3300242,183.30788612365723
5308,1745932275.5255454,183.9902400970459
5309,1745932276.5490975,nan
5310,1745932276.7462084,186.74945831298828
5311,1745932276.9396775,182.95598030090332
5312,1745932277.1327186,182.51276016235352
5313,1745932277.327135,183.3178997039795
5314,1745932277.5206861,182.48224258422852
5315,1745932277.7158027,184.4327449798584
5316,1745932277.910066,183.68101119995117
5317,1745932278.1058564,184.7224235534668
5318,1745932278.3004053,183.33697319030762
5319,1745932278.4947722,183.3484172821045
5320,1745932278.688011,182.4796199798584
5321,1745932278.8841858,185.12558937072754
5322,1745932279.0785637,183.84408950805664
5323,1745932279.27194,182.85560607910156
5324,1745932279.4666584,183.6707592010498
5325,1745932279.668988,191.25032424926758
5326,1745932279.8638725,183.84742736816406
5327,1745932280.059305,183.91013145446777
5328,1745932280.2549858,184.64255332946777
5329,1745932280.4483817,182.41143226623535
5330,1745932280.6428618,183.2585334777832
5331,1745932280.836932,183.04681777954102
5332,1745932281.032171,184.36503410339355
5333,1745932281.2280064,184.27371978759766
5334,1745932281.422454,183.10046195983887
5335,1745932282.43723,nan
5336,1745932282.6314824,183.64906311035156
5337,1745932282.826749,184.4484806060791
5338,1745932283.0224752,184.51809883117676
5339,1745932283.215968,182.4498176574707
5340,1745932283.4109168,184.4031810760498
5341,1745932283.6051,183.68172645568848
5342,1745932283.800383,184.24272537231445
5343,1745932283.9966543,185.81223487854004
5344,1745932284.190533,183.20178985595703
5345,1745932284.38535,183.72106552124023
5346,1745932284.5784929,182.25765228271484
5347,1745932284.7751954,185.6539249420166
5348,1745932284.968052,182.32345581054688
5349,1745932285.163936,184.5872402191162
5350,1745932285.3579562,183.32314491271973
5351,1745932285.5519488,182.7847957611084
5352,1745932285.751295,188.3871555328369
5353,1745932285.946662,184.72051620483398
5354,1745932286.1407998,183.2597255706787
5355,1745932286.3379755,186.2344741821289
5356,1745932286.5327208,184.10325050354004
5357,1745932286.7278001,184.10634994506836
5358,1745932286.9226754,183.6092472076416
5359,1745932287.1176486,184.18073654174805
5360,1745932287.311201,182.8441619873047
5361,1745932287.507971,185.73975563049316
5362,1745932287.703817,185.32371520996094
5363,1745932287.897777,183.43234062194824
5364,1745932288.09149,183.00724029541016
5365,1745932288.2859876,183.98332595825195
5366,1745932288.4813435,183.46452713012695
5367,1745932288.6744103,182.53326416015625
5368,1745932288.8684173,182.90042877197266
5369,1745932289.0636547,184.16547775268555
5370,1745932289.2596846,184.97562408447266
5371,1745932289.4547644,184.57746505737305
5372,1745932289.6486075,183.40182304382324
5373,1745932289.8429897,183.1207275390625
5374,1745932290.0380375,184.45777893066406
5375,1745932290.231792,183.18438529968262
5376,1745932290.4257088,182.3098659515381
5377,1745932290.6205845,183.7935447692871
5378,1745932290.8148377,183.65168571472168
5379,1745932291.0089536,183.1049919128418
5380,1745932291.2030272,183.0587387084961
5381,1745932291.398604,184.3400001525879
5382,1745932291.5939083,184.51786041259766
5383,1745932291.7889936,184.56387519836426
5384,1745932291.9863634,185.9593391418457
5385,1745932292.1816819,184.59439277648926
5386,1745932292.38102,188.31276893615723
5387,1745932292.575842,184.23938751220703
5388,1745932292.77266,185.7755184173584
5389,1745932292.9678879,184.64112281799316
5390,1745932293.163835,184.9055290222168
5391,1745932293.3614874,186.87033653259277
5392,1745932293.5601554,188.0471706390381
5393,1745932293.7546072,184.23962593078613
5394,1745932293.9548695,189.2399787902832
5395,1745932294.1514707,185.7738494873047
5396,1745932294.34785,185.76312065124512
5397,1745932294.5514598,192.33226776123047
5398,1745932294.7460275,183.7010383605957
5399,1745932294.9399128,183.1061840057373
5400,1745932295.1363642,185.2271556854248
5401,1745932295.331872,184.5266819000244
5402,1745932295.5289097,185.89210510253906
5403,1745932295.7258825,185.95647811889648
5404,1745932295.921007,184.2789649963379
5405,1745932296.1171398,185.29152870178223
5406,1745932296.3124664,184.80277061462402
5407,1745932296.508222,184.92698669433594
5408,1745932296.703859,184.5569610595703
5409,1745932296.898613,183.51316452026367
5410,1745932297.9113677,nan
5411,1745932298.106695,184.7233772277832
5412,1745932298.3037,186.32173538208008
5413,1745932298.4978986,183.6235523223877
5414,1745932298.6940777,185.15491485595703
5415,1745932298.8907855,186.1889362335205
5416,1745932299.087197,185.63604354858398
5417,1745932299.2835448,185.82987785339355
5418,1745932299.4800057,186.14816665649414
5419,1745932299.67687,186.34414672851562
5420,1745932299.8735306,186.13910675048828
5421,1745932300.067913,183.78877639770508
5422,1745932300.26572,186.3870620727539
5423,1745932300.460646,184.4038963317871
5424,1745932300.656745,184.91888046264648
5425,1745932300.8537254,186.14530563354492
5426,1745932301.0486517,184.31711196899414
5427,1745932301.2450137,184.77535247802734
5428,1745932301.4411051,185.33015251159668
5429,1745932301.6360316,183.90130996704102
5430,1745932301.8312862,184.8607063293457
5431,1745932302.025959,183.4127902984619
5432,1745932302.2218623,184.68832969665527
5433,1745932302.4177725,184.6902370452881
5434,1745932302.611714,183.0456256866455
5435,1745932302.8087404,185.77337265014648
5436,1745932303.0050757,185.35280227661133
5437,1745932303.2023818,187.06178665161133
5438,1745932303.3973653,184.33809280395508
5439,1745932303.5935159,185.06193161010742
5440,1745932303.7878234,183.70866775512695
5441,1745932303.9820213,183.6996078491211
5442,1745932304.1801467,186.60354614257812
5443,1745932304.3774362,186.187744140625
5444,1745932304.5740387,186.02800369262695
5445,1745932304.769779,185.25457382202148
5446,1745932304.9662235,185.49799919128418
5447,1745932305.1619637,184.72623825073242
5448,1745932305.3558302,183.74085426330566
5449,1745932305.5518742,184.30662155151367
5450,1745932305.7490656,186.11812591552734
5451,1745932305.945196,185.5630874633789
5452,1745932306.1439006,187.66117095947266
5453,1745932306.3403697,185.84275245666504
5454,1745932306.5366178,185.11343002319336
5455,1745932306.733646,186.0203742980957
5456,1745932306.930757,186.58113479614258
5457,1745932307.1275475,185.53853034973145
5458,1745932307.323759,185.70256233215332
5459,1745932307.5201674,185.22334098815918
5460,1745932308.5461884,nan
5461,1745932308.7436666,186.95783615112305
5462,1745932308.9391437,184.95440483093262
5463,1745932309.1360607,186.65003776550293
5464,1745932309.3335094,187.04581260681152
5465,1745932309.5365646,192.43812561035156
5466,1745932309.7337985,186.1248016357422
5467,1745932309.9303966,185.33039093017578
5468,1745932310.124831,183.3493709564209
5469,1745932310.3240378,188.3552074432373
5470,1745932310.519767,185.2102279663086
5471,1745932310.7151494,184.86356735229492
5472,1745932310.9113395,185.61744689941406
5473,1745932311.1060889,183.7310791015625
5474,1745932311.2998898,183.23659896850586
5475,1745932311.4972918,186.16390228271484
5476,1745932311.6919897,183.43877792358398
5477,1745932311.8945477,191.45631790161133
5478,1745932312.0881689,182.94596672058105
5479,1745932312.282902,184.25917625427246
5480,1745932312.4773974,183.52794647216797
5481,1745932312.676783,188.7056827545166
5482,1745932312.8758953,188.01236152648926
5483,1745932313.0729475,185.98079681396484
5484,1745932313.2689471,185.46605110168457
5485,1745932313.46482,185.35280227661133
5486,1745932313.6603584,184.49759483337402
5487,1745932313.857005,186.02371215820312
5488,1745932314.053613,185.94121932983398
5489,1745932314.24773,183.47573280334473
5490,1745932314.4420733,183.91060829162598
5491,1745932314.6375277,183.4127902984619
5492,1745932314.832133,183.57396125793457
5493,1745932315.0276265,183.9618682861328
5494,1745932315.2213638,182.7237606048584
5495,1745932315.4153984,183.2866668701172
5496,1745932315.6095722,183.5153102874756
5497,1745932315.8069837,186.3877773284912
5498,1745932316.0017455,184.0229034423828
5499,1745932316.1950846,182.80577659606934
5500,1745932316.3899689,183.79902839660645
5501,1745932316.584449,183.943510055542
5502,1745932316.7780397,183.06231498718262
5503,1745932316.9723074,183.0906867980957
5504,1745932317.1714034,187.98303604125977
5505,1745932317.3660028,183.43257904052734
5506,1745932317.5613446,184.62038040161133
5507,1745932317.758591,186.3536834716797
5508,1745932317.9535766,184.47637557983398
5509,1745932318.1506157,186.051607131958
5510,1745932318.3478816,186.7203712463379
5511,1745932318.5467637,187.14618682861328
5512,1745932318.7421455,184.8440170288086
5513,1745932318.939629,185.97126007080078
5514,1745932319.1347766,184.36670303344727
5515,1745932319.3298395,184.4801902770996
5516,1745932319.525546,184.5383644104004
5517,1745932319.7283363,191.76387786865234
5518,1745932319.924698,185.05573272705078
5519,1745932320.120598,185.0109100341797
5520,1745932320.3167415,184.83304977416992
5521,1745932320.5109532,183.67648124694824
5522,1745932320.7049837,183.2876205444336
5523,1745932320.9010386,185.0416660308838
5524,1745932321.0948374,182.46793746948242
5525,1745932321.2890317,183.18772315979004
5526,1745932321.4829779,182.91449546813965
5527,1745932321.6765788,182.36708641052246
5528,1745932321.8700383,182.27434158325195
5529,1745932322.063749,182.58166313171387
5530,1745932322.2585702,184.1282844543457
5531,1745932322.451905,182.69658088684082
5532,1745932322.6493502,186.51270866394043
5533,1745932322.8438628,183.36868286132812
5534,1745932323.0369103,182.51395225524902
5535,1745932323.230798,182.78837203979492
5536,1745932323.424339,182.87110328674316
5537,1745932323.6196098,184.19146537780762
5538,1745932323.8138928,183.34650993347168
5539,1745932324.00782,183.38990211486816
5540,1745932324.2005517,182.47175216674805
5541,1745932324.3953123,183.53700637817383
5542,1745932324.5965633,190.6282901763916
5543,1745932324.791936,184.87238883972168
5544,1745932324.9878905,185.3315830230713
5545,1745932325.1821938,183.59661102294922
5546,1745932325.3755834,182.86633491516113
5547,1745932325.5714064,185.69517135620117
5548,1745932325.7655568,183.455228805542
5549,1745932325.9592829,183.03322792053223
5550,1745932326.1535537,183.6533546447754
5551,1745932326.3479037,184.14688110351562
5552,1745932326.541354,182.8904151916504
5553,1745932326.7358923,183.5041046142578
5554,1745932326.930039,183.44831466674805
5555,1745932327.12468,183.60352516174316
5556,1745932327.3190215,183.72082710266113
5557,1745932327.513653,183.610200881958
5558,1745932327.71279,188.02595138549805
5559,1745932327.907104,183.7172508239746
5560,1745932328.0998464,182.59406089782715
5561,1745932328.2938015,182.69014358520508
5562,1745932328.4876404,182.816743850708
5563,1745932328.6822078,183.5341453552246
5564,1745932328.8774323,184.5693588256836
5565,1745932329.0722182,184.0662956237793
5566,1745932329.2670743,183.13932418823242
5567,1745932329.4613237,183.56752395629883
5568,1745932329.654963,182.6016902923584
5569,1745932329.8503647,184.58175659179688
5570,1745932330.871226,nan
5571,1745932331.064944,183.20465087890625
5572,1745932331.2621815,186.63597106933594
5573,1745932331.4571748,183.0446720123291
5574,1745932331.6509295,183.03418159484863
5575,1745932331.8464308,184.91744995117188
5576,1745932332.040594,183.74061584472656
5577,1745932332.233803,182.61361122131348
5578,1745932332.4277964,183.45975875854492
5579,1745932332.622876,184.47542190551758
5580,1745932332.8162112,182.8293800354004
5581,1745932333.0107071,183.49957466125488
5582,1745932333.2051525,183.40086936950684
5583,1745932333.3989673,183.2735538482666
5584,1745932333.594502,184.68499183654785
5585,1745932333.788198,183.17532539367676
5586,1745932333.9845693,185.19997596740723
5587,1745932334.179793,184.2048168182373
5588,1745932334.3738773,183.5477352142334
5589,1745932334.5697799,185.17422676086426
5590,1745932334.7645545,184.07511711120605
5591,1745932334.9613476,185.76502799987793
5592,1745932335.1599665,187.21389770507812
5593,1745932335.3545322,184.2935085296631
5594,1745932335.549235,183.84528160095215
5595,1745932335.7439966,183.29167366027832
5596,1745932335.938366,183.26568603515625
5597,1745932336.1349037,185.166597366333
5598,1745932336.3297067,184.16929244995117
5599,1745932336.5369453,196.76828384399414
5600,1745932336.7321782,184.10539627075195
5601,1745932336.9278948,184.51905250549316
5602,1745932337.1221962,183.30740928649902
5603,1745932337.3171778,184.35192108154297
5604,1745932337.511748,183.4404468536377
5605,1745932337.7047255,182.27052688598633
5606,1745932338.717596,nan
5607,1745932338.912228,183.33673477172852
5608,1745932339.1057746,183.0122470855713
5609,1745932339.2994814,182.66558647155762
5610,1745932339.502105,192.17729568481445
5611,1745932340.5177546,nan
5612,1745932340.7119327,183.81261825561523
5613,1745932340.9071748,184.71932411193848
5614,1745932341.1005986,182.87897109985352
5615,1745932341.299816,188.1241798400879
5616,1745932341.4944723,183.58802795410156
5617,1745932341.6877983,182.12461471557617
5618,1745932341.882238,183.05420875549316
5619,1745932342.0769172,183.5017204284668
5620,1745932342.2706704,182.71422386169434
5621,1745932342.4649336,183.16245079040527
5622,1745932342.6618438,185.52422523498535
5623,1745932342.8589091,186.03134155273438
5624,1745932343.063722,193.7730312347412
5625,1745932343.2589934,184.25464630126953
5626,1745932343.455002,184.9982738494873
5627,1745932343.6480749,182.54733085632324
5628,1745932343.8417323,182.61003494262695
5629,1745932344.0350592,182.6303005218506
5630,1745932344.2308526,184.76629257202148
5631,1745932344.4266741,184.33570861816406
5632,1745932344.620302,183.1040382385254
5633,1745932344.815275,183.91847610473633
5634,1745932345.010511,184.21053886413574
5635,1745932345.206934,185.43410301208496
5636,1745932345.4015756,183.9754581451416
5637,1745932345.5968702,184.68475341796875
5638,1745932345.7917376,183.20250511169434
5639,1745932345.985743,183.87579917907715
5640,1745932346.1798694,183.61520767211914
5641,1745932346.3760238,185.0268840789795
5642,1745932346.5709229,183.59827995300293
5643,1745932346.764995,183.02583694458008
5644,1745932346.9596612,183.92014503479004
5645,1745932347.1556022,185.42170524597168
5646,1745932347.3498588,183.22372436523438
5647,1745932347.54445,183.54558944702148
5648,1745932347.7428894,187.93296813964844
5649,1745932347.9387565,185.3487491607666
5650,1745932348.1337485,183.86411666870117
5651,1745932348.3288252,184.01551246643066
5652,1745932348.5210736,181.71930313110352
5653,1745932348.7174428,185.32180786132812
5654,1745932348.9121027,184.1146945953369
5655,1745932349.10884,185.2121353149414
5656,1745932349.307689,187.74127960205078
5657,1745932349.5027146,184.16237831115723
5658,1745932349.6970055,183.08758735656738
5659,1745932349.891526,183.48193168640137
5660,1745932350.0859969,183.94017219543457
5661,1745932350.2799542,183.43567848205566
5662,1745932350.4737418,182.71112442016602
5663,1745932350.6675549,182.51323699951172
5664,1745932350.8641632,185.45770645141602
5665,1745932351.0577655,183.06589126586914
5666,1745932351.2516105,183.33721160888672
5667,1745932351.446563,183.9127540588379
5668,1745932351.6417816,184.44418907165527
5669,1745932351.8367908,183.9771270751953
5670,1745932352.0296195,181.9934844970703
5671,1745932352.22502,184.35239791870117
5672,1745932352.4205766,184.5254898071289
5673,1745932352.616109,184.8437786102295
5674,1745932352.8154626,188.83919715881348
5675,1745932353.0086973,182.71899223327637
5676,1745932353.206041,186.26976013183594
5677,1745932353.4012184,184.15212631225586
5678,1745932353.5965734,184.17978286743164
5679,1745932353.7901344,183.1974983215332
5680,1745932353.9840035,182.88207054138184
5681,1745932354.1781707,183.58945846557617
5682,1745932354.372378,183.70676040649414
5683,1745932354.5769277,193.86720657348633
5684,1745932354.7719386,184.46588516235352
5685,1745932354.9656022,183.14266204833984
5686,1745932355.1581976,182.023286819458
5687,1745932355.3535643,184.33332443237305
5688,1745932355.5479066,183.71295928955078
5689,1745932355.7428863,183.92181396484375
5690,1745932355.9370363,182.94453620910645
5691,1745932356.1320763,184.4017505645752
5692,1745932356.3261118,183.52031707763672
5693,1745932356.5206082,184.157133102417
5694,1745932356.713815,182.66749382019043
5695,1745932356.9088793,184.52811241149902
5696,1745932357.1048594,185.08315086364746
5697,1745932357.3009524,185.55355072021484
5698,1745932357.4945915,182.76357650756836
5699,1745932357.6888456,183.71272087097168
5700,1745932357.882842,183.44879150390625
5701,1745932358.0767014,183.2129955291748
5702,1745932358.2722769,184.9067211151123
5703,1745932358.4668992,183.60424041748047
5704,1745932358.6601639,182.54423141479492
5705,1745932358.8561847,184.83710289001465
5706,1745932359.0504358,183.23278427124023
5707,1745932359.2467477,185.38999557495117
5708,1745932359.440176,183.02035331726074
5709,1745932359.6336498,182.43098258972168
5710,1745932359.8283427,183.70604515075684
5711,1745932360.0224118,183.54272842407227
5712,1745932360.2165666,183.624267578125
5713,1745932360.4110446,183.44974517822266
5714,1745932360.6067417,184.77225303649902
5715,1745932360.8027468,184.60536003112793
5716,1745932360.9977858,184.9808692932129
5717,1745932361.1922812,183.98022651672363
5718,1745932361.3897867,186.79094314575195
5719,1745932361.5850332,184.71384048461914
5720,1745932361.7787683,183.5184097290039
5721,1745932361.9757292,186.35272979736328
5722,1745932362.1706588,184.29017066955566
5723,1745932362.365653,183.8967800140381
5724,1745932362.5606506,184.2026710510254
5725,1745932362.7580643,187.00671195983887
5726,1745932362.9546862,186.0964298248291
5727,1745932363.152099,187.09349632263184
5728,1745932363.3491344,186.2657070159912
5729,1745932363.5510745,191.41578674316406
5730,1745932363.746565,184.44085121154785
5731,1745932363.941999,184.93413925170898
5732,1745932364.139739,186.4297389984131
5733,1745932364.3369792,186.62500381469727
5734,1745932364.5338006,185.75620651245117
5735,1745932364.7295105,185.1811408996582
5736,1745932364.9268486,186.97547912597656
5737,1745932365.1252995,186.53488159179688
5738,1745932365.3210096,185.2703094482422
5739,1745932365.5173447,186.10048294067383
5740,1745932365.7136054,185.18662452697754
5741,1745932365.9095933,185.40310859680176
5742,1745932366.1077645,187.6392364501953
5743,1745932366.3050756,186.2180233001709
5744,1745932366.5012894,185.2729320526123
5745,1745932366.6986713,186.570405960083
5746,1745932366.8951948,186.37919425964355
5747,1745932367.092398,186.1419677734375
5748,1745932367.2887707,184.8587989807129
5749,1745932367.4854224,185.5785846710205
5750,1745932367.6818995,185.46104431152344
5751,1745932367.8835316,190.78898429870605
5752,1745932368.07878,184.68809127807617
5753,1745932368.2745984,185.30607223510742
5754,1745932368.4686482,183.42828750610352
5755,1745932368.6637793,184.02433395385742
5756,1745932368.8589537,184.02600288391113
5757,1745932369.0559936,185.80865859985352
5758,1745932369.2520337,185.46152114868164
5759,1745932369.448146,184.57889556884766
5760,1745932369.6508515,192.31152534484863
5761,1745932369.8488996,186.59520149230957
5762,1745932370.0436654,184.21554565429688
5763,1745932370.2402198,186.02275848388672
5764,1745932370.4369774,186.082124710083
5765,1745932370.6336133,185.50753593444824
5766,1745932370.8290033,185.19997596740723
5767,1745932371.0245419,184.58032608032227
5768,1745932371.2200634,184.33761596679688
5769,1745932371.41692,185.67299842834473
5770,1745932371.6123679,184.39364433288574
5771,1745932371.806947,183.5305690765381
5772,1745932372.0043964,186.32888793945312
5773,1745932372.1993885,184.46683883666992
5774,1745932372.3936558,183.20584297180176
5775,1745932372.5878987,183.5181713104248
5776,1745932372.7820518,182.79004096984863
5777,1745932372.9760666,182.49177932739258
5778,1745932373.169677,182.8000545501709
5779,1745932373.3647869,183.97116661071777
5780,1745932373.5573275,182.03043937683105
5781,1745932373.752218,183.70604515075684
5782,1745932373.9468765,183.62927436828613
5783,1745932374.1424274,184.2648983001709
5784,1745932374.3376818,183.72797966003418
5785,1745932374.531882,183.6857795715332
5786,1745932374.7253625,182.71660804748535
5787,1745932374.9216764,185.8043670654297
5788,1745932375.1156986,182.9993724822998
5789,1745932375.3085773,182.26909637451172
5790,1745932375.5050573,185.44912338256836
5791,1745932375.7021527,186.04564666748047
5792,1745932375.8965619,183.88748168945312
5793,1745932376.0917222,184.1416358947754
5794,1745932376.2896035,186.35153770446777
5795,1745932376.4870274,186.553955078125
5796,1745932376.68382,185.7304573059082
5797,1745932376.8814673,187.12544441223145
5798,1745932377.077138,184.29946899414062
5799,1745932377.2743013,186.80787086486816
5800,1745932377.474255,189.44549560546875
5801,1745932377.671694,186.54775619506836
5802,1745932377.8684902,186.58947944641113
5803,1745932378.064872,185.34493446350098
5804,1745932378.2617943,185.87255477905273
5805,1745932378.4567063,184.40580368041992
5806,1745932378.6535218,185.77051162719727
5807,1745932378.8478005,183.59017372131348
5808,1745932379.0434542,184.61060523986816
5809,1745932379.2395413,184.09228324890137
5810,1745932379.4353788,185.1208209991455
5811,1745932379.6325974,186.52749061584473
5812,1745932379.8313837,187.74724006652832
5813,1745932380.0267973,184.70025062561035
5814,1745932380.2221498,184.83734130859375
5815,1745932380.4169943,184.31568145751953
5816,1745932380.6121721,184.2060089111328
5817,1745932380.8068595,183.6397647857666
5818,1745932381.0005367,183.10809135437012
5819,1745932381.1947873,183.4275722503662
5820,1745932381.386983,181.67734146118164
5821,1745932381.581634,183.46500396728516
5822,1745932381.7770035,184.80348587036133
5823,1745932381.971055,183.5191249847412
5824,1745932382.1652703,183.8366985321045
5825,1745932382.3611863,183.88676643371582
5826,1745932382.5579507,186.25950813293457
5827,1745932382.7511742,182.2962760925293
5828,1745932382.9452503,183.027982711792
5829,1745932383.1401367,184.12375450134277
5830,1745932383.3350601,183.91036987304688
5831,1745932383.5291126,183.16340446472168
5832,1745932383.7224882,182.8603744506836
5833,1745932383.921524,187.71791458129883
5834,1745932384.115443,183.53652954101562
5835,1745932384.311949,185.9748363494873
5836,1745932384.5127242,190.18316268920898
5837,1745932384.706468,183.20035934448242
5838,1745932385.7254474,nan
5839,1745932385.9203842,184.28826332092285
5840,1745932386.114328,182.9202175140381
5841,1745932386.3071628,182.6627254486084
5842,1745932386.5015888,183.54105949401855
5843,1745932386.6966743,183.8538646697998
5844,1745932386.8910503,183.884859085083
5845,1745932387.0856721,183.98213386535645
5846,1745932387.2806134,184.02600288391113
5847,1745932387.4756885,184.1447353363037
5848,1745932387.6757617,188.68279457092285
5849,1745932387.875797,189.38612937927246
5850,1745932388.0715134,185.21451950073242
5851,1745932388.2699585,188.2174015045166
5852,1745932388.4657907,184.79108810424805
5853,1745932388.6617577,184.9963665008545
5854,1745932388.8585172,186.16509437561035
5855,1745932389.0538986,184.83805656433105
5856,1745932389.2496421,185.15777587890625
5857,1745932389.4443076,184.16810035705566
5858,1745932389.6421318,187.24727630615234
5859,1745932389.8403916,186.82599067687988
5860,1745932390.0366516,185.5771541595459
5861,1745932390.2335534,186.45048141479492
5862,1745932390.430849,186.18226051330566
5863,1745932390.6265333,184.403657913208
5864,1745932391.6467392,nan
5865,1745932391.841838,184.22508239746094
5866,1745932392.0380518,185.47797203063965
5867,1745932392.233564,184.9997043609619
5868,1745932392.4296007,185.50920486450195
5869,1745932392.623467,183.22396278381348
5870,1745932392.8163497,182.34825134277344
5871,1745932393.0211806,193.30167770385742
5872,1745932393.2262018,194.34356689453125
5873,1745932393.422554,185.3158473968506
5874,1745932393.616178,183.46714973449707
5875,1745932393.8111372,184.02934074401855
5876,1745932394.0053113,183.1068992614746
5877,1745932394.1998332,183.47978591918945
5878,1745932394.395064,183.77351760864258
5879,1745932394.589088,182.97910690307617
5880,1745932394.7835524,183.93611907958984
5881,1745932394.9791312,184.16213989257812
5882,1745932395.1745565,184.31973457336426
5883,1745932395.3706512,185.35256385803223
5884,1745932395.5651386,183.44354629516602
5885,1745932395.757586,182.16633796691895
5886,1745932396.7776296,nan
5887,1745932396.9737372,185.58335304260254
5888,1745932397.167602,182.76739120483398
5889,1745932397.3619423,184.00096893310547
5890,1745932397.5594866,185.99438667297363
5891,1745932397.7619722,191.10798835754395
5892,1745932397.956907,183.14790725708008
5893,1745932398.1506824,182.65748023986816
5894,1745932398.3437748,182.53827095031738
5895,1745932398.5427933,188.02165985107422
5896,1745932398.736419,183.10809135437012
5897,1745932398.9303474,182.88183212280273
5898,1745932399.1246634,183.78210067749023
5899,1745932399.3201656,184.28683280944824
5900,1745932399.5137584,183.14409255981445
5901,1745932400.5258381,nan
5902,1745932400.7241971,187.53886222839355
5903,1745932400.9183383,183.61711502075195
5904,1745932401.111515,182.66630172729492
5905,1745932401.3053818,182.8312873840332
5906,1745932401.5009398,184.52119827270508
5907,1745932401.6962247,184.76104736328125
5908,1745932401.8907886,183.3338737487793
5909,1745932402.0840113,182.40737915039062
5910,1745932402.280924,185.84370613098145
5911,1745932402.4760766,184.47351455688477
5912,1745932402.6724687,185.6534481048584
5913,1745932402.8662515,183.150053024292
5914,1745932403.0608475,183.54058265686035
5915,1745932403.254651,183.35771560668945
5916,1745932403.4500403,184.7691535949707
5917,1745932403.6440117,182.84177780151367
5918,1745932403.83979,185.58263778686523
5919,1745932404.0473695,196.92230224609375
5920,1745932404.2428741,184.6480369567871
5921,1745932404.4410703,187.15572357177734
5922,1745932404.6408582,188.68589401245117
5923,1745932404.8352664,183.79712104797363
5924,1745932405.0301712,183.99620056152344
5925,1745932405.2233078,182.45840072631836
5926,1745932405.418591,183.98666381835938
5927,1745932405.6138258,184.18216705322266
5928,1745932405.808476,183.90989303588867
5929,1745932406.0021374,182.65342712402344
5930,1745932406.1984847,185.30011177062988
5931,1745932406.392082,182.83724784851074
5932,1745932406.58954,185.9278678894043
5933,1745932406.786997,186.85173988342285
5934,1745932406.9847667,187.14547157287598
5935,1745932407.1793306,184.10062789916992
5936,1745932407.3759239,185.0450038909912
5937,1745932407.573511,187.03269958496094
5938,1745932407.7717202,187.6988410949707
5939,1745932407.968266,185.52637100219727
5940,1745932408.1662374,186.69438362121582
5941,1745932408.3636491,186.66410446166992
5942,1745932408.5595858,185.38188934326172
5943,1745932408.755502,184.66901779174805
5944,1745932408.9507623,184.5993995666504
5945,1745932409.1477444,185.744047164917
5946,1745932409.346127,187.87145614624023
5947,1745932409.541533,184.3550205230713
5948,1745932409.7378507,185.40549278259277
5949,1745932409.9336722,185.16778945922852
5950,1745932410.1313066,186.51413917541504
5951,1745932410.3297334,187.88981437683105
5952,1745932410.526559,186.47384643554688
5953,1745932410.7213202,184.27252769470215
5954,1745932410.9180336,186.23876571655273
5955,1745932411.112534,183.9752197265625
5956,1745932411.3076375,184.08465385437012
5957,1745932411.504574,185.80865859985352
5958,1745932411.6994882,184.39316749572754
5959,1745932411.8967617,186.3119602203369
5960,1745932412.0928223,185.01758575439453
5961,1745932412.2910678,187.23154067993164
5962,1745932412.485635,183.96639823913574
5963,1745932412.684765,188.25340270996094
5964,1745932412.882374,186.56134605407715
5965,1745932413.0789998,185.03665924072266
5966,1745932413.275715,186.20562553405762
5967,1745932413.4720151,185.78505516052246
5968,1745932413.666831,183.28404426574707
5969,1745932413.860425,182.07287788391113
5970,1745932414.055566,184.95583534240723
5971,1745932414.250006,183.8855743408203
5972,1745932414.4451828,184.6609115600586
5973,1745932414.6469269,191.2996768951416
5974,1745932414.841916,183.95113945007324
5975,1745932415.035631,182.9977035522461
5976,1745932415.2299893,183.27856063842773
5977,1745932415.425862,185.18471717834473
5978,1745932415.6210246,184.13233757019043
5979,1745932415.8157291,183.6562156677246
5980,1745932416.0090368,183.1965446472168
5981,1745932416.2040658,184.61370468139648
5982,1745932416.398699,183.5319995880127
5983,1745932416.5973947,187.38865852355957
5984,1745932416.7918417,183.40468406677246
5985,1745932416.986653,183.7441921234131
5986,1745932417.1811852,183.99953842163086
5987,1745932417.375588,183.52866172790527
5988,1745932417.5696669,182.86943435668945
5989,1745932417.765946,185.07957458496094
5990,1745932417.9601212,183.6552619934082
5991,1745932418.1554613,184.32164192199707
5992,1745932418.3501358,184.1435432434082
5993,1745932418.5455837,184.36717987060547
5994,1745932418.7401865,184.07416343688965
5995,1745932418.9353886,184.16404724121094
5996,1745932419.1301398,184.0951442718506
5997,1745932419.3247893,183.99715423583984
5998,1745932419.5222373,186.43879890441895
5999,1745932419.7177203,184.00025367736816
6000,1745932419.9138863,185.52422523498535
