1,1745909820.5962021,191.3447380065918
2,1745909820.831118,233.96897315979004
3,1745909821.0357985,203.68432998657227
4,1745909821.2422702,206.47168159484863
5,1745909821.4322646,188.9965534210205
6,1745909821.617989,184.68165397644043
7,1745909821.81672,197.22414016723633
8,1745909822.0079145,191.1945343017578
9,1745909822.202512,194.5974826812744
10,1745909822.4136372,211.12513542175293
11,1745909822.6842036,269.56677436828613
12,1745909822.999937,314.730167388916
13,1745909823.212331,211.38834953308105
14,1745909823.4251769,212.8458023071289
15,1745909823.7223396,296.16713523864746
16,1745909823.9415703,218.71280670166016
17,1745909824.1677294,226.15909576416016
18,1745909824.3647094,195.47224044799805
19,1745909824.606642,240.97824096679688
20,1745909824.808523,201.88093185424805
21,1745909825.0043578,195.83487510681152
22,1745909825.2485824,243.2713508605957
23,1745909825.460622,211.05122566223145
24,1745909825.6589932,197.36051559448242
25,1745909825.966638,307.0721626281738
26,1745909826.1527886,186.15055084228516
27,1745909826.341118,187.32452392578125
28,1745909826.552398,211.27986907958984
29,1745909826.7661083,213.71030807495117
30,1745909827.1457458,378.73125076293945
31,1745909827.3577578,211.0922336578369
32,1745909827.5565045,198.7466812133789
33,1745909827.7494555,192.95096397399902
34,1745909828.02949,279.5224189758301
35,1745909828.2546682,224.57504272460938
36,1745909828.5179398,263.2715702056885
37,1745909828.7268205,208.88066291809082
38,1745909828.9526918,225.87132453918457
39,1745909829.2476227,294.93093490600586
40,1745909829.5444508,296.828031539917
41,1745909829.7346225,190.1717185974121
42,1745909829.92045,185.82749366760254
43,1745909830.1211336,200.68359375
44,1745909830.3072076,186.07401847839355
45,1745909830.496747,188.53402137756348
46,1745909830.6861885,189.44144248962402
47,1745909830.87715,190.9615993499756
48,1745909831.0640879,186.93780899047852
49,1745909831.2516997,187.61181831359863
50,1745909831.4932125,241.51277542114258
51,1745909831.8042476,311.03515625
52,1745909831.9917283,186.4910125732422
53,1745909832.1802273,187.3924732208252
54,1745909832.3677795,186.55014038085938
55,1745909832.5567813,189.00179862976074
56,1745909832.745373,188.59171867370605
57,1745909832.932401,185.96601486206055
58,1745909833.1192863,186.88535690307617
59,1745909833.3063688,187.08252906799316
60,1745909833.5470738,239.7935390472412
61,1745909833.8325381,284.46507453918457
62,1745909834.0212023,188.66419792175293
63,1745909834.2087822,186.6436004638672
64,1745909834.400945,192.16275215148926
65,1745909834.5976567,196.71177864074707
66,1745909834.787784,190.12737274169922
67,1745909835.0760407,286.74912452697754
68,1745909835.2628486,186.80787086486816
69,1745909835.4528415,189.99290466308594
70,1745909835.698535,244.71545219421387
71,1745909835.9959254,297.3904609680176
72,1745909836.183669,186.73324584960938
73,1745909836.3713646,186.61761283874512
74,1745909836.5610058,189.64123725891113
75,1745909836.746142,185.136079788208
76,1745909836.9345038,187.4091625213623
77,1745909837.2147024,280.1985740661621
78,1745909837.4046943,189.99195098876953
79,1745909837.6017025,197.0081329345703
80,1745909837.8334725,231.77003860473633
81,1745909838.0212905,187.81805038452148
82,1745909838.209811,188.5204315185547
83,1745909838.3966873,186.8762969970703
84,1745909838.5824227,185.73546409606934
85,1745909838.863718,281.2952995300293
86,1745909839.0558612,191.08939170837402
87,1745909839.2482786,192.41738319396973
88,1745909839.4368029,187.4704360961914
89,1745909839.6258657,188.13061714172363
90,1745909839.8126025,185.74166297912598
91,1745909840.0814548,268.85223388671875
92,1745909840.269195,186.68889999389648
93,1745909840.4549396,185.23001670837402
94,1745909840.6426926,187.75296211242676
95,1745909840.8297288,186.14912033081055
96,1745909841.0165882,185.8539581298828
97,1745909841.2032204,186.6321563720703
98,1745909841.3924322,189.21184539794922
99,1745909841.5822556,188.82155418395996
100,1745909841.8332925,251.0368824005127
101,1745909842.0214355,187.0584487915039
102,1745909842.2107527,188.32826614379883
103,1745909842.3969588,186.20610237121582
104,1745909842.5895672,192.60835647583008
105,1745909842.7774718,186.47289276123047
106,1745909843.0498943,272.42255210876465
107,1745909843.2362928,186.39850616455078
108,1745909843.4398386,202.67605781555176
109,1745909843.681102,241.26338958740234
110,1745909843.8717403,190.63830375671387
111,1745909844.0609176,189.1772747039795
112,1745909844.2525156,189.55373764038086
113,1745909844.4407535,188.23790550231934
114,1745909844.628328,186.5825653076172
115,1745909844.8175218,187.7274513244629
116,1745909845.0064356,187.9124641418457
117,1745909845.324217,316.7903423309326
118,1745909845.5119574,187.74032592773438
119,1745909845.6991518,187.1943473815918
120,1745909845.886299,187.1471405029297
121,1745909846.1331697,246.870756149292
122,1745909846.3246496,190.47975540161133
123,1745909846.5265667,199.91445541381836
124,1745909846.865896,339.3292427062988
125,1745909847.0544176,188.5216236114502
126,1745909847.2429094,188.4918212890625
127,1745909847.4310734,188.16399574279785
128,1745909847.6198766,188.80319595336914
129,1745909847.865073,245.19634246826172
130,1745909848.1897833,324.7103691101074
131,1745909848.3915102,200.728178024292
132,1745909848.5975811,206.0708999633789
133,1745909848.7993417,200.24371147155762
134,1745909849.0043435,205.0018310546875
135,1745909849.316278,310.92119216918945
136,1745909849.5146327,198.35472106933594
137,1745909849.8068924,292.25969314575195
138,1745909849.9944587,187.56628036499023
139,1745909850.1855426,191.0839080810547
140,1745909850.3741374,188.59481811523438
141,1745909850.5644639,189.34988975524902
142,1745909850.8579812,293.5173511505127
143,1745909851.1540213,296.0400581359863
144,1745909851.3417065,187.6852512359619
145,1745909851.5312417,188.60602378845215
146,1745909851.7184448,186.19871139526367
147,1745909851.907819,188.4291172027588
148,1745909852.103623,195.80388069152832
149,1745909852.318362,214.7390842437744
150,1745909852.507918,189.55588340759277
151,1745909852.6941628,186.24496459960938
152,1745909852.887691,192.57831573486328
153,1745909853.074183,186.4919662475586
154,1745909853.3081143,232.99336433410645
155,1745909853.6013806,293.26629638671875
156,1745909853.7911758,189.79525566101074
157,1745909853.9805872,188.39693069458008
158,1745909854.1753185,194.7312355041504
159,1745909854.3628213,187.50286102294922
160,1745909854.5524058,189.58449363708496
161,1745909854.7394042,186.9983673095703
162,1745909854.9365697,196.15912437438965
163,1745909855.2622564,325.6866931915283
164,1745909855.4654372,201.72810554504395
165,1745909855.660226,193.556547164917
166,1745909855.9735699,312.34097480773926
167,1745909856.1608827,187.31284141540527
168,1745909856.3577478,196.86508178710938
169,1745909856.544961,187.21318244934082
170,1745909856.7347426,188.70282173156738
171,1745909856.9215655,186.82289123535156
172,1745909857.1117172,188.24505805969238
173,1745909857.3056242,193.9070224761963
174,1745909857.4956508,189.0265941619873
175,1745909857.806002,309.25798416137695
176,1745909858.0038636,196.9451904296875
177,1745909858.3213222,317.4586296081543
178,1745909858.5250163,202.68654823303223
179,1745909858.7147732,189.7568702697754
180,1745909858.91377,197.9849338531494
181,1745909859.9181201,nan
182,1745909860.106695,187.70265579223633
183,1745909860.2947326,188.03763389587402
184,1745909860.4814942,185.75811386108398
185,1745909860.7913816,308.87913703918457
186,1745909860.9802806,188.89904022216797
187,1745909861.169756,188.46678733825684
188,1745909861.358424,188.66801261901855
189,1745909861.5927453,233.31713676452637
190,1745909861.7781897,185.44435501098633
191,1745909861.9657278,187.53814697265625
192,1745909862.1515121,185.78433990478516
193,1745909862.3366692,185.15706062316895
194,1745909862.5226264,184.9520206451416
195,1745909862.7078571,185.23073196411133
196,1745909862.8942118,186.3546371459961
197,1745909863.0824027,187.19172477722168
198,1745909863.266499,184.0963363647461
199,1745909863.5445075,277.0090103149414
200,1745909863.7316504,186.22708320617676
201,1745909863.917664,186.01369857788086
202,1745909864.1058564,186.67006492614746
203,1745909864.3555505,248.7802505493164
204,1745909864.5553482,199.7976303100586
205,1745909864.7427702,187.4220371246338
206,1745909864.9312625,188.4922981262207
207,1745909865.1194432,188.18068504333496
208,1745909865.383929,264.48583602905273
209,1745909865.5721393,187.2103214263916
210,1745909865.7584858,186.34653091430664
211,1745909865.9944801,235.9943389892578
212,1745909866.1809065,186.42640113830566
213,1745909866.3711958,190.28925895690918
214,1745909866.5577543,185.57047843933105
215,1745909866.7443817,186.62738800048828
216,1745909867.0234606,278.0036926269531
217,1745909867.2177274,194.26679611206055
218,1745909867.4045258,186.7983341217041
219,1745909867.593038,187.52408027648926
220,1745909867.859125,266.0868167877197
221,1745909868.1433554,284.23047065734863
222,1745909868.329341,185.98556518554688
223,1745909868.5181568,188.81583213806152
224,1745909868.7056656,187.50882148742676
225,1745909868.8919268,186.26117706298828
226,1745909869.0771832,185.2564811706543
227,1745909869.3904397,312.2568130493164
228,1745909869.6822052,291.7654514312744
229,1745909869.8675213,185.3160858154297
230,1745909870.0575051,189.98384475708008
231,1745909870.3278716,268.80550384521484
232,1745909870.5155914,187.71982192993164
233,1745909870.707552,191.96057319641113
234,1745909870.8945947,187.0427131652832
235,1745909871.0802577,185.66298484802246
236,1745909871.2675169,186.63620948791504
237,1745909871.5147061,247.18928337097168
238,1745909871.7019484,187.2422695159912
239,1745909871.8895044,187.55602836608887
240,1745909872.0755086,186.0041618347168
241,1745909872.3516524,276.14378929138184
242,1745909872.5384068,185.7903003692627
243,1745909872.7258203,187.41345405578613
244,1745909872.9122794,185.45818328857422
245,1745909873.0992384,186.95902824401855
246,1745909873.3783731,279.13475036621094
247,1745909873.5646615,185.27865409851074
248,1745909874.571193,nan
249,1745909874.7621925,190.99950790405273
250,1745909875.0117247,248.5368251800537
251,1745909875.202007,189.2836093902588
252,1745909875.3905165,188.50946426391602
253,1745909875.57769,186.17582321166992
254,1745909875.8381877,260.4978084564209
255,1745909876.1302364,291.29600524902344
256,1745909876.3155901,185.35375595092773
257,1745909876.5042188,188.6286735534668
258,1745909876.692741,188.5221004486084
259,1745909876.8801384,187.39748001098633
260,1745909877.0653892,184.2513084411621
261,1745909877.3666651,301.27596855163574
262,1745909877.5597954,193.1302547454834
263,1745909877.74649,186.69462203979492
264,1745909877.9334362,186.94615364074707
265,1745909878.1883733,254.93717193603516
266,1745909878.379103,189.82243537902832
267,1745909878.564305,185.20212173461914
268,1745909878.7493536,183.96592140197754
269,1745909878.938147,187.78586387634277
270,1745909879.1332512,193.6802864074707
271,1745909879.4053226,272.07136154174805
272,1745909879.5942473,186.98763847351074
273,1745909879.782772,188.52472305297852
274,1745909880.0349274,252.15530395507812
275,1745909880.2205107,185.58335304260254
276,1745909880.412403,191.8923854827881
277,1745909880.603292,189.88966941833496
278,1745909880.7893972,186.10525131225586
279,1745909880.987484,196.7642307281494
280,1745909881.1742103,186.72633171081543
281,1745909881.4492047,273.99635314941406
282,1745909881.6365833,186.31839752197266
283,1745909881.8240159,187.43252754211426
284,1745909882.0112047,187.18886375427246
285,1745909882.2831764,271.0120677947998
286,1745909882.470067,186.8906021118164
287,1745909882.6579661,186.89346313476562
288,1745909882.8458712,187.90507316589355
289,1745909883.1059425,260.0712776184082
290,1745909883.2954414,188.46869468688965
291,1745909883.4837224,188.28105926513672
292,1745909883.672231,188.5085105895996
293,1745909883.8850758,212.8448486328125
294,1745909884.0753975,190.321683883667
295,1745909884.261699,186.30146980285645
296,1745909884.4495604,187.86144256591797
297,1745909884.6403043,189.73374366760254
298,1745909884.8277261,187.4217987060547
299,1745909885.0204954,192.76928901672363
300,1745909885.2529137,232.41829872131348
301,1745909885.4421604,189.24665451049805
302,1745909885.6349409,192.7804946899414
303,1745909885.8251355,190.19460678100586
304,1745909886.0115154,186.37990951538086
305,1745909886.2759397,264.42432403564453
306,1745909886.462932,185.99176406860352
307,1745909886.6519463,189.01419639587402
308,1745909886.83919,187.24370002746582
309,1745909887.0992143,260.0243091583252
310,1745909887.293979,194.7646141052246
311,1745909887.4860685,192.08955764770508
312,1745909887.6783197,192.25120544433594
313,1745909887.8648353,186.51556968688965
314,1745909888.1124954,247.66016006469727
315,1745909888.3032691,189.7721290588379
316,1745909888.4944386,191.16950035095215
317,1745909888.680592,186.15341186523438
318,1745909888.8717027,190.1073455810547
319,1745909889.059786,188.08341026306152
320,1745909889.3403647,279.94394302368164
321,1745909889.5398464,199.48172569274902
322,1745909889.7318428,191.29371643066406
323,1745909889.9257276,193.88484954833984
324,1745909890.124891,199.16343688964844
325,1745909890.3116362,186.74516677856445
326,1745909890.497471,185.8348846435547
327,1745909890.6897988,191.41912460327148
328,1745909890.8785892,188.79032135009766
329,1745909891.080677,201.08962059020996
330,1745909891.2713354,190.6583309173584
331,1745909891.4574494,186.11407279968262
332,1745909891.6993632,240.91339111328125
333,1745909891.8911765,190.80519676208496
334,1745909892.8963876,nan
335,1745909893.0832145,186.8269443511963
336,1745909893.3372111,253.9966106414795
337,1745909893.5249817,186.7654323577881
338,1745909893.7182639,192.38615036010742
339,1745909893.9256966,207.43274688720703
340,1745909894.1153395,189.64290618896484
341,1745909894.359076,243.73650550842285
342,1745909894.5512512,191.6670799255371
343,1745909894.7404053,189.15414810180664
344,1745909894.9277205,187.3152256011963
345,1745909895.186982,259.2613697052002
346,1745909895.4903374,303.35545539855957
347,1745909895.6857696,195.43218612670898
348,1745909895.873585,187.81542778015137
349,1745909896.2120893,338.5043144226074
350,1745909896.5245974,311.50078773498535
351,1745909896.7207801,195.1761245727539
352,1745909896.9070218,186.24162673950195
353,1745909897.0936973,186.6755485534668
354,1745909897.2801356,185.25195121765137
355,1745909897.477789,197.65329360961914
356,1745909897.6895456,211.75670623779297
357,1745909897.87851,188.34495544433594
358,1745909898.0637088,185.19878387451172
359,1745909898.3594942,295.78542709350586
360,1745909898.5745864,214.08462524414062
361,1745909898.7968743,221.35496139526367
362,1745909899.07254,275.6657600402832
363,1745909899.413029,340.4889106750488
364,1745909899.6941795,281.15057945251465
365,1745909899.8779979,183.31193923950195
366,1745909900.0776896,199.6917724609375
367,1745909900.2906601,212.97049522399902
368,1745909900.4871464,196.486234664917
369,1745909900.6792731,192.12675094604492
370,1745909900.87662,196.34151458740234
371,1745909901.0726707,196.05064392089844
372,1745909901.2605524,186.87891960144043
373,1745909901.5342574,272.6306915283203
374,1745909901.721602,187.34455108642578
375,1745909901.9092577,187.65568733215332
376,1745909902.1460211,235.75139045715332
377,1745909902.455358,309.33690071105957
378,1745909902.6977403,241.38689041137695
379,1745909902.9631984,265.4581069946289
380,1745909903.149539,186.3405704498291
381,1745909903.3408647,190.3054714202881
382,1745909903.5805576,239.69292640686035
383,1745909903.8810778,299.5133399963379
384,1745909904.068333,186.25473976135254
385,1745909904.276695,208.36210250854492
386,1745909904.5629654,286.2703800201416
387,1745909904.7562044,192.23618507385254
388,1745909904.9414084,185.20402908325195
389,1745909905.144514,202.10742950439453
390,1745909905.3404238,193.98808479309082
391,1745909905.6314821,291.0583019256592
392,1745909905.8202386,188.75646591186523
393,1745909906.1458132,325.5746364593506
394,1745909906.4439564,297.1043586730957
395,1745909906.6377213,192.7623748779297
396,1745909906.8243148,186.59353256225586
397,1745909907.0135522,189.2373561859131
398,1745909907.2613842,246.64306640625
399,1745909907.4580488,196.66457176208496
400,1745909907.6684,210.35122871398926
401,1745909907.8551593,186.75923347473145
402,1745909908.0415666,186.40732765197754
403,1745909908.2872183,245.6517219543457
404,1745909908.4750712,186.85317039489746
405,1745909908.6607885,185.71734428405762
406,1745909908.8470135,185.16850471496582
407,1745909909.0342858,187.272310256958
408,1745909909.2235386,189.2528533935547
409,1745909909.5382075,314.6688938140869
410,1745909909.8314903,292.2837734222412
411,1745909910.1216772,290.18688201904297
412,1745909910.3076718,185.99462509155273
413,1745909910.5009036,193.23182106018066
414,1745909910.6917102,188.80271911621094
415,1745909910.880131,188.42077255249023
416,1745909911.1543245,274.19352531433105
417,1745909911.3493435,195.01900672912598
418,1745909911.5354936,186.15007400512695
419,1745909911.7238352,187.38484382629395
420,1745909911.9140215,190.1862621307373
421,1745909912.1182811,202.25262641906738
422,1745909912.3192167,200.93560218811035
423,1745909912.5088825,189.6657943725586
424,1745909912.724592,215.70944786071777
425,1745909912.9340022,208.41169357299805
426,1745909913.1220422,187.08181381225586
427,1745909913.4040942,280.7900905609131
428,1745909913.7319527,327.85844802856445
429,1745909913.9280512,196.09856605529785
430,1745909914.2344208,306.3695430755615
431,1745909914.424782,190.36126136779785
432,1745909914.6145635,189.78142738342285
433,1745909914.8021307,187.56723403930664
434,1745909914.9873884,185.2576732635498
435,1745909915.2577336,270.34521102905273
436,1745909915.4454603,187.7267360687256
437,1745909915.6313238,185.86349487304688
438,1745909915.820225,188.90118598937988
439,1745909916.0060523,184.4186782836914
440,1745909916.283318,277.2657871246338
441,1745909916.5713577,288.0396842956543
442,1745909916.7595382,188.18044662475586
443,1745909916.9457026,185.66012382507324
444,1745909917.1343458,188.643217086792
445,1745909917.331776,196.3508129119873
446,1745909917.5639937,232.21778869628906
447,1745909917.7506053,186.61165237426758
448,1745909917.9373212,186.71584129333496
449,1745909918.2224057,284.0862274169922
450,1745909918.4125626,189.06235694885254
451,1745909918.5980923,185.5297088623047
452,1745909918.7885683,190.4759407043457
453,1745909918.97989,191.32184982299805
454,1745909919.1704702,189.5747184753418
455,1745909919.360769,190.29879570007324
456,1745909919.6515877,290.8186912536621
457,1745909919.8468635,194.29469108581543
458,1745909920.0367908,188.92788887023926
459,1745909920.2295265,192.7356719970703
460,1745909920.4264994,196.97284698486328
461,1745909920.6572897,230.790376663208
462,1745909920.842641,185.35137176513672
463,1745909921.034965,192.3239231109619
464,1745909921.2411213,206.15625381469727
465,1745909921.4941332,252.00128555297852
466,1745909921.6830142,187.63971328735352
467,1745909921.872982,188.9796257019043
468,1745909922.0579712,184.98921394348145
469,1745909922.2519062,193.03107261657715
470,1745909922.519148,267.2419548034668
471,1745909922.7142515,194.02694702148438
472,1745909922.8996315,185.3799819946289
473,1745909923.0878727,187.67404556274414
474,1745909923.2762363,188.36355209350586
475,1745909923.474728,198.49181175231934
476,1745909923.697425,222.69678115844727
477,1745909923.8871126,188.68613243103027
478,1745909924.076158,188.04073333740234
479,1745909924.28071,204.55193519592285
480,1745909924.5468607,266.15071296691895
481,1745909924.7430794,196.21872901916504
482,1745909924.9314506,188.3711814880371
483,1745909925.119872,188.42148780822754
484,1745909925.3308346,210.96253395080566
485,1745909925.5363464,201.5061378479004
486,1745909925.7263315,189.9850368499756
487,1745909925.9297204,203.38892936706543
488,1745909926.1819887,251.26004219055176
489,1745909926.4383583,255.3720474243164
490,1745909926.6617465,223.3881950378418
491,1745909926.8672051,205.4586410522461
492,1745909927.1011648,233.95967483520508
493,1745909927.3105967,208.9252471923828
494,1745909927.510342,198.73523712158203
495,1745909927.7191243,208.78243446350098
496,1745909927.9040837,184.95941162109375
497,1745909928.1567018,252.61807441711426
498,1745909928.3450959,187.88671493530273
499,1745909928.5309691,185.87327003479004
500,1745909928.7192843,187.30640411376953
501,1745909928.9060571,186.77282333374023
502,1745909929.1134057,207.34858512878418
503,1745909929.3195963,206.1905860900879
504,1745909929.5875552,267.9588794708252
505,1745909929.8928304,303.76696586608887
506,1745909930.087444,193.6042308807373
507,1745909930.2920873,203.6428451538086
508,1745909931.294587,nan
509,1745909931.5028555,207.2622776031494
510,1745909931.749363,246.5074062347412
511,1745909932.051552,301.1817932128906
512,1745909932.3649745,313.42244148254395
513,1745909932.6195757,253.59368324279785
514,1745909932.8347173,215.14153480529785
515,1745909933.0627446,227.02670097351074
516,1745909933.3339553,271.2106704711914
517,1745909933.6936548,359.6994876861572
518,1745909934.0644841,370.82934379577637
519,1745909934.507367,442.882776260376
520,1745909934.7296586,222.2917079925537
521,1745909934.9254034,195.74475288391113
522,1745909935.2554564,330.05309104919434
523,1745909935.5457244,290.2679443359375
524,1745909935.8451705,299.44610595703125
525,1745909936.1628275,317.6569938659668
526,1745909936.4931436,330.31606674194336
527,1745909936.7363977,242.26665496826172
528,1745909936.931669,194.3211555480957
529,1745909937.1433625,210.77418327331543
530,1745909937.3325458,189.18323516845703
531,1745909937.5217965,188.25006484985352
532,1745909937.7091665,187.37006187438965
533,1745909937.898069,188.9023780822754
534,1745909938.0850768,187.00790405273438
535,1745909938.2757168,190.63997268676758
536,1745909938.4619231,186.20634078979492
537,1745909938.699231,237.30778694152832
538,1745909938.888089,188.8580322265625
539,1745909939.0822332,193.15052032470703
540,1745909939.275019,192.78573989868164
541,1745909939.4615362,185.14227867126465
542,1745909939.7180352,255.48863410949707
543,1745909939.903616,185.58073043823242
544,1745909940.0953407,191.7247772216797
545,1745909940.348408,253.0672550201416
546,1745909940.5462074,197.7994441986084
547,1745909940.7382672,190.89102745056152
548,1745909940.9371989,198.93169403076172
549,1745909941.1257207,187.55483627319336
550,1745909941.3284662,201.74455642700195
551,1745909941.5416553,213.18912506103516
552,1745909941.729244,187.58869171142578
553,1745909941.9192777,190.0336742401123
554,1745909942.111826,192.54827499389648
555,1745909942.2974365,185.61053276062012
556,1745909942.485965,188.52853775024414
557,1745909942.68023,194.26488876342773
558,1745909942.8699055,189.67556953430176
559,1745909943.0801942,209.28239822387695
560,1745909943.273744,193.54987144470215
561,1745909943.4912384,217.49424934387207
562,1745909943.6852267,192.9934024810791
563,1745909943.8991563,213.9296531677246
564,1745909944.109309,209.14340019226074
565,1745909944.3035657,192.81625747680664
566,1745909944.507982,204.41627502441406
567,1745909944.699023,191.0409927368164
568,1745909944.8899562,189.83721733093262
569,1745909945.092793,201.83634757995605
570,1745909945.2862701,193.47715377807617
571,1745909945.5601966,272.95756340026855
572,1745909945.7533116,192.1098232269287
573,1745909945.942777,189.46528434753418
574,1745909946.274935,331.15696907043457
575,1745909946.4713364,194.9903964996338
576,1745909946.659971,188.63463401794434
577,1745909946.8557322,194.7612762451172
578,1745909947.0421603,186.42807006835938
579,1745909947.3112016,269.0412998199463
580,1745909947.6203752,308.1662654876709
581,1745909947.8081903,187.81518936157227
582,1745909947.9976206,189.43023681640625
583,1745909948.1908252,193.2046413421631
584,1745909948.4435692,251.75881385803223
585,1745909948.7397552,295.18628120422363
586,1745909948.9602933,219.39969062805176
587,1745909949.155589,195.2958106994629
588,1745909949.4493382,293.7490940093994
589,1745909949.646231,195.84321975708008
590,1745909949.841353,195.12200355529785
591,1745909950.047357,205.0342559814453
592,1745909950.281545,234.18784141540527
593,1745909950.5877202,306.17523193359375
594,1745909950.8078709,220.15070915222168
595,1745909951.0296798,220.29638290405273
596,1745909951.30024,269.1214084625244
597,1745909951.629701,329.46085929870605
598,1745909951.8443666,214.66565132141113
599,1745909952.1159585,271.5919017791748
600,1745909952.4255204,309.56196784973145
601,1745909952.6245117,198.9912986755371
602,1745909952.8603039,234.79199409484863
603,1745909953.0464704,186.16652488708496
604,1745909953.2361736,188.7044906616211
605,1745909953.5665827,330.40904998779297
606,1745909953.8728395,305.2024841308594
607,1745909954.0591755,186.33604049682617
608,1745909954.244541,185.3654384613037
609,1745909954.4384654,192.93451309204102
610,1745909954.6277606,189.29529190063477
611,1745909954.902281,274.5203971862793
612,1745909955.1094317,207.15069770812988
613,1745909955.3326635,222.22638130187988
614,1745909955.534518,200.85740089416504
615,1745909955.7215219,187.00385093688965
616,1745909955.9955254,274.0035057067871
617,1745909956.196424,200.8986473083496
618,1745909956.381336,184.91196632385254
619,1745909956.5679333,185.59741973876953
620,1745909956.7567363,188.80295753479004
621,1745909956.9518516,195.115327835083
622,1745909957.1403258,188.47417831420898
623,1745909957.4400682,299.7424602508545
624,1745909957.6267886,185.72354316711426
625,1745909957.8221216,195.33300399780273
626,1745909958.0178237,195.70207595825195
627,1745909958.2631867,245.3629970550537
628,1745909958.4491494,184.45467948913574
629,1745909958.6380212,188.8718605041504
630,1745909958.8321528,194.13161277770996
631,1745909959.0193858,187.23297119140625
632,1745909959.2068434,187.45756149291992
633,1745909959.4018164,193.97377967834473
634,1745909959.5898073,186.9833469390869
635,1745909959.7803671,190.55986404418945
636,1745909960.0055277,224.2293357849121
637,1745909960.3126175,307.08980560302734
638,1745909960.5006616,188.04407119750977
639,1745909960.6863844,185.72282791137695
640,1745909960.8716097,185.225248336792
641,1745909961.059401,187.7913475036621
642,1745909961.2439554,184.5543384552002
643,1745909961.4304185,186.4631175994873
644,1745909961.6192555,188.83705139160156
645,1745909961.8069904,187.73484230041504
646,1745909962.0536594,246.66905403137207
647,1745909962.2404907,186.83123588562012
648,1745909962.4399002,199.40948486328125
649,1745909962.6271434,187.24322319030762
650,1745909962.8147817,186.6464614868164
651,1745909963.0003433,185.5616569519043
652,1745909963.2775476,276.20673179626465
653,1745909963.4626513,185.1036548614502
654,1745909963.6483896,185.73832511901855
655,1745909963.8866038,237.21718788146973
656,1745909964.115702,229.09808158874512
657,1745909964.411926,296.22411727905273
658,1745909964.7207916,307.8036308288574
659,1745909964.9102507,189.45908546447754
660,1745909965.096849,186.5983009338379
661,1745909965.2864916,188.66944313049316
662,1745909965.5199482,233.45661163330078
663,1745909965.7143078,194.35954093933105
664,1745909965.907739,192.43121147155762
665,1745909966.0941727,186.4337921142578
666,1745909966.280505,186.33222579956055
667,1745909966.4685142,188.00926208496094
668,1745909966.6571124,188.08364868164062
669,1745909966.842494,185.38165092468262
670,1745909967.0284426,185.94861030578613
671,1745909967.2171474,187.19220161437988
672,1745909967.4068434,189.6960735321045
673,1745909967.6992688,292.42539405822754
674,1745909967.902229,202.96025276184082
675,1745909968.2125976,309.36741828918457
676,1745909968.4006138,188.01617622375488
677,1745909968.5918622,191.24841690063477
678,1745909968.7774897,185.62746047973633
679,1745909968.9647186,187.22891807556152
680,1745909969.1502619,185.54329872131348
681,1745909969.3383284,187.06369400024414
682,1745909969.6259947,286.6935729980469
683,1745909969.8117633,185.76860427856445
684,1745909970.0001411,187.37387657165527
685,1745909970.1882186,187.1199607849121
686,1745909970.377486,188.20571899414062
687,1745909970.6541607,276.674747467041
688,1745909970.8397667,185.6060028076172
689,1745909971.031382,191.61534309387207
690,1745909971.2310958,199.71370697021484
691,1745909971.4167268,185.63103675842285
692,1745909971.6845403,266.812801361084
693,1745909971.8855047,200.96445083618164
694,1745909972.1857197,300.2150058746338
695,1745909972.3802576,194.53787803649902
696,1745909972.5659533,185.69564819335938
697,1745909972.755378,189.4247531890869
698,1745909972.944146,187.76702880859375
699,1745909973.1376512,192.50130653381348
700,1745909973.3332436,194.0784454345703
701,1745909973.6212726,287.0290279388428
702,1745909973.8083773,187.1047019958496
703,1745909974.0017836,193.406343460083
704,1745909974.1983745,195.53613662719727
705,1745909974.445579,247.20454216003418
706,1745909974.6431959,196.5796947479248
707,1745909974.8291013,185.90545654296875
708,1745909975.0201967,191.09535217285156
709,1745909975.209294,189.09740447998047
710,1745909975.4692369,258.9373588562012
711,1745909975.6568341,186.33651733398438
712,1745909975.842148,185.31394004821777
713,1745909976.0773795,234.07363891601562
714,1745909976.2635837,186.204195022583
715,1745909976.4557445,192.16084480285645
716,1745909976.6428106,187.06607818603516
717,1745909976.8337762,189.67390060424805
718,1745909977.0265853,190.873384475708
719,1745909977.2207403,194.1549777984619
720,1745909977.4076447,185.899019241333
721,1745909977.5935023,185.85753440856934
722,1745909977.7854512,191.94889068603516
723,1745909978.0242727,238.82150650024414
724,1745909978.2117257,187.453031539917
725,1745909978.398441,186.71536445617676
726,1745909978.629525,231.08386993408203
727,1745909978.8192205,189.6955966949463
728,1745909979.019553,200.3324031829834
729,1745909979.2231243,203.57131958007812
730,1745909979.4162972,193.17293167114258
731,1745909979.6602778,243.98064613342285
732,1745909979.8514917,190.15002250671387
733,1745909980.2043478,352.8561592102051
734,1745909980.4782543,273.9064693450928
735,1745909980.6707323,192.47794151306152
736,1745909980.8673728,195.64342498779297
737,1745909981.0698102,202.4374008178711
738,1745909981.2577214,187.9112720489502
739,1745909981.5053744,247.65300750732422
740,1745909981.691333,184.9513053894043
741,1745909981.8867364,195.4033374786377
742,1745909982.0744853,187.74890899658203
743,1745909982.2620502,186.5670680999756
744,1745909982.4523427,190.2925968170166
745,1745909982.7223132,268.74327659606934
746,1745909982.910061,187.74771690368652
747,1745909983.1008031,190.74225425720215
748,1745909983.289487,188.68374824523926
749,1745909983.4753969,185.90998649597168
750,1745909983.7456439,269.27709579467773
751,1745909983.9347334,187.78228759765625
752,1745909984.119029,184.295654296875
753,1745909984.3809402,261.40546798706055
754,1745909984.5748653,193.925142288208
755,1745909984.7635543,188.6889934539795
756,1745909984.9504287,185.9149932861328
757,1745909985.1381185,186.59400939941406
758,1745909985.3267338,187.61515617370605
759,1745909985.5165262,188.70258331298828
760,1745909985.7028835,186.3572597503662
761,1745909985.8972442,193.35246086120605
762,1745909986.110792,212.49771118164062
763,1745909986.30275,191.95818901062012
764,1745909986.5290332,226.28307342529297
765,1745909986.7178912,188.8580322265625
766,1745909986.9104826,192.59142875671387
767,1745909987.0990999,188.61722946166992
768,1745909987.2910974,190.98496437072754
769,1745909987.4814627,189.3596649169922
770,1745909987.670323,188.8601779937744
771,1745909987.8584352,187.11209297180176
772,1745909988.0493352,190.90008735656738
773,1745909988.2629535,212.60643005371094
774,1745909988.455655,192.7015781402588
775,1745909988.64752,190.86551666259766
776,1745909988.834041,186.52105331420898
777,1745909989.0205107,186.46955490112305
778,1745909989.2079217,187.41106986999512
779,1745909989.5013456,291.8722629547119
780,1745909989.6884346,186.0809326171875
781,1745909989.8759797,187.5450611114502
782,1745909990.0607529,184.77320671081543
783,1745909990.3045545,242.80238151550293
784,1745909990.4931161,187.56437301635742
785,1745909990.6853917,191.27464294433594
786,1745909990.9458613,260.4696750640869
787,1745909991.1364298,190.5684471130371
788,1745909991.3228357,185.4541301727295
789,1745909991.5088365,186.00082397460938
790,1745909991.7072494,197.91078567504883
791,1745909991.8922014,183.95113945007324
792,1745909992.159905,266.70289039611816
793,1745909992.3492668,189.3618106842041
794,1745909992.535517,186.2502098083496
795,1745909992.721618,186.10095977783203
796,1745909992.949691,227.06842422485352
797,1745909993.1349578,185.26673316955566
798,1745909993.322662,187.70432472229004
799,1745909993.5097334,187.0713233947754
800,1745909993.792377,282.1018695831299
801,1745909993.978989,185.60314178466797
802,1745909994.1702054,190.70911407470703
803,1745909994.4180186,246.81353569030762
804,1745909994.6029282,184.90958213806152
805,1745909995.6100736,nan
806,1745909996.6223195,nan
807,1745909996.8168952,194.57578659057617
808,1745909997.0072389,188.34662437438965
809,1745909997.1931672,185.9283447265625
810,1745909997.3816745,187.56771087646484
811,1745909997.5723863,190.71173667907715
812,1745909997.762995,190.60873985290527
813,1745909997.9497564,186.76137924194336
814,1745909998.1446412,193.79234313964844
815,1745909998.3302073,185.56618690490723
816,1745909998.520131,189.92376327514648
817,1745909998.7135084,193.37725639343262
818,1745909998.9060514,191.4989948272705
819,1745909999.0929735,185.75239181518555
820,1745909999.279449,186.4755153656006
821,1745909999.465915,185.7583522796631
822,1745909999.7360344,270.11942863464355
823,1745909999.9252949,189.26048278808594
824,1745910000.928945,nan
825,1745910001.1207132,191.76816940307617
826,1745910001.3145683,193.85504722595215
827,1745910001.5064075,191.83921813964844
828,1745910001.6956077,189.20016288757324
829,1745910001.8807123,185.1046085357666
830,1745910002.06643,185.71782112121582
831,1745910002.2961583,228.72114181518555
832,1745910002.4840345,187.87622451782227
833,1745910002.6709483,186.91372871398926
834,1745910002.8574514,185.50443649291992
835,1745910003.0446718,187.22033500671387
836,1745910003.2318127,187.14094161987305
837,1745910003.5267265,294.91376876831055
838,1745910003.7145057,186.7814064025879
839,1745910003.9020534,187.5476837158203
840,1745910004.0872695,184.21697616577148
841,1745910004.279704,192.43454933166504
842,1745910004.4666142,186.91015243530273
843,1745910004.6542728,186.26046180725098
844,1745910004.8423502,186.77973747253418
845,1745910005.0277617,185.4114532470703
846,1745910005.21398,184.6907138824463
847,1745910005.4002776,186.29765510559082
848,1745910005.660323,259.035587310791
849,1745910005.8450358,183.70771408081055
850,1745910006.0315573,185.50872802734375
851,1745910006.290539,257.0614814758301
852,1745910006.4766946,186.1555576324463
853,1745910006.6629877,186.2931251525879
854,1745910006.8945305,230.4844856262207
855,1745910007.0853136,189.4357204437256
856,1745910007.2714124,186.09881401062012
857,1745910007.457405,185.99271774291992
858,1745910007.6480203,189.67437744140625
859,1745910007.925867,277.8468132019043
860,1745910008.1133976,187.530517578125
861,1745910008.30017,186.77234649658203
862,1745910008.5469515,246.781587600708
863,1745910008.7366846,188.44103813171387
864,1745910009.7423742,nan
865,1745910010.754444,nan
866,1745910010.9433112,187.99662590026855
867,1745910011.1291294,185.81819534301758
868,1745910011.317375,187.2408390045166
869,1745910011.610163,292.788028717041
870,1745910011.7952244,185.06145477294922
871,1745910011.9804125,185.18805503845215
872,1745910012.1681852,186.84148788452148
873,1745910012.4424193,274.2340564727783
874,1745910012.7452974,302.87814140319824
875,1745910012.9459608,199.66363906860352
876,1745910013.1348994,188.93861770629883
877,1745910013.3223922,186.4919662475586
878,1745910013.517392,194.99969482421875
879,1745910013.712615,195.2230930328369
880,1745910013.8979712,185.35614013671875
881,1745910014.0863163,188.34519386291504
882,1745910014.279218,191.90192222595215
883,1745910014.469141,188.81964683532715
884,1745910014.6692517,200.11067390441895
885,1745910014.8573735,188.12179565429688
886,1745910015.0845444,227.1709442138672
887,1745910015.2804723,194.9167251586914
888,1745910015.47346,191.58530235290527
889,1745910015.663276,189.81599807739258
890,1745910015.8468833,183.6073398590088
891,1745910016.0360456,189.1622543334961
892,1745910016.2208207,184.77511405944824
893,1745910016.5375972,316.7765140533447
894,1745910016.733941,196.34389877319336
895,1745910016.9296467,195.70565223693848
896,1745910017.1199543,190.3076171875
897,1745910017.3463798,225.43621063232422
898,1745910017.543529,197.14927673339844
899,1745910017.7393105,195.78146934509277
900,1745910017.9355886,195.18637657165527
901,1745910018.1354768,199.8882293701172
902,1745910018.3254502,189.9733543395996
903,1745910018.5867975,261.34729385375977
904,1745910018.8110158,224.21836853027344
905,1745910019.0093338,198.3180046081543
906,1745910019.2170808,207.7469825744629
907,1745910019.4041522,187.0713233947754
908,1745910019.699542,295.38989067077637
909,1745910019.8854887,185.94670295715332
910,1745910020.0742464,187.77179718017578
911,1745910020.3214045,246.2451457977295
912,1745910020.509787,187.37483024597168
913,1745910020.7009938,190.19770622253418
914,1745910020.8955345,193.53365898132324
915,1745910021.0856147,190.0801658630371
916,1745910021.2738376,187.22271919250488
917,1745910021.4612498,186.41185760498047
918,1745910021.648225,186.97524070739746
919,1745910021.8365252,187.21675872802734
920,1745910022.0247214,186.85483932495117
921,1745910022.212449,187.727689743042
922,1745910022.4010704,186.54465675354004
923,1745910022.5859444,184.8740577697754
924,1745910022.7730482,185.01567840576172
925,1745910022.9602377,187.18957901000977
926,1745910023.1481426,186.8114471435547
927,1745910023.3365057,188.36307525634766
928,1745910023.5250306,188.52496147155762
929,1745910023.7873778,261.34753227233887
930,1745910023.9744928,187.11495399475098
931,1745910024.1664257,190.9501552581787
932,1745910024.3533638,186.93804740905762
933,1745910024.540235,186.87129020690918
934,1745910024.7341347,191.78104400634766
935,1745910024.924403,190.26827812194824
936,1745910025.1173697,191.88475608825684
937,1745910025.307553,190.1834011077881
938,1745910025.4975452,189.14556503295898
939,1745910025.7325382,234.99298095703125
940,1745910025.9203367,187.79850006103516
941,1745910026.1084237,186.86866760253906
942,1745910026.2944472,186.02347373962402
943,1745910026.48175,186.31720542907715
944,1745910026.7572198,275.4697799682617
945,1745910026.9473045,189.07642364501953
946,1745910027.133767,186.46240234375
947,1745910027.329816,195.04117965698242
948,1745910027.5256195,194.31710243225098
949,1745910027.7222626,196.64311408996582
950,1745910027.9134026,191.13993644714355
951,1745910028.1043427,190.94014167785645
952,1745910028.2915401,186.28215789794922
953,1745910028.4809391,189.39900398254395
954,1745910028.671101,190.16194343566895
955,1745910028.8564572,185.35614013671875
956,1745910029.0521238,195.66655158996582
957,1745910029.2409642,187.83998489379883
958,1745910029.426726,185.7619285583496
959,1745910029.6202307,193.50457191467285
960,1745910029.8298023,209.57159996032715
961,1745910030.027916,197.10588455200195
962,1745910030.2165694,187.6535415649414
963,1745910030.4035206,186.9511604309082
964,1745910030.6448326,241.31202697753906
965,1745910030.8364887,190.58966636657715
966,1745910031.0276935,191.20478630065918
967,1745910031.2161965,188.50302696228027
968,1745910031.4078481,190.6735897064209
969,1745910031.6705058,262.65764236450195
970,1745910031.8608468,189.28027153015137
971,1745910032.056633,195.7862377166748
972,1745910033.0708182,nan
973,1745910033.2574527,185.57071685791016
974,1745910033.4449396,187.4868869781494
975,1745910033.7268453,281.9056510925293
976,1745910033.9166021,188.8110637664795
977,1745910034.1042337,186.6617202758789
978,1745910034.2913537,186.11741065979004
979,1745910034.4793913,188.03763389587402
980,1745910034.6649737,185.0759983062744
981,1745910034.8526165,187.64281272888184
982,1745910035.0402422,186.71751022338867
983,1745910035.2273297,187.0875358581543
984,1745910035.41703,189.70036506652832
985,1745910035.669774,252.74395942687988
986,1745910035.8591197,188.2476806640625
987,1745910036.0448143,185.18733978271484
988,1745910036.2933939,248.5795021057129
989,1745910036.4803889,186.9950294494629
990,1745910037.4829557,nan
991,1745910037.6731052,190.14954566955566
992,1745910037.9258862,251.78194046020508
993,1745910038.1123564,185.4546070098877
994,1745910038.2998166,186.45286560058594
995,1745910038.5438497,242.706298828125
996,1745910038.858296,314.44621086120605
997,1745910039.0445266,186.23065948486328
998,1745910039.2315974,187.0708465576172
999,1745910039.4184906,185.89234352111816
1000,1745910039.6084464,189.9557113647461
1001,1745910039.7983265,188.87972831726074
1002,1745910039.9842322,185.90569496154785
1003,1745910040.2728524,288.6202335357666
1004,1745910040.4603477,187.49523162841797
1005,1745910040.646712,186.36441230773926
1006,1745910040.834704,187.99185752868652
1007,1745910041.0216522,185.93883514404297
1008,1745910041.2096536,186.84148788452148
1009,1745910041.3944914,184.83781814575195
1010,1745910041.5811996,185.26577949523926
1011,1745910041.7674837,186.28406524658203
1012,1745910042.0146544,245.65434455871582
1013,1745910042.2153141,200.65975189208984
1014,1745910042.403285,187.9708766937256
1015,1745910042.5918276,188.54260444641113
1016,1745910042.8463774,254.54974174499512
1017,1745910043.0320845,185.70709228515625
1018,1745910043.2174547,185.37020683288574
1019,1745910043.4023528,184.89813804626465
1020,1745910043.5875375,185.18471717834473
1021,1745910043.8826857,295.1481342315674
1022,1745910044.0705357,187.8499984741211
1023,1745910044.261738,190.20652770996094
1024,1745910044.4612007,199.4626522064209
1025,1745910045.481601,nan
1026,1745910045.6701748,187.70694732666016
1027,1745910045.9212062,251.03139877319336
1028,1745910046.109078,187.87169456481934
1029,1745910046.2940938,184.5090389251709
1030,1745910046.4830887,187.99424171447754
1031,1745910046.6682081,185.1193904876709
1032,1745910046.856666,187.51144409179688
1033,1745910047.043959,187.29281425476074
1034,1745910047.2304106,185.53686141967773
1035,1745910047.4171097,186.69915199279785
1036,1745910047.6056883,187.52765655517578
1037,1745910047.7925408,186.85245513916016
1038,1745910047.9812202,188.67945671081543
1039,1745910048.169715,188.49468231201172
1040,1745910048.4638495,294.13461685180664
1041,1745910048.7837293,318.8762664794922
1042,1745910048.9736056,189.87631797790527
1043,1745910049.1628535,187.29734420776367
1044,1745910049.349179,186.3255500793457
1045,1745910049.5381691,187.98017501831055
1046,1745910049.8067474,267.57168769836426
1047,1745910049.994199,186.4485740661621
1048,1745910050.1820486,186.84983253479004
1049,1745910050.4096982,227.64968872070312
1050,1745910050.6178002,208.10198783874512
1051,1745910050.8158317,196.52414321899414
1052,1745910051.0476475,231.81581497192383
1053,1745910051.286944,239.29643630981445
1054,1745910051.477882,190.93799591064453
1055,1745910051.7437024,265.8205032348633
1056,1745910051.94047,196.76756858825684
1057,1745910052.2761786,334.7055912017822
1058,1745910052.4653778,189.19920921325684
1059,1745910052.6575196,192.14177131652832
1060,1745910052.8494594,190.86170196533203
1061,1745910053.0792193,228.684663772583
1062,1745910053.2673395,188.12012672424316
1063,1745910053.4614122,194.07272338867188
1064,1745910053.6504707,189.0585422515869
1065,1745910053.8909082,239.43662643432617
1066,1745910054.0802352,189.32700157165527
1067,1745910054.2794442,199.20897483825684
1068,1745910054.5223224,242.87819862365723
1069,1745910054.8224514,299.1678714752197
1070,1745910055.0203142,197.8628635406494
1071,1745910055.2302494,209.93518829345703
1072,1745910055.4323437,202.09431648254395
1073,1745910055.6222627,188.9169216156006
1074,1745910055.8757899,252.52866744995117
1075,1745910056.1739461,297.15943336486816
1076,1745910056.4691093,295.1631546020508
1077,1745910056.780476,310.86254119873047
1078,1745910056.9698603,189.38422203063965
1079,1745910057.2662952,296.4348793029785
1080,1745910057.4596667,192.42310523986816
1081,1745910057.6471796,186.2640380859375
1082,1745910057.8380802,190.9005641937256
1083,1745910058.0250587,186.97857856750488
1084,1745910058.3055067,280.44795989990234
1085,1745910058.4963226,190.81592559814453
1086,1745910058.6825733,186.2506866455078
1087,1745910058.8690822,185.51230430603027
1088,1745910059.1154728,245.38469314575195
1089,1745910059.3074772,191.00499153137207
1090,1745910059.4970872,188.6301040649414
1091,1745910059.6847715,187.6842975616455
1092,1745910059.8749528,190.18125534057617
1093,1745910060.1517537,276.80087089538574
1094,1745910060.3407326,188.978910446167
1095,1745910060.533001,191.2670135498047
1096,1745910060.7645037,230.49235343933105
1097,1745910060.9512491,186.74540519714355
1098,1745910061.1404462,188.19761276245117
1099,1745910061.3265555,186.1093044281006
1100,1745910061.5124998,185.9443187713623
1101,1745910061.6994267,186.92684173583984
1102,1745910061.8866608,186.22732162475586
1103,1745910062.0762951,189.6343231201172
1104,1745910062.2674508,190.16075134277344
1105,1745910062.4571352,189.68439102172852
1106,1745910062.7077904,249.65548515319824
1107,1745910062.893136,185.34564971923828
1108,1745910063.081812,188.6758804321289
1109,1745910063.2679734,186.16151809692383
1110,1745910063.4535108,185.53733825683594
1111,1745910063.6402144,185.70208549499512
1112,1745910063.82507,184.85546112060547
1113,1745910064.0113027,186.2328052520752
1114,1745910064.1976728,185.3790283203125
1115,1745910064.3859646,188.2917881011963
1116,1745910064.571338,185.37330627441406
1117,1745910064.7572982,185.9602928161621
1118,1745910064.9441106,186.8124008178711
1119,1745910065.1304512,185.33921241760254
1120,1745910065.315412,183.9597225189209
1121,1745910065.5069842,190.57035446166992
1122,1745910065.7027912,195.80698013305664
1123,1745910065.9840977,281.30650520324707
1124,1745910066.1730785,187.97659873962402
1125,1745910066.3604398,187.3612403869629
1126,1745910066.5482955,187.85572052001953
1127,1745910066.7391212,190.8257007598877
1128,1745910066.9692166,229.01105880737305
1129,1745910067.1639843,194.1690444946289
1130,1745910067.3524225,188.43817710876465
1131,1745910067.540735,188.31253051757812
1132,1745910067.7312098,190.4747486114502
1133,1745910067.919581,188.3711814880371
1134,1745910068.106052,185.45985221862793
1135,1745910068.3023643,195.2986717224121
1136,1745910068.4920843,189.71991539001465
1137,1745910068.6842027,192.11840629577637
1138,1745910068.8722968,187.09492683410645
1139,1745910069.1752477,302.9508590698242
1140,1745910069.364213,188.9653205871582
1141,1745910069.5692933,205.0802707672119
1142,1745910069.7667909,196.98548316955566
1143,1745910069.9536514,186.8605613708496
1144,1745910070.1415772,186.97428703308105
1145,1745910070.3272226,185.64534187316895
1146,1745910070.5134099,186.1872673034668
1147,1745910070.699921,186.51103973388672
1148,1745910070.8849697,185.04881858825684
1149,1745910071.100964,215.99435806274414
1150,1745910071.291729,189.2685890197754
1151,1745910071.4799838,188.25483322143555
1152,1745910071.6674006,187.41679191589355
1153,1745910071.8640885,196.6879367828369
1154,1745910072.0498981,184.81135368347168
1155,1745910072.2354698,184.57388877868652
1156,1745910072.4216256,186.1557960510254
1157,1745910072.6535428,230.9279441833496
1158,1745910072.9468737,293.3309078216553
1159,1745910073.1371593,189.2874240875244
1160,1745910073.32565,188.490629196167
1161,1745910073.5124362,185.78457832336426
1162,1745910073.7081509,195.71471214294434
1163,1745910073.9032822,194.6115493774414
1164,1745910074.0903308,187.04867362976074
1165,1745910074.3814373,291.1064624786377
1166,1745910074.571444,188.70186805725098
1167,1745910074.7563093,184.86523628234863
1168,1745910074.9514709,194.16499137878418
1169,1745910075.240866,289.3950939178467
1170,1745910075.4365225,195.65653800964355
1171,1745910075.7190423,282.5198173522949
1172,1745910075.9044313,185.38904190063477
1173,1745910076.091074,185.64581871032715
1174,1745910076.2793825,187.30854988098145
1175,1745910076.4963398,216.95733070373535
1176,1745910076.685068,187.72029876708984
1177,1745910076.8701882,185.1203441619873
1178,1745910077.0570655,185.87470054626465
1179,1745910077.248153,191.0874843597412
1180,1745910077.43834,190.1869773864746
1181,1745910077.62499,186.65003776550293
1182,1745910077.8145134,188.60769271850586
1183,1745910078.0040152,188.5051727294922
1184,1745910078.2626495,258.6343288421631
1185,1745910078.454816,192.16656684875488
1186,1745910078.6437347,187.9274845123291
1187,1745910078.874106,230.37123680114746
1188,1745910079.0616224,187.516450881958
1189,1745910079.2497241,187.10064888000488
1190,1745910079.4382741,188.54999542236328
1191,1745910079.6230881,184.8139762878418
1192,1745910079.8105445,186.5367889404297
1193,1745910079.997694,187.1495246887207
1194,1745910080.1867495,189.0554428100586
1195,1745910080.4234126,235.66508293151855
1196,1745910080.6122413,188.828706741333
1197,1745910080.798324,186.0828399658203
1198,1745910081.0640366,264.6505832672119
1199,1745910081.2992074,235.17084121704102
1200,1745910081.4856656,186.45811080932617
1201,1745910081.6713004,185.63485145568848
1202,1745910081.8559606,184.6601963043213
1203,1745910082.044466,187.51811981201172
1204,1745910082.2729673,227.50353813171387
1205,1745910082.461078,187.11066246032715
1206,1745910082.6548007,193.72272491455078
1207,1745910082.841756,186.95545196533203
1208,1745910083.0300393,188.28320503234863
1209,1745910083.2669358,236.89651489257812
1210,1745910083.4536698,185.72497367858887
1211,1745910083.6457338,192.0640468597412
1212,1745910083.8334904,187.75653839111328
1213,1745910084.0196686,186.17820739746094
1214,1745910084.207356,187.68739700317383
1215,1745910084.4179125,210.5565071105957
1216,1745910084.610087,192.17443466186523
1217,1745910084.7998035,188.70186805725098
1218,1745910084.9960651,196.26164436340332
1219,1745910085.2275753,230.5128574371338
1220,1745910085.4156227,188.0474090576172
1221,1745910085.6003258,184.70311164855957
1222,1745910085.7896526,188.2176399230957
1223,1745910085.97671,187.0574951171875
1224,1745910086.1644356,187.72554397583008
1225,1745910086.4712436,306.8079948425293
1226,1745910086.7759914,304.7478199005127
1227,1745910086.9667315,189.6536350250244
1228,1745910087.280068,313.3363723754883
1229,1745910087.4803886,200.32072067260742
1230,1745910087.6743603,193.9716339111328
1231,1745910087.9020946,227.73432731628418
1232,1745910088.20757,305.47547340393066
1233,1745910088.3979843,190.4141902923584
1234,1745910088.585516,187.5317096710205
1235,1745910088.771833,186.31696701049805
1236,1745910089.0225413,250.70834159851074
1237,1745910089.214198,190.67049026489258
1238,1745910089.4038272,189.62907791137695
1239,1745910089.5892746,184.44585800170898
1240,1745910089.7744694,185.194730758667
1241,1745910090.051706,277.2367000579834
1242,1745910090.2377806,186.07449531555176
1243,1745910090.4260406,186.6629123687744
1244,1745910090.6594026,233.36195945739746
1245,1745910090.8470633,187.66069412231445
1246,1745910091.040487,193.42374801635742
1247,1745910091.2792988,238.81173133850098
1248,1745910091.4776106,198.31180572509766
1249,1745910091.672117,194.50640678405762
1250,1745910091.8617206,188.60793113708496
1251,1745910092.0494633,187.7427101135254
1252,1745910092.2372692,187.8058910369873
1253,1745910092.5155802,278.31101417541504
1254,1745910092.8095863,294.0061092376709
1255,1745910092.9962292,186.64288520812988
1256,1745910093.1874065,190.1547908782959
1257,1745910093.3838582,194.45347785949707
1258,1745910093.572287,188.4288787841797
1259,1745910093.7624,189.11409378051758
1260,1745910093.9491148,186.71488761901855
1261,1745910094.1368194,186.65266036987305
1262,1745910094.3235247,186.7053508758545
1263,1745910094.512412,188.887357711792
1264,1745910094.6982374,185.82534790039062
1265,1745910094.8890991,190.86170196533203
1266,1745910095.0938332,203.7217617034912
1267,1745910095.36398,270.14684677124023
1268,1745910095.5623157,197.0677375793457
1269,1745910095.7523105,189.99481201171875
1270,1745910095.9398727,187.5622272491455
1271,1745910096.191499,251.62625312805176
1272,1745910096.3801363,188.63725662231445
1273,1745910097.3853283,nan
1274,1745910097.5724502,187.12186813354492
1275,1745910097.8237164,251.2662410736084
1276,1745910098.0111823,186.43522262573242
1277,1745910098.1976116,186.42926216125488
1278,1745910098.38456,186.9485378265381
1279,1745910098.5724747,186.81097030639648
1280,1745910098.8645418,292.0670509338379
1281,1745910099.1657453,301.20348930358887
1282,1745910099.3567207,190.97542762756348
1283,1745910099.5478442,190.12784957885742
1284,1745910099.733141,185.29677391052246
1285,1745910099.9842584,251.11746788024902
1286,1745910100.1771648,191.93267822265625
1287,1745910100.4328833,254.75358963012695
1288,1745910101.4445422,nan
1289,1745910101.6512687,206.7265510559082
1290,1745910101.853522,202.2533416748047
1291,1745910102.0576656,204.14352416992188
1292,1745910102.2823365,224.6708869934082
1293,1745910102.4721642,189.82768058776855
1294,1745910102.68332,211.15589141845703
1295,1745910102.8784132,194.10204887390137
1296,1745910103.0827086,204.29539680480957
1297,1745910103.3692365,285.57729721069336
1298,1745910103.6274688,256.72292709350586
1299,1745910104.1948562,567.3873424530029
1300,1745910104.3855708,190.71459770202637
1301,1745910104.6441746,258.6038112640381
1302,1745910104.9107282,265.5963897705078
1303,1745910105.2336805,322.9522705078125
1304,1745910105.4419782,208.2977294921875
1305,1745910105.6917508,249.7725486755371
1306,1745910105.888211,196.46024703979492
1307,1745910106.2418525,353.6415100097656
1308,1745910106.540181,298.3283996582031
1309,1745910106.7525215,212.3405933380127
1310,1745910107.0543308,300.8098602294922
1311,1745910107.3134267,259.0959072113037
1312,1745910107.5074282,194.0014362335205
1313,1745910107.7179072,210.4790210723877
1314,1745910107.9124777,193.05992126464844
1315,1745910108.1906593,276.0019302368164
1316,1745910108.4948993,304.23998832702637
1317,1745910108.7829366,288.0373001098633
1318,1745910108.974401,191.46442413330078
1319,1745910109.1609545,186.5534782409668
1320,1745910109.3495846,188.6301040649414
1321,1745910109.5367126,187.12806701660156
1322,1745910109.7239282,186.21325492858887
1323,1745910109.915188,190.30308723449707
1324,1745910110.103223,187.02197074890137
1325,1745910110.321012,217.7889347076416
1326,1745910110.510363,188.3411407470703
1327,1745910110.703295,192.9318904876709
1328,1745910110.9265459,222.24879264831543
1329,1745910111.1457355,218.04404258728027
1330,1745910111.3345063,187.8957748413086
1331,1745910111.5220997,187.5934600830078
1332,1745910111.7101986,188.09890747070312
1333,1745910111.8998487,188.20691108703613
1334,1745910112.0875852,187.73651123046875
1335,1745910112.275222,187.6368522644043
1336,1745910112.466677,190.36030769348145
1337,1745910112.6927478,225.07047653198242
1338,1745910112.9846106,291.86272621154785
1339,1745910113.1713884,185.7740879058838
1340,1745910113.357665,186.27667427062988
1341,1745910113.5565393,198.87423515319824
1342,1745910113.7757576,218.21975708007812
1343,1745910113.9728522,196.00844383239746
1344,1745910114.1644804,190.629243850708
1345,1745910114.4174972,253.01671028137207
1346,1745910114.6019034,184.40628051757812
1347,1745910114.7854607,183.55727195739746
1348,1745910115.043246,257.7853202819824
1349,1745910115.3395743,296.3283061981201
1350,1745910115.5273862,186.85674667358398
1351,1745910115.7144816,187.09540367126465
1352,1745910115.9054592,188.94720077514648
1353,1745910116.1651607,258.69250297546387
1354,1745910116.351064,184.90266799926758
1355,1745910116.5401094,188.04931640625
1356,1745910116.7842553,244.14587020874023
1357,1745910116.9917886,207.5333595275879
1358,1745910117.2846305,292.84191131591797
1359,1745910117.472446,187.81542778015137
1360,1745910117.6692734,196.82741165161133
1361,1745910117.8611758,190.7827854156494
1362,1745910118.0521128,189.93544578552246
1363,1745910118.238436,186.3231658935547
1364,1745910118.474454,236.01794242858887
1365,1745910118.659365,183.91108512878418
1366,1745910118.847507,186.7978572845459
1367,1745910119.0311403,183.63332748413086
1368,1745910119.333603,302.4625778198242
1369,1745910119.523076,188.96818161010742
1370,1745910119.7100096,185.93263626098633
1371,1745910119.8993356,189.0084743499756
1372,1745910120.163995,264.6594047546387
1373,1745910120.4598117,294.76022720336914
1374,1745910120.7736952,312.88886070251465
1375,1745910121.0858898,312.1945858001709
1376,1745910121.3731325,287.2426509857178
1377,1745910121.5593836,186.25116348266602
1378,1745910121.7446952,185.31155586242676
1379,1745910121.9307294,186.0342025756836
1380,1745910122.1176205,186.8910789489746
1381,1745910122.3062348,186.09118461608887
1382,1745910122.5469897,240.7548427581787
1383,1745910122.7413516,194.36192512512207
1384,1745910122.9340608,192.70920753479004
1385,1745910123.1192808,184.28564071655273
1386,1745910123.306574,186.07664108276367
1387,1745910123.499158,191.59317016601562
1388,1745910123.687404,187.23678588867188
1389,1745910123.8745193,186.11645698547363
1390,1745910124.0615635,187.0441436767578
1391,1745910124.2514226,188.87591361999512
1392,1745910124.4412837,188.9352798461914
1393,1745910124.6556385,214.3547534942627
1394,1745910124.8530762,197.43776321411133
1395,1745910125.047798,193.8033103942871
1396,1745910125.235577,187.77918815612793
1397,1745910125.4283955,192.81840324401855
1398,1745910125.6372092,208.81366729736328
1399,1745910125.8310726,193.8633918762207
1400,1745910126.0943913,262.23182678222656
1401,1745910126.2807271,186.33580207824707
1402,1745910126.4802282,199.50103759765625
1403,1745910127.4944394,nan
1404,1745910127.683179,187.744140625
1405,1745910127.8714406,188.2617473602295
1406,1745910128.135181,263.74030113220215
1407,1745910128.3217728,186.59186363220215
1408,1745910128.5233073,201.53450965881348
1409,1745910128.7600198,235.78953742980957
1410,1745910128.9530082,191.9865608215332
1411,1745910129.1415493,187.4392032623291
1412,1745910129.3274043,184.85713005065918
1413,1745910129.5193028,190.39368629455566
1414,1745910129.755921,235.50677299499512
1415,1745910129.9451869,189.26596641540527
1416,1745910130.1507087,204.43320274353027
1417,1745910131.1653728,nan
1418,1745910131.3550813,189.70847129821777
1419,1745910131.5396767,184.59534645080566
1420,1745910131.728112,188.43531608581543
1421,1745910131.9273355,199.22351837158203
1422,1745910132.1150122,187.67666816711426
1423,1745910132.303551,188.5387897491455
1424,1745910132.5004952,195.94240188598633
1425,1745910132.6894224,187.92009353637695
1426,1745910132.8765962,186.0053539276123
1427,1745910133.0621588,185.5626106262207
1428,1745910133.250928,188.76910209655762
1429,1745910133.440201,189.27311897277832
1430,1745910133.625004,184.80300903320312
1431,1745910133.8113868,186.38277053833008
1432,1745910133.999882,188.49515914916992
1433,1745910134.1912582,190.37795066833496
1434,1745910134.4919882,299.7171878814697
1435,1745910134.6794875,187.4992847442627
1436,1745910134.8673806,187.38722801208496
1437,1745910135.0546744,187.29376792907715
1438,1745910135.2413845,185.6832504272461
1439,1745910135.4334328,191.192626953125
1440,1745910135.6216087,188.17591667175293
1441,1745910135.8097742,188.16542625427246
1442,1745910135.9970531,187.27898597717285
1443,1745910136.1845407,187.48760223388672
1444,1745910136.3703067,185.76598167419434
1445,1745910136.5632873,192.98052787780762
1446,1745910136.7492542,185.96696853637695
1447,1745910136.9375927,188.3385181427002
1448,1745910137.1539512,214.84756469726562
1449,1745910137.342363,186.36202812194824
1450,1745910137.528804,186.44094467163086
1451,1745910137.7163298,187.01982498168945
1452,1745910137.9109828,193.6507225036621
1453,1745910138.1774628,265.2440071105957
1454,1745910138.36565,188.1871223449707
1455,1745910138.5530374,187.38746643066406
1456,1745910138.7974093,244.37189102172852
1457,1745910138.9862561,187.84761428833008
1458,1745910139.1730962,186.84005737304688
1459,1745910139.3601515,187.0553493499756
1460,1745910139.545079,184.92746353149414
1461,1745910139.7317731,185.87636947631836
1462,1745910139.9181285,185.35518646240234
1463,1745910140.1121666,194.03815269470215
1464,1745910140.4233801,310.2123737335205
1465,1745910140.6141698,189.79191780090332
1466,1745910140.8141418,198.97222518920898
1467,1745910141.0465066,232.36489295959473
1468,1745910141.2362084,189.70179557800293
1469,1745910141.4231598,185.85467338562012
1470,1745910141.618993,194.87547874450684
1471,1745910141.803436,184.44299697875977
1472,1745910141.9916449,187.21270561218262
1473,1745910142.1791353,187.49046325683594
1474,1745910142.4306204,250.46777725219727
1475,1745910142.6233764,191.7552947998047
1476,1745910142.81015,186.77353858947754
1477,1745910143.0928438,282.69386291503906
1478,1745910143.279787,185.9414577484131
1479,1745910143.4630766,182.27696418762207
1480,1745910143.6497993,185.2097511291504
1481,1745910143.8360453,185.23788452148438
1482,1745910144.0296462,192.67606735229492
1483,1745910144.2182047,187.54959106445312
1484,1745910144.5215065,302.2270202636719
1485,1745910144.7145038,191.9412612915039
1486,1745910144.9014988,186.9950294494629
1487,1745910145.08731,185.81128120422363
1488,1745910145.2758658,187.46709823608398
1489,1745910145.4627051,186.83934211730957
1490,1745910145.649342,185.41717529296875
1491,1745910145.8366911,186.33532524108887
1492,1745910146.0600188,222.33152389526367
1493,1745910146.2523181,191.26248359680176
1494,1745910146.439083,186.76495552062988
1495,1745910146.6821473,242.04158782958984
1496,1745910146.8665688,184.42153930664062
1497,1745910147.0548062,186.72990798950195
1498,1745910147.2435937,188.78746032714844
1499,1745910147.4936435,249.09710884094238
1500,1745910148.5156,nan
1501,1745910148.7191422,203.54223251342773
1502,1745910148.907853,188.71068954467773
1503,1745910149.1015747,193.72177124023438
1504,1745910149.2896528,188.0781650543213
1505,1745910149.476551,185.89305877685547
1506,1745910149.6644516,187.90054321289062
1507,1745910149.8520715,187.6199245452881
1508,1745910150.0421312,190.05966186523438
1509,1745910150.2273536,185.22238731384277
1510,1745910150.485599,257.32898712158203
1511,1745910150.7661207,280.5216312408447
1512,1745910150.951849,184.7207546234131
1513,1745910151.1399899,187.14165687561035
1514,1745910151.3254075,185.41765213012695
1515,1745910151.5141284,188.7209415435791
1516,1745910151.7036424,189.5139217376709
1517,1745910151.8907723,185.9729290008545
1518,1745910152.0918114,200.03843307495117
1519,1745910152.2781146,186.30313873291016
1520,1745910152.4668753,187.75320053100586
1521,1745910152.7124193,244.59099769592285
1522,1745910152.900175,186.753511428833
1523,1745910153.0902982,190.1230812072754
1524,1745910153.338115,246.7367649078369
1525,1745910153.5567565,217.56267547607422
1526,1745910153.8018072,245.05066871643066
1527,1745910154.0224473,219.6183204650879
1528,1745910154.2404923,217.04435348510742
1529,1745910154.5602698,318.77732276916504
1530,1745910155.568289,nan
1531,1745910155.7568438,188.5547637939453
1532,1745910155.9473646,190.5207633972168
1533,1745910156.1972706,249.90606307983398
1534,1745910156.3829222,185.6515407562256
1535,1745910156.5723462,188.42315673828125
1536,1745910156.8210664,247.7583885192871
1537,1745910157.0725107,250.55241584777832
1538,1745910157.2573864,184.8757266998291
1539,1745910157.4729629,214.57719802856445
1540,1745910157.6629214,188.94720077514648
1541,1745910157.874304,210.38198471069336
1542,1745910158.0897079,214.40434455871582
1543,1745910158.2867522,197.04437255859375
1544,1745910158.4848926,197.13115692138672
1545,1745910158.673324,188.4315013885498
1546,1745910158.8597565,185.43291091918945
1547,1745910159.163303,302.539587020874
1548,1745910159.351402,187.09659576416016
1549,1745910159.5390453,186.7387294769287
1550,1745910159.7255762,186.53082847595215
1551,1745910159.9141572,187.68024444580078
1552,1745910160.1029985,188.8413429260254
1553,1745910160.2957747,192.77620315551758
1554,1745910160.4829893,187.21461296081543
1555,1745910160.6722002,188.2174015045166
1556,1745910160.8604887,188.28845024108887
1557,1745910161.1176133,257.124662399292
1558,1745910161.3067617,189.1484260559082
1559,1745910161.5039046,197.1428394317627
1560,1745910161.7013628,197.45826721191406
1561,1745910161.8894336,187.06941604614258
1562,1745910162.1347513,244.30489540100098
1563,1745910162.328207,192.4433708190918
1564,1745910162.5255375,197.33047485351562
1565,1745910162.714561,189.02349472045898
1566,1745910162.9002302,185.6691837310791
1567,1745910163.0857797,185.54949760437012
1568,1745910163.2749403,189.16058540344238
1569,1745910163.566902,291.961669921875
1570,1745910163.7594569,192.55495071411133
1571,1745910163.946582,186.08736991882324
1572,1745910164.1323054,185.72330474853516
1573,1745910164.3202322,187.35575675964355
1574,1745910164.5733044,253.07226181030273
1575,1745910164.7611587,186.85507774353027
1576,1745910164.9478748,186.71607971191406
1577,1745910165.2015,252.11811065673828
1578,1745910165.3854394,183.93945693969727
1579,1745910165.5729043,187.46495246887207
1580,1745910165.7593024,185.3957176208496
1581,1745910165.9454348,186.13243103027344
1582,1745910166.1333454,186.91158294677734
1583,1745910166.329416,196.07067108154297
1584,1745910166.538427,208.50205421447754
1585,1745910166.7257156,187.2885227203369
1586,1745910166.9166799,189.46242332458496
1587,1745910167.1094637,191.70737266540527
1588,1745910167.2965837,186.10835075378418
1589,1745910167.4833567,185.77003479003906
1590,1745910167.670244,185.8201026916504
1591,1745910167.8566163,186.3722801208496
1592,1745910168.0456557,188.04287910461426
1593,1745910168.2336085,187.95275688171387
1594,1745910168.4813466,247.73812294006348
1595,1745910168.667555,186.20848655700684
1596,1745910168.8553855,186.31505966186523
1597,1745910169.0447903,188.40360641479492
1598,1745910169.2326,186.78975105285645
1599,1745910169.4204695,187.86954879760742
1600,1745910169.6072936,186.82408332824707
1601,1745910169.7972105,188.99846076965332
1602,1745910169.9829347,185.72425842285156
1603,1745910170.1723902,189.45550918579102
1604,1745910170.3584118,186.0215663909912
1605,1745910170.5456076,186.19370460510254
1606,1745910170.7324007,186.79308891296387
1607,1745910170.9207237,186.8288516998291
1608,1745910171.1094022,188.67850303649902
1609,1745910171.2953043,185.90211868286133
1610,1745910171.561394,264.0879154205322
1611,1745910171.7577999,196.40588760375977
1612,1745910171.9497504,190.4428005218506
1613,1745910172.1430843,192.33322143554688
1614,1745910172.337158,193.07184219360352
1615,1745910172.5360434,198.88544082641602
1616,1745910172.7298117,192.65413284301758
1617,1745910173.0030398,273.2281684875488
1618,1745910173.3144536,311.4137649536133
1619,1745910173.5153117,199.8765468597412
1620,1745910173.7014227,186.1109733581543
1621,1745910173.8876853,186.2626075744629
1622,1745910174.074362,186.6767406463623
1623,1745910174.2619643,186.59043312072754
1624,1745910174.5257056,263.74125480651855
1625,1745910174.7123258,186.62023544311523
1626,1745910174.9020019,187.23464012145996
1627,1745910175.0878687,185.8668327331543
1628,1745910175.2755556,187.68692016601562
1629,1745910175.4619853,185.43028831481934
1630,1745910175.6517775,188.79270553588867
1631,1745910175.839352,187.5743865966797
1632,1745910176.0250263,185.1661205291748
1633,1745910176.2096837,184.65733528137207
1634,1745910176.4733858,263.7021541595459
1635,1745910176.6593015,185.91570854187012
1636,1745910176.8509326,191.63107872009277
1637,1745910177.036299,184.29017066955566
1638,1745910177.221754,185.4550838470459
1639,1745910177.40822,185.38808822631836
1640,1745910177.6023142,193.09258460998535
1641,1745910177.7915916,189.27741050720215
1642,1745910177.98168,190.08827209472656
1643,1745910178.1668496,185.16969680786133
1644,1745910178.357036,188.92884254455566
1645,1745910178.549052,190.86837768554688
1646,1745910178.7383676,189.3155574798584
1647,1745910178.9280803,189.7127628326416
1648,1745910179.1127357,184.65542793273926
1649,1745910179.3104007,197.66497611999512
1650,1745910180.3147957,nan
1651,1745910181.3268807,nan
1652,1745910181.5300026,203.12190055847168
1653,1745910181.717494,186.4161491394043
1654,1745910181.9057026,188.20858001708984
1655,1745910182.0948865,187.18552589416504
1656,1745910182.2943656,198.47893714904785
1657,1745910182.4812672,186.90156936645508
1658,1745910182.729831,248.5637664794922
1659,1745910182.9276183,197.78728485107422
1660,1745910183.1175618,189.9435520172119
1661,1745910183.3077273,190.16551971435547
1662,1745910183.515979,206.7420482635498
1663,1745910183.7030127,187.03365325927734
1664,1745910183.889042,186.02919578552246
1665,1745910184.0773408,188.29894065856934
1666,1745910184.2634864,185.14561653137207
1667,1745910184.5646105,301.12409591674805
1668,1745910184.7521236,187.5131130218506
1669,1745910184.9412613,188.13657760620117
1670,1745910185.1279402,186.67888641357422
1671,1745910185.3382595,210.31928062438965
1672,1745910185.5250206,186.76114082336426
1673,1745910185.7124002,186.37394905090332
1674,1745910185.9119515,199.55134391784668
1675,1745910186.145544,233.59251022338867
1676,1745910186.4042034,258.65936279296875
1677,1745910186.597952,192.66462326049805
1678,1745910186.7912548,193.30286979675293
1679,1745910186.9779665,186.71178817749023
1680,1745910187.16441,186.44356727600098
1681,1745910187.3515308,186.12051010131836
1682,1745910187.5414941,189.96334075927734
1683,1745910187.8051105,263.61632347106934
1684,1745910187.9936404,188.52996826171875
1685,1745910188.186453,192.81268119812012
1686,1745910188.3723958,184.94224548339844
1687,1745910188.5583937,184.93294715881348
1688,1745910188.7465384,188.14468383789062
1689,1745910189.0934017,346.28963470458984
1690,1745910189.290089,195.6918239593506
1691,1745910189.52615,236.06109619140625
1692,1745910189.7120697,184.92484092712402
1693,1745910189.898129,186.05923652648926
1694,1745910190.0883062,189.1775131225586
1695,1745910190.277626,189.31984901428223
1696,1745910190.50432,226.69386863708496
1697,1745910190.6922479,186.87057495117188
1698,1745910190.8775706,185.32276153564453
1699,1745910191.0647252,185.5461597442627
1700,1745910191.2572336,192.50845909118652
1701,1745910191.446592,189.35847282409668
1702,1745910191.649949,202.28910446166992
1703,1745910191.8432975,192.34848022460938
1704,1745910192.039077,195.77956199645996
1705,1745910192.2297268,190.64974784851074
1706,1745910192.4228086,192.0762062072754
1707,1745910192.6180093,195.20068168640137
1708,1745910192.8095329,190.52529335021973
1709,1745910192.9962208,185.67419052124023
1710,1745910193.1844206,187.09969520568848
1711,1745910193.3961577,211.73715591430664
1712,1745910193.5982006,201.04217529296875
1713,1745910193.801602,203.4013271331787
1714,1745910194.0163321,214.73026275634766
1715,1745910194.2023582,186.02609634399414
1716,1745910194.3967423,194.38409805297852
1717,1745910194.7100928,313.3504390716553
1718,1745910194.8990526,187.95323371887207
1719,1745910195.1342707,234.7102165222168
1720,1745910195.4311836,296.91290855407715
1721,1745910195.6353567,203.16839218139648
1722,1745910195.855549,220.19243240356445
1723,1745910196.043619,188.06982040405273
1724,1745910196.2312043,187.58535385131836
1725,1745910196.4257746,193.30859184265137
1726,1745910196.6132076,186.48576736450195
1727,1745910196.80054,187.3323917388916
1728,1745910196.9892576,187.71886825561523
1729,1745910197.1813142,191.52259826660156
1730,1745910197.3734171,192.10290908813477
1731,1745910197.5606713,186.32793426513672
1732,1745910197.7468362,186.16485595703125
1733,1745910197.9354038,188.5676383972168
1734,1745910198.1221528,186.74898147583008
1735,1745910198.3363688,214.2159938812256
1736,1745910198.5238585,187.48974800109863
1737,1745910198.8012736,277.41503715515137
1738,1745910198.988235,185.90021133422852
1739,1745910199.1954722,207.23724365234375
1740,1745910199.3864045,190.02294540405273
1741,1745910199.5742097,187.80517578125
1742,1745910199.7605019,186.29217147827148
1743,1745910199.9493814,188.87948989868164
1744,1745910200.135527,186.14554405212402
1745,1745910200.3233397,186.90037727355957
1746,1745910200.5444124,220.1824188232422
1747,1745910200.7337468,189.33439254760742
1748,1745910200.9196124,185.8656406402588
1749,1745910201.107261,186.52033805847168
1750,1745910201.2938297,186.5687370300293
1751,1745910201.5363548,242.5251007080078
1752,1745910201.7272704,190.91558456420898
1753,1745910201.9144435,186.25664710998535
1754,1745910202.1015456,187.1020793914795
1755,1745910202.3146758,212.1286392211914
1756,1745910202.5084891,193.81332397460938
1757,1745910202.8665018,357.50389099121094
1758,1745910203.1131556,245.6512451171875
1759,1745910203.3266451,211.48157119750977
1760,1745910203.5401173,213.4721279144287
1761,1745910203.8298442,289.72697257995605
1762,1745910204.0191247,189.28050994873047
1763,1745910204.2077112,187.5767707824707
1764,1745910204.395116,187.40487098693848
1765,1745910204.5821068,186.99073791503906
1766,1745910204.8144546,232.3477268218994
1767,1745910205.0065944,191.19668006896973
1768,1745910205.1945076,186.94663047790527
1769,1745910205.3834956,187.9737377166748
1770,1745910205.5719597,188.46416473388672
1771,1745910205.7693758,197.4160671234131
1772,1745910205.9576154,187.7272129058838
1773,1745910206.143472,185.85658073425293
1774,1745910206.3306665,186.19465827941895
1775,1745910206.5856483,253.9806365966797
1776,1745910206.7717617,186.1133575439453
1777,1745910206.9603004,187.93010711669922
1778,1745910207.1502795,189.97907638549805
1779,1745910207.3365037,186.22422218322754
1780,1745910207.5353851,198.8813877105713
1781,1745910207.8155792,280.1940441131592
1782,1745910208.019721,203.14335823059082
1783,1745910208.2062745,185.54973602294922
1784,1745910208.3924706,186.19608879089355
1785,1745910208.5821297,188.66825103759766
1786,1745910208.7870107,203.97257804870605
1787,1745910208.9921606,204.1490077972412
1788,1745910209.184423,192.2624111175537
1789,1745910209.3800435,195.62053680419922
1790,1745910209.5679002,187.85667419433594
1791,1745910209.7559674,188.06719779968262
1792,1745910209.9435756,186.60974502563477
1793,1745910210.1292875,185.71186065673828
1794,1745910210.317925,188.63749504089355
1795,1745910210.509446,191.52092933654785
1796,1745910210.787414,277.968168258667
1797,1745910211.0002923,212.87822723388672
1798,1745910211.2242537,223.96135330200195
1799,1745910211.4096773,185.4236125946045
1800,1745910211.7070262,296.3404655456543
1801,1745910211.894546,187.51978874206543
1802,1745910212.0847766,190.2306079864502
1803,1745910212.2713392,186.56253814697266
1804,1745910212.4577682,186.42902374267578
1805,1745910212.7214282,263.6599540710449
1806,1745910212.9117076,190.27948379516602
1807,1745910213.0992799,186.61260604858398
1808,1745910213.2874799,187.18576431274414
1809,1745910213.4745595,187.07966804504395
1810,1745910213.663242,187.59918212890625
1811,1745910213.8480675,184.82542037963867
1812,1745910214.0358772,186.80644035339355
1813,1745910214.229482,192.582368850708
1814,1745910214.4182725,188.79055976867676
1815,1745910214.6695507,251.27816200256348
1816,1745910214.8548548,184.82017517089844
1817,1745910215.042845,187.9901885986328
1818,1745910215.2278616,185.01663208007812
1819,1745910215.4145799,185.20522117614746
1820,1745910215.6935873,279.0074348449707
1821,1745910215.8816304,188.04311752319336
1822,1745910216.070268,186.63859367370605
1823,1745910216.255865,185.59718132019043
1824,1745910216.4453092,189.44406509399414
1825,1745910216.7165215,271.2123394012451
1826,1745910216.9059627,187.9422664642334
1827,1745910217.0976307,190.673828125
1828,1745910217.3000448,200.02293586730957
1829,1745910217.484543,184.49831008911133
1830,1745910217.6714773,186.934232711792
1831,1745910217.8584085,186.93113327026367
1832,1745910218.0439408,185.5323314666748
1833,1745910218.2302978,185.302734375
1834,1745910218.4279203,196.53081893920898
1835,1745910218.763297,335.3767395019531
1836,1745910218.9518325,188.5354518890381
1837,1745910219.138261,185.42909622192383
1838,1745910219.3256204,187.35933303833008
1839,1745910219.5150282,189.4078254699707
1840,1745910219.700464,184.44466590881348
1841,1745910219.88747,185.92119216918945
1842,1745910220.075362,187.89196014404297
1843,1745910220.2644846,189.12267684936523
1844,1745910220.4505494,186.0647201538086
1845,1745910220.6391726,188.62318992614746
1846,1745910220.8268094,187.12639808654785
1847,1745910221.0179367,191.12730026245117
1848,1745910221.2103333,192.3966407775879
1849,1745910222.223987,nan
1850,1745910222.4176602,193.67313385009766
1851,1745910222.6074438,188.2762908935547
1852,1745910222.834716,226.24945640563965
1853,1745910223.025219,190.50288200378418
1854,1745910223.2388175,212.6021385192871
1855,1745910223.427194,187.86907196044922
1856,1745910223.6170568,188.86232376098633
1857,1745910223.8833892,266.33238792419434
1858,1745910224.0917122,207.33046531677246
1859,1745910224.2997358,208.0235481262207
1860,1745910224.5169716,217.23580360412598
1861,1745910224.8217688,304.7971725463867
1862,1745910225.0425026,220.7338809967041
1863,1745910225.2326722,189.17393684387207
1864,1745910225.4233766,189.77737426757812
1865,1745910225.6100602,186.68365478515625
1866,1745910225.7947016,183.6414337158203
1867,1745910225.98515,189.44907188415527
1868,1745910226.1723218,186.15245819091797
1869,1745910226.358041,184.65256690979004
1870,1745910226.5457966,186.75613403320312
1871,1745910226.732159,186.36226654052734
1872,1745910226.9222045,189.04399871826172
1873,1745910227.1157875,192.67010688781738
1874,1745910227.3080869,191.29204750061035
1875,1745910227.4990273,190.94038009643555
1876,1745910227.6910794,192.05212593078613
1877,1745910227.8964293,204.33640480041504
1878,1745910228.086328,189.89872932434082
1879,1745910228.2769897,189.7594928741455
1880,1745910228.4641519,187.1621608734131
1881,1745910228.647482,183.33005905151367
1882,1745910228.837237,188.23742866516113
1883,1745910229.0235534,186.31649017333984
1884,1745910229.20983,185.1944923400879
1885,1745910229.395482,184.6456527709961
1886,1745910229.5823274,186.8453025817871
1887,1745910229.7737007,191.37334823608398
1888,1745910229.9606998,185.9152317047119
1889,1745910230.1477141,186.01512908935547
1890,1745910230.3357599,188.04574012756348
1891,1745910230.5351121,198.43626022338867
1892,1745910230.839252,304.1398525238037
1893,1745910231.0465968,206.8321704864502
1894,1745910231.3739648,327.36802101135254
1895,1745910231.5992951,225.33035278320312
1896,1745910232.610982,nan
1897,1745910232.8010523,190.07039070129395
1898,1745910232.9946272,192.57616996765137
1899,1745910233.189366,193.82023811340332
1900,1745910234.192536,nan
1901,1745910234.3827393,190.20318984985352
1902,1745910234.568319,185.57977676391602
1903,1745910234.8213568,252.03752517700195
1904,1745910235.0109835,189.62669372558594
1905,1745910235.1964905,184.51213836669922
1906,1745910235.3852673,187.82734870910645
1907,1745910235.571392,186.1248016357422
1908,1745910235.7596014,187.208890914917
1909,1745910235.9468951,187.29376792907715
1910,1745910236.1376412,188.5817050933838
1911,1745910236.323397,185.75572967529297
1912,1745910236.5075345,184.13758277893066
1913,1745910236.6944,186.86556816101074
1914,1745910236.8814988,187.09874153137207
1915,1745910237.0681438,185.63461303710938
1916,1745910237.2553988,186.34605407714844
1917,1745910237.4395976,184.19885635375977
1918,1745910237.633276,192.6722526550293
1919,1745910237.8201432,186.86723709106445
1920,1745910238.0073955,186.2645149230957
1921,1745910238.196036,187.5615119934082
1922,1745910238.3913805,195.3444480895996
1923,1745910238.5798986,188.51804733276367
1924,1745910238.8493557,269.4571018218994
1925,1745910239.0373268,187.66212463378906
1926,1745910239.223633,186.30623817443848
1927,1745910239.4126418,188.0660057067871
1928,1745910239.6025782,189.93639945983887
1929,1745910239.7903771,186.82098388671875
1930,1745910239.9764488,186.07163429260254
1931,1745910240.1674197,189.89825248718262
1932,1745910240.3662722,197.9517936706543
1933,1745910240.5578492,190.49501419067383
1934,1745910240.75823,200.38080215454102
1935,1745910240.9531164,193.88842582702637
1936,1745910241.1398351,186.71870231628418
1937,1745910241.3275342,187.6990795135498
1938,1745910241.5461278,217.51713752746582
1939,1745910241.7397366,193.60876083374023
1940,1745910241.9378521,197.10803031921387
1941,1745910242.1323223,194.47016716003418
1942,1745910242.3184583,185.09459495544434
1943,1745910242.5074046,188.07625770568848
1944,1745910242.7014115,194.00691986083984
1945,1745910242.8896728,188.2612705230713
1946,1745910243.0763888,186.71607971191406
1947,1745910243.2718687,194.4739818572998
1948,1745910243.4911244,218.24288368225098
1949,1745910244.5003252,nan
1950,1745910244.7350504,234.7252368927002
1951,1745910244.9376414,202.5909423828125
1952,1745910245.1257596,188.11821937561035
1953,1745910245.3126347,185.87636947631836
1954,1745910245.5826414,269.06704902648926
1955,1745910245.7690606,186.41924858093262
1956,1745910245.9569366,187.87598609924316
1957,1745910246.1467745,189.83793258666992
1958,1745910246.3339505,187.17598915100098
1959,1745910246.610866,275.91538429260254
1960,1745910246.8001347,189.2685890197754
1961,1745910247.8146656,nan
1962,1745910248.0031404,187.60275840759277
1963,1745910248.187881,184.74054336547852
1964,1745910248.3729298,185.04881858825684
1965,1745910248.5637836,190.85383415222168
1966,1745910249.5779498,nan
1967,1745910249.910425,331.59494400024414
1968,1745910250.1377761,227.35118865966797
1969,1745910250.4941168,354.8316955566406
1970,1745910250.6815069,187.39008903503418
1971,1745910250.8694298,187.92295455932617
1972,1745910251.0564802,186.04111671447754
1973,1745910251.242469,185.9889030456543
1974,1745910251.427551,184.1115951538086
1975,1745910251.6374922,209.94114875793457
1976,1745910251.8254092,186.40947341918945
1977,1745910252.0750175,249.60827827453613
1978,1745910252.3194053,243.4384822845459
1979,1745910252.5201879,200.09922981262207
1980,1745910252.709412,188.16685676574707
1981,1745910252.8975644,187.62946128845215
1982,1745910253.0859969,188.4324550628662
1983,1745910253.2742887,188.2917881011963
1984,1745910253.4676197,192.4002170562744
1985,1745910253.6525457,184.92603302001953
1986,1745910253.8407714,187.36982345581055
1987,1745910254.029749,188.97747993469238
1988,1745910254.221262,190.9928321838379
1989,1745910254.4093235,188.06147575378418
1990,1745910254.5975218,187.6847743988037
1991,1745910254.8067303,209.20848846435547
1992,1745910254.9944339,187.70360946655273
1993,1745910255.184325,188.04574012756348
1994,1745910255.399024,214.69902992248535
1995,1745910255.5871258,187.50429153442383
1996,1745910255.7927682,205.6424617767334
1997,1745910255.9863107,193.54248046875
1998,1745910256.173607,187.29639053344727
1999,1745910256.365521,191.91384315490723
2000,1745910256.569478,203.95708084106445
2001,1745910256.7651172,194.63348388671875
2002,1745910256.955246,189.12935256958008
2003,1745910257.1677754,212.52942085266113
2004,1745910257.3658679,198.09246063232422
2005,1745910257.6022305,236.36269569396973
2006,1745910257.818129,214.8592472076416
2007,1745910258.053715,235.58592796325684
2008,1745910258.27249,217.2081470489502
2009,1745910258.4611058,188.6157989501953
2010,1745910258.648768,186.52892112731934
2011,1745910258.8543246,205.04283905029297
2012,1745910259.0420084,186.6781711578369
2013,1745910259.2290914,186.16676330566406
2014,1745910259.4142218,184.62371826171875
2015,1745910259.6023214,188.09962272644043
2016,1745910259.807778,205.45649528503418
2017,1745910259.9952369,187.45899200439453
2018,1745910260.1818163,185.67442893981934
2019,1745910260.3721757,190.35935401916504
2020,1745910260.570606,198.43029975891113
2021,1745910260.7552464,184.64040756225586
2022,1745910260.941275,186.02848052978516
2023,1745910261.127236,184.96179580688477
2024,1745910261.3124135,184.18002128601074
2025,1745910261.4963794,183.04872512817383
2026,1745910261.6860855,188.4317398071289
2027,1745910261.872684,185.5032444000244
2028,1745910262.0579252,184.28540229797363
2029,1745910262.2547572,196.83194160461426
2030,1745910262.4396393,184.88216400146484
2031,1745910262.6245353,184.37767028808594
2032,1745910262.808046,183.51078033447266
2033,1745910262.9997673,190.71602821350098
2034,1745910263.189283,189.5155906677246
2035,1745910263.373715,183.90583992004395
2036,1745910263.5589309,184.21506881713867
2037,1745910263.744252,185.32109260559082
2038,1745910263.9308112,185.55402755737305
2039,1745910264.115215,183.39967727661133
2040,1745910264.305255,189.12386894226074
2041,1745910264.4974563,192.2013759613037
2042,1745910264.685918,186.6772174835205
2043,1745910264.872466,186.54799461364746
2044,1745910265.0613747,187.9098415374756
2045,1745910265.248379,186.0969066619873
2046,1745910265.4362755,187.8964900970459
2047,1745910265.62766,191.38455390930176
2048,1745910265.8191535,189.98289108276367
2049,1745910266.0120244,191.84017181396484
2050,1745910266.199466,187.44158744812012
2051,1745910266.389771,190.30499458312988
2052,1745910266.5773358,187.56484985351562
2053,1745910266.7672045,187.70384788513184
2054,1745910266.9559028,188.69829177856445
2055,1745910267.149049,193.1462287902832
2056,1745910267.337938,188.8890266418457
2057,1745910267.5401657,200.7129192352295
2058,1745910267.7310445,190.87886810302734
2059,1745910267.9175403,186.49578094482422
2060,1745910268.1175883,198.54140281677246
2061,1745910268.3089738,191.38550758361816
2062,1745910268.5090914,199.1105079650879
2063,1745910268.7116053,201.4143466949463
2064,1745910268.905276,192.72780418395996
2065,1745910269.0949824,189.70632553100586
2066,1745910269.2840717,189.08929824829102
2067,1745910269.4732509,189.1791820526123
2068,1745910269.6673574,194.1065788269043
2069,1745910269.8579147,190.55724143981934
2070,1745910270.047795,189.88037109375
2071,1745910270.2359378,186.54203414916992
2072,1745910270.4224823,186.54441833496094
2073,1745910270.6113944,188.91215324401855
2074,1745910270.8030608,191.6663646697998
2075,1745910270.9914913,187.42918968200684
2076,1745910271.1820397,189.63217735290527
2077,1745910271.3681066,186.0668659210205
2078,1745910271.5541232,186.01655960083008
2079,1745910271.7398412,184.72647666931152
2080,1745910271.9267917,186.9504451751709
2081,1745910272.1131296,186.33794784545898
2082,1745910272.3006096,186.5236759185791
2083,1745910272.4927871,192.17753410339355
2084,1745910272.6837556,189.9700164794922
2085,1745910272.8713524,186.6014003753662
2086,1745910273.0596628,188.3103847503662
2087,1745910273.2473147,187.6518726348877
2088,1745910273.4340925,185.77909469604492
2089,1745910273.6231027,188.00973892211914
2090,1745910273.8092005,186.0978603363037
2091,1745910274.0013351,192.13461875915527
2092,1745910274.191264,189.92877006530762
2093,1745910274.4029448,210.6761932373047
2094,1745910274.6012833,198.33850860595703
2095,1745910274.8040721,202.7888298034668
2096,1745910274.9898794,184.80777740478516
2097,1745910275.1779141,188.0347728729248
2098,1745910275.366127,188.21287155151367
2099,1745910275.552706,186.57898902893066
2100,1745910275.7390218,185.31537055969238
2101,1745910275.9290228,189.49317932128906
2102,1745910276.1193738,189.33367729187012
2103,1745910276.305628,186.25426292419434
2104,1745910276.4926848,186.11860275268555
2105,1745910276.6862202,192.5358772277832
2106,1745910276.902383,215.1646614074707
2107,1745910277.0892808,186.89775466918945
2108,1745910277.2773821,188.10129165649414
2109,1745910277.4721797,193.79639625549316
2110,1745910277.6574144,185.23478507995605
2111,1745910277.8451009,185.1818561553955
2112,1745910278.0313509,186.2499713897705
2113,1745910278.2206783,188.31419944763184
2114,1745910278.4078403,186.16175651550293
2115,1745910278.608989,199.6443271636963
2116,1745910278.811844,202.85511016845703
2117,1745910279.003174,191.3299560546875
2118,1745910279.1951067,191.93267822265625
2119,1745910279.3821578,187.05105781555176
2120,1745910279.5701785,187.02030181884766
2121,1745910279.7564235,186.24496459960938
2122,1745910279.9470975,189.7575855255127
2123,1745910280.135424,188.32635879516602
2124,1745910280.3223553,186.93137168884277
2125,1745910280.5113742,189.01896476745605
2126,1745910280.7013237,189.94951248168945
2127,1745910280.888333,186.00797653198242
2128,1745910281.0783453,189.07833099365234
2129,1745910281.2673876,189.042329788208
2130,1745910281.4569693,189.58163261413574
2131,1745910282.4621418,nan
2132,1745910282.689148,226.13000869750977
2133,1745910282.8774323,187.0725154876709
2134,1745910283.0661833,186.76471710205078
2135,1745910283.257824,191.64061546325684
2136,1745910283.4608524,203.02844047546387
2137,1745910283.7062118,244.40813064575195
2138,1745910283.8935382,187.32643127441406
2139,1745910284.0819862,188.4479522705078
2140,1745910284.2710223,188.03787231445312
2141,1745910284.4610956,189.16988372802734
2142,1745910284.6543126,193.21703910827637
2143,1745910284.844423,190.110445022583
2144,1745910285.0322642,187.84117698669434
2145,1745910285.246764,214.49971199035645
2146,1745910285.4353416,187.55340576171875
2147,1745910285.6722007,236.85908317565918
2148,1745910285.8723385,199.13029670715332
2149,1745910286.0610113,188.6727809906006
2150,1745910286.251502,189.4831657409668
2151,1745910286.446134,193.51601600646973
2152,1745910286.644277,198.14300537109375
2153,1745910286.8402543,195.97721099853516
2154,1745910287.0322793,192.02494621276855
2155,1745910287.2625432,230.26394844055176
2156,1745910287.4521506,189.6073818206787
2157,1745910287.6591725,207.02195167541504
2158,1745910287.8744273,215.2547836303711
2159,1745910288.0627534,187.4086856842041
2160,1745910288.2512832,187.61229515075684
2161,1745910288.449034,197.75080680847168
2162,1745910288.6357982,186.76424026489258
2163,1745910288.8226864,186.8882179260254
2164,1745910289.0450394,222.3529815673828
2165,1745910289.2378943,192.8548812866211
2166,1745910289.4248242,186.92994117736816
2167,1745910289.613008,187.27445602416992
2168,1745910289.807509,194.50092315673828
2169,1745910289.9924202,184.91125106811523
2170,1745910290.206137,212.76378631591797
2171,1745910290.3920457,184.85307693481445
2172,1745910290.57927,187.2241497039795
2173,1745910290.7645874,184.30519104003906
2174,1745910290.9510586,185.4708194732666
2175,1745910291.1377184,185.6546401977539
2176,1745910291.326514,187.2866153717041
2177,1745910291.5150347,188.5206699371338
2178,1745910291.7447517,229.71701622009277
2179,1745910291.9455168,199.71871376037598
2180,1745910292.1342027,188.68589401245117
2181,1745910292.320509,186.30623817443848
2182,1745910292.5419078,220.32713890075684
2183,1745910292.7300777,188.1699562072754
2184,1745910292.9180765,186.98763847351074
2185,1745910293.1053808,187.30425834655762
2186,1745910293.294501,188.20905685424805
2187,1745910293.5253453,230.84425926208496
2188,1745910293.7111206,184.69929695129395
2189,1745910293.9065232,194.39291954040527
2190,1745910294.0968106,189.27502632141113
2191,1745910294.2862022,188.41075897216797
2192,1745910294.4737868,187.58463859558105
2193,1745910294.659111,185.32419204711914
2194,1745910294.8571124,197.4952220916748
2195,1745910295.047467,190.354585647583
2196,1745910295.2365422,189.07523155212402
2197,1745910295.4260335,189.49127197265625
2198,1745910295.6895201,262.5744342803955
2199,1745910295.886187,195.65486907958984
2200,1745910296.0983977,212.21065521240234
2201,1745910296.3364048,237.0777130126953
2202,1745910296.5333858,196.98095321655273
2203,1745910296.8014774,268.09167861938477
2204,1745910296.9901917,188.71426582336426
2205,1745910297.1894405,197.86596298217773
2206,1745910297.377646,188.20548057556152
2207,1745910297.5666397,187.48235702514648
2208,1745910297.790263,222.65982627868652
2209,1745910297.9846427,193.29166412353516
2210,1745910298.180272,195.62935829162598
2211,1745910298.3699083,188.66348266601562
2212,1745910298.5611584,191.25008583068848
2213,1745910298.75228,191.12157821655273
2214,1745910299.7565336,nan
2215,1745910299.9777997,221.2660312652588
2216,1745910300.1765702,198.77052307128906
2217,1745910300.362265,185.69493293762207
2218,1745910300.5767057,214.44058418273926
2219,1745910300.7991095,221.4038372039795
2220,1745910301.079387,280.2774906158447
2221,1745910301.3120556,232.66863822937012
2222,1745910301.5062604,194.20480728149414
2223,1745910301.6955304,189.27001953125
2224,1745910301.8892615,193.73106956481934
2225,1745910302.077807,188.54546546936035
2226,1745910302.2626276,184.82065200805664
2227,1745910302.4492745,185.6362819671631
2228,1745910302.6399395,189.65983390808105
2229,1745910302.8382452,198.30560684204102
2230,1745910303.032243,193.99785995483398
2231,1745910303.2235358,189.99814987182617
2232,1745910303.4175193,192.9306983947754
2233,1745910303.6250713,205.94096183776855
2234,1745910303.817978,191.90669059753418
2235,1745910304.0132723,194.29492950439453
2236,1745910304.2009308,186.74612045288086
2237,1745910304.411563,209.6257209777832
2238,1745910304.601982,190.41919708251953
2239,1745910304.7908359,188.85374069213867
2240,1745910304.9839523,193.1164264678955
2241,1745910305.170755,185.71853637695312
2242,1745910305.35847,187.7150535583496
2243,1745910305.5540824,195.10602951049805
2244,1745910305.7455106,191.42818450927734
2245,1745910305.9348323,188.31253051757812
2246,1745910306.1276753,191.75457954406738
2247,1745910306.3192732,191.59793853759766
2248,1745910307.3245912,nan
2249,1745910307.5175042,191.8962001800537
2250,1745910307.7053373,187.83307075500488
2251,1745910307.8933766,188.03930282592773
2252,1745910308.079197,185.8203411102295
2253,1745910308.2677135,188.51661682128906
2254,1745910308.457792,188.57216835021973
2255,1745910308.6526775,194.8854923248291
2256,1745910308.8409302,188.25268745422363
2257,1745910309.0276864,186.75613403320312
2258,1745910309.2130563,185.36996841430664
2259,1745910309.4016757,187.64162063598633
2260,1745910309.5935903,191.91455841064453
2261,1745910309.785995,191.41268730163574
2262,1745910309.9744906,188.49563598632812
2263,1745910310.1603317,184.91363525390625
2264,1745910310.346778,186.4461898803711
2265,1745910310.534076,187.29805946350098
2266,1745910310.7211776,187.1016025543213
2267,1745910310.9082642,186.0809326171875
2268,1745910311.102756,193.58062744140625
2269,1745910311.2927115,188.71450424194336
2270,1745910311.4781423,185.43076515197754
2271,1745910311.6661093,186.9668960571289
2272,1745910311.8525307,186.42139434814453
2273,1745910312.0404978,187.52074241638184
2274,1745910312.2315457,190.03582000732422
2275,1745910312.4204729,187.92080879211426
2276,1745910312.6073833,184.9052906036377
2277,1745910312.7978623,190.47904014587402
2278,1745910312.9874003,189.53800201416016
2279,1745910313.1949275,207.52716064453125
2280,1745910313.3867142,191.7867660522461
2281,1745910313.5794132,191.6971206665039
2282,1745910313.809206,229.79283332824707
2283,1745910313.9996595,189.94688987731934
2284,1745910314.1870034,186.28692626953125
2285,1745910314.3767085,189.70513343811035
2286,1745910314.565753,189.04447555541992
2287,1745910314.752473,186.7201328277588
2288,1745910314.9390664,185.57119369506836
2289,1745910315.1261253,187.0589256286621
2290,1745910315.4411812,315.05584716796875
2291,1745910315.627086,185.90474128723145
2292,1745910315.818274,190.27018547058105
2293,1745910316.0070193,188.74526023864746
2294,1745910316.1959918,187.96706199645996
2295,1745910316.3833559,187.3641014099121
2296,1745910316.572274,187.91842460632324
2297,1745910316.7596622,187.38818168640137
2298,1745910316.9463925,186.73038482666016
2299,1745910317.1420438,195.65129280090332
2300,1745910318.14527,nan
2301,1745910318.3967402,251.47008895874023
2302,1745910318.593827,196.1069107055664
2303,1745910318.7845917,189.74590301513672
2304,1745910318.9750733,189.4814968109131
2305,1745910319.161383,186.3095760345459
2306,1745910319.34763,185.2395534515381
2307,1745910319.5409658,193.33577156066895
2308,1745910319.7302392,188.27223777770996
2309,1745910319.918411,187.16835975646973
2310,1745910320.1091223,190.71125984191895
2311,1745910320.2951255,185.49728393554688
2312,1745910320.4823039,186.13052368164062
2313,1745910320.6771798,193.87149810791016
2314,1745910320.8716788,194.49901580810547
2315,1745910321.0842698,212.59093284606934
2316,1745910321.3330755,247.42865562438965
2317,1745910321.51782,184.74435806274414
2318,1745910321.7044556,186.63573265075684
2319,1745910321.893315,188.8594627380371
2320,1745910322.0812638,187.94870376586914
2321,1745910322.268102,185.8382225036621
2322,1745910322.4550653,185.96506118774414
2323,1745910322.6433156,187.25228309631348
2324,1745910322.8294501,186.13457679748535
2325,1745910323.0158749,185.41193008422852
2326,1745910323.2022953,186.42044067382812
2327,1745910323.3936563,191.3609504699707
2328,1745910324.4046729,nan
2329,1745910324.593957,188.41028213500977
2330,1745910324.7802835,186.3265037536621
2331,1745910324.96538,185.09650230407715
2332,1745910325.1524353,187.0553493499756
2333,1745910325.3394835,187.04819679260254
2334,1745910325.574667,234.5426082611084
2335,1745910325.7731266,197.45993614196777
2336,1745910325.9617758,187.6523494720459
2337,1745910326.1504397,187.71028518676758
2338,1745910326.3401153,189.67556953430176
2339,1745910326.5256703,185.55498123168945
2340,1745910326.7153525,189.6822452545166
2341,1745910326.9092402,193.88771057128906
2342,1745910327.0964196,185.9734058380127
2343,1745910327.2852335,187.81423568725586
2344,1745910327.4715464,186.31291389465332
2345,1745910328.4818392,nan
2346,1745910328.6687422,186.03754043579102
2347,1745910328.8553293,186.0790252685547
2348,1745910329.0425816,186.06925010681152
2349,1745910329.2291656,185.5788230895996
2350,1745910329.4146295,184.45324897766113
2351,1745910329.6031377,187.40606307983398
2352,1745910329.7900078,186.87009811401367
2353,1745910329.9770205,186.0368251800537
2354,1745910330.1639159,186.89537048339844
2355,1745910330.3525522,188.63630294799805
2356,1745910330.5398397,186.77687644958496
2357,1745910330.7292707,189.43095207214355
2358,1745910330.919774,190.50335884094238
2359,1745910331.1054018,185.62769889831543
2360,1745910331.2909248,184.61918830871582
2361,1745910331.4791443,186.69795989990234
2362,1745910331.6639984,184.85403060913086
2363,1745910331.8512702,187.2718334197998
2364,1745910332.041955,189.6839141845703
2365,1745910332.2289493,186.9943141937256
2366,1745910332.41705,188.10057640075684
2367,1745910332.6033623,185.31370162963867
2368,1745910332.7891622,185.79983711242676
2369,1745910332.9764895,187.32738494873047
2370,1745910333.1635323,187.0427131652832
2371,1745910333.3490274,184.4959259033203
2372,1745910333.5394294,190.40203094482422
2373,1745910333.7264376,187.00814247131348
2374,1745910333.9131653,186.72776222229004
2375,1745910334.1001933,187.0279312133789
2376,1745910334.363942,262.74800300598145
2377,1745910334.5598106,195.86873054504395
2378,1745910334.7461972,186.3865852355957
2379,1745910334.932988,185.67895889282227
2380,1745910335.1207108,187.72292137145996
2381,1745910335.30638,184.65948104858398
2382,1745910335.6029437,295.57275772094727
2383,1745910335.7915137,187.56365776062012
2384,1745910335.978404,185.94002723693848
2385,1745910336.2216425,242.23899841308594
2386,1745910336.4216313,198.9879608154297
2387,1745910336.608421,186.78975105285645
2388,1745910336.8003523,191.4229393005371
2389,1745910337.047629,246.2778091430664
2390,1745910337.3402236,292.59443283081055
2391,1745910337.526827,186.60354614257812
2392,1745910337.71721,190.3829574584961
2393,1745910337.9027317,185.52160263061523
2394,1745910338.089539,186.80739402770996
2395,1745910338.371404,281.86488151550293
2396,1745910338.5594406,188.03668022155762
2397,1745910338.7453375,184.8912239074707
2398,1745910338.9436076,197.18313217163086
2399,1745910339.1936746,250.06699562072754
2400,1745910339.3821318,188.45725059509277
2401,1745910339.5741265,190.9949779510498
2402,1745910339.760136,186.00940704345703
2403,1745910339.9478426,187.70670890808105
2404,1745910340.1977832,249.9406337738037
2405,1745910340.392194,194.4108009338379
2406,1745910340.5854313,193.2373046875
2407,1745910340.7744267,188.995361328125
2408,1745910340.9677277,193.30096244812012
2409,1745910341.2282734,260.5457305908203
2410,1745910341.4136517,184.3850612640381
2411,1745910341.6042743,189.6188259124756
2412,1745910341.8110168,206.23326301574707
2413,1745910342.027852,216.83526039123535
2414,1745910342.2333424,203.98330688476562
2415,1745910342.4254708,192.12841987609863
2416,1745910342.6361492,210.6783390045166
2417,1745910342.8454556,209.3064785003662
2418,1745910343.085186,237.72573471069336
2419,1745910343.5869641,501.77812576293945
2420,1745910343.8735516,286.5874767303467
2421,1745910344.2611616,386.6293430328369
2422,1745910344.4492347,188.07315826416016
2423,1745910344.6518838,202.64911651611328
2424,1745910344.8476603,194.7634220123291
2425,1745910345.1360974,286.9305610656738
2426,1745910345.4296036,292.50025749206543
2427,1745910345.6222417,192.63815879821777
2428,1745910345.8138921,190.57273864746094
2429,1745910346.0022204,188.32826614379883
2430,1745910346.191535,189.314603805542
2431,1745910346.4579394,265.5045986175537
2432,1745910346.6439354,185.99605560302734
2433,1745910346.8300052,185.5626106262207
2434,1745910347.0152335,185.2283477783203
2435,1745910347.281753,266.51954650878906
2436,1745910347.4683418,186.58876419067383
2437,1745910348.4762306,nan
2438,1745910348.6655502,187.2994899749756
2439,1745910348.849052,183.5017204284668
2440,1745910349.0359132,185.56857109069824
2441,1745910349.2209451,184.06319618225098
2442,1745910349.5311432,310.1980686187744
2443,1745910349.8430517,311.908483505249
2444,1745910350.0302067,187.15500831604004
2445,1745910350.2181723,187.96563148498535
2446,1745910350.4017932,183.62092971801758
2447,1745910350.5874705,184.7555637359619
2448,1745910350.7773044,189.8338794708252
2449,1745910350.961563,184.25869941711426
2450,1745910351.257925,296.36192321777344
2451,1745910351.450533,192.60787963867188
2452,1745910351.6543355,202.86011695861816
2453,1745910351.8533156,197.9660987854004
2454,1745910352.0420096,188.69400024414062
2455,1745910352.2274456,185.43601036071777
2456,1745910352.4176738,190.22822380065918
2457,1745910352.6104443,192.20471382141113
2458,1745910352.7975523,187.10803985595703
2459,1745910352.990346,191.2863254547119
2460,1745910353.2313714,240.0219440460205
2461,1745910353.4214785,190.1071071624756
2462,1745910353.6143897,192.91114807128906
2463,1745910353.80481,190.42038917541504
2464,1745910353.9911406,186.33055686950684
2465,1745910354.179418,188.2774829864502
2466,1745910354.4472291,267.8110599517822
2467,1745910354.6357121,188.48299980163574
2468,1745910354.8239558,187.22867965698242
2469,1745910355.016548,192.59214401245117
2470,1745910355.2670217,250.4737377166748
2471,1745910355.4535558,185.105562210083
2472,1745910355.640555,186.99908256530762
2473,1745910355.8763168,234.7574234008789
2474,1745910356.0735352,197.2184181213379
2475,1745910356.259041,185.50586700439453
2476,1745910356.4458387,185.7895851135254
2477,1745910356.632107,186.26832962036133
2478,1745910356.819502,187.3950958251953
2479,1745910357.0053968,185.18662452697754
2480,1745910357.3182,312.8032684326172
2481,1745910357.5066557,188.45558166503906
2482,1745910357.6964595,189.8038387298584
2483,1745910357.881781,185.32156944274902
2484,1745910358.0668461,185.06503105163574
2485,1745910358.2520485,185.20236015319824
2486,1745910358.4382272,185.1789951324463
2487,1745910358.6270041,188.77696990966797
2488,1745910358.8133652,186.36107444763184
2489,1745910359.0100858,196.72060012817383
2490,1745910359.2621312,251.04379653930664
2491,1745910359.4476058,185.47463417053223
2492,1745910359.6337795,184.66615676879883
2493,1745910359.8182778,183.49742889404297
2494,1745910360.0102925,190.50884246826172
2495,1745910360.1976914,186.39469146728516
2496,1745910360.4053006,207.6091766357422
2497,1745910360.6919017,285.602331161499
2498,1745910360.879227,187.32523918151855
2499,1745910361.0689545,188.71641159057617
2500,1745910361.256536,187.58153915405273
2501,1745910361.440832,184.2958927154541
2502,1745910361.6261144,184.27658081054688
2503,1745910361.8117967,185.6822967529297
2504,1745910361.9993613,186.6316795349121
2505,1745910362.18641,187.04867362976074
2506,1745910362.429906,243.49594116210938
2507,1745910362.6152248,185.3189468383789
2508,1745910362.8024127,186.2492561340332
2509,1745910362.990344,185.9273910522461
2510,1745910363.1760716,185.72759628295898
2511,1745910363.445868,269.79637145996094
2512,1745910363.6311936,185.32562255859375
2513,1745910363.8180048,186.8112087249756
2514,1745910364.0048969,186.54918670654297
2515,1745910364.1929877,188.09080123901367
2516,1745910364.3825479,189.5601749420166
2517,1745910364.588562,206.01415634155273
2518,1745910364.777645,188.57622146606445
2519,1745910364.982941,203.7498950958252
2520,1745910365.3022766,318.434476852417
2521,1745910365.609019,306.74242973327637
2522,1745910365.963404,354.3848991394043
2523,1745910366.1739445,209.6247673034668
2524,1745910366.4766853,302.74081230163574
2525,1745910366.7610853,283.4043502807617
2526,1745910366.956188,195.10269165039062
2527,1745910367.3050547,348.86670112609863
2528,1745910367.5511012,245.05066871643066
2529,1745910367.7437227,191.62249565124512
2530,1745910367.9318144,188.09175491333008
2531,1745910368.1189556,186.1262321472168
2532,1745910368.3065748,187.11400032043457
2533,1745910368.577452,270.8771228790283
2534,1745910368.805688,228.23596000671387
2535,1745910368.9921532,185.60218811035156
2536,1745910369.1791794,186.01703643798828
2537,1745910369.367741,188.56167793273926
2538,1745910369.6043966,235.14604568481445
2539,1745910369.7933388,188.94219398498535
2540,1745910369.9816449,187.38365173339844
2541,1745910370.1710908,188.4915828704834
2542,1745910370.4150684,243.97754669189453
2543,1745910370.6093879,194.319486618042
2544,1745910370.8055623,195.16849517822266
2545,1745910370.9979787,192.41642951965332
2546,1745910371.2466826,248.7039566040039
2547,1745910371.563198,316.5154457092285
2548,1745910371.750035,186.83695793151855
2549,1745910371.9382126,187.17575073242188
2550,1745910372.1271927,188.9801025390625
2551,1745910372.3727534,245.5606460571289
2552,1745910372.6754963,302.74295806884766
2553,1745910372.8715048,195.09458541870117
2554,1745910373.0620043,188.93742561340332
2555,1745910373.2552874,193.2830810546875
2556,1745910373.4946356,238.36922645568848
2557,1745910373.691507,195.85657119750977
2558,1745910373.9505553,258.0392360687256
2559,1745910374.1447356,193.27044486999512
2560,1745910374.341931,196.19297981262207
2561,1745910374.5293076,186.2778663635254
2562,1745910374.753276,223.968505859375
2563,1745910374.9461834,191.9119358062744
2564,1745910375.2409682,294.7847843170166
2565,1745910375.4294288,188.4605884552002
2566,1745910375.6161408,186.71202659606934
2567,1745910375.8084085,191.2686824798584
2568,1745910376.0509386,241.5616512298584
2569,1745910376.2384057,186.4480972290039
2570,1745910376.4246523,185.23168563842773
2571,1745910376.6107647,185.14275550842285
2572,1745910376.7976243,185.8837604522705
2573,1745910376.9918034,194.17905807495117
2574,1745910377.28051,288.70654106140137
2575,1745910377.4683766,187.8666877746582
2576,1745910377.6551003,186.21039390563965
2577,1745910377.9002507,245.15032768249512
2578,1745910378.092258,190.8438205718994
2579,1745910378.28013,187.87193298339844
2580,1745910378.4702625,190.13261795043945
2581,1745910378.687101,215.81649780273438
2582,1745910378.872562,185.46104431152344
2583,1745910379.059199,186.63716316223145
2584,1745910379.4248276,365.6284809112549
2585,1745910379.739249,312.488317489624
2586,1745910379.9292417,189.99266624450684
2587,1745910380.1192281,189.4848346710205
2588,1745910380.3062901,185.9581470489502
2589,1745910380.492313,186.02275848388672
2590,1745910380.6982973,204.79559898376465
2591,1745910380.8990874,200.7901668548584
2592,1745910381.1114607,211.8661403656006
2593,1745910381.3139868,201.52831077575684
2594,1745910381.5056539,191.6670799255371
2595,1745910381.693493,187.83903121948242
2596,1745910381.936783,243.29018592834473
2597,1745910382.1258633,189.08023834228516
2598,1745910382.3140433,187.17551231384277
2599,1745910382.6141343,299.09205436706543
2600,1745910382.7992914,185.15706062316895
2601,1745910383.0136502,214.35880661010742
2602,1745910383.2040226,190.37246704101562
2603,1745910383.3918586,186.92588806152344
2604,1745910383.5775647,184.29064750671387
2605,1745910383.7631614,185.59670448303223
2606,1745910383.971012,207.85069465637207
2607,1745910384.1560256,185.0135326385498
2608,1745910384.3443806,188.3549690246582
2609,1745910384.6482353,303.85470390319824
2610,1745910384.8383853,189.14151191711426
2611,1745910385.0242033,185.81795692443848
2612,1745910385.211505,187.3016357421875
2613,1745910385.4749396,263.43464851379395
2614,1745910385.7821987,306.37669563293457
2615,1745910385.9926603,210.46161651611328
2616,1745910386.1867263,194.06604766845703
2617,1745910386.3815548,194.82851028442383
2618,1745910386.5709414,188.3857250213623
2619,1745910386.7676642,195.71495056152344
2620,1745910386.959961,190.78350067138672
2621,1745910387.1607854,199.8746395111084
2622,1745910387.3472846,186.49911880493164
2623,1745910387.6273947,279.0994644165039
2624,1745910387.9274883,298.58851432800293
2625,1745910388.1348853,207.3969841003418
2626,1745910388.443706,308.8207244873047
2627,1745910388.6317923,188.08627128601074
2628,1745910388.8398068,207.02290534973145
2629,1745910389.031827,191.01619720458984
2630,1745910389.223188,190.39535522460938
2631,1745910389.4236298,199.44262504577637
2632,1745910389.6699765,246.34671211242676
2633,1745910389.863005,193.02845001220703
2634,1745910390.0675328,203.58657836914062
2635,1745910390.252359,184.82613563537598
2636,1745910390.4448884,192.52943992614746
2637,1745910390.6479626,203.07421684265137
2638,1745910390.8415594,193.59683990478516
2639,1745910391.0357893,194.2298412322998
2640,1745910391.2326398,195.85204124450684
2641,1745910391.42886,195.2197551727295
2642,1745910391.6266773,197.81732559204102
2643,1745910391.833023,205.34324645996094
2644,1745910392.0447574,210.73508262634277
2645,1745910392.2482119,203.45449447631836
2646,1745910392.4382024,189.99052047729492
2647,1745910392.6349075,196.70510292053223
2648,1745910392.8226519,185.7452392578125
2649,1745910393.024496,201.8442153930664
2650,1745910393.2175937,192.09551811218262
2651,1745910393.4069097,189.3160343170166
2652,1745910393.594592,186.6748332977295
2653,1745910393.7903495,195.75738906860352
2654,1745910393.9778757,186.51628494262695
2655,1745910394.1641357,185.29796600341797
2656,1745910394.3595603,195.42455673217773
2657,1745910394.551886,192.32583045959473
2658,1745910394.7504947,198.6086368560791
2659,1745910394.9408364,190.34171104431152
2660,1745910395.1310003,190.16385078430176
2661,1745910395.4101381,278.13243865966797
2662,1745910395.6092887,199.15056228637695
2663,1745910395.8052804,195.99175453186035
2664,1745910395.9926627,187.38222122192383
2665,1745910396.1810126,188.34996223449707
2666,1745910397.1835036,nan
2667,1745910397.4537625,270.25890350341797
2668,1745910397.6499991,195.2366828918457
2669,1745910397.8459978,194.96703147888184
2670,1745910398.0349226,188.92478942871094
2671,1745910398.2307117,195.78909873962402
2672,1745910398.4194362,188.72451782226562
2673,1745910398.6064427,187.00647354125977
2674,1745910398.7982943,191.85161590576172
2675,1745910398.9936335,194.33856010437012
2676,1745910399.1974726,203.83906364440918
2677,1745910399.4969673,299.49474334716797
2678,1745910399.686548,189.58067893981934
2679,1745910399.8801677,193.6197280883789
2680,1745910400.0674615,187.29376792907715
2681,1745910400.2678292,200.36768913269043
2682,1745910400.5243945,256.5653324127197
2683,1745910400.709259,184.86452102661133
2684,1745910400.8969984,187.73937225341797
2685,1745910401.0853043,188.30585479736328
2686,1745910401.275139,189.8348331451416
2687,1745910401.4651535,189.02182579040527
2688,1745910401.6507618,184.60583686828613
2689,1745910401.8477561,195.9853172302246
2690,1745910402.0363023,187.042236328125
2691,1745910402.2274277,191.12539291381836
2692,1745910402.4139786,186.55085563659668
2693,1745910402.6802444,266.265869140625
2694,1745910402.881631,201.3864517211914
2695,1745910403.0699599,188.32898139953613
2696,1745910403.2552834,184.32235717773438
2697,1745910403.4496984,194.41509246826172
2698,1745910403.637984,188.28558921813965
2699,1745910403.8230665,185.08243560791016
2700,1745910404.0135539,189.48626518249512
2701,1745910404.2005663,187.0124340057373
2702,1745910404.3904512,189.88490104675293
2703,1745910404.583952,193.50075721740723
2704,1745910404.8196087,235.65673828125
2705,1745910405.0074458,186.83123588562012
2706,1745910405.1926842,185.23836135864258
2707,1745910405.3774714,184.78727340698242
2708,1745910405.5741603,196.68889045715332
2709,1745910405.7676022,192.43788719177246
2710,1745910405.9689736,199.8608112335205
2711,1745910406.157134,187.15238571166992
2712,1745910406.3571036,198.9760398864746
2713,1745910406.5569177,198.81415367126465
2714,1745910406.7479513,191.03360176086426
2715,1745910406.945554,197.6027488708496
2716,1745910407.1303682,184.8142147064209
2717,1745910407.3244789,194.11063194274902
2718,1745910407.5710568,245.5761432647705
2719,1745910407.7649212,193.8643455505371
2720,1745910407.9557438,189.82195854187012
2721,1745910408.1488879,193.1440830230713
2722,1745910408.3402944,191.4064884185791
2723,1745910409.0225484,681.2541484832764
2724,1745910409.2135563,191.0078525543213
2725,1745910409.4003997,186.8433952331543
2726,1745910409.5957139,194.31567192077637
2727,1745910409.7836115,187.03007698059082
2728,1745910409.9823873,198.7757682800293
2729,1745910410.168075,185.68778038024902
2730,1745910410.3533726,185.29748916625977
2731,1745910410.5456436,192.27099418640137
2732,1745910410.7444336,197.38101959228516
2733,1745910410.9478562,202.51035690307617
2734,1745910411.1761854,228.32918167114258
2735,1745910411.417492,241.30654335021973
2736,1745910411.7512486,333.1189155578613
2737,1745910412.158226,406.97741508483887
2738,1745910412.4073846,248.20494651794434
2739,1745910412.7769723,369.58765983581543
2740,1745910413.1482182,370.4569339752197
2741,1745910413.3574402,208.21595191955566
2742,1745910413.571871,212.9216194152832
2743,1745910413.7693498,197.4787712097168
2744,1745910413.9735317,203.08446884155273
2745,1745910414.1780195,204.48780059814453
2746,1745910414.3753536,196.34222984313965
2747,1745910414.5941503,218.7967300415039
2748,1745910414.7805457,186.39540672302246
2749,1745910414.9692223,187.7429485321045
2750,1745910415.1599,190.67764282226562
2751,1745910415.3723733,212.47339248657227
2752,1745910415.5724294,199.1097927093506
2753,1745910415.7660947,192.66724586486816
2754,1745910415.9521196,186.02490425109863
2755,1745910416.1389523,186.83266639709473
2756,1745910416.3262691,187.31689453125
2757,1745910416.5145304,188.2612705230713
2758,1745910416.7096634,195.13297080993652
2759,1745910416.9067886,196.58184051513672
2760,1745910417.0968544,189.08333778381348
2761,1745910417.288304,190.42158126831055
2762,1745910417.4769173,187.61944770812988
2763,1745910417.675691,198.77362251281738
2764,1745910417.869673,193.98212432861328
2765,1745910418.0646324,194.9594020843506
2766,1745910418.2588859,194.25344467163086
2767,1745910418.4444644,184.5722198486328
2768,1745910418.6323056,186.42354011535645
2769,1745910418.8206387,188.33303451538086
2770,1745910419.01014,188.50088119506836
2771,1745910419.2062707,195.06478309631348
2772,1745910419.392107,184.39626693725586
2773,1745910419.583774,190.66739082336426
2774,1745910419.7799337,196.15960121154785
2775,1745910419.9781294,197.34907150268555
2776,1745910420.1776147,199.48530197143555
2777,1745910420.3639867,186.3720417022705
2778,1745910420.5623345,198.347806930542
2779,1745910420.7603312,196.99430465698242
2780,1745910420.9524882,191.16544723510742
2781,1745910421.1480792,195.59097290039062
2782,1745910421.3521297,204.05054092407227
2783,1745910421.648093,294.9655055999756
2784,1745910421.840401,191.4196014404297
2785,1745910422.0292735,187.85333633422852
2786,1745910422.2180336,187.7439022064209
2787,1745910422.4073076,188.3714199066162
2788,1745910422.5963428,187.99710273742676
2789,1745910422.8479354,251.59263610839844
2790,1745910423.0520937,203.01294326782227
2791,1745910423.2581043,204.61750030517578
2792,1745910423.5009122,242.80786514282227
2793,1745910423.6860383,184.11564826965332
2794,1745910423.8805408,194.502592086792
2795,1745910424.0756578,194.6120262145996
2796,1745910424.2929392,216.33291244506836
2797,1745910424.5145802,220.6404209136963
2798,1745910424.7121158,197.53551483154297
2799,1745910424.9340804,221.96459770202637
2800,1745910425.130175,196.09475135803223
2801,1745910425.316577,186.4018440246582
2802,1745910425.5078604,191.2834644317627
2803,1745910425.7100668,202.20637321472168
2804,1745910425.897542,186.4755153656006
2805,1745910426.0870838,189.54181671142578
2806,1745910426.2810085,192.92140007019043
2807,1745910426.4783194,197.3109245300293
2808,1745910426.6772861,197.95823097229004
2809,1745910426.8745682,196.36058807373047
2810,1745910427.0601723,184.7245693206787
2811,1745910427.2578268,196.3024139404297
2812,1745910427.5645654,306.73861503601074
2813,1745910427.754503,189.93759155273438
2814,1745910427.9477363,193.23325157165527
2815,1745910428.1383035,190.5672550201416
2816,1745910428.3350186,196.7151165008545
2817,1745910428.5305014,195.48273086547852
2818,1745910428.7189682,188.46678733825684
2819,1745910428.9069262,187.9580020904541
2820,1745910429.0948722,186.94519996643066
2821,1745910429.282281,186.44046783447266
2822,1745910429.4691236,186.842679977417
2823,1745910429.7207224,251.59883499145508
2824,1745910429.9113228,189.61429595947266
2825,1745910430.0971622,185.83941459655762
2826,1745910430.2860305,187.8511905670166
2827,1745910430.471165,185.1344108581543
2828,1745910430.6601536,188.98868560791016
2829,1745910430.8464286,186.27500534057617
2830,1745910431.034624,188.19546699523926
2831,1745910431.2394314,203.86123657226562
2832,1745910431.4523537,211.9135856628418
2833,1745910431.6389003,185.55188179016113
2834,1745910431.8259711,186.51747703552246
2835,1745910432.0119016,185.9304904937744
2836,1745910432.1981206,186.2189769744873
2837,1745910432.3839548,184.82351303100586
2838,1745910432.5690799,184.11540985107422
2839,1745910432.7589557,189.87584114074707
2840,1745910432.9480214,187.81447410583496
2841,1745910433.1328342,184.8127841949463
2842,1745910433.3337474,200.9131908416748
2843,1745910433.5277429,193.99547576904297
2844,1745910433.7201908,192.44790077209473
2845,1745910433.9128876,191.7874813079834
2846,1745910434.1141038,201.2162208557129
2847,1745910434.3074691,192.31319427490234
2848,1745910434.5323749,223.39677810668945
2849,1745910434.7550662,221.17924690246582
2850,1745910434.9453788,190.31262397766113
2851,1745910435.1393137,192.92521476745605
2852,1745910435.3311708,191.85709953308105
2853,1745910435.5192583,188.08746337890625
2854,1745910435.7043293,185.07099151611328
2855,1745910435.893247,188.9176368713379
2856,1745910436.0811937,187.94679641723633
2857,1745910436.2704399,188.3401870727539
2858,1745910436.466606,195.1611042022705
2859,1745910436.655413,188.80701065063477
2860,1745910436.8453166,189.90373611450195
2861,1745910437.1015387,256.2220096588135
2862,1745910437.2910872,189.54849243164062
2863,1745910437.598373,307.2857856750488
2864,1745910437.7931225,193.75133514404297
2865,1745910437.9775248,183.4087371826172
2866,1745910438.1653259,186.293363571167
2867,1745910438.3573725,192.0466423034668
2868,1745910438.548176,190.80352783203125
2869,1745910438.736636,187.94918060302734
2870,1745910438.9526746,216.03870391845703
2871,1745910439.142185,189.51034545898438
2872,1745910439.3374064,195.2214241027832
2873,1745910439.5341544,195.74737548828125
2874,1745910439.7349718,200.81734657287598
2875,1745910439.931778,196.8061923980713
2876,1745910440.127086,195.30797004699707
2877,1745910440.3195274,191.84064865112305
2878,1745910440.5069568,186.42234802246094
2879,1745910440.6968215,189.35728073120117
2880,1745910440.9003825,202.55398750305176
2881,1745910441.0965853,196.20275497436523
2882,1745910441.288132,190.54508209228516
2883,1745910441.5179648,229.83288764953613
2884,1745910441.7117531,192.82889366149902
2885,1745910441.8998902,186.94829940795898
2886,1745910442.089289,188.39645385742188
2887,1745910442.2930212,203.73225212097168
2888,1745910442.4972928,204.2715549468994
2889,1745910442.6891208,190.3243064880371
2890,1745910442.8754785,186.3577365875244
2891,1745910443.0804083,204.0572166442871
2892,1745910443.268013,186.5849494934082
2893,1745910443.4551697,187.15667724609375
2894,1745910443.737561,282.3913097381592
2895,1745910443.9466522,209.0911865234375
2896,1745910444.1520731,204.47158813476562
2897,1745910444.3492777,197.20458984375
2898,1745910444.534524,185.24622917175293
2899,1745910444.7259955,191.47157669067383
2900,1745910444.9640415,238.04593086242676
2901,1745910445.16201,197.9684829711914
2902,1745910445.3501644,188.1544589996338
2903,1745910445.5403605,190.19603729248047
2904,1745910445.7390413,198.68087768554688
2905,1745910445.9278882,187.83998489379883
2906,1745910446.1151896,186.2940788269043
2907,1745910446.3014219,186.232328414917
2908,1745910446.5571868,254.76431846618652
2909,1745910446.7483096,191.12277030944824
2910,1745910446.9353414,187.03174591064453
2911,1745910447.1352525,199.91111755371094
2912,1745910447.327581,192.32845306396484
2913,1745910447.525093,196.51317596435547
2914,1745910447.7225325,197.43943214416504
2915,1745910447.9163501,193.8176155090332
2916,1745910448.1158478,198.50945472717285
2917,1745910448.3021266,186.2788200378418
2918,1745910448.556211,253.15213203430176
2919,1745910448.8616548,305.44376373291016
2920,1745910449.0534508,191.79606437683105
2921,1745910449.2493708,195.91999053955078
2922,1745910449.4557517,205.23810386657715
2923,1745910449.6431105,186.3548755645752
2924,1745910449.8329456,189.8350715637207
2925,1745910450.0309284,197.9827880859375
2926,1745910450.2239912,193.06278228759766
2927,1745910450.4106996,185.72378158569336
2928,1745910450.7125468,300.83346366882324
2929,1745910451.0065036,293.9567565917969
2930,1745910451.1936905,186.73276901245117
2931,1745910451.3836198,189.92924690246582
2932,1745910451.5804656,196.84576988220215
2933,1745910451.82544,244.97437477111816
2934,1745910452.0215018,195.10149955749512
2935,1745910452.2083876,185.89282035827637
2936,1745910452.4036512,194.34452056884766
2937,1745910452.602872,198.23312759399414
2938,1745910452.8502262,247.35426902770996
2939,1745910453.0454402,194.69761848449707
2940,1745910453.2399771,194.53692436218262
2941,1745910453.4335325,192.73829460144043
2942,1745910453.6305904,197.05796241760254
2943,1745910453.8177452,186.1419677734375
2944,1745910454.0078723,190.12713432312012
2945,1745910454.1973069,189.43452835083008
2946,1745910454.384557,185.25099754333496
2947,1745910454.5705445,185.9874725341797
2948,1745910454.7569659,186.42139434814453
2949,1745910455.0039747,245.98383903503418
2950,1745910455.1966066,192.63195991516113
2951,1745910455.384474,187.8674030303955
2952,1745910455.5721993,186.73229217529297
2953,1745910455.757603,185.40358543395996
2954,1745910455.944082,186.4790916442871
2955,1745910456.1332664,189.18442726135254
2956,1745910456.3204393,187.17288970947266
2957,1745910456.5451922,224.75290298461914
2958,1745910456.8434885,297.3370552062988
2959,1745910457.0330117,189.52322006225586
2960,1745910457.2220314,189.01968002319336
2961,1745910457.4160287,193.99738311767578
2962,1745910457.6131573,196.12431526184082
2963,1745910457.798304,185.14680862426758
2964,1745910458.0777402,278.430700302124
2965,1745910458.271232,193.49169731140137
2966,1745910458.4571168,184.90004539489746
2967,1745910458.6454673,188.35043907165527
2968,1745910458.8875065,240.10992050170898
2969,1745910459.07285,185.34350395202637
2970,1745910459.2590606,186.21063232421875
2971,1745910459.4503946,191.33400917053223
2972,1745910459.719361,268.9664363861084
2973,1745910459.9068465,187.4854564666748
2974,1745910460.143672,235.81457138061523
2975,1745910460.3320303,188.35830688476562
2976,1745910460.5195928,187.5624656677246
2977,1745910460.7334192,212.4776840209961
2978,1745910460.923448,190.02890586853027
2979,1745910461.1135497,188.10153007507324
2980,1745910461.30102,187.4701976776123
2981,1745910461.4898689,188.84897232055664
2982,1745910461.7622502,272.3813056945801
2983,1745910461.9503493,186.93947792053223
2984,1745910462.1412175,190.86813926696777
2985,1745910462.3303254,189.10789489746094
2986,1745910462.5235267,193.20130348205566
2987,1745910462.7179363,194.40960884094238
2988,1745910462.909686,190.75536727905273
2989,1745910463.094934,184.24367904663086
2990,1745910463.2841427,189.2087459564209
2991,1745910463.4790218,193.54820251464844
2992,1745910463.6701922,191.17045402526855
2993,1745910463.8592618,188.06028366088867
2994,1745910464.0524673,192.69847869873047
2995,1745910464.239639,186.3088607788086
2996,1745910464.4277894,187.4864101409912
2997,1745910464.6267178,197.9660987854004
2998,1745910464.8189294,192.21162796020508
2999,1745910465.0067565,187.45183944702148
3000,1745910465.191576,184.81945991516113
3001,1745910465.3798537,188.2777214050293
3002,1745910465.5662432,185.8842372894287
3003,1745910465.7632978,196.07090950012207
3004,1745910465.95734,193.0551528930664
3005,1745910466.1457937,188.45367431640625
3006,1745910466.3301601,184.36646461486816
3007,1745910466.520262,189.09764289855957
3008,1745910466.7073703,187.10827827453613
3009,1745910466.9907663,283.39600563049316
3010,1745910467.1753025,184.53621864318848
3011,1745910467.3628864,187.58392333984375
3012,1745910467.5504398,187.55340576171875
3013,1745910467.7497592,199.31936264038086
3014,1745910468.0028462,252.40373611450195
3015,1745910468.199073,196.2268352508545
3016,1745910468.3874228,187.84213066101074
3017,1745910468.5767524,189.3296241760254
3018,1745910468.7635968,185.84728240966797
3019,1745910468.9525597,187.95394897460938
3020,1745910469.1444247,190.86575508117676
3021,1745910469.3325987,188.17400932312012
3022,1745910469.5193896,185.51254272460938
3023,1745910469.7053921,186.0024929046631
3024,1745910469.9540684,248.67630004882812
3025,1745910470.1644104,209.33055877685547
3026,1745910470.352961,187.09778785705566
3027,1745910470.541176,187.2577667236328
3028,1745910470.7335389,192.36278533935547
3029,1745910470.9259248,191.389799118042
3030,1745910471.1700084,244.08364295959473
3031,1745910471.3572986,187.29019165039062
3032,1745910471.5443275,187.0288848876953
3033,1745910471.7962875,251.96003913879395
3034,1745910471.9848158,187.5612735748291
3035,1745910472.1709843,186.16843223571777
3036,1745910472.4200501,248.08478355407715
3037,1745910472.6218529,201.80273056030273
3038,1745910472.843452,221.59910202026367
3039,1745910473.0292275,185.7755184173584
3040,1745910473.2182431,189.01562690734863
3041,1745910473.4039898,185.7466697692871
3042,1745910473.5902734,184.30638313293457
3043,1745910473.7737792,183.50577354431152
3044,1745910473.9606047,185.82534790039062
3045,1745910474.146295,184.68308448791504
3046,1745910474.3418803,194.58532333374023
3047,1745910474.531933,190.05274772644043
3048,1745910474.7208447,188.91167640686035
3049,1745910474.9133189,191.47419929504395
3050,1745910475.1726615,258.3332061767578
3051,1745910475.361971,188.30561637878418
3052,1745910475.5510342,189.06331062316895
3053,1745910475.750155,199.12075996398926
3054,1745910475.9360273,184.87215042114258
3055,1745910476.198296,262.2687816619873
3056,1745910476.3889403,190.6442642211914
3057,1745910476.5818436,192.9032802581787
3058,1745910476.7700598,188.2162094116211
3059,1745910476.9631908,192.12985038757324
3060,1745910477.1506374,187.44659423828125
3061,1745910477.340376,188.73071670532227
3062,1745910477.527819,186.44309043884277
3063,1745910477.7246523,196.83337211608887
3064,1745910477.909863,184.2045783996582
3065,1745910478.0958712,186.00821495056152
3066,1745910478.2862148,190.34361839294434
3067,1745910478.4782908,191.56646728515625
3068,1745910478.7677565,289.46566581726074
3069,1745910478.9526196,184.86309051513672
3070,1745910479.1394355,186.81597709655762
3071,1745910479.3282912,188.85564804077148
3072,1745910479.5143187,186.02752685546875
3073,1745910479.704827,189.29457664489746
3074,1745910479.893652,187.86907196044922
3075,1745910480.0850399,190.3824806213379
3076,1745910480.2749932,187.47282028198242
3077,1745910480.4644616,189.4683837890625
3078,1745910480.650749,186.28740310668945
3079,1745910480.8367589,184.9985122680664
3080,1745910481.0237164,186.95759773254395
3081,1745910481.318124,294.40760612487793
3082,1745910481.5064402,188.31610679626465
3083,1745910481.6980786,190.63472747802734
3084,1745910481.8919313,193.85266304016113
3085,1745910482.0837011,190.76299667358398
3086,1745910482.2724009,187.699556350708
3087,1745910482.4636276,191.22672080993652
3088,1745910482.6499352,186.3076686859131
3089,1745910482.8427677,190.8273696899414
3090,1745910483.032806,190.03820419311523
3091,1745910483.2220275,188.31920623779297
3092,1745910483.4068253,184.7977638244629
3093,1745910483.5978875,190.0620460510254
3094,1745910483.7874823,189.59474563598633
3095,1745910483.9752624,187.78014183044434
3096,1745910484.1622682,187.00575828552246
3097,1745910484.3500514,187.78324127197266
3098,1745910484.5357573,185.70590019226074
3099,1745910484.720552,183.79473686218262
3100,1745910484.9060385,184.4801902770996
3101,1745910485.0929973,186.45119667053223
3102,1745910485.2797523,186.75494194030762
3103,1745910485.467502,186.68580055236816
3104,1745910485.6543343,186.83218955993652
3105,1745910485.8403056,185.97126007080078
3106,1745910486.0394845,198.17829132080078
3107,1745910486.2265966,186.1124038696289
3108,1745910486.413533,186.9363784790039
3109,1745910486.60093,187.39700317382812
3110,1745910486.7927139,190.4141902923584
3111,1745910486.9804447,186.67125701904297
3112,1745910487.2501917,269.7470188140869
3113,1745910487.445554,194.35620307922363
3114,1745910487.6350648,189.51082229614258
3115,1745910487.8203115,185.24670600891113
3116,1745910488.078182,256.8831443786621
3117,1745910488.267156,188.97390365600586
3118,1745910488.4537299,185.57214736938477
3119,1745910488.6489766,195.24669647216797
3120,1745910488.8368402,186.84840202331543
3121,1745910489.1078482,271.0080146789551
3122,1745910489.2940729,186.22469902038574
3123,1745910489.478118,184.04507637023926
3124,1745910489.6648138,186.69581413269043
3125,1745910489.851636,186.82217597961426
3126,1745910490.0379453,186.3093376159668
3127,1745910490.2232234,185.27817726135254
3128,1745910490.4097526,185.43195724487305
3129,1745910490.599379,188.61699104309082
3130,1745910490.7850626,185.17804145812988
3131,1745910490.9752135,189.1496181488037
3132,1745910491.2383556,263.1421089172363
3133,1745910491.4239879,184.63563919067383
3134,1745910491.6077366,182.74736404418945
3135,1745910491.7947183,186.9816780090332
3136,1745910491.9823883,187.6699924468994
3137,1745910492.167802,185.41383743286133
3138,1745910492.368247,200.44493675231934
3139,1745910492.5540068,185.7597827911377
3140,1745910492.7394495,185.44268608093262
3141,1745910492.9265995,186.14482879638672
3142,1745910493.1122305,184.28874015808105
3143,1745910493.3740501,261.81960105895996
3144,1745910493.5602572,186.20705604553223
3145,1745910493.7469382,185.6825351715088
3146,1745910493.9349864,188.0481243133545
3147,1745910494.120494,185.50753593444824
3148,1745910494.307541,185.79673767089844
3149,1745910494.494857,187.3161792755127
3150,1745910494.6809933,186.13624572753906
3151,1745910494.9035144,222.5210666656494
3152,1745910495.0900764,185.55760383605957
3153,1745910495.2751694,185.09292602539062
3154,1745910495.4616654,186.49601936340332
3155,1745910495.6489089,187.24346160888672
3156,1745910495.8575225,208.61363410949707
3157,1745910496.0446134,187.09087371826172
3158,1745910496.2283518,183.73847007751465
3159,1745910496.4614382,232.08117485046387
3160,1745910496.6472018,185.76359748840332
3161,1745910496.8334415,185.2397918701172
3162,1745910497.0750325,241.5909767150879
3163,1745910497.2597406,183.70580673217773
3164,1745910497.4672067,207.46612548828125
3165,1745910497.6522877,185.08100509643555
3166,1745910497.9062088,253.9210319519043
3167,1745910498.0915997,185.39094924926758
3168,1745910498.2781343,185.52541732788086
3169,1745910498.4633,185.1656436920166
3170,1745910498.729992,265.7053470611572
3171,1745910498.9164112,185.4262351989746
3172,1745910499.1032217,185.84203720092773
3173,1745910499.3381255,233.91222953796387
3174,1745910499.5236256,185.5001449584961
3175,1745910499.712345,188.7192726135254
3176,1745910499.9574955,245.15056610107422
3177,1745910500.1456435,188.14802169799805
3178,1745910500.3292534,183.6099624633789
3179,1745910500.5139825,184.72909927368164
3180,1745910500.6990564,185.0738525390625
3181,1745910500.8847218,184.60917472839355
3182,1745910501.069768,185.04619598388672
3183,1745910501.2548757,185.10770797729492
3184,1745910501.4399502,184.05771255493164
3185,1745910501.6252947,184.39817428588867
3186,1745910501.8891678,262.8788948059082
3187,1745910502.0842056,193.2828426361084
3188,1745910502.327868,243.66235733032227
3189,1745910502.5225112,194.6432590484619
3190,1745910502.8143954,291.884183883667
3191,1745910503.0030448,188.64941596984863
3192,1745910503.1901643,187.1194839477539
3193,1745910503.3794951,189.3308162689209
3194,1745910503.5661414,185.9290599822998
3195,1745910503.751075,184.93366241455078
3196,1745910503.9521058,201.03073120117188
3197,1745910504.1473715,195.2657699584961
3198,1745910504.3352654,187.89386749267578
3199,1745910504.5220654,185.87613105773926
3200,1745910504.756519,234.45367813110352
3201,1745910504.9447458,187.33716011047363
3202,1745910505.1308444,186.09857559204102
3203,1745910505.3828866,251.04260444641113
3204,1745910505.5747974,190.5674934387207
3205,1745910505.7635949,188.7974739074707
3206,1745910505.9501927,186.5978240966797
3207,1745910506.1343982,184.2055320739746
3208,1745910506.320963,185.55283546447754
3209,1745910506.507218,186.25497817993164
3210,1745910506.815766,308.5482120513916
3211,1745910507.0015237,185.75763702392578
3212,1745910507.1892493,186.71035766601562
3213,1745910507.377855,187.5917911529541
3214,1745910507.566941,189.0859603881836
3215,1745910507.7530046,186.0635280609131
3216,1745910508.0489285,294.91353034973145
3217,1745910508.234363,184.92722511291504
3218,1745910508.4224906,188.1275177001953
3219,1745910508.6566377,234.1470718383789
3220,1745910508.8441174,187.47973442077637
3221,1745910509.0328996,188.7822151184082
3222,1745910509.220188,186.27357482910156
3223,1745910509.4050796,183.89153480529785
3224,1745910509.5893285,183.25328826904297
3225,1745910509.8862307,296.39434814453125
3226,1745910510.071131,184.90028381347656
3227,1745910510.25729,185.27984619140625
3228,1745910510.4424796,185.18972396850586
3229,1745910510.6308255,188.34590911865234
3230,1745910510.9138644,283.038854598999
3231,1745910511.1029944,187.68906593322754
3232,1745910511.2892256,185.211181640625
3233,1745910511.4745603,184.38410758972168
3234,1745910511.6597335,185.17327308654785
3235,1745910511.8446221,184.8886013031006
3236,1745910512.0300858,184.45253372192383
3237,1745910512.2148495,184.76366996765137
3238,1745910512.4522126,235.92686653137207
3239,1745910512.6357942,183.58159065246582
3240,1745910512.8201363,183.00294876098633
3241,1745910513.0051155,183.96854400634766
3242,1745910513.1877797,182.664155960083
3243,1745910513.4593074,270.0080871582031
3244,1745910513.64518,184.65423583984375
3245,1745910513.8316538,185.49871444702148
3246,1745910514.0194905,186.7208480834961
3247,1745910514.2068179,187.32738494873047
3248,1745910514.3939657,187.147855758667
3249,1745910514.5811093,187.14356422424316
3250,1745910514.767714,186.60473823547363
3251,1745910514.9518743,184.1602325439453
3252,1745910515.1373312,185.4569911956787
3253,1745910515.469907,332.57579803466797
3254,1745910515.6534708,182.57427215576172
3255,1745910515.8379982,183.52746963500977
3256,1745910516.0295932,191.59507751464844
3257,1745910516.22288,193.28665733337402
3258,1745910516.4102058,186.31291389465332
3259,1745910516.599264,188.03834915161133
3260,1745910516.853884,254.10985946655273
3261,1745910517.0411935,187.30950355529785
3262,1745910517.2262175,185.02402305603027
3263,1745910517.4104636,184.24606323242188
3264,1745910517.6076732,196.2108612060547
3265,1745910517.7930465,183.86602401733398
3266,1745910518.0669782,273.93174171447754
3267,1745910518.253881,185.90140342712402
3268,1745910518.4407725,186.8915557861328
3269,1745910518.6244175,183.64500999450684
3270,1745910518.8097289,185.31131744384766
3271,1745910519.0258455,215.1656150817871
3272,1745910519.2090003,183.15482139587402
3273,1745910519.3945782,184.2641830444336
3274,1745910519.582344,187.76583671569824
3275,1745910519.7677772,184.42153930664062
3276,1745910520.0443897,276.6125202178955
3277,1745910520.3290467,284.6570014953613
3278,1745910520.5133584,184.3116283416748
3279,1745910520.7036965,190.338134765625
3280,1745910520.8906355,186.93900108337402
3281,1745910521.0793018,187.67523765563965
3282,1745910521.359331,278.96904945373535
3283,1745910521.5437489,183.34531784057617
3284,1745910521.7278714,183.25185775756836
3285,1745910521.9578443,229.97283935546875
3286,1745910522.142695,183.93230438232422
3287,1745910522.3304577,186.76996231079102
3288,1745910522.5178149,186.27429008483887
3289,1745910522.705755,187.94012069702148
3290,1745910522.890738,184.9830150604248
3291,1745910523.0778077,187.06965446472168
3292,1745910523.265348,185.8673095703125
3293,1745910523.5195858,253.30829620361328
3294,1745910523.7053235,185.73760986328125
3295,1745910523.8911424,185.81891059875488
3296,1745910524.0781336,186.018705368042
3297,1745910524.2627413,183.7010383605957
3298,1745910524.4474587,184.71741676330566
3299,1745910524.632576,185.11724472045898
3300,1745910524.9290755,295.5772876739502
3301,1745910525.1179895,187.90078163146973
3302,1745910525.30249,184.50045585632324
3303,1745910525.5170927,214.60270881652832
3304,1745910525.7040806,185.82987785339355
3305,1745910525.8891196,185.03904342651367
3306,1745910526.0766168,187.49713897705078
3307,1745910526.2615347,184.91792678833008
3308,1745910526.4494007,186.86580657958984
3309,1745910526.637092,187.69145011901855
3310,1745910526.8876271,250.5350112915039
3311,1745910527.0732317,184.77654457092285
3312,1745910527.2592342,184.98516082763672
3313,1745910527.4443307,185.09650230407715
3314,1745910527.6309395,186.60879135131836
3315,1745910527.8158183,184.87882614135742
3316,1745910528.113125,296.33355140686035
3317,1745910528.300583,187.45779991149902
3318,1745910528.487485,186.90204620361328
3319,1745910528.7344818,246.99687957763672
3320,1745910529.0453212,310.8394145965576
3321,1745910529.340827,294.50535774230957
3322,1745910529.550763,206.91394805908203
3323,1745910529.7370727,186.309814453125
3324,1745910529.9267488,187.75653839111328
3325,1745910530.1149657,188.2169246673584
3326,1745910530.3023553,186.38944625854492
3327,1745910530.4897778,187.422513961792
3328,1745910530.6751862,184.41057205200195
3329,1745910530.8629727,187.78657913208008
3330,1745910531.0491467,186.1739158630371
3331,1745910531.2954495,245.79548835754395
3332,1745910531.488054,192.60454177856445
3333,1745910531.6941485,204.58555221557617
3334,1745910531.88285,187.7005100250244
3335,1745910532.0738258,189.50366973876953
3336,1745910532.2627404,188.91453742980957
3337,1745910532.4511175,188.37714195251465
3338,1745910532.6376162,185.49346923828125
3339,1745910532.8290665,189.93711471557617
3340,1745910533.01439,185.32347679138184
3341,1745910533.2036939,186.82360649108887
3342,1745910533.3892078,185.51397323608398
3343,1745910533.5762303,186.07211112976074
3344,1745910533.7657514,189.52107429504395
3345,1745910533.9638295,197.07584381103516
3346,1745910534.1543465,189.25189971923828
3347,1745910534.3457487,190.4315948486328
3348,1745910534.5302923,183.66217613220215
3349,1745910534.7177613,186.46740913391113
3350,1745910534.9033918,185.63055992126465
3351,1745910535.9114742,nan
3352,1745910536.1132252,200.87456703186035
3353,1745910536.2974157,184.1905117034912
3354,1745910536.5176005,217.66328811645508
3355,1745910536.7025142,184.91363525390625
3356,1745910536.887704,185.18972396850586
3357,1745910537.1253135,235.72182655334473
3358,1745910537.3245518,198.2407569885254
3359,1745910537.5139787,188.4324550628662
3360,1745910537.701503,186.1577033996582
3361,1745910537.890265,188.01569938659668
3362,1745910538.1539857,263.7207508087158
3363,1745910538.3425822,188.5964870452881
3364,1745910538.5290382,186.45596504211426
3365,1745910538.7172363,187.18528747558594
3366,1745910538.960906,243.6697483062744
3367,1745910539.1462617,184.73553657531738
3368,1745910539.3304033,184.1416358947754
3369,1745910539.522721,191.3142204284668
3370,1745910539.7109475,187.22915649414062
3371,1745910539.8990443,188.0967617034912
3372,1745910540.0832455,184.20124053955078
3373,1745910540.2699647,186.71917915344238
3374,1745910540.5028584,232.893705368042
3375,1745910540.6871324,184.27395820617676
3376,1745910540.8775136,189.03827667236328
3377,1745910541.1254282,246.5054988861084
3378,1745910541.3132596,187.83140182495117
3379,1745910541.5007012,187.44158744812012
3380,1745910541.6860678,185.36663055419922
3381,1745910541.8734205,186.4328384399414
3382,1745910542.060879,187.45851516723633
3383,1745910542.2442276,183.3486557006836
3384,1745910542.4338298,188.67039680480957
3385,1745910542.654755,219.9094295501709
3386,1745910542.84428,189.52488899230957
3387,1745910543.0303488,186.06877326965332
3388,1745910543.2770982,245.77093124389648
3389,1745910543.4626763,185.5781078338623
3390,1745910543.6503267,186.45977973937988
3391,1745910543.8361843,185.85753440856934
3392,1745910544.0291388,192.04163551330566
3393,1745910544.215043,185.90426445007324
3394,1745910544.5057883,288.8045310974121
3395,1745910544.6908703,184.07535552978516
3396,1745910544.8762765,185.40620803833008
3397,1745910545.0619602,184.68761444091797
3398,1745910545.2513487,189.38851356506348
3399,1745910545.510617,259.26828384399414
3400,1745910545.6992188,188.60173225402832
3401,1745910545.8868406,187.6218318939209
3402,1745910546.0718963,185.05573272705078
3403,1745910546.2595117,186.60378456115723
3404,1745910546.4550116,195.49989700317383
3405,1745910546.7411358,285.16554832458496
3406,1745910546.9281726,187.03675270080566
3407,1745910547.1159315,186.76400184631348
3408,1745910547.3017662,185.8346462249756
3409,1745910547.4873662,185.60004234313965
3410,1745910547.6752439,186.3541603088379
3411,1745910547.862187,186.94305419921875
3412,1745910548.0511713,188.98439407348633
3413,1745910548.2421317,190.96040725708008
3414,1745910548.4275713,185.4395866394043
3415,1745910548.618138,189.63122367858887
3416,1745910548.8046377,185.49180030822754
3417,1745910548.9930513,188.4136199951172
3418,1745910549.1858108,192.75951385498047
3419,1745910549.414593,228.78217697143555
3420,1745910549.6023521,186.75708770751953
3421,1745910549.7898366,187.4845027923584
3422,1745910549.9805677,190.73104858398438
3423,1745910550.166668,186.10024452209473
3424,1745910550.3545272,186.8424415588379
3425,1745910550.549073,194.54574584960938
3426,1745910550.8513436,300.91404914855957
3427,1745910551.0378773,186.53368949890137
3428,1745910551.2222528,184.37552452087402
3429,1745910551.4078357,184.6635341644287
3430,1745910551.6541574,246.3216781616211
3431,1745910551.8392918,185.1344108581543
3432,1745910552.0261207,186.8288516998291
3433,1745910552.2702305,244.1098690032959
3434,1745910552.467391,196.14791870117188
3435,1745910552.6649923,197.601318359375
3436,1745910552.8540657,188.035249710083
3437,1745910553.0422747,188.20905685424805
3438,1745910553.2355247,193.24994087219238
3439,1745910553.5087671,273.2424736022949
3440,1745910553.6949325,185.65988540649414
3441,1745910553.8818321,186.89966201782227
3442,1745910554.0682087,185.37569046020508
3443,1745910554.2539897,185.78100204467773
3444,1745910554.4394393,185.44960021972656
3445,1745910554.6279976,188.55834007263184
3446,1745910554.8153112,186.33556365966797
3447,1745910555.00428,187.96944618225098
3448,1745910555.1892235,184.94343757629395
3449,1745910555.3789659,188.56549263000488
3450,1745910556.3850183,nan
3451,1745910556.5695698,184.55147743225098
3452,1745910556.7592425,188.66395950317383
3453,1745910556.9484673,188.21167945861816
3454,1745910557.13478,185.78386306762695
3455,1745910557.320707,185.927152633667
3456,1745910557.5059922,184.27252769470215
3457,1745910557.692017,185.11295318603516
3458,1745910557.8756707,183.6535930633545
3459,1745910558.1131,236.47618293762207
3460,1745910558.298514,184.6151351928711
3461,1745910558.483442,184.92817878723145
3462,1745910558.6709666,186.51652336120605
3463,1745910558.9368021,264.52112197875977
3464,1745910559.1202571,183.4549903869629
3465,1745910559.3075387,186.42163276672363
3466,1745910559.4935384,185.99963188171387
3467,1745910559.684309,190.77062606811523
3468,1745910559.8746662,190.35720825195312
3469,1745910560.068021,192.40140914916992
3470,1745910560.2675195,199.49841499328613
3471,1745910560.4716394,204.11992073059082
3472,1745910560.6663215,194.09441947937012
3473,1745910561.0955136,429.19206619262695
3474,1745910561.3826332,287.11962699890137
3475,1745910561.701844,319.2107677459717
3476,1745910561.8905196,187.74080276489258
3477,1745910562.077251,186.73133850097656
3478,1745910562.315371,238.12007904052734
3479,1745910562.505127,188.7502670288086
3480,1745910562.691042,185.9149932861328
3481,1745910562.9301374,238.1114959716797
3482,1745910563.1189878,188.85040283203125
3483,1745910563.3054714,186.48362159729004
3484,1745910563.492748,185.9908103942871
3485,1745910563.7016685,208.92047882080078
3486,1745910563.8903236,188.65513801574707
3487,1745910564.0794246,188.21263313293457
3488,1745910564.2661216,186.69700622558594
3489,1745910564.5861807,320.05906105041504
3490,1745910564.877269,291.088342666626
3491,1745910565.0675287,190.2596950531006
3492,1745910565.255521,187.99233436584473
3493,1745910565.4420261,186.50507926940918
3494,1745910565.7009826,258.9564323425293
3495,1745910565.8970034,196.02084159851074
3496,1745910566.084019,186.0058307647705
3497,1745910566.2693675,185.3485107421875
3498,1745910566.454266,183.87913703918457
3499,1745910566.6514695,197.2033977508545
3500,1745910566.9149828,262.50743865966797
3501,1745910567.102062,187.07919120788574
3502,1745910567.2879093,184.86833572387695
3503,1745910567.4772289,187.81304359436035
3504,1745910567.6654363,188.20738792419434
3505,1745910567.8512545,185.81819534301758
3506,1745910568.15401,302.75559425354004
3507,1745910568.3403428,185.32419204711914
3508,1745910568.5275335,187.19077110290527
3509,1745910568.7624304,234.89689826965332
3510,1745910568.9476545,185.22405624389648
3511,1745910569.1343586,186.70415878295898
3512,1745910569.3205202,186.16151809692383
3513,1745910569.5056498,185.12964248657227
3514,1745910569.721132,213.46211433410645
3515,1745910569.907581,186.4490509033203
3516,1745910570.0950115,185.9109401702881
3517,1745910570.4022348,307.2233200073242
3518,1745910570.5876217,185.38689613342285
3519,1745910570.774461,185.4853630065918
3520,1745910571.024991,250.53000450134277
3521,1745910571.21211,187.1190071105957
3522,1745910572.22513,nan
3523,1745910572.4595568,234.42673683166504
3524,1745910572.6453907,184.79561805725098
3525,1745910573.6577163,nan
3526,1745910573.8451378,187.4215602874756
3527,1745910574.032123,186.98525428771973
3528,1745910574.2177129,185.58979034423828
3529,1745910574.4323127,213.09185028076172
3530,1745910574.6197147,186.37371063232422
3531,1745910574.8109283,190.51003456115723
3532,1745910575.0617208,249.79400634765625
3533,1745910575.2513924,188.59314918518066
3534,1745910575.4377472,186.3548755645752
3535,1745910575.727922,290.1747226715088
3536,1745910575.915968,186.5253448486328
3537,1745910576.1024263,185.45866012573242
3538,1745910576.287713,185.2867603302002
3539,1745910576.5598192,270.5883979797363
3540,1745910576.8571906,297.37138748168945
3541,1745910577.0434427,186.25211715698242
3542,1745910577.2637625,220.3197479248047
3543,1745910577.451409,186.6469383239746
3544,1745910577.6372836,184.8275661468506
3545,1745910577.8243113,186.06996536254883
3546,1745910578.0152435,189.9247169494629
3547,1745910578.2001016,183.85767936706543
3548,1745910578.3876948,186.58447265625
3549,1745910578.5734262,185.7314109802246
3550,1745910578.7723176,197.97301292419434
3551,1745910579.00264,230.32236099243164
3552,1745910579.1889334,186.293363571167
3553,1745910579.375295,185.29558181762695
3554,1745910579.6255054,250.21052360534668
3555,1745910579.8105087,185.00328063964844
3556,1745910579.9992564,187.744140625
3557,1745910580.2274194,227.60581970214844
3558,1745910580.4152274,185.91833114624023
3559,1745910580.6044962,188.2152557373047
3560,1745910580.8001633,195.66702842712402
3561,1745910580.988994,188.83061408996582
3562,1745910581.1747718,185.7779026031494
3563,1745910581.4832158,307.4648380279541
3564,1745910581.7779124,294.696569442749
3565,1745910581.9748094,195.90997695922852
3566,1745910582.1703792,195.5697536468506
3567,1745910582.3611505,190.77134132385254
3568,1745910582.5503962,189.24570083618164
3569,1745910582.7346528,184.25655364990234
3570,1745910582.9225516,186.91396713256836
3571,1745910583.109348,186.7964267730713
3572,1745910583.413068,303.71999740600586
3573,1745910583.6001778,186.19084358215332
3574,1745910583.7862074,185.02402305603027
3575,1745910583.9732122,185.91976165771484
3576,1745910584.1624198,187.8354549407959
3577,1745910584.437334,274.9142646789551
3578,1745910584.623126,185.7919692993164
3579,1745910584.8131058,187.67952919006348
3580,1745910585.0571275,244.02165412902832
3581,1745910585.3167174,259.58991050720215
3582,1745910585.5027864,186.06901168823242
3583,1745910585.7223492,219.56276893615723
3584,1745910585.920317,196.96331024169922
3585,1745910586.117392,197.07512855529785
3586,1745910586.383206,265.81382751464844
3587,1745910586.5709496,187.7436637878418
3588,1745910586.7574244,186.47480010986328
3589,1745910586.9439392,185.60218811035156
3590,1745910587.1450152,200.0746726989746
3591,1745910587.4101408,265.1255130767822
3592,1745910587.5991867,187.53886222839355
3593,1745910587.7871134,187.9267692565918
3594,1745910587.991097,202.96692848205566
3595,1745910588.1826313,191.53428077697754
3596,1745910588.420471,237.8396987915039
3597,1745910588.607714,187.24298477172852
3598,1745910588.816756,207.52429962158203
3599,1745910589.004276,186.63549423217773
3600,1745910589.243099,238.82293701171875
3601,1745910589.4311702,188.07125091552734
3602,1745910589.6176965,186.52629852294922
3603,1745910589.8113894,193.6929225921631
3604,1745910589.996417,184.02528762817383
3605,1745910590.1815464,184.17119979858398
3606,1745910590.3703325,187.7880096435547
3607,1745910590.5564559,186.12337112426758
3608,1745910590.745192,187.38150596618652
3609,1745910590.983343,238.15083503723145
3610,1745910591.1715417,188.19880485534668
3611,1745910591.3606508,189.10908699035645
3612,1745910591.6067405,246.08969688415527
3613,1745910591.8280632,221.32277488708496
3614,1745910592.015807,187.7436637878418
3615,1745910592.2191293,202.32081413269043
3616,1745910592.5282247,309.0953826904297
3617,1745910592.9336028,404.33788299560547
3618,1745910593.127613,193.01414489746094
3619,1745910594.135089,nan
3620,1745910594.3204482,185.35923957824707
3621,1745910594.5055966,185.1484775543213
3622,1745910594.6932704,186.65289878845215
3623,1745910594.9793036,286.03315353393555
3624,1745910595.1707213,191.41769409179688
3625,1745910595.3581626,187.44134902954102
3626,1745910595.6051445,245.97978591918945
3627,1745910595.7915068,186.36226654052734
3628,1745910595.9797778,188.27104568481445
3629,1745910596.1674006,186.98906898498535
3630,1745910596.3579755,190.57488441467285
3631,1745910596.626852,268.8765525817871
3632,1745910596.9219925,295.14050483703613
3633,1745910597.1078675,185.87493896484375
3634,1745910597.2942538,184.8769187927246
3635,1745910597.4866493,191.39480590820312
3636,1745910597.6745374,186.86604499816895
3637,1745910597.8638372,189.2998218536377
3638,1745910598.053031,189.1937255859375
3639,1745910598.241757,188.21406364440918
3640,1745910598.470463,228.70612144470215
3641,1745910598.6580224,186.41042709350586
3642,1745910598.8444412,186.4187717437744
3643,1745910599.0322685,186.82622909545898
3644,1745910599.225156,191.88404083251953
3645,1745910599.4087222,183.56609344482422
3646,1745910599.593753,183.50887298583984
3647,1745910599.7804286,186.6755485534668
3648,1745910599.965099,183.6857795715332
3649,1745910600.1493454,183.2866668701172
3650,1745910600.4111683,261.8229389190674
3651,1745910600.5983913,186.12217903137207
3652,1745910600.7851398,186.24091148376465
3653,1745910601.0171492,232.0094108581543
3654,1745910601.2038155,186.66625022888184
3655,1745910601.3970075,193.1920051574707
3656,1745910601.6151567,217.18835830688477
3657,1745910601.804196,188.04621696472168
3658,1745910601.9897013,185.50539016723633
3659,1745910602.1766825,186.981201171875
3660,1745910602.461813,284.15727615356445
3661,1745910602.647421,184.54694747924805
3662,1745910602.8337052,186.28430366516113
3663,1745910603.0201762,186.47098541259766
3664,1745910603.2076168,186.4314079284668
3665,1745910603.485981,276.8363952636719
3666,1745910603.671662,185.68110466003418
3667,1745910603.8612313,189.56923484802246
3668,1745910604.0462217,184.01694297790527
3669,1745910604.2344086,188.1868839263916
3670,1745910604.4188898,184.48114395141602
3671,1745910604.7095988,290.7090187072754
3672,1745910604.8991208,189.52202796936035
3673,1745910605.0861378,186.00988388061523
3674,1745910605.2712886,184.1425895690918
3675,1745910605.4576101,186.32149696350098
3676,1745910605.645923,188.31276893615723
3677,1745910605.8398416,193.91870498657227
3678,1745910606.0434847,203.6430835723877
3679,1745910606.2436671,199.19443130493164
3680,1745910606.5171618,272.5539207458496
3681,1745910606.7051487,186.71822547912598
3682,1745910606.8932068,188.05813789367676
3683,1745910607.1732383,279.0381908416748
3684,1745910607.37117,196.91729545593262
3685,1745910607.560374,188.6913776397705
3686,1745910607.7452407,184.86666679382324
3687,1745910607.9315932,186.35249137878418
3688,1745910608.1173475,185.75429916381836
3689,1745910608.3046987,187.35122680664062
3690,1745910608.4936366,187.92247772216797
3691,1745910608.680228,185.5924129486084
3692,1745910608.8657537,185.52565574645996
3693,1745910609.1080332,242.2795295715332
3694,1745910609.2951822,187.1490478515625
3695,1745910609.4850059,189.82362747192383
3696,1745910609.729411,243.4079647064209
3697,1745910609.916203,185.78100204467773
3698,1745910610.1132727,197.06964492797852
3699,1745910610.300033,185.03832817077637
3700,1745910610.5167308,216.69769287109375
3701,1745910610.7061,188.36498260498047
3702,1745910610.893384,186.2947940826416
3703,1745910611.1674623,274.078369140625
3704,1745910611.4623191,294.8567867279053
3705,1745910611.6475668,184.23962593078613
3706,1745910611.8325024,184.9355697631836
3707,1745910612.0210767,187.5905990600586
3708,1745910612.2072313,186.15460395812988
3709,1745910612.4935143,285.3822708129883
3710,1745910612.6837983,190.28401374816895
3711,1745910612.8693166,185.5182647705078
3712,1745910613.0554142,186.0976219177246
3713,1745910613.2978785,241.55330657958984
3714,1745910613.5015454,203.66692543029785
3715,1745910614.5114768,nan
3716,1745910614.697816,186.3391399383545
3717,1745910614.8874137,188.08650970458984
3718,1745910615.1661897,278.7759304046631
3719,1745910615.4598756,293.6859130859375
3720,1745910615.6448827,185.00709533691406
3721,1745910615.8325589,187.67619132995605
3722,1745910616.0200684,186.5220069885254
3723,1745910616.209476,188.06123733520508
3724,1745910616.475161,264.93048667907715
3725,1745910616.662517,187.35599517822266
3726,1745910616.8513167,187.85548210144043
3727,1745910617.0937526,241.41979217529297
3728,1745910617.2805157,185.75453758239746
3729,1745910617.4671054,185.58311462402344
3730,1745910617.6512187,183.0880641937256
3731,1745910617.8381007,185.8813762664795
3732,1745910618.0250556,185.94670295715332
3733,1745910618.2108448,184.78798866271973
3734,1745910618.4337993,222.95451164245605
3735,1745910618.6222508,188.45152854919434
3736,1745910618.8090718,185.8994960784912
3737,1745910618.9983776,189.30578231811523
3738,1745910619.2340422,234.6656322479248
3739,1745910619.4204478,186.40565872192383
3740,1745910619.60664,186.19227409362793
3741,1745910619.8660848,259.4447135925293
3742,1745910620.0525534,186.46860122680664
3743,1745910620.239919,186.4798069000244
3744,1745910620.4260695,185.14347076416016
3745,1745910620.6896563,263.58675956726074
3746,1745910620.878084,188.42768669128418
3747,1745910621.0628715,184.78751182556152
3748,1745910621.249654,185.87851524353027
3749,1745910621.44089,190.22631645202637
3750,1745910621.6265843,185.69421768188477
3751,1745910621.9179964,291.4121150970459
3752,1745910622.1058862,186.89727783203125
3753,1745910622.2922323,186.34605407714844
3754,1745910622.4793441,186.10382080078125
3755,1745910622.667191,187.84689903259277
3756,1745910622.8543081,186.24377250671387
3757,1745910623.1500165,295.70841789245605
3758,1745910623.448328,297.3923683166504
3759,1745910623.6560955,206.79545402526855
3760,1745910623.8455286,189.43309783935547
3761,1745910624.0375423,190.07420539855957
3762,1745910624.229435,191.8926239013672
3763,1745910624.4175339,187.2410774230957
3764,1745910624.67978,262.24613189697266
3765,1745910624.8657153,184.92984771728516
3766,1745910625.0517452,184.68618392944336
3767,1745910625.2880385,236.29331588745117
3768,1745910625.4805467,192.50822067260742
3769,1745910625.6657932,185.24646759033203
3770,1745910625.9076378,241.84465408325195
3771,1745910626.0975254,189.88752365112305
3772,1745910626.2862003,188.6749267578125
3773,1745910626.4723892,185.26840209960938
3774,1745910626.6606638,188.27462196350098
3775,1745910626.8511124,190.44852256774902
3776,1745910627.1344125,283.30016136169434
3777,1745910627.3235917,189.1791820526123
3778,1745910627.5104842,186.89250946044922
3779,1745910627.7457988,235.31460762023926
3780,1745910627.9454362,199.63741302490234
3781,1745910628.1377003,191.3776397705078
3782,1745910628.3253093,187.6089572906494
3783,1745910628.5125017,186.20872497558594
3784,1745910628.7626693,250.1676082611084
3785,1745910628.9481177,185.44840812683105
3786,1745910629.1350958,186.0496997833252
3787,1745910629.394229,259.13310050964355
3788,1745910629.58205,187.8211498260498
3789,1745910629.7676442,185.5940818786621
3790,1745910629.953003,185.35876274108887
3791,1745910630.1433537,190.35077095031738
3792,1745910630.3377967,193.4049129486084
3793,1745910630.5568838,219.0871238708496
3794,1745910630.7442088,186.55633926391602
3795,1745910630.9296114,185.40263175964355
3796,1745910631.234613,303.99489402770996
3797,1745910631.4234443,187.9262924194336
3798,1745910631.6094296,185.98532676696777
3799,1745910631.7954443,186.01465225219727
3800,1745910631.9812992,185.85491180419922
3801,1745910632.167449,186.14983558654785
3802,1745910632.3537307,186.28168106079102
3803,1745910632.5710583,217.32759475708008
3804,1745910632.7552192,184.16094779968262
3805,1745910632.9418497,186.6304874420166
3806,1745910633.1750355,233.1857681274414
3807,1745910633.3597014,184.66591835021973
3808,1745910633.5482073,188.5058879852295
3809,1745910633.7936106,245.40328979492188
3810,1745910633.983251,189.64052200317383
3811,1745910634.185077,201.8258571624756
3812,1745910634.381461,196.38395309448242
3813,1745910634.5709758,188.25125694274902
3814,1745910634.7834287,211.47799491882324
3815,1745910634.993543,209.11812782287598
3816,1745910636.006348,nan
3817,1745910636.2025244,196.17652893066406
3818,1745910636.3919184,188.3857250213623
3819,1745910636.6636944,270.79200744628906
3820,1745910636.97286,309.16571617126465
3821,1745910637.2690327,296.1726188659668
3822,1745910637.4604597,191.42699241638184
3823,1745910637.6507642,190.30451774597168
3824,1745910637.8490808,198.3165740966797
3825,1745910638.0390816,190.0007724761963
3826,1745910638.2316358,192.55423545837402
3827,1745910638.4290726,196.42949104309082
3828,1745910638.6264174,197.34477996826172
3829,1745910638.8166516,190.23418426513672
3830,1745910639.0090394,191.39409065246582
3831,1745910639.3120673,303.027868270874
3832,1745910639.5019772,189.9099349975586
3833,1745910639.6897173,187.74008750915527
3834,1745910639.878305,188.58766555786133
3835,1745910640.066299,187.99400329589844
3836,1745910640.2599607,193.66168975830078
3837,1745910640.5549302,294.9695587158203
3838,1745910640.7502437,195.3134536743164
3839,1745910640.9377582,187.5145435333252
3840,1745910641.127673,189.91470336914062
3841,1745910641.3751757,247.50280380249023
3842,1745910641.6818788,305.79066276550293
3843,1745910641.9794116,296.53334617614746
3844,1745910642.1633,183.3484172821045
3845,1745910642.3499992,186.69915199279785
3846,1745910642.572033,221.02594375610352
3847,1745910642.7604964,188.4634494781494
3848,1745910642.9534316,191.09225273132324
3849,1745910643.1443176,190.8860206604004
3850,1745910643.421791,277.47344970703125
3851,1745910643.6147935,193.00246238708496
3852,1745910643.8009982,186.2046718597412
3853,1745910643.9852502,184.2520236968994
3854,1745910644.1731372,187.88695335388184
3855,1745910644.3602831,187.14594841003418
3856,1745910644.5477068,187.4237060546875
3857,1745910644.7350504,187.34359741210938
3858,1745910644.9233468,187.3798370361328
3859,1745910645.1775272,254.1804313659668
3860,1745910645.4608622,281.8288803100586
3861,1745910645.6458952,185.03308296203613
3862,1745910645.8477728,201.87759399414062
3863,1745910646.096526,248.75307083129883
3864,1745910646.287446,189.5925998687744
3865,1745910646.4769373,187.97779083251953
3866,1745910646.6697264,192.78907775878906
3867,1745910646.855649,185.92262268066406
3868,1745910647.0944068,237.84756660461426
3869,1745910647.2831414,187.73818016052246
3870,1745910647.4689465,185.805082321167
3871,1745910647.7206562,251.13725662231445
3872,1745910647.9340541,213.39797973632812
3873,1745910648.1231887,189.1345977783203
3874,1745910648.3247964,201.60770416259766
3875,1745910648.512646,186.83767318725586
3876,1745910648.7191179,206.47192001342773
3877,1745910648.9449394,225.82149505615234
3878,1745910649.1348293,189.88990783691406
3879,1745910649.461313,325.48069953918457
3880,1745910649.7816257,320.3127384185791
3881,1745910650.1453638,363.7380599975586
3882,1745910650.368968,222.60451316833496
3883,1745910650.5599222,190.95420837402344
3884,1745910650.7521589,192.23666191101074
3885,1745910650.9420347,188.8716220855713
3886,1745910651.1452422,203.20749282836914
3887,1745910652.1482286,nan
3888,1745910652.3821993,232.5875759124756
3889,1745910652.5791955,196.99621200561523
3890,1745910652.8347363,255.5408477783203
3891,1745910653.021726,186.98954582214355
3892,1745910653.2112865,189.5606517791748
3893,1745910653.4460123,233.6142063140869
3894,1745910653.633523,187.51072883605957
3895,1745910653.8190405,185.5175495147705
3896,1745910654.0058765,185.76741218566895
3897,1745910654.1936512,185.61077117919922
3898,1745910654.3789542,185.3029727935791
3899,1745910654.6079586,228.5759449005127
3900,1745910654.7962425,187.27660179138184
3901,1745910654.9873576,191.115140914917
3902,1745910655.2828343,295.47667503356934
3903,1745910655.4990525,215.21830558776855
3904,1745910655.7622218,263.1692886352539
3905,1745910655.9505208,188.29894065856934
3906,1745910656.1353014,184.78059768676758
3907,1745910656.3190696,182.79075622558594
3908,1745910656.5054333,186.36369705200195
3909,1745910656.6953175,188.92407417297363
3910,1745910656.884244,188.92645835876465
3911,1745910657.8960013,nan
3912,1745910658.0835025,187.5011920928955
3913,1745910658.270779,185.87136268615723
3914,1745910658.58103,310.25099754333496
3915,1745910658.7682312,186.19513511657715
3916,1745910658.9547124,185.48107147216797
3917,1745910659.1389987,183.27760696411133
3918,1745910659.394236,254.2271614074707
3919,1745910659.5811107,185.87899208068848
3920,1745910659.7679186,185.8055591583252
3921,1745910660.000886,231.99796676635742
3922,1745910660.188986,187.09325790405273
3923,1745910660.3781884,189.20230865478516
3924,1745910660.6206765,241.49084091186523
3925,1745910660.8061848,185.50825119018555
3926,1745910660.9947367,188.5519027709961
3927,1745910661.2430305,248.29387664794922
3928,1745910661.5372174,294.1868305206299
3929,1745910661.7517638,213.03462982177734
3930,1745910661.94557,193.80617141723633
3931,1745910662.1428332,196.29335403442383
3932,1745910662.3291428,186.3095760345459
3933,1745910662.5154257,186.28287315368652
3934,1745910662.7019901,185.55545806884766
3935,1745910662.8890407,186.0501766204834
3936,1745910663.187421,297.47486114501953
3937,1745910663.3734827,186.06162071228027
3938,1745910664.3814445,nan
3939,1745910664.62009,238.6455535888672
3940,1745910664.8068657,185.3466033935547
3941,1745910665.816772,nan
3942,1745910666.8235497,nan
3943,1745910667.0790164,255.46669960021973
3944,1745910667.3818123,301.7909526824951
3945,1745910667.5698278,188.01546096801758
3946,1745910668.585433,nan
3947,1745910668.7731926,187.37077713012695
3948,1745910668.9604757,186.36703491210938
3949,1745910669.2304502,269.9744701385498
3950,1745910669.5272586,294.89731788635254
3951,1745910669.7211578,192.90399551391602
3952,1745910669.91209,190.9322738647461
3953,1745910670.1017184,188.64798545837402
3954,1745910670.287819,186.10048294067383
3955,1745910670.4852812,197.4623203277588
3956,1745910670.6722963,186.04016304016113
3957,1745910670.8590188,186.7225170135498
3958,1745910671.046101,186.16628646850586
3959,1745910671.2362494,190.14835357666016
3960,1745910671.4216537,185.40430068969727
3961,1745910671.6718469,250.19311904907227
3962,1745910671.857338,185.49108505249023
3963,1745910672.0442898,186.9518756866455
3964,1745910672.2318656,187.5758171081543
3965,1745910672.4203331,188.46750259399414
3966,1745910672.6068318,185.5459213256836
3967,1745910672.907502,300.6701469421387
3968,1745910673.102543,195.04117965698242
3969,1745910673.305106,202.56280899047852
3970,1745910674.3131857,nan
3971,1745910674.4977837,184.59796905517578
3972,1745910674.6849377,185.64748764038086
3973,1745910674.870051,185.11319160461426
3974,1745910675.155964,284.91854667663574
3975,1745910675.3446712,188.7073516845703
3976,1745910675.5319996,187.32833862304688
3977,1745910675.7792587,246.28233909606934
3978,1745910675.967365,188.10629844665527
3979,1745910676.1551476,186.7821216583252
3980,1745910676.3425782,187.43062019348145
3981,1745910676.5304565,187.87837028503418
3982,1745910676.714302,183.84552001953125
3983,1745910677.009081,293.84922981262207
3984,1745910677.195506,185.41455268859863
3985,1745910678.203573,nan
3986,1745910678.39133,187.75701522827148
3987,1745910678.5801551,188.82513046264648
3988,1745910678.7662773,186.12217903137207
3989,1745910679.0587845,292.5071716308594
3990,1745910679.3552425,295.95065116882324
3991,1745910679.5443048,189.06235694885254
3992,1745910679.731129,185.8224868774414
3993,1745910679.9763756,245.24664878845215
3994,1745910680.1631842,186.80858612060547
3995,1745910680.3488436,185.65940856933594
3996,1745910680.5361786,186.32888793945312
3997,1745910680.8006203,263.4274959564209
3998,1745910681.1099832,309.36288833618164
3999,1745910681.408301,297.30868339538574
4000,1745910681.5959744,185.64844131469727
4001,1745910681.7815723,185.59789657592773
4002,1745910681.9682815,185.70256233215332
4003,1745910682.1560273,187.7458095550537
4004,1745910682.3525941,195.71423530578613
4005,1745910682.6278346,275.240421295166
4006,1745910682.8120348,184.20028686523438
4007,1745910682.9981763,186.1414909362793
4008,1745910683.1837342,185.55784225463867
4009,1745910683.449164,265.4297351837158
4010,1745910683.6356666,186.50269508361816
4011,1745910683.8212142,185.5475902557373
4012,1745910684.0089428,186.3725185394287
4013,1745910684.1967485,186.48600578308105
4014,1745910684.381603,183.86077880859375
4015,1745910684.5675347,184.92865562438965
4016,1745910684.7869146,219.37990188598633
4017,1745910684.9760401,189.12553787231445
4018,1745910685.979694,nan
4019,1745910686.1919885,210.77942848205566
4020,1745910686.378209,185.2858066558838
4021,1745910686.5660563,186.84697151184082
4022,1745910686.751523,185.46676635742188
4023,1745910686.9389167,186.4147186279297
4024,1745910687.2307281,291.811466217041
4025,1745910687.4151433,184.41510200500488
4026,1745910687.6071877,191.07437133789062
4027,1745910687.8615553,253.42321395874023
4028,1745910688.0491602,186.59734725952148
4029,1745910688.2354808,186.32054328918457
4030,1745910688.424243,187.74771690368652
4031,1745910688.611685,187.44206428527832
4032,1745910688.870522,258.8369846343994
4033,1745910689.05689,186.36798858642578
4034,1745910689.24618,188.28392028808594
4035,1745910689.4976048,250.42200088500977
4036,1745910689.685661,188.05623054504395
4037,1745910689.8759756,189.32366371154785
4038,1745910690.0628757,186.90013885498047
4039,1745910690.300262,237.38622665405273
4040,1745910690.4861348,184.87262725830078
4041,1745910690.6718128,184.68475341796875
4042,1745910690.8593075,187.49475479125977
4043,1745910691.0452302,184.91625785827637
4044,1745910691.3505838,304.34703826904297
4045,1745910691.647066,296.4823246002197
4046,1745910691.831841,184.77487564086914
4047,1745910692.0191195,186.2785816192627
4048,1745910692.2046068,184.4789981842041
4049,1745910692.3961377,191.53094291687012
4050,1745910692.583577,186.43879890441895
4051,1745910692.8648324,280.3339958190918
4052,1745910693.0499666,185.1341724395752
4053,1745910694.0617023,nan
4054,1745910694.316452,253.87811660766602
4055,1745910694.5153995,197.97325134277344
4056,1745910694.7026138,186.19680404663086
4057,1745910694.887135,184.52119827270508
4058,1745910695.073942,186.80691719055176
4059,1745910695.2599173,185.9753131866455
4060,1745910695.545339,284.4233512878418
4061,1745910695.732918,186.57803535461426
4062,1745910695.920156,187.23797798156738
4063,1745910696.1132786,193.12262535095215
4064,1745910696.2993052,186.02657318115234
4065,1745910696.490474,191.16878509521484
4066,1745910696.683767,192.2593116760254
4067,1745910696.8700008,186.2337589263916
4068,1745910697.1952286,324.22780990600586
4069,1745910697.4890187,293.7901020050049
4070,1745910697.6740673,184.04269218444824
4071,1745910697.861584,187.5166893005371
4072,1745910698.0959315,233.3674430847168
4073,1745910698.2812593,185.32776832580566
4074,1745910698.4677153,185.4569911956787
4075,1745910698.6553245,187.60919570922852
4076,1745910698.8402898,184.1127872467041
4077,1745910699.0248787,184.58890914916992
4078,1745910699.2124708,186.21230125427246
4079,1745910699.3992648,186.48266792297363
4080,1745910699.6339707,234.70592498779297
4081,1745910699.8208768,186.906099319458
4082,1745910700.0056775,184.8006248474121
4083,1745910700.24328,235.83507537841797
4084,1745910700.4394903,196.21038436889648
4085,1745910700.6273532,187.86287307739258
4086,1745910700.860115,232.76185989379883
4087,1745910701.169997,309.88192558288574
4088,1745910701.3567715,186.77449226379395
4089,1745910701.5475965,190.8249855041504
4090,1745910701.7762423,227.09155082702637
4091,1745910701.9675276,189.8055076599121
4092,1745910702.1567543,189.22662734985352
4093,1745910702.347333,189.35680389404297
4094,1745910702.5342395,186.9065761566162
4095,1745910702.733374,198.12297821044922
4096,1745910702.9203155,185.98532676696777
4097,1745910703.105233,183.9163303375244
4098,1745910703.2916846,186.45167350769043
4099,1745910703.5333898,240.7088279724121
4100,1745910703.7183034,184.91363525390625
4101,1745910704.7269278,nan
4102,1745910704.9142923,187.3645782470703
4103,1745910705.1645186,250.22625923156738
4104,1745910705.3516204,186.15198135375977
4105,1745910705.5362751,184.65471267700195
4106,1745910705.769005,232.72991180419922
4107,1745910705.9558358,186.8307590484619
4108,1745910706.146364,190.52815437316895
4109,1745910706.3312757,184.91172790527344
4110,1745910706.516785,185.50920486450195
4111,1745910706.7067943,188.01093101501465
4112,1745910706.8907762,183.98189544677734
4113,1745910707.1117787,221.00257873535156
4114,1745910707.2974339,185.6551170349121
4115,1745910707.4866939,189.26000595092773
4116,1745910707.712862,226.16815567016602
4117,1745910707.9068708,194.00882720947266
4118,1745910708.0953677,188.49682807922363
4119,1745910708.2825499,187.18218803405762
4120,1745910708.4682553,185.70542335510254
4121,1745910708.6623404,193.0861473083496
4122,1745910708.9466102,284.2698097229004
4123,1745910709.138795,191.2844181060791
4124,1745910709.3279037,189.10884857177734
4125,1745910709.5708742,241.9731616973877
4126,1745910709.7559779,185.1036548614502
4127,1745910709.9472232,190.2625560760498
4128,1745910710.139879,192.6558017730713
4129,1745910710.3930938,252.2103786468506
4130,1745910710.591966,198.87208938598633
4131,1745910710.7792091,186.73419952392578
4132,1745910710.967996,188.78674507141113
4133,1745910711.156211,187.26658821105957
4134,1745910711.4191928,262.068510055542
4135,1745910711.610811,191.6182041168213
4136,1745910712.612783,nan
4137,1745910712.7991874,186.40446662902832
4138,1745910712.9856067,185.9128475189209
4139,1745910713.172993,187.38627433776855
4140,1745910713.3573623,184.36932563781738
4141,1745910713.545032,186.0969066619873
4142,1745910713.7429225,197.8905200958252
4143,1745910713.9292521,186.32960319519043
4144,1745910714.1172242,187.9720687866211
4145,1745910714.3033361,185.1828098297119
4146,1745910714.4909189,186.71154975891113
4147,1745910714.769673,278.75423431396484
4148,1745910714.9591384,188.45891952514648
4149,1745910715.1447604,185.621976852417
4150,1745910715.4120724,266.4003372192383
4151,1745910715.7089093,296.83685302734375
4152,1745910715.895278,186.3687038421631
4153,1745910716.0864937,190.20700454711914
4154,1745910716.2721338,184.68427658081055
4155,1745910716.4578958,185.7619285583496
4156,1745910716.6432357,184.3245029449463
4157,1745910716.937243,293.00618171691895
4158,1745910717.1362023,198.9593505859375
4159,1745910717.3251636,188.96126747131348
4160,1745910717.5112247,186.06114387512207
4161,1745910717.7635002,252.2754669189453
4162,1745910717.948954,184.12303924560547
4163,1745910718.1370616,188.10749053955078
4164,1745910718.32305,185.9884262084961
4165,1745910718.5095696,185.52303314208984
4166,1745910718.695047,185.47725677490234
4167,1745910718.8824692,187.4222755432129
4168,1745910719.0680728,185.60361862182617
4169,1745910719.2600486,190.97065925598145
4170,1745910719.504525,244.476318359375
4171,1745910719.692187,186.6621971130371
4172,1745910719.8797765,186.6302490234375
4173,1745910720.069502,189.7256374359131
4174,1745910720.3113708,241.8687343597412
4175,1745910720.4997432,188.37237358093262
4176,1745910720.688926,189.18275833129883
4177,1745910720.9304717,241.5456771850586
4178,1745910721.1171246,185.58764457702637
4179,1745910721.3091269,192.0022964477539
4180,1745910721.5511992,242.07234382629395
4181,1745910721.7385118,186.30576133728027
4182,1745910721.9236917,184.67354774475098
4183,1745910722.1099062,186.21444702148438
4184,1745910722.2951348,185.2285861968994
4185,1745910722.4801817,185.04691123962402
4186,1745910722.6672695,187.0877742767334
4187,1745910722.852975,185.70542335510254
4188,1745910723.042468,189.49317932128906
4189,1745910723.2302191,187.75105476379395
4190,1745910723.4154246,184.20004844665527
4191,1745910723.6035953,187.16764450073242
4192,1745910723.8920746,288.4793281555176
4193,1745910724.0817254,189.6507740020752
4194,1745910724.2674432,185.71782112121582
4195,1745910724.452657,185.21380424499512
4196,1745910724.6377716,185.11462211608887
4197,1745910724.824424,186.65242195129395
4198,1745910725.0101876,185.76359748840332
4199,1745910725.1993487,189.1610622406006
4200,1745910725.4434419,244.0931797027588
4201,1745910725.641042,196.59972190856934
4202,1745910725.830322,189.28003311157227
4203,1745910726.017174,184.65495109558105
4204,1745910726.204177,187.00289726257324
4205,1745910726.3911395,185.95361709594727
4206,1745910726.5759478,184.80825424194336
4207,1745910726.7630107,187.06297874450684
4208,1745910726.9556484,192.63768196105957
4209,1745910727.185635,228.93524169921875
4210,1745910727.3711271,184.62896347045898
4211,1745910728.3781734,nan
4212,1745910728.5700288,191.85543060302734
4213,1745910728.7548485,183.81571769714355
4214,1745910728.9409432,186.0947608947754
4215,1745910729.1305034,189.5601749420166
4216,1745910729.4213977,289.8886203765869
4217,1745910729.620091,198.69327545166016
4218,1745910729.8064854,185.3928565979004
4219,1745910729.9951413,187.66331672668457
4220,1745910730.1826212,187.47997283935547
4221,1745910730.4757502,292.2179698944092
4222,1745910730.6613781,184.53359603881836
4223,1745910730.8491142,187.73603439331055
4224,1745910731.0413227,190.73891639709473
4225,1745910731.2262628,184.94009971618652
4226,1745910731.4779599,251.69706344604492
4227,1745910731.662283,184.32307243347168
4228,1745910731.8616762,198.441743850708
4229,1745910732.0457184,184.04221534729004
4230,1745910732.3002694,253.53622436523438
4231,1745910732.4868917,185.61458587646484
4232,1745910732.67376,185.85848808288574
4233,1745910732.9033291,228.64770889282227
4234,1745910733.0890481,185.71901321411133
4235,1745910733.2769902,187.34169006347656
4236,1745910733.5375445,260.55431365966797
4237,1745910733.723697,186.15245819091797
4238,1745910733.91431,190.6130313873291
4239,1745910734.1023862,188.07625770568848
4240,1745910734.2881906,185.8043670654297
4241,1745910734.475059,186.86842918395996
4242,1745910734.6602433,184.17787551879883
4243,1745910734.8454847,185.2414608001709
4244,1745910735.0316758,186.19108200073242
4245,1745910735.2685745,236.89866065979004
4246,1745910735.4562733,187.19244003295898
4247,1745910735.6465595,189.28217887878418
4248,1745910735.872764,226.20463371276855
4249,1745910736.0609727,188.20858001708984
4250,1745910736.245158,184.18526649475098
4251,1745910736.4854145,240.25654792785645
4252,1745910736.6891994,202.88586616516113
4253,1745910736.879645,190.4456615447998
4254,1745910737.065367,185.72187423706055
4255,1745910737.2500618,184.69476699829102
4256,1745910737.4350011,184.93938446044922
4257,1745910737.731361,296.3597774505615
4258,1745910737.917534,186.1732006072998
4259,1745910738.1334493,215.91520309448242
4260,1745910738.3191984,184.75961685180664
4261,1745910738.5090673,188.71402740478516
4262,1745910738.6978438,188.77649307250977
4263,1745910738.8882558,190.41204452514648
4264,1745910739.0733519,185.09602546691895
4265,1745910739.367604,294.2521572113037
4266,1745910739.5535796,185.9755516052246
4267,1745910739.7398021,185.258150100708
4268,1745910739.973678,233.87598991394043
4269,1745910740.1591225,185.44435501098633
4270,1745910740.3432746,183.1226348876953
4271,1745910740.5275757,183.33005905151367
4272,1745910740.7121208,184.54504013061523
4273,1745910740.9038618,190.87719917297363
4274,1745910741.0903277,186.46597862243652
4275,1745910741.28363,193.30215454101562
4276,1745910741.4692287,185.59885025024414
4277,1745910741.7172806,247.04217910766602
4278,1745910741.905146,186.91635131835938
4279,1745910742.0941207,188.97485733032227
4280,1745910742.344764,250.64325332641602
4281,1745910742.5309842,186.2201690673828
4282,1745910742.7210212,189.0432834625244
4283,1745910742.9070878,186.0666275024414
4284,1745910743.0917492,184.6613883972168
4285,1745910743.3476062,254.8387050628662
4286,1745910743.5343084,185.19115447998047
4287,1745910743.7195537,185.24527549743652
4288,1745910743.905445,185.21881103515625
4289,1745910744.0928292,186.38134002685547
4290,1745910744.2791617,186.33246421813965
4291,1745910744.5257025,245.527982711792
4292,1745910744.720626,194.92363929748535
4293,1745910744.9077015,187.07537651062012
4294,1745910745.095374,187.67261505126953
4295,1745910745.293956,198.58193397521973
4296,1745910745.4924433,197.4775791168213
4297,1745910745.686073,192.8246021270752
4298,1745910745.8762665,190.19341468811035
4299,1745910746.1277552,251.48868560791016
4300,1745910746.3135014,184.24034118652344
4301,1745910746.5002184,186.71703338623047
4302,1745910746.6873431,186.11717224121094
4303,1745910746.8804667,193.12357902526855
4304,1745910747.067843,186.3703727722168
4305,1745910747.2531722,185.32919883728027
4306,1745910747.4409587,187.78657913208008
4307,1745910747.6669118,224.99656677246094
4308,1745910747.852246,184.37504768371582
4309,1745910748.0390384,186.79237365722656
4310,1745910748.2256923,186.65385246276855
4311,1745910748.413066,187.37363815307617
4312,1745910748.6095629,196.49696350097656
4313,1745910748.7994704,189.90755081176758
4314,1745910749.1058037,305.48739433288574
4315,1745910749.2914467,185.64295768737793
4316,1745910749.4793823,187.93559074401855
4317,1745910749.6688662,188.47274780273438
4318,1745910749.8627932,193.4187412261963
4319,1745910750.0522857,188.48824501037598
4320,1745910750.32103,267.7433490753174
4321,1745910750.5690625,248.0325698852539
4322,1745910750.7584386,189.3761157989502
4323,1745910750.950101,191.1003589630127
4324,1745910751.138999,188.89808654785156
4325,1745910751.445241,305.22847175598145
4326,1745910751.6300137,184.77272987365723
4327,1745910751.815951,184.92627143859863
4328,1745910752.0040107,188.05956840515137
4329,1745910752.1921666,188.1558895111084
4330,1745910752.3823693,189.21947479248047
4331,1745910752.5745754,191.1945343017578
4332,1745910752.762933,187.4532699584961
4333,1745910752.950135,186.2020492553711
4334,1745910753.1863084,236.1733913421631
4335,1745910753.373714,186.40780448913574
4336,1745910753.5627112,187.9894733428955
4337,1745910753.7500718,187.3605251312256
4338,1745910753.955028,203.94062995910645
4339,1745910754.1407216,184.69524383544922
4340,1745910754.330842,189.10717964172363
4341,1745910754.580208,249.36604499816895
4342,1745910754.7663512,185.09268760681152
4343,1745910754.9535818,187.23058700561523
4344,1745910755.1389656,185.38379669189453
4345,1745910755.4442549,305.28926849365234
4346,1745910755.7563353,312.08038330078125
4347,1745910756.0658813,309.54599380493164
4348,1745910756.3603008,294.419527053833
4349,1745910756.5459692,184.67140197753906
4350,1745910756.7314332,185.46390533447266
4351,1745910756.9224563,190.01126289367676
4352,1745910757.1122844,189.82815742492676
4353,1745910757.2973003,184.00979042053223
4354,1745910757.483672,185.3184700012207
4355,1745910757.668872,185.20021438598633
4356,1745910757.9040785,234.69781875610352
4357,1745910758.0892332,185.15467643737793
4358,1745910758.2742045,184.27705764770508
4359,1745910758.4600458,185.84132194519043
4360,1745910758.6449802,184.9343776702881
4361,1745910758.8305237,185.54353713989258
4362,1745910759.0191538,187.6206398010254
4363,1745910759.228965,209.81121063232422
4364,1745910759.4148097,185.84465980529785
4365,1745910759.604338,188.54141235351562
4366,1745910759.8320937,227.75578498840332
4367,1745910760.0225239,189.41807746887207
4368,1745910760.2154148,191.92981719970703
4369,1745910760.4004147,184.99994277954102
4370,1745910760.6153991,213.9878273010254
4371,1745910760.801919,186.51986122131348
4372,1745910760.9905343,188.6153221130371
4373,1745910761.2802896,289.75534439086914
4374,1745910761.4721572,191.86758995056152
4375,1745910761.6577272,185.57000160217285
4376,1745910761.8448255,187.09826469421387
4377,1745910762.1074505,262.62497901916504
4378,1745910762.2928448,185.394287109375
4379,1745910762.4829931,190.14835357666016
4380,1745910762.6709754,186.97476387023926
4381,1745910762.858929,187.95347213745117
4382,1745910763.0456574,186.72847747802734
4383,1745910763.2322316,185.6250762939453
4384,1745910763.418823,186.59138679504395
4385,1745910763.6335936,214.77055549621582
4386,1745910763.822061,187.45994567871094
4387,1745910764.0090797,187.01863288879395
4388,1745910764.195025,185.9452724456787
4389,1745910764.3796475,184.62252616882324
4390,1745910764.569272,188.61746788024902
4391,1745910764.753428,183.65025520324707
4392,1745910764.9401581,185.73594093322754
4393,1745910765.1261184,185.9602928161621
4394,1745910765.3876905,260.8516216278076
4395,1745910765.6710699,283.37931632995605
4396,1745910765.8549068,183.8369369506836
4397,1745910766.0425103,187.60347366333008
4398,1745910766.306442,263.9317512512207
4399,1745910766.4965184,190.07635116577148
4400,1745910766.6816268,184.19456481933594
4401,1745910766.8675454,185.91856956481934
4402,1745910767.0543525,185.2872371673584
4403,1745910767.24125,185.92381477355957
4404,1745910767.4254208,184.17072296142578
4405,1745910767.6149335,189.5127296447754
4406,1745910767.8259597,211.02619171142578
4407,1745910768.0125513,185.58359146118164
4408,1745910768.1991408,186.58947944641113
4409,1745910768.39904,199.39327239990234
4410,1745910768.588927,188.72666358947754
4411,1745910768.7754629,185.5294704437256
4412,1745910768.9624372,186.97428703308105
4413,1745910769.256852,294.414758682251
4414,1745910769.4424074,185.55545806884766
4415,1745910769.6294906,187.08324432373047
4416,1745910769.8784013,247.79438972473145
4417,1745910770.0693421,190.94085693359375
4418,1745910770.2538223,184.4801902770996
4419,1745910770.5023813,247.59387969970703
4420,1745910770.6870942,184.71288681030273
4421,1745910770.8725622,185.46795845031738
4422,1745910771.0571208,184.55862998962402
4423,1745910771.2443743,186.31553649902344
4424,1745910771.4310844,186.71011924743652
4425,1745910771.6168075,185.72306632995605
4426,1745910771.8029385,185.3499412536621
4427,1745910772.037121,233.2298755645752
4428,1745910772.2242622,187.14118003845215
4429,1745910772.4125555,188.2932186126709
4430,1745910772.5992758,185.80079078674316
4431,1745910772.7851517,185.36639213562012
4432,1745910772.9730017,187.8499984741211
4433,1745910773.271596,298.59423637390137
4434,1745910773.5658345,294.2385673522949
4435,1745910773.75224,185.33921241760254
4436,1745910773.947728,195.48797607421875
4437,1745910774.1354787,187.75081634521484
4438,1745910774.320308,184.8292350769043
4439,1745910774.5931418,271.8830108642578
4440,1745910774.778919,185.7771873474121
4441,1745910774.96501,185.01877784729004
4442,1745910775.1508787,185.8687400817871
4443,1745910775.4193382,268.4595584869385
4444,1745910775.713379,293.5347557067871
4445,1745910775.9019096,187.54816055297852
4446,1745910776.0891392,187.22963333129883
4447,1745910776.3353274,245.1777458190918
4448,1745910776.6464899,311.16247177124023
4449,1745910776.8481915,201.70164108276367
4450,1745910777.0335362,185.34469604492188
4451,1745910777.2216232,188.08698654174805
4452,1745910777.4573436,235.72039604187012
4453,1745910777.6465116,187.90435791015625
4454,1745910777.8337624,186.16724014282227
4455,1745910778.0642304,230.4680347442627
4456,1745910778.2500124,185.78195571899414
4457,1745910778.4373908,186.47456169128418
4458,1745910778.6238644,184.9076747894287
4459,1745910778.8106363,186.77186965942383
4460,1745910778.997986,187.34979629516602
4461,1745910779.1826365,184.65042114257812
4462,1745910779.368223,185.58645248413086
4463,1745910779.6187418,250.518798828125
4464,1745910779.8063061,187.56437301635742
4465,1745910779.9924304,186.12432479858398
4466,1745910780.1793275,186.89703941345215
4467,1745910780.4230018,241.99390411376953
4468,1745910780.610198,187.1962547302246
4469,1745910780.7993512,188.09008598327637
4470,1745910780.9865716,187.22033500671387
4471,1745910781.251379,264.80746269226074
4472,1745910781.4367738,185.3947639465332
4473,1745910781.6211603,184.3864917755127
4474,1745910781.807286,185.11056900024414
4475,1745910781.9942248,186.93876266479492
4476,1745910782.1804056,186.18083000183105
4477,1745910782.3682835,187.87789344787598
4478,1745910782.5842273,215.9438133239746
4479,1745910782.7705219,185.78124046325684
4480,1745910782.957442,185.9908103942871
4481,1745910783.1461601,188.71808052062988
4482,1745910783.3340323,187.87217140197754
4483,1745910783.5904052,255.36513328552246
4484,1745910783.779062,187.66379356384277
4485,1745910783.9645116,184.42845344543457
4486,1745910784.152683,188.17138671875
4487,1745910784.419196,266.5128707885742
4488,1745910784.6050594,185.86349487304688
4489,1745910784.7963166,189.8500919342041
4490,1745910784.9822145,185.8978271484375
4491,1745910785.2587879,276.57341957092285
4492,1745910785.5562196,296.8757152557373
4493,1745910785.8528028,296.5831756591797
4494,1745910786.0432708,189.15462493896484
4495,1745910786.2292275,185.9567165374756
4496,1745910786.4147515,185.52398681640625
4497,1745910786.6011806,185.5165958404541
4498,1745910786.7888386,187.65807151794434
4499,1745910786.9751377,186.29908561706543
4500,1745910787.1642852,188.22956085205078
4501,1745910787.353102,188.81678581237793
4502,1745910787.540736,186.7077350616455
4503,1745910787.7952976,254.5616626739502
4504,1745910787.9813516,186.05399131774902
4505,1745910788.1671848,185.83321571350098
4506,1745910788.403566,235.37302017211914
4507,1745910788.6034544,199.8884677886963
4508,1745910788.7906291,186.19751930236816
4509,1745910788.9761813,184.3113899230957
4510,1745910789.1624606,186.279296875
4511,1745910789.4464724,284.0118408203125
4512,1745910789.7419882,295.515775680542
4513,1745910789.9376879,194.69928741455078
4514,1745910790.1272943,188.08960914611816
4515,1745910790.3146038,186.35201454162598
4516,1745910790.6359174,321.31361961364746
4517,1745910790.8221617,186.24424934387207
4518,1745910791.0088105,186.64884567260742
4519,1745910791.1928833,183.0732822418213
4520,1745910791.4861946,293.31135749816895
4521,1745910791.6763859,190.19126892089844
4522,1745910791.8607218,184.33594703674316
4523,1745910792.0954933,232.59758949279785
4524,1745910792.281429,184.9379539489746
4525,1745910792.4690807,187.6516342163086
4526,1745910792.719629,249.16410446166992
4527,1745910792.9177947,198.1656551361084
4528,1745910793.1044044,185.08267402648926
4529,1745910793.2914166,186.03014945983887
4530,1745910793.4792986,186.86962127685547
4531,1745910793.7277524,248.45385551452637
4532,1745910793.9149916,187.2391700744629
4533,1745910794.1002438,185.25218963623047
4534,1745910794.2867484,186.50460243225098
4535,1745910794.4731364,186.3880157470703
4536,1745910794.6877704,214.63394165039062
4537,1745910794.8740973,184.80730056762695
4538,1745910795.059673,185.5757236480713
4539,1745910795.2505326,190.10090827941895
4540,1745910795.4831777,231.63771629333496
4541,1745910795.6692586,185.07003784179688
4542,1745910795.857138,187.8793239593506
4543,1745910796.0910327,232.9275608062744
4544,1745910796.2762206,185.18781661987305
4545,1745910796.463506,186.26976013183594
4546,1745910796.650169,185.6064796447754
4547,1745910796.8390281,187.5314712524414
4548,1745910797.0232627,183.72583389282227
4549,1745910797.2090452,184.51786041259766
4550,1745910797.4337637,224.71857070922852
4551,1745910797.6194658,185.70208549499512
4552,1745910798.6306367,nan
4553,1745910798.8189354,186.39159202575684
4554,1745910799.0060518,186.11454963684082
4555,1745910799.1964908,190.43898582458496
4556,1745910799.4730377,276.5469551086426
4557,1745910799.659316,186.2783432006836
4558,1745910799.8464534,187.13736534118652
4559,1745910800.0944414,246.9947338104248
4560,1745910800.2802584,185.81700325012207
4561,1745910800.5011456,220.8871841430664
4562,1745910801.5072618,nan
4563,1745910802.5143933,nan
4564,1745910802.7033792,188.98582458496094
4565,1745910802.8913314,187.95228004455566
4566,1745910803.075107,182.8153133392334
4567,1745910803.2623167,186.19656562805176
4568,1745910803.558878,296.56124114990234
4569,1745910803.745482,186.2778663635254
4570,1745910803.931836,185.4696273803711
4571,1745910804.1193297,187.49380111694336
4572,1745910804.3068137,187.4840259552002
4573,1745910804.6005743,292.7064895629883
4574,1745910804.7856362,185.06193161010742
4575,1745910804.97065,183.9003562927246
4576,1745910805.1567855,186.13553047180176
4577,1745910805.4105592,252.8526782989502
4578,1745910805.6073387,196.7794895172119
4579,1745910805.795816,186.97142601013184
4580,1745910805.9836583,187.84236907958984
4581,1745910806.173725,190.06657600402832
4582,1745910806.362186,188.4610652923584
4583,1745910806.5496144,187.42847442626953
4584,1745910806.7362206,186.60616874694824
4585,1745910806.9248064,188.58575820922852
4586,1745910807.1180506,193.24421882629395
4587,1745910807.3038936,185.84299087524414
4588,1745910807.4930277,188.16232681274414
4589,1745910807.7658246,272.7968692779541
4590,1745910807.956905,191.08033180236816
4591,1745910808.149617,192.71206855773926
4592,1745910808.337313,187.69598007202148
4593,1745910808.5929866,255.0058364868164
4594,1745910808.7795978,186.61117553710938
4595,1745910808.9653645,185.76669692993164
4596,1745910809.1499946,184.6301555633545
4597,1745910809.3365827,186.58804893493652
4598,1745910809.522714,186.13123893737793
4599,1745910809.8215828,298.86889457702637
4600,1745910810.0192227,196.63095474243164
4601,1745910810.2063036,187.08086013793945
4602,1745910810.3927739,185.46795845031738
4603,1745910810.6339443,240.13495445251465
4604,1745910810.8191833,185.23907661437988
4605,1745910811.0149095,194.18573379516602
4606,1745910811.2028787,187.96920776367188
4607,1745910811.3896587,186.77997589111328
4608,1745910811.57624,185.66036224365234
4609,1745910811.7613933,185.15324592590332
4610,1745910811.9531767,190.74559211730957
4611,1745910812.1409602,185.4405403137207
4612,1745910812.326218,184.3852996826172
4613,1745910812.5854797,259.2618465423584
4614,1745910812.771706,186.22636795043945
4615,1745910812.9609156,188.19665908813477
4616,1745910813.1462388,185.32323837280273
4617,1745910813.3960202,249.78137016296387
4618,1745910813.7008865,304.8663139343262
4619,1745910813.8861399,185.25338172912598
4620,1745910814.075014,187.96873092651367
4621,1745910814.2645726,189.5585060119629
4622,1745910814.5345736,270.0009346008301
4623,1745910814.8389919,304.41832542419434
4624,1745910815.0574787,218.48678588867188
4625,1745910815.2531254,194.63467597961426
4626,1745910815.539757,286.63158416748047
4627,1745910815.7366738,195.59693336486816
4628,1745910815.9234824,186.80858612060547
4629,1745910816.1681688,243.69049072265625
4630,1745910816.3576694,188.57288360595703
4631,1745910817.3670974,nan
4632,1745910818.3789148,nan
4633,1745910818.5801382,200.71077346801758
4634,1745910818.8163848,235.2147102355957
4635,1745910819.004092,187.70718574523926
4636,1745910819.1921973,188.10534477233887
4637,1745910819.390913,198.7156867980957
4638,1745910819.6535313,261.6090774536133
4639,1745910819.841222,187.69073486328125
4640,1745910820.0302408,189.01872634887695
4641,1745910820.2159991,184.79180335998535
4642,1745910820.4025848,186.5856647491455
4643,1745910820.6700926,267.50779151916504
4644,1745910820.855682,185.58931350708008
4645,1745910821.0425587,185.87779998779297
4646,1745910821.2292812,186.7225170135498
4647,1745910821.4165158,186.6755485534668
4648,1745910821.6117556,195.23978233337402
4649,1745910821.8162959,204.54025268554688
4650,1745910822.0067348,189.43381309509277
4651,1745910822.1912212,184.48638916015625
4652,1745910822.4222445,231.02331161499023
4653,1745910822.7191765,295.8705425262451
4654,1745910822.9074285,187.2427463531494
4655,1745910823.093128,184.98706817626953
4656,1745910823.2778652,183.72702598571777
4657,1745910823.4752681,196.40803337097168
4658,1745910823.7450433,269.7751522064209
4659,1745910823.9316723,185.8196258544922
4660,1745910824.1175308,185.85848808288574
4661,1745910824.3080199,188.97676467895508
4662,1745910824.4938803,184.8604679107666
4663,1745910824.6917906,197.91030883789062
4664,1745910824.8791907,186.39659881591797
4665,1745910825.0677066,188.51590156555176
4666,1745910825.2644572,196.75064086914062
4667,1745910825.4561133,191.65611267089844
4668,1745910825.6434698,187.35647201538086
4669,1745910825.897732,254.26220893859863
4670,1745910826.0872304,189.4984245300293
4671,1745910826.2724972,185.26673316955566
4672,1745910826.501534,228.0745506286621
4673,1745910826.7094007,206.87365531921387
4674,1745910826.8973067,186.89680099487305
4675,1745910827.082991,185.6842041015625
4676,1745910827.2679517,184.19194221496582
4677,1745910827.4543755,185.41646003723145
4678,1745910827.7382524,282.87601470947266
4679,1745910827.9254048,187.15238571166992
4680,1745910828.11094,185.53519248962402
4681,1745910828.297265,186.3250732421875
4682,1745910828.5605645,263.29946517944336
4683,1745910828.7461684,185.60385704040527
4684,1745910828.931345,185.17661094665527
4685,1745910829.1179304,185.58716773986816
4686,1745910829.4747036,356.77313804626465
4687,1745910829.6612267,185.5478286743164
4688,1745910829.8503718,188.14420700073242
4689,1745910830.1004117,250.03981590270996
4690,1745910830.393713,293.3013439178467
4691,1745910830.5832932,188.57789039611816
4692,1745910830.771316,188.02285194396973
4693,1745910830.9564552,185.13917922973633
4694,1745910831.1419065,185.45126914978027
4695,1745910831.3314385,189.53204154968262
4696,1745910831.5155773,184.13877487182617
4697,1745910831.7309587,214.45965766906738
4698,1745910831.9202416,188.2777214050293
4699,1745910832.1061678,184.9386692047119
4700,1745910832.343825,237.6573085784912
4701,1745910832.529508,185.683012008667
4702,1745910832.728937,199.42879676818848
4703,1745910832.9180386,188.59457969665527
4704,1745910833.1105537,191.50543212890625
4705,1745910833.3699517,259.3979835510254
4706,1745910833.5567887,185.84108352661133
4707,1745910833.7420099,185.22119522094727
4708,1745910833.9401605,198.150634765625
4709,1745910834.126828,185.75048446655273
4710,1745910834.3136106,186.7825984954834
4711,1745910834.4979107,184.30018424987793
4712,1745910834.8025692,303.49063873291016
4713,1745910834.9873717,184.80253219604492
4714,1745910835.1740398,186.66815757751465
4715,1745910835.3602574,185.21738052368164
4716,1745910835.6264508,265.2590274810791
4717,1745910835.812949,186.49816513061523
4718,1745910836.0009449,187.05391883850098
4719,1745910836.187625,186.68007850646973
4720,1745910836.4391918,250.05722045898438
4721,1745910836.6290677,189.87584114074707
4722,1745910836.8159704,186.9027614593506
4723,1745910837.00225,186.2795352935791
4724,1745910837.1949193,192.66939163208008
4725,1745910837.4658182,270.89881896972656
4726,1745910838.471998,nan
4727,1745910839.4804919,nan
4728,1745910840.497681,nan
4729,1745910841.533631,nan
4730,1745910841.7215114,187.880277633667
4731,1745910842.7358031,nan
4732,1745910842.924374,188.57097625732422
4733,1745910843.9329197,nan
4734,1745910844.1226482,189.7284984588623
4735,1745910844.3166344,192.99721717834473
4736,1745910844.526448,209.81359481811523
4737,1745910845.534151,nan
4738,1745910846.5414922,nan
4739,1745910847.5523071,nan
4740,1745910848.5675886,nan
4741,1745910848.760605,193.01652908325195
4742,1745910848.9481473,186.53607368469238
4743,1745910849.137228,189.08071517944336
4744,1745910849.3274734,190.2453899383545
4745,1745910849.5169947,189.52131271362305
4746,1745910850.5328836,nan
4747,1745910851.5442944,nan
4748,1745910852.5563462,nan
4749,1745910852.7461355,189.7892951965332
4750,1745910852.9353836,189.24808502197266
4751,1745910853.1262946,190.91105461120605
4752,1745910853.448253,321.9583034515381
4753,1745910853.6374128,188.65036964416504
4754,1745910853.8252444,187.83164024353027
4755,1745910854.0129778,186.7532730102539
4756,1745910854.2017725,187.90030479431152
4757,1745910854.3923626,189.58401679992676
4758,1745910855.3974204,nan
4759,1745910856.410037,nan
4760,1745910856.5999806,189.9435520172119
4761,1745910856.7906065,190.6259059906006
4762,1745910856.9822114,190.5989646911621
4763,1745910857.1721342,189.92280960083008
4764,1745910857.4266467,254.51254844665527
4765,1745910857.6160202,189.37349319458008
4766,1745910857.8068626,189.84603881835938
4767,1745910858.0497038,242.84124374389648
4768,1745910858.2390656,188.35711479187012
4769,1745910858.436565,196.49147987365723
4770,1745910859.4441047,nan
4771,1745910860.454505,nan
4772,1745910860.6453362,190.83118438720703
4773,1745910860.9231298,277.79364585876465
4774,1745910861.1149197,191.7898654937744
4775,1745910861.3107996,195.87993621826172
4776,1745910862.318165,nan
4777,1745910862.5224338,203.4013271331787
4778,1745910862.710126,186.5673065185547
4779,1745910863.721541,nan
4780,1745910863.9151518,192.7964687347412
4781,1745910864.9201097,nan
4782,1745910865.1092014,189.09168243408203
4783,1745910865.300143,190.94157218933105
4784,1745910865.4892142,187.69216537475586
4785,1745910865.6770551,187.84093856811523
4786,1745910865.919233,242.17796325683594
4787,1745910866.10693,186.68842315673828
4788,1745910866.2955124,188.5824203491211
4789,1745910866.484096,188.5836124420166
4790,1745910866.6730175,188.92145156860352
4791,1745910866.8592582,185.2421760559082
4792,1745910867.865983,nan
4793,1745910868.0507488,184.76581573486328
4794,1745910868.2373638,185.4865550994873
4795,1745910868.4222171,184.85331535339355
4796,1745910868.6902246,267.00448989868164
4797,1745910868.875534,185.30941009521484
4798,1745910869.0601163,184.58223342895508
4799,1745910869.2464244,185.30035018920898
4800,1745910869.4341762,186.74778938293457
4801,1745910869.7262938,292.1175956726074
4802,1745910869.9102204,183.92658233642578
4803,1745910870.0945017,183.29858779907227
4804,1745910870.2801788,184.65423583984375
4805,1745910870.465353,185.17422676086426
4806,1745910870.6501606,183.84742736816406
4807,1745910870.8511589,199.9962329864502
4808,1745910871.0478203,196.66147232055664
4809,1745910871.236459,188.63868713378906
4810,1745910871.425616,188.16041946411133
4811,1745910871.6750617,249.44567680358887
4812,1745910871.8675852,192.52347946166992
4813,1745910872.0600276,192.4424171447754
4814,1745910872.2478251,187.79754638671875
4815,1745910872.4356341,186.29980087280273
4816,1745910872.6873198,250.69236755371094
4817,1745910872.8774545,190.13476371765137
4818,1745910873.0677454,190.2909278869629
4819,1745910873.255847,188.10153007507324
4820,1745910873.4429824,186.35296821594238
4821,1745910873.7117298,267.66514778137207
4822,1745910873.8973212,185.591459274292
4823,1745910874.0863192,188.07649612426758
4824,1745910874.271082,184.76271629333496
4825,1745910874.5362942,265.2122974395752
4826,1745910874.7233856,187.09135055541992
4827,1745910874.9074676,183.08115005493164
4828,1745910875.0925443,183.5618019104004
4829,1745910875.2779336,185.38928031921387
4830,1745910875.465311,186.3691806793213
4831,1745910875.6500854,184.77439880371094
4832,1745910875.8583052,208.2197666168213
4833,1745910876.043441,184.13686752319336
4834,1745910876.227713,184.27205085754395
4835,1745910876.480038,250.46133995056152
4836,1745910876.666494,185.44578552246094
4837,1745910876.8522625,184.86261367797852
4838,1745910877.0704134,218.15085411071777
4839,1745910877.2574701,187.0567798614502
4840,1745910877.4418283,184.3581199645996
4841,1745910877.708928,266.0949230194092
4842,1745910877.8961911,187.26301193237305
4843,1745910878.0823538,185.25242805480957
4844,1745910878.290626,207.28754997253418
4845,1745910878.47471,183.07828903198242
4846,1745910878.659145,183.22014808654785
4847,1745910878.8436575,184.51237678527832
4848,1745910879.027732,183.46762657165527
4849,1745910879.2121832,184.45134162902832
4850,1745910879.396822,184.63873863220215
4851,1745910879.5814948,184.67283248901367
4852,1745910879.8580887,275.58350563049316
4853,1745910880.043433,185.34421920776367
4854,1745910880.23315,189.71705436706543
4855,1745910880.4202929,187.14284896850586
4856,1745910880.6061563,185.3044033050537
4857,1745910880.8833675,276.2277126312256
4858,1745910881.0703423,185.80055236816406
4859,1745910881.2580876,187.7453327178955
4860,1745910881.443114,185.0264072418213
4861,1745910881.6949828,251.86872482299805
4862,1745910881.8807592,184.6480369567871
4863,1745910882.065565,183.79640579223633
4864,1745910882.3214319,254.63175773620605
4865,1745910882.5074558,186.02395057678223
4866,1745910882.7013357,193.8798427581787
4867,1745910882.8950074,192.7664279937744
4868,1745910883.0873034,192.29602813720703
4869,1745910883.2749336,187.63017654418945
4870,1745910883.460309,185.37545204162598
4871,1745910883.6470191,185.7922077178955
4872,1745910883.8354688,186.8884563446045
4873,1745910884.02234,186.87129020690918
4874,1745910884.209124,186.784029006958
4875,1745910884.4057128,196.58875465393066
4876,1745910884.5924237,185.99390983581543
4877,1745910884.779029,185.61124801635742
4878,1745910885.0880063,308.46142768859863
4879,1745910885.274449,186.44285202026367
4880,1745910885.4612906,186.84148788452148
4881,1745910885.6459289,184.63826179504395
4882,1745910885.8974252,251.4963150024414
4883,1745910886.0841603,185.74213981628418
4884,1745910886.2743914,189.316987991333
4885,1745910886.4612184,186.8269443511963
4886,1745910886.6491194,187.90102005004883
4887,1745910886.9218354,272.7160453796387
4888,1745910887.120565,197.72791862487793
4889,1745910887.3392441,218.67918968200684
4890,1745910887.5251868,185.9426498413086
4891,1745910887.7126324,186.5394115447998
4892,1745910887.9004595,186.8600845336914
4893,1745910888.1426651,241.1966323852539
4894,1745910888.3360584,193.39323043823242
4895,1745910888.5412312,204.17261123657227
4896,1745910888.729603,188.3718967437744
4897,1745910889.0757384,346.13537788391113
4898,1745910889.263246,186.30599975585938
4899,1745910889.449312,185.06598472595215
4900,1745910889.6355784,186.26642227172852
4901,1745910889.8223329,186.7544651031494
4902,1745910890.0866299,264.2970085144043
4903,1745910890.2700546,183.424711227417
4904,1745910890.4537735,182.8007698059082
4905,1745910890.7365475,282.7739715576172
4906,1745910890.921915,184.4172477722168
4907,1745910891.1271234,205.20830154418945
4908,1745910891.3420548,214.93148803710938
4909,1745910891.545465,203.41014862060547
4910,1745910891.7456868,200.22177696228027
4911,1745910891.9309785,185.29176712036133
4912,1745910892.1342947,203.31621170043945
4913,1745910892.3195763,185.28151512145996
4914,1745910892.5138597,193.28546524047852
4915,1745910892.740521,225.59738159179688
4916,1745910892.9318237,190.30284881591797
4917,1745910893.1190944,187.2706413269043
4918,1745910893.3054075,186.31315231323242
4919,1745910893.49211,186.70248985290527
4920,1745910893.8923,400.1898765563965
4921,1745910894.0782464,185.94646453857422
4922,1745910894.2700863,191.83993339538574
4923,1745910894.4592435,188.1575584411621
4924,1745910894.705311,244.72689628601074
4925,1745910894.891274,184.9689483642578
4926,1745910895.0835392,192.26527214050293
4927,1745910895.2676828,184.1435432434082
4928,1745910895.4542632,186.58041954040527
4929,1745910895.7338455,279.58226203918457
4930,1745910895.921891,188.04550170898438
4931,1745910896.1104105,187.51907348632812
4932,1745910896.2961204,185.70995330810547
4933,1745910896.5450244,247.98274040222168
4934,1745910896.7327747,187.75033950805664
4935,1745910896.9213486,188.57383728027344
4936,1745910897.1062157,184.86714363098145
4937,1745910897.2937238,186.54346466064453
4938,1745910897.4929776,198.2593536376953
4939,1745910897.7880006,294.07453536987305
4940,1745910897.9732196,185.21904945373535
4941,1745910898.1620097,187.79921531677246
4942,1745910898.3536148,190.67072868347168
4943,1745910898.5424585,188.8437271118164
4944,1745910898.8044407,261.9822025299072
4945,1745910898.9903448,185.90402603149414
4946,1745910899.19153,201.1852264404297
4947,1745910899.3774385,185.90855598449707
4948,1745910899.5643482,186.90967559814453
4949,1745910899.824657,260.30874252319336
4950,1745910900.0221212,197.4642276763916
4951,1745910900.2124147,190.293550491333
4952,1745910900.3980787,185.66393852233887
4953,1745910900.5848877,186.80906295776367
4954,1745910900.7721407,187.25299835205078
4955,1745910900.96108,187.94894218444824
4956,1745910901.1455736,184.4935417175293
4957,1745910901.335374,188.79961967468262
4958,1745910901.5210102,185.63604354858398
4959,1745910901.7073035,186.293363571167
4960,1745910901.8944256,187.12210655212402
4961,1745910902.081025,186.5992546081543
4962,1745910902.2674937,185.4689121246338
4963,1745910903.281165,nan
4964,1745910903.4648604,183.69555473327637
4965,1745910903.7196748,253.6327838897705
4966,1745910903.905049,184.22746658325195
4967,1745910904.0909498,185.90068817138672
4968,1745910904.2752256,183.3198070526123
4969,1745910904.46145,185.37235260009766
4970,1745910904.6458924,183.4416389465332
4971,1745910904.9501624,304.27002906799316
4972,1745910905.1363435,186.18106842041016
4973,1745910905.3215425,185.19902229309082
4974,1745910905.5076034,186.06090545654297
4975,1745910905.6922653,184.661865234375
4976,1745910905.8810833,188.81797790527344
4977,1745910906.068133,187.04986572265625
4978,1745910906.2561858,187.04628944396973
4979,1745910906.4436045,186.3882541656494
4980,1745910906.6647975,220.28493881225586
4981,1745910906.8498092,185.011625289917
4982,1745910907.0342734,184.4642162322998
4983,1745910907.21946,185.18662452697754
4984,1745910907.404833,185.37306785583496
4985,1745910907.7164538,310.6200695037842
4986,1745910907.917352,199.89848136901855
4987,1745910908.1323273,214.97535705566406
4988,1745910908.3340611,201.73382759094238
4989,1745910908.6278505,292.7813529968262
4990,1745910908.812198,183.34507942199707
4991,1745910908.9990976,186.89966201782227
4992,1745910909.2344146,234.81035232543945
4993,1745910909.4221954,186.79141998291016
4994,1745910909.607691,185.49561500549316
4995,1745910909.8463707,237.17141151428223
4996,1745910910.0411046,194.7338581085205
4997,1745910910.2253983,184.2937469482422
4998,1745910910.4757385,250.34022331237793
4999,1745910910.6635745,187.8359317779541
5000,1745910910.850179,186.60449981689453
5001,1745910911.0819755,231.24957084655762
5002,1745910911.2691984,185.96458435058594
5003,1745910911.454308,184.69786643981934
5004,1745910911.7029772,247.69067764282227
5005,1745910911.8908541,187.87693977355957
5006,1745910912.0762198,184.35359001159668
5007,1745910912.2618847,184.66806411743164
5008,1745910912.446338,184.45324897766113
5009,1745910912.7177298,270.3864574432373
5010,1745910912.9053607,187.63089179992676
5011,1745910913.125395,220.03436088562012
5012,1745910913.3155713,189.2833709716797
5013,1745910913.5022035,185.60242652893066
5014,1745910913.6879842,185.78076362609863
5015,1745910913.8804708,192.48652458190918
5016,1745910914.0668921,186.42139434814453
5017,1745910914.2512972,184.40508842468262
5018,1745910914.4381723,186.8751049041748
5019,1745910914.6923678,253.28636169433594
5020,1745910914.9762988,283.93101692199707
5021,1745910915.1632166,186.91778182983398
5022,1745910915.349092,184.89384651184082
5023,1745910915.5343578,185.26577949523926
5024,1745910915.7974856,262.16769218444824
5025,1745910915.9831026,184.10396575927734
5026,1745910916.1670618,183.9592456817627
5027,1745910916.354416,186.43903732299805
5028,1745910916.5425582,187.1800422668457
5029,1745910916.7291875,186.6292953491211
5030,1745910916.9141514,184.96394157409668
5031,1745910917.1269038,212.7523422241211
5032,1745910917.3171666,190.2627944946289
5033,1745910917.5020368,184.87024307250977
5034,1745910917.7562122,253.17835807800293
5035,1745910918.0494702,293.2579517364502
5036,1745910918.2368987,186.42139434814453
5037,1745910918.4264011,188.22336196899414
5038,1745910918.6692007,240.6172752380371
5039,1745910918.856078,186.87725067138672
5040,1745910919.0424583,185.4264736175537
5041,1745910919.2289124,185.49060821533203
5042,1745910919.4157307,186.27047538757324
5043,1745910919.6011114,185.3806972503662
5044,1745910919.7862358,183.7477684020996
5045,1745910919.9991498,212.91399002075195
5046,1745910920.183159,183.5036277770996
5047,1745910920.3673835,183.1958293914795
5048,1745910920.6132612,245.87774276733398
5049,1745910920.8025892,189.32795524597168
5050,1745910921.806735,nan
5051,1745910922.071921,264.1892433166504
5052,1745910922.2731194,201.19833946228027
5053,1745910922.460182,187.06250190734863
5054,1745910922.6604736,199.30362701416016
5055,1745910922.8465488,186.07521057128906
5056,1745910923.0320892,185.54043769836426
5057,1745910923.2223,189.43095207214355
5058,1745910923.4075058,185.20569801330566
5059,1745910923.5977008,188.63368034362793
5060,1745910923.878994,279.7861099243164
5061,1745910924.0652192,186.22517585754395
5062,1745910924.2580483,191.9693946838379
5063,1745910924.444103,186.05470657348633
5064,1745910924.6973524,253.2494068145752
5065,1745910924.8866553,189.30292129516602
5066,1745910925.0729198,186.2645149230957
5067,1745910925.3250942,252.17437744140625
5068,1745910925.5381498,212.04829216003418
5069,1745910925.8374474,299.297571182251
5070,1745910926.0255225,188.07506561279297
5071,1745910926.2096713,184.14878845214844
5072,1745910926.3947098,184.4017505645752
5073,1745910926.5789907,184.2808723449707
5074,1745910926.8476224,268.12744140625
5075,1745910927.0318725,184.2501163482666
5076,1745910927.2154226,182.69658088684082
5077,1745910927.402139,185.70327758789062
5078,1745910927.590036,187.8969669342041
5079,1745910927.8733785,282.3042869567871
5080,1745910928.0610294,187.6509189605713
5081,1745910928.2489748,187.94536590576172
5082,1745910928.4340415,185.06669998168945
5083,1745910928.627742,193.70055198669434
5084,1745910928.896176,267.43197441101074
5085,1745910929.097993,201.81679725646973
5086,1745910929.2865021,187.49737739562988
5087,1745910929.4958942,209.39207077026367
5088,1745910929.6908183,194.92411613464355
5089,1745910929.8773475,186.52915954589844
5090,1745910930.0781322,200.78468322753906
5091,1745910930.2639995,185.8673095703125
5092,1745910930.4505467,186.54727935791016
5093,1745910930.7561092,304.4781684875488
5094,1745910930.9417906,184.79585647583008
5095,1745910931.132422,189.57066535949707
5096,1745910931.3177578,184.40842628479004
5097,1745910931.5055323,186.2649917602539
5098,1745910931.6906898,185.15753746032715
5099,1745910931.8764071,184.71074104309082
5100,1745910932.0617778,184.4038963317871
5101,1745910932.2460124,184.234619140625
5102,1745910932.433254,186.24591827392578
5103,1745910932.6941779,259.92608070373535
5104,1745910932.8806634,186.48552894592285
5105,1745910933.0668206,186.1572265625
5106,1745910933.3173177,249.4974136352539
5107,1745910933.5023885,185.07075309753418
5108,1745910933.6880906,184.70311164855957
5109,1745910933.873356,185.26554107666016
5110,1745910934.0614665,188.1103515625
5111,1745910934.2471948,184.86857414245605
5112,1745910934.5322187,284.09647941589355
5113,1745910934.7173917,185.17303466796875
5114,1745910934.9050455,187.6537799835205
5115,1745910935.0932884,187.2425079345703
5116,1745910935.2810202,187.73174285888672
5117,1745910935.4676027,186.5825653076172
5118,1745910935.653875,186.27238273620605
5119,1745910935.881654,227.77891159057617
5120,1745910936.1800606,297.41764068603516
5121,1745910936.3661976,186.13696098327637
5122,1745910936.5554633,189.26572799682617
5123,1745910936.8641891,308.72583389282227
5124,1745910937.1017003,236.5117073059082
5125,1745910937.2893846,186.72633171081543
5126,1745910937.4834397,194.05508041381836
5127,1745910937.671999,188.55929374694824
5128,1745910937.922556,250.55694580078125
5129,1745910938.1095772,186.0196590423584
5130,1745910938.2972615,187.6842975616455
5131,1745910938.4856188,187.35718727111816
5132,1745910938.7354038,248.7940788269043
5133,1745910939.0449297,309.5259666442871
5134,1745910939.2330494,188.11964988708496
5135,1745910939.41948,186.4306926727295
5136,1745910939.6038437,184.36360359191895
5137,1745910939.7873504,182.52992630004883
5138,1745910939.9780977,189.2390251159668
5139,1745910940.1641407,186.04302406311035
5140,1745910940.3518748,186.71703338623047
5141,1745910940.538072,186.19728088378906
5142,1745910940.7256777,187.605619430542
5143,1745910940.9111507,184.4654083251953
5144,1745910941.2237206,311.56229972839355
5145,1745910941.4412954,216.660737991333
5146,1745910941.6299782,188.68279457092285
5147,1745910941.914243,283.2651138305664
5148,1745910942.2192187,303.469181060791
5149,1745910942.4087813,189.56255912780762
5150,1745910943.4135094,nan
5151,1745910943.597497,183.98761749267578
5152,1745910943.7856438,186.53202056884766
5153,1745910943.9737751,187.21723556518555
5154,1745910944.1614215,186.6307258605957
5155,1745910944.3472767,185.85515022277832
5156,1745910944.5798433,231.05716705322266
5157,1745910944.770386,189.95308876037598
5158,1745910944.9571106,185.7149600982666
5159,1745910945.1448076,187.6969337463379
5160,1745910945.3682806,223.47307205200195
5161,1745910945.5588875,190.0951862335205
5162,1745910945.7466195,187.73198127746582
5163,1745910946.0109746,264.3551826477051
5164,1745910946.1974325,186.45787239074707
5165,1745910946.383603,186.1705780029297
5166,1745910946.567799,184.19599533081055
5167,1745910946.7537248,185.92572212219238
5168,1745910947.0330868,278.4156799316406
5169,1745910947.2201421,187.0553493499756
5170,1745910947.4068825,186.74039840698242
5171,1745910947.5975468,190.66429138183594
5172,1745910947.783343,185.79626083374023
5173,1745910948.0634463,279.0980339050293
5174,1745910948.2486944,184.24677848815918
5175,1745910948.4339397,185.24527549743652
5176,1745910948.6210706,187.13092803955078
5177,1745910948.871758,250.6873607635498
5178,1745910949.0581803,186.42234802246094
5179,1745910949.2464619,188.28153610229492
5180,1745910949.4354362,188.97438049316406
5181,1745910949.62248,185.58287620544434
5182,1745910949.8955898,272.1099853515625
5183,1745910950.0874746,190.873384475708
5184,1745910950.2768695,187.88599967956543
5185,1745910950.468812,191.9424533843994
5186,1745910950.7234156,254.60362434387207
5187,1745910950.9130125,188.6918544769287
5188,1745910951.1310256,218.01304817199707
5189,1745910951.3190887,188.0631446838379
5190,1745910951.5057633,186.6745948791504
5191,1745910951.6930203,187.2570514678955
5192,1745910951.935391,241.35637283325195
5193,1745910952.1200078,183.61783027648926
5194,1745910952.3128564,191.8504238128662
5195,1745910952.5603518,247.4954128265381
5196,1745910952.8700783,309.7264766693115
5197,1745910953.377574,507.495641708374
5198,1745910953.5637662,186.19227409362793
5199,1745910953.7542963,190.53006172180176
5200,1745910953.9787998,224.5035171508789
5201,1745910954.167039,187.22796440124512
5202,1745910954.353822,186.7830753326416
5203,1745910954.54103,186.2802505493164
5204,1745910954.8027997,261.76977157592773
5205,1745910955.041253,238.45338821411133
5206,1745910955.2281237,186.87057495117188
5207,1745910955.4137156,185.5919361114502
5208,1745910955.6002147,186.49911880493164
5209,1745910955.7859917,184.69834327697754
5210,1745910956.0462286,260.2369785308838
5211,1745910956.2330632,186.83457374572754
5212,1745910956.418858,184.8008632659912
5213,1745910956.6020281,183.17008018493652
5214,1745910956.869269,267.2407627105713
5215,1745910957.0536294,183.15601348876953
5216,1745910957.2739518,220.3223705291748
5217,1745910957.4603932,185.30011177062988
5218,1745910957.6454742,185.08100509643555
5219,1745910957.895223,248.7475872039795
5220,1745910958.0801952,184.97228622436523
5221,1745910958.4428513,361.65618896484375
5222,1745910958.6297987,186.07783317565918
5223,1745910958.8146305,184.8318576812744
5224,1745910959.1054447,289.81637954711914
5225,1745910959.2911353,185.69064140319824
5226,1745910959.4980562,206.00438117980957
5227,1745910959.684181,186.1248016357422
5228,1745910959.931236,247.0550537109375
5229,1745910960.1160576,184.82160568237305
5230,1745910960.300175,184.11731719970703
5231,1745910960.4841568,183.98189544677734
5232,1745910960.7562463,271.09217643737793
5233,1745910960.9434268,187.1805191040039
5234,1745910961.1301923,186.7654323577881
5235,1745910961.3171058,185.93525886535645
5236,1745910961.504313,187.20722198486328
5237,1745910961.691246,185.9276294708252
5238,1745910961.8779316,185.24837493896484
5239,1745910962.0649328,186.00821495056152
5240,1745910962.252756,186.86318397521973
5241,1745910962.438352,183.57324600219727
5242,1745910962.703274,264.9219036102295
5243,1745910962.8876085,184.33451652526855
5244,1745910963.0748444,187.23583221435547
5245,1745910963.261502,184.83376502990723
5246,1745910963.446368,184.86595153808594
5247,1745910963.6328962,186.52820587158203
5248,1745910963.9226422,289.7460460662842
5249,1745910964.1113417,188.69948387145996
5250,1745910964.305237,193.8953399658203
5251,1745910964.491421,186.18392944335938
5252,1745910964.7494674,258.04638862609863
5253,1745910964.9355574,186.08999252319336
5254,1745910965.1198702,183.24875831604004
5255,1745910965.3055713,185.7011318206787
5256,1745910965.4926884,187.1170997619629
5257,1745910965.6810873,188.3988380432129
5258,1745910965.866462,185.37473678588867
5259,1745910966.0664947,200.03271102905273
5260,1745910966.2565422,190.0475025177002
5261,1745910966.4451625,187.6087188720703
5262,1745910966.630937,185.774564743042
5263,1745910966.817495,185.54282188415527
5264,1745910967.0973775,279.88243103027344
5265,1745910967.282779,183.8817596435547
5266,1745910967.4689527,185.17065048217773
5267,1745910967.6690896,199.10717010498047
5268,1745910967.8549721,185.37592887878418
5269,1745910968.0416543,186.68222427368164
5270,1745910968.3260045,284.3501567840576
5271,1745910968.5137331,186.7210865020752
5272,1745910968.6997197,185.98651885986328
5273,1745910968.8833055,183.58588218688965
5274,1745910969.0776834,193.36915016174316
5275,1745910969.3522828,274.5993137359619
5276,1745910969.5380747,184.69715118408203
5277,1745910969.7266757,188.60101699829102
5278,1745910969.9126098,184.94677543640137
5279,1745910970.1015227,187.6051425933838
5280,1745910970.3809636,278.71036529541016
5281,1745910970.5688667,186.85436248779297
5282,1745910970.7537243,183.851957321167
5283,1745910970.938889,185.1646900177002
5284,1745910971.2058933,267.00425148010254
5285,1745910971.3920834,186.19012832641602
5286,1745910971.5796905,187.6070499420166
5287,1745910971.766081,185.38403511047363
5288,1745910972.0168743,249.5591640472412
5289,1745910972.2020085,184.09395217895508
5290,1745910972.3922691,190.260648727417
5291,1745910972.619954,226.67622566223145
5292,1745910972.8102129,190.25874137878418
5293,1745910972.996811,186.5980625152588
5294,1745910973.1824653,185.6544017791748
5295,1745910973.36936,186.89465522766113
5296,1745910973.5552266,185.8665943145752
5297,1745910973.742882,187.65544891357422
5298,1745910973.9268694,183.98737907409668
5299,1745910974.1147518,186.8896484375
5300,1745910974.3039994,188.3246898651123
5301,1745910974.5674615,263.4620666503906
5302,1745910974.7580557,190.59419631958008
5303,1745910974.957439,199.38325881958008
5304,1745910975.154685,195.73616981506348
5305,1745910975.346164,191.47896766662598
5306,1745910975.534417,188.25292587280273
5307,1745910975.7209167,186.49983406066895
5308,1745910976.0075574,286.6406440734863
5309,1745910976.1918051,184.2477321624756
5310,1745910976.3780441,185.23240089416504
5311,1745910976.5631268,183.61449241638184
5312,1745910976.7492173,186.09046936035156
5313,1745910976.9345047,185.2874755859375
5314,1745910977.1221309,187.62612342834473
5315,1745910977.312297,189.1610622406006
5316,1745910977.5590327,246.7355728149414
5317,1745910977.7442956,184.7555637359619
5318,1745910977.9311829,186.88726425170898
5319,1745910978.1171148,184.93270874023438
5320,1745910978.3746288,257.51399993896484
5321,1745910978.6697142,295.0854301452637
5322,1745910978.8575246,187.81042098999023
5323,1745910979.0435956,186.07091903686523
5324,1745910979.2927299,249.13430213928223
5325,1745910979.482995,190.26517868041992
5326,1745910979.6826327,199.63765144348145
5327,1745910979.8700464,187.41369247436523
5328,1745910980.0550272,183.50625038146973
5329,1745910980.3020484,246.063232421875
5330,1745910980.4888642,186.81573867797852
5331,1745910980.6743164,185.45222282409668
5332,1745910980.93589,260.57958602905273
5333,1745910981.2317622,295.8722114562988
5334,1745910981.4178271,186.0649585723877
5335,1745910981.6040988,185.26482582092285
5336,1745910981.7901247,186.02585792541504
5337,1745910982.0565405,266.4158344268799
5338,1745910982.243013,186.47241592407227
5339,1745910982.4276602,183.57181549072266
5340,1745910982.6801233,252.46310234069824
5341,1745910982.9731812,293.057918548584
5342,1745910983.1573458,184.16452407836914
5343,1745910983.3441627,186.81693077087402
5344,1745910983.5300174,185.85467338562012
5345,1745910983.715144,185.12654304504395
5346,1745910983.9011478,184.59534645080566
5347,1745910984.0889974,187.8495216369629
5348,1745910984.2776704,188.6730194091797
5349,1745910984.4672818,189.61143493652344
5350,1745910984.7255206,258.2387924194336
5351,1745910985.0189023,292.3729419708252
5352,1745910985.2037718,184.86952781677246
5353,1745910985.3974833,191.5583610534668
5354,1745910985.5876706,190.1872158050537
5355,1745910985.7751262,187.4556541442871
5356,1745910985.9640896,188.9634132385254
5357,1745910986.241234,277.1444320678711
5358,1745910986.4351969,193.96281242370605
5359,1745910986.6232672,188.07029724121094
5360,1745910986.8089552,184.76319313049316
5361,1745910987.0690181,260.06293296813965
5362,1745910987.2538726,184.85450744628906
5363,1745910987.443289,188.3864402770996
5364,1745910987.6400752,195.77741622924805
5365,1745910987.8329074,192.83223152160645
5366,1745910988.0224354,189.5279884338379
5367,1745910988.297368,274.9326229095459
5368,1745910988.484004,185.12392044067383
5369,1745910988.679774,195.7700252532959
5370,1745910988.8661187,185.33968925476074
5371,1745910989.125267,259.14835929870605
5372,1745910989.3122656,185.990571975708
5373,1745910989.499589,187.32333183288574
5374,1745910989.68474,184.80849266052246
5375,1745910989.8682466,183.50648880004883
5376,1745910990.1513603,282.1075916290283
5377,1745910990.3375885,186.22827529907227
5378,1745910990.524137,186.54847145080566
5379,1745910990.7097077,185.57071685791016
5380,1745910990.956261,246.5531826019287
5381,1745910991.1443095,187.04962730407715
5382,1745910991.3331454,188.83585929870605
5383,1745910991.5229983,189.85295295715332
5384,1745910991.709947,186.9487762451172
5385,1745910991.8964386,186.4914894104004
5386,1745910992.084296,186.8753433227539
5387,1745910992.271052,186.75589561462402
5388,1745910992.4602337,188.1699562072754
5389,1745910992.6459956,184.76319313049316
5390,1745910992.9030993,256.0455799102783
5391,1745910993.0897722,185.7738494873047
5392,1745910993.2774134,186.58781051635742
5393,1745910993.5248108,246.58513069152832
5394,1745910993.7118964,186.079740524292
5395,1745910993.8995395,187.64305114746094
5396,1745910994.0857124,186.1729621887207
5397,1745910994.2720456,186.33317947387695
5398,1745910994.533606,261.56044006347656
5399,1745910994.7211802,186.56468391418457
5400,1745910994.9164188,195.23859024047852
5401,1745910995.1713052,253.88503074645996
5402,1745910995.4111483,239.84313011169434
5403,1745910995.5977807,186.6323947906494
5404,1745910995.7823904,184.60965156555176
5405,1745910995.9709692,188.57884407043457
5406,1745910996.1822076,211.23838424682617
5407,1745910996.3707123,188.50469589233398
5408,1745910996.5600781,189.36586380004883
5409,1745910996.7461686,185.08219718933105
5410,1745910996.9990008,252.83217430114746
5411,1745910997.1844761,185.47534942626953
5412,1745910997.381903,196.441650390625
5413,1745910997.6207166,238.8136386871338
5414,1745910997.8229847,202.26812362670898
5415,1745910998.0111833,187.28899955749512
5416,1745910998.1994336,188.25030326843262
5417,1745910998.3911161,191.6825771331787
5418,1745910998.6510777,259.9616050720215
5419,1745910998.9600673,307.6000213623047
5420,1745910999.1573224,197.25513458251953
5421,1745910999.4032211,244.38977241516113
5422,1745910999.5957797,192.55852699279785
5423,1745910999.7909486,195.16897201538086
5424,1745910999.9919589,201.01022720336914
5425,1745911000.1999488,207.98993110656738
5426,1745911000.3848424,184.89360809326172
5427,1745911000.572189,186.34605407714844
5428,1745911000.757319,185.12988090515137
5429,1745911000.9458847,187.0553493499756
5430,1745911001.209114,263.2293701171875
5431,1745911001.3944495,184.48162078857422
5432,1745911001.5779352,182.4946403503418
5433,1745911001.7674432,188.42124938964844
5434,1745911001.9571602,188.20667266845703
5435,1745911002.1429038,184.8142147064209
5436,1745911002.3293433,185.4405403137207
5437,1745911002.6376657,307.3151111602783
5438,1745911002.8304074,192.74163246154785
5439,1745911003.017522,186.10525131225586
5440,1745911003.2054775,187.95537948608398
5441,1745911003.416408,209.93614196777344
5442,1745911003.6052048,188.7967586517334
5443,1745911003.7914462,186.24138832092285
5444,1745911003.9817767,190.33050537109375
5445,1745911004.1757238,193.94707679748535
5446,1745911004.3631706,186.44356727600098
5447,1745911004.549106,185.93525886535645
5448,1745911004.7852452,236.13929748535156
5449,1745911004.970775,185.5297088623047
5450,1745911005.1570578,186.28287315368652
5451,1745911005.3452327,188.17496299743652
5452,1745911005.5310113,185.77861785888672
5453,1745911005.7174892,186.4778995513916
5454,1745911005.904679,187.18981742858887
5455,1745911006.12149,215.79265594482422
5456,1745911006.3068392,185.3492259979248
5457,1745911006.4912398,184.4005584716797
5458,1745911006.6778324,184.2336654663086
5459,1745911006.8640947,186.2623691558838
5460,1745911007.0486863,184.59153175354004
5461,1745911007.2350962,186.40995025634766
5462,1745911007.423989,188.89284133911133
5463,1745911007.6107178,186.72871589660645
5464,1745911007.7974162,186.69843673706055
5465,1745911007.984231,185.29605865478516
5466,1745911008.2793422,294.0230369567871
5467,1745911008.5774958,297.14345932006836
5468,1745911008.7708282,193.33243370056152
5469,1745911008.9572537,185.18328666687012
5470,1745911009.1425426,185.2889060974121
5471,1745911009.40485,262.30740547180176
5472,1745911009.5996916,194.8416233062744
5473,1745911009.7958198,196.12812995910645
5474,1745911009.9851818,189.3620491027832
5475,1745911010.1710813,185.8994960784912
5476,1745911010.4142733,242.68507957458496
5477,1745911010.6027942,187.52145767211914
5478,1745911010.7877884,184.99422073364258
5479,1745911011.0200024,231.19783401489258
5480,1745911011.2053096,184.38172340393066
5481,1745911011.403114,196.40779495239258
5482,1745911011.5908551,187.74104118347168
5483,1745911011.7795568,188.70162963867188
5484,1745911012.787963,nan
5485,1745911013.2865825,497.74980545043945
5486,1745911013.4743023,187.71982192993164
5487,1745911013.6629038,187.69168853759766
5488,1745911013.8472474,184.3435764312744
5489,1745911014.03437,187.12258338928223
5490,1745911014.2202108,185.84084510803223
5491,1745911014.4062269,185.00995635986328
5492,1745911014.6227555,215.55638313293457
5493,1745911014.8074193,184.6637725830078
5494,1745911015.81899,nan
5495,1745911016.0053782,186.3882541656494
5496,1745911016.2566943,251.31607055664062
5497,1745911016.4446602,187.96586990356445
5498,1745911016.6347382,190.0780200958252
5499,1745911016.8206894,185.95123291015625
5500,1745911017.0743313,253.64184379577637
5501,1745911017.2621021,186.76161766052246
5502,1745911017.4479265,185.82439422607422
5503,1745911017.6829746,234.04741287231445
5504,1745911017.8699431,186.96856498718262
5505,1745911018.0554788,185.53566932678223
5506,1745911018.321155,264.67132568359375
5507,1745911018.57215,249.9856948852539
5508,1745911018.7634397,191.28966331481934
5509,1745911018.947354,183.9144229888916
5510,1745911019.132349,184.99493598937988
5511,1745911019.3188705,185.50682067871094
5512,1745911019.505993,187.12234497070312
5513,1745911019.6915164,184.5555305480957
5514,1745911019.8778975,185.43720245361328
5515,1745911020.1522746,274.37710762023926
5516,1745911020.3406897,187.44611740112305
5517,1745911020.5287557,188.0660057067871
5518,1745911020.7133281,184.5724582672119
5519,1745911020.9726627,259.3345642089844
5520,1745911021.2686958,296.0331439971924
5521,1745911021.456064,185.88900566101074
5522,1745911021.6430678,187.00385093688965
5523,1745911021.8321953,188.12966346740723
5524,1745911022.0154521,183.2568645477295
5525,1745911022.2053206,188.80653381347656
5526,1745911022.4893606,283.07056427001953
5527,1745911022.678141,188.7805461883545
5528,1745911022.8708456,191.8940544128418
5529,1745911023.1228662,252.02059745788574
5530,1745911023.418982,296.1158752441406
5531,1745911023.6076224,188.64035606384277
5532,1745911023.7917032,184.0808391571045
5533,1745911023.9775505,184.85522270202637
5534,1745911024.1649227,187.37220764160156
5535,1745911024.3502545,185.3318214416504
5536,1745911024.6588356,308.5811138153076
5537,1745911024.9564078,297.57213592529297
5538,1745911025.1423483,185.94050407409668
5539,1745911025.329618,187.2696876525879
5540,1745911025.5154605,184.83543395996094
5541,1745911025.765292,249.8314380645752
5542,1745911025.952458,186.1729621887207
5543,1745911026.1407976,188.3397102355957
5544,1745911026.3835316,241.78624153137207
5545,1745911026.5690205,185.48893928527832
5546,1745911026.756775,187.24846839904785
5547,1745911026.942432,185.65702438354492
5548,1745911027.131549,189.1169548034668
5549,1745911027.331067,198.41337203979492
5550,1745911027.5291119,198.0447769165039
5551,1745911027.7157805,185.65869331359863
5552,1745911027.9033723,186.07473373413086
5553,1745911028.0925605,188.16852569580078
5554,1745911028.2876196,194.0913200378418
5555,1745911028.4761395,188.51995468139648
5556,1745911028.6614835,185.34398078918457
5557,1745911028.955538,294.0545082092285
5558,1745911029.143909,188.370943069458
5559,1745911029.3326228,187.78252601623535
5560,1745911029.519968,187.3452663421631
5561,1745911029.7039938,184.02576446533203
5562,1745911029.8904753,186.48147583007812
5563,1745911030.0774753,185.94813346862793
5564,1745911030.385947,308.4716796875
5565,1745911030.693407,306.45036697387695
5566,1745911030.8809707,186.57875061035156
5567,1745911031.0680296,186.05875968933105
5568,1745911031.3040693,235.04257202148438
5569,1745911031.4910653,186.9959831237793
5570,1745911031.6780856,187.02030181884766
5571,1745911031.8877323,209.64670181274414
5572,1745911032.0735035,185.77122688293457
5573,1745911032.2602587,186.75518035888672
5574,1745911032.5322556,271.99697494506836
5575,1745911032.8455513,311.7978572845459
5576,1745911033.1604831,314.93186950683594
5577,1745911033.4610364,299.5452880859375
5578,1745911033.6473203,185.26411056518555
5579,1745911033.8343837,187.06345558166504
5580,1745911034.0191457,184.76200103759766
5581,1745911034.2243357,205.18994331359863
5582,1745911034.410925,185.58335304260254
5583,1745911034.5976388,185.70947647094727
5584,1745911034.7851021,185.94861030578613
5585,1745911034.9731057,186.91182136535645
5586,1745911035.1602116,187.10589408874512
5587,1745911035.401002,239.73369598388672
5588,1745911035.5904477,187.96443939208984
5589,1745911035.77734,185.93478202819824
5590,1745911035.9643545,187.01457977294922
5591,1745911036.1495802,185.2257251739502
5592,1745911036.3367891,187.208890914917
5593,1745911036.5250947,188.30561637878418
5594,1745911036.7136598,188.56501579284668
5595,1745911036.9365962,221.93002700805664
5596,1745911037.1244068,186.86723709106445
5597,1745911037.3122113,187.8044605255127
5598,1745911037.5609548,248.74353408813477
5599,1745911037.7472577,185.29987335205078
5600,1745911037.9335127,186.25497817993164
5601,1745911038.1232045,189.69178199768066
5602,1745911038.3693516,246.14715576171875
5603,1745911038.6809065,310.9004497528076
5604,1745911038.870882,189.97550010681152
5605,1745911039.883361,nan
5606,1745911040.0676577,184.2966079711914
5607,1745911040.323415,255.75733184814453
5608,1745911040.6211205,296.69809341430664
5609,1745911040.8057384,184.6179962158203
5610,1745911040.9924126,186.6741180419922
5611,1745911041.2391772,244.25959587097168
5612,1745911041.432458,193.28069686889648
5613,1745911041.618958,186.50007247924805
5614,1745911041.8107944,190.82975387573242
5615,1745911041.9981859,186.3863468170166
5616,1745911042.1901147,190.934419631958
5617,1745911042.4660597,274.93810653686523
5618,1745911042.6572163,191.15662574768066
5619,1745911042.842863,184.64970588684082
5620,1745911043.031054,187.18194961547852
5621,1745911043.233956,202.90207862854004
5622,1745911043.4210107,186.0504150390625
5623,1745911043.606215,185.20426750183105
5624,1745911043.7934196,186.14554405212402
5625,1745911043.9871893,193.7696933746338
5626,1745911044.1749222,187.73293495178223
5627,1745911044.361938,187.01577186584473
5628,1745911044.5493958,186.46836280822754
5629,1745911044.8131795,263.78369331359863
5630,1745911045.0011122,186.9361400604248
5631,1745911045.1889567,187.84451484680176
5632,1745911045.375989,186.47170066833496
5633,1745911045.5709944,195.0054168701172
5634,1745911045.8426313,271.636962890625
5635,1745911046.0334256,190.7942295074463
5636,1745911046.221071,187.64543533325195
5637,1745911046.471125,250.05388259887695
5638,1745911046.6612196,190.0947093963623
5639,1745911046.849698,188.4784698486328
5640,1745911047.0368311,187.1330738067627
5641,1745911047.277275,239.4430637359619
5642,1745911047.4642944,185.40024757385254
5643,1745911047.6520555,186.76042556762695
5644,1745911047.8380682,186.01274490356445
5645,1745911048.0242167,186.14840507507324
5646,1745911048.2100818,185.8651638031006
5647,1745911048.519341,308.26854705810547
5648,1745911048.7065194,186.1732006072998
5649,1745911048.892822,186.30266189575195
5650,1745911049.0827317,189.9096965789795
5651,1745911049.2674687,184.736967086792
5652,1745911049.509113,240.13137817382812
5653,1745911049.6938932,184.78012084960938
5654,1745911049.8771913,182.29269981384277
5655,1745911050.0612674,183.14361572265625
5656,1745911050.2554827,193.21894645690918
5657,1745911050.4451294,188.64154815673828
5658,1745911050.6612017,216.07232093811035
5659,1745911050.8491387,187.93702125549316
5660,1745911051.0350573,185.4116916656494
5661,1745911051.2829702,247.91288375854492
5662,1745911051.471051,188.0807876586914
5663,1745911051.6561158,183.86173248291016
5664,1745911051.8466263,190.51051139831543
5665,1745911052.032932,186.30576133728027
5666,1745911052.2172542,184.32211875915527
5667,1745911052.5008242,283.5700511932373
5668,1745911052.6870036,186.17939949035645
5669,1745911052.8788278,191.82419776916504
5670,1745911053.1212783,242.45047569274902
5671,1745911053.3088658,187.58749961853027
5672,1745911053.500477,191.10369682312012
5673,1745911053.7230568,221.5731143951416
5674,1745911053.911073,187.00695037841797
5675,1745911054.0954537,184.38076972961426
5676,1745911054.2823431,185.96911430358887
5677,1745911054.5417237,259.380578994751
5678,1745911054.728087,185.44363975524902
5679,1745911054.918835,190.7479763031006
5680,1745911055.171833,252.99811363220215
5681,1745911055.358112,186.2790584564209
5682,1745911055.5450115,185.8999729156494
5683,1745911055.7288036,183.7921142578125
5684,1745911055.9183464,189.5427703857422
5685,1745911056.104937,185.13178825378418
5686,1745911056.3939912,289.05415534973145
5687,1745911056.5794756,185.4844093322754
5688,1745911056.7652798,184.79633331298828
5689,1745911056.9527135,187.43371963500977
5690,1745911057.139048,185.27555465698242
5691,1745911057.323474,184.42583084106445
5692,1745911057.5172458,193.7718391418457
5693,1745911057.7322798,215.03400802612305
5694,1745911057.9238636,191.58387184143066
5695,1745911058.117358,192.5523281097412
5696,1745911058.3054743,188.11631202697754
5697,1745911058.4954877,189.0110969543457
5698,1745911058.6808038,185.3160858154297
5699,1745911058.8669736,185.2560043334961
5700,1745911059.1588805,291.90683364868164
5701,1745911059.3471572,188.2767677307129
5702,1745911059.5410836,192.91996955871582
5703,1745911059.727481,186.39731407165527
5704,1745911059.9150777,187.59679794311523
5705,1745911060.0994375,184.35978889465332
5706,1745911060.288047,188.60960006713867
5707,1745911060.4768794,187.83092498779297
5708,1745911060.6772096,200.33025741577148
5709,1745911060.8628566,185.64701080322266
5710,1745911061.047488,184.63134765625
5711,1745911061.2328117,185.32371520996094
5712,1745911061.4194565,186.6447925567627
5713,1745911061.604978,185.52160263061523
5714,1745911061.7920506,187.0725154876709
5715,1745911061.9779913,184.86857414245605
5716,1745911062.1643195,185.32824516296387
5717,1745911062.3504028,186.08331680297852
5718,1745911062.6482012,297.79839515686035
5719,1745911062.8341486,184.8888397216797
5720,1745911063.0212898,187.14118003845215
5721,1745911063.209321,188.03119659423828
5722,1745911063.4569657,247.64466285705566
5723,1745911063.6419635,184.9977970123291
5724,1745911063.8265648,184.6013069152832
5725,1745911064.013087,186.5222454071045
5726,1745911064.200607,186.5241527557373
5727,1745911064.3873317,185.71114540100098
5728,1745911064.5768833,189.55159187316895
5729,1745911064.7645614,186.77854537963867
5730,1745911064.9979525,232.3741912841797
5731,1745911065.18465,186.69748306274414
5732,1745911065.371897,187.24703788757324
5733,1745911065.558909,186.01107597351074
5734,1745911065.8222616,263.352632522583
5735,1745911066.0227814,199.53012466430664
5736,1745911066.334613,311.8317127227783
5737,1745911066.5248795,190.26637077331543
5738,1745911066.715364,189.4819736480713
5739,1745911066.9041572,187.78467178344727
5740,1745911067.1432135,239.05634880065918
5741,1745911067.328115,184.90147590637207
5742,1745911067.5137928,185.67776679992676
5743,1745911067.6999812,185.17613410949707
5744,1745911067.8873577,187.3764991760254
5745,1745911068.0756927,188.33494186401367
5746,1745911068.2617435,186.0508918762207
5747,1745911068.485024,223.2804298400879
5748,1745911068.7859821,300.95815658569336
5749,1745911069.0890794,302.1559715270996
5750,1745911069.2748632,185.27936935424805
5751,1745911069.4648497,188.995361328125
5752,1745911069.6526268,186.86151504516602
5753,1745911069.9129934,259.4561576843262
5754,1745911070.1002285,187.23511695861816
5755,1745911070.2888186,188.59004974365234
5756,1745911070.4756274,185.80389022827148
5757,1745911070.6613276,185.7001781463623
5758,1745911070.934252,271.91758155822754
5759,1745911071.126364,192.11196899414062
5760,1745911071.3146162,188.25221061706543
5761,1745911071.5671587,251.5420913696289
5762,1745911071.7520678,184.90910530090332
5763,1745911071.9380243,185.38403511047363
5764,1745911072.1249757,186.9513988494873
5765,1745911072.3100853,185.10961532592773
5766,1745911072.564913,253.97562980651855
5767,1745911072.7621002,195.89805603027344
5768,1745911072.9504197,187.29138374328613
5769,1745911073.1871717,235.75210571289062
5770,1745911073.377057,189.88537788391113
5771,1745911073.563714,186.65695190429688
5772,1745911073.8080823,243.35956573486328
5773,1745911074.0025167,194.43440437316895
5774,1745911074.20057,197.0348358154297
5775,1745911074.4016454,201.07531547546387
5776,1745911074.5880837,186.43832206726074
5777,1745911074.7761798,187.09278106689453
5778,1745911075.0395665,263.38672637939453
5779,1745911075.349727,309.5986843109131
5780,1745911075.579228,229.50100898742676
5781,1745911075.7680752,188.19093704223633
5782,1745911075.9559708,187.8955364227295
5783,1745911076.1425495,186.57875061035156
5784,1745911076.3293438,186.79428100585938
5785,1745911076.5238404,193.98784637451172
5786,1745911076.7203088,196.46835327148438
5787,1745911076.9830296,262.72082328796387
5788,1745911077.1739655,190.93585014343262
5789,1745911077.363522,189.55659866333008
5790,1745911077.5549345,191.41244888305664
5791,1745911077.791743,236.80853843688965
5792,1745911077.9790776,186.31458282470703
5793,1745911078.3175385,338.46092224121094
5794,1745911078.5223105,203.25660705566406
5795,1745911078.7106528,188.34233283996582
5796,1745911078.895748,185.09507179260254
5797,1745911079.0872796,191.53165817260742
5798,1745911079.3265352,239.2556667327881
5799,1745911079.5120482,185.51301956176758
5800,1745911079.7010605,188.0354881286621
5801,1745911079.8940275,192.06523895263672
5802,1745911080.0804944,185.44721603393555
5803,1745911080.2737396,193.24517250061035
5804,1745911080.462323,188.5833740234375
5805,1745911080.7726712,310.3482723236084
5806,1745911080.9599981,186.32006645202637
5807,1745911081.967505,nan
5808,1745911082.15502,187.5150203704834
5809,1745911082.343423,188.40289115905762
5810,1745911082.610241,266.8180465698242
5811,1745911082.7978272,186.58161163330078
5812,1745911082.985476,187.64877319335938
5813,1745911083.1752977,188.89665603637695
5814,1745911083.3618035,185.54258346557617
5815,1745911083.5976846,234.8930835723877
5816,1745911083.7848067,187.12210655212402
5817,1745911083.9777439,192.93713569641113
5818,1745911084.1634684,185.72449684143066
5819,1745911084.351023,186.54632568359375
5820,1745911084.6509688,299.9458312988281
5821,1745911084.8380919,187.12306022644043
5822,1745911085.8631825,nan
5823,1745911086.057318,194.1354274749756
5824,1745911086.2434325,184.13329124450684
5825,1745911086.4303002,186.86771392822266
5826,1745911086.705056,274.75571632385254
5827,1745911086.8905,184.13734436035156
5828,1745911087.077505,185.84370613098145
5829,1745911087.3275194,250.0143051147461
5830,1745911087.6084707,280.95126152038574
5831,1745911087.7943265,185.85586547851562
5832,1745911087.984818,189.57114219665527
5833,1745911088.1705627,184.7379207611084
5834,1745911088.3550363,184.47351455688477
5835,1745911088.649009,292.9990291595459
5836,1745911088.8350725,186.0635280609131
5837,1745911089.0226827,187.61014938354492
5838,1745911089.2693882,245.78142166137695
5839,1745911089.4565015,187.11328506469727
5840,1745911089.6418178,185.3163242340088
5841,1745911089.8678808,225.10075569152832
5842,1745911090.0626001,194.7193145751953
5843,1745911090.2488651,186.2649917602539
5844,1745911090.4367466,187.8814697265625
5845,1745911090.626686,188.93957138061523
5846,1745911090.906694,280.00783920288086
5847,1745911091.096384,189.69011306762695
5848,1745911091.2839046,186.35845184326172
5849,1745911091.4766526,192.7480697631836
5850,1745911091.6651902,187.52431869506836
5851,1745911091.8520544,186.86413764953613
5852,1745911092.0815127,228.56402397155762
5853,1745911092.2700844,187.5770092010498
5854,1745911092.456781,186.69652938842773
5855,1745911092.7458165,289.0355587005615
5856,1745911092.9358647,190.0482177734375
5857,1745911093.1327686,196.90394401550293
5858,1745911093.3654015,232.63287544250488
5859,1745911093.5592349,192.8269863128662
5860,1745911093.7573068,197.0655918121338
5861,1745911093.9442308,186.92398071289062
5862,1745911094.9493558,nan
5863,1745911095.527241,577.8851509094238
5864,1745911095.714755,186.1133575439453
5865,1745911095.9039996,188.24219703674316
5866,1745911096.0922766,187.2701644897461
5867,1745911096.2856228,192.20256805419922
5868,1745911096.4719076,185.26387214660645
5869,1745911096.6589894,186.13862991333008
5870,1745911096.8760486,216.04466438293457
5871,1745911097.059772,183.72344970703125
5872,1745911097.2468643,186.0806941986084
5873,1745911097.4612112,214.34688568115234
5874,1745911097.6474097,185.68801879882812
5875,1745911097.8356597,188.25006484985352
5876,1745911098.063113,227.45323181152344
5877,1745911098.2501822,187.06917762756348
5878,1745911098.4349992,183.81667137145996
5879,1745911098.676037,240.04268646240234
5880,1745911098.861511,184.62181091308594
5881,1745911099.1032128,240.71264266967773
5882,1745911099.289515,186.30218505859375
5883,1745911099.4767616,187.24656105041504
5884,1745911099.6665668,189.805269241333
5885,1745911099.853513,186.94615364074707
5886,1745911100.1081574,254.64439392089844
5887,1745911100.297074,188.91668319702148
5888,1745911100.4834085,185.37449836730957
5889,1745911100.6707325,186.3241195678711
5890,1745911100.9393446,268.6121463775635
5891,1745911101.1272342,187.88957595825195
5892,1745911101.313643,186.40875816345215
5893,1745911101.5490081,234.36498641967773
5894,1745911101.7355223,186.51413917541504
5895,1745911101.9227946,187.272310256958
5896,1745911102.1189299,194.61894035339355
5897,1745911102.308137,189.2070770263672
5898,1745911102.494052,185.9149932861328
5899,1745911102.7811894,286.2117290496826
5900,1745911102.9660277,184.83829498291016
5901,1745911103.1543524,188.3246898651123
5902,1745911103.3989797,244.6272373199463
5903,1745911103.5841973,185.21761894226074
5904,1745911103.7702143,185.2104663848877
5905,1745911103.9564953,186.2809658050537
5906,1745911104.143114,185.70685386657715
5907,1745911104.3295608,186.4466667175293
5908,1745911104.526846,196.2759494781494
5909,1745911104.7166042,189.75830078125
5910,1745911104.9051025,188.49825859069824
5911,1745911105.13995,233.84809494018555
5912,1745911105.3279943,187.0441436767578
5913,1745911106.3396027,nan
5914,1745911106.5253623,185.08529663085938
5915,1745911106.714254,188.89164924621582
5916,1745911106.979213,264.95909690856934
5917,1745911107.1657867,186.57374382019043
5918,1745911107.3490338,183.24708938598633
5919,1745911107.5370266,187.99281120300293
5920,1745911107.7252417,188.2150173187256
5921,1745911107.9121165,186.8748664855957
5922,1745911108.1432614,230.14473915100098
5923,1745911108.330139,185.957670211792
5924,1745911108.5235379,193.39895248413086
5925,1745911108.7822366,257.70068168640137
5926,1745911108.968079,185.84251403808594
5927,1745911109.1531794,185.10031700134277
5928,1745911109.426303,271.7618942260742
5929,1745911109.629351,202.17442512512207
5930,1745911110.6413546,nan
5931,1745911110.8780143,236.65976524353027
5932,1745911111.0619974,183.98308753967285
5933,1745911111.2500322,188.0347728729248
5934,1745911111.4825633,231.52494430541992
5935,1745911111.6693592,186.7959499359131
5936,1745911111.8589928,189.63360786437988
5937,1745911112.044276,185.28318405151367
5938,1745911112.2296984,185.42242050170898
5939,1745911112.4165182,185.81271171569824
5940,1745911112.7035685,287.0502471923828
5941,1745911112.8905034,186.9349479675293
5942,1745911113.0890176,197.50356674194336
5943,1745911113.3398788,250.86116790771484
5944,1745911113.5261643,186.28549575805664
5945,1745911113.7143085,186.82098388671875
5946,1745911114.7192907,nan
5947,1745911115.7316024,nan
5948,1745911115.9219325,190.33002853393555
5949,1745911116.109279,186.27524375915527
5950,1745911116.2971616,186.87009811401367
5951,1745911116.6013598,303.2801151275635
5952,1745911116.7874405,185.07885932922363
5953,1745911116.97489,185.93120574951172
5954,1745911117.1605172,185.62722206115723
5955,1745911117.4422865,281.7692756652832
5956,1745911117.7379122,295.6256866455078
5957,1745911117.9234862,185.57405471801758
5958,1745911118.110753,186.34366989135742
5959,1745911118.2962463,184.2355728149414
5960,1745911118.4827726,186.52629852294922
5961,1745911118.777169,294.39640045166016
5962,1745911118.9774024,200.23345947265625
5963,1745911119.277946,300.54354667663574
5964,1745911119.5741656,296.2195873260498
5965,1745911119.7600842,185.91856956481934
5966,1745911119.947618,186.53464317321777
5967,1745911120.1779826,230.36456108093262
5968,1745911120.366107,187.12377548217773
5969,1745911120.551434,185.32705307006836
5970,1745911120.738977,186.54370307922363
5971,1745911120.9276614,188.68446350097656
5972,1745911121.1140308,186.3694190979004
5973,1745911121.4151895,301.1586666107178
5974,1745911121.6028137,186.62309646606445
5975,1745911121.789191,185.41765213012695
5976,1745911121.9797604,189.1191005706787
5977,1745911122.170177,190.4165744781494
5978,1745911122.3750777,203.9928436279297
5979,1745911122.5610538,185.00828742980957
5980,1745911122.7492661,188.21239471435547
5981,1745911122.9372573,187.99114227294922
5982,1745911123.158043,219.27261352539062
5983,1745911123.347383,189.34011459350586
5984,1745911123.5446262,195.7254409790039
5985,1745911123.732017,187.39080429077148
5986,1745911123.918143,186.1259937286377
5987,1745911124.1037343,185.5912208557129
5988,1745911124.2913723,186.25974655151367
5989,1745911124.4765768,185.20450592041016
5990,1745911124.6674788,190.9019947052002
5991,1745911124.8548548,187.3760223388672
5992,1745911125.0427773,186.92541122436523
5993,1745911125.2310877,187.3173713684082
5994,1745911125.513359,282.2713851928711
5995,1745911125.7000704,186.71131134033203
5996,1745911125.8850994,185.0290298461914
5997,1745911126.0832176,197.0956325531006
5998,1745911126.2790163,194.4897174835205
5999,1745911126.4658694,186.85317039489746
6000,1745911126.6520772,186.20777130126953
