1,1745922302.6858785,183.45999717712402
2,1745922302.880002,183.08305740356445
3,1745922303.0738883,182.85179138183594
4,1745922303.2689745,183.79926681518555
5,1745922303.4903007,210.77895164489746
6,1745922303.683979,182.64126777648926
7,1745922303.8780322,183.54201316833496
8,1745922304.072439,183.3481788635254
9,1745922304.3169262,233.4308624267578
10,1745922304.5281005,200.33788681030273
11,1745922304.7220938,183.03489685058594
12,1745922305.0303652,297.2297668457031
13,1745922305.3390958,297.68943786621094
14,1745922305.5453253,195.51587104797363
15,1745922305.7411616,185.07742881774902
16,1745922305.9344482,182.80863761901855
17,1745922306.745284,799.670934677124
18,1745922306.9387326,182.67393112182617
19,1745922307.1862447,235.81814765930176
20,1745922307.4940944,297.1911430358887
21,1745922307.6872404,182.11865425109863
22,1745922307.8813894,183.05182456970215
23,1745922308.0760095,183.56943130493164
24,1745922308.2713823,183.86411666870117
25,1745922308.5207214,238.83938789367676
26,1745922308.7159908,184.2496395111084
27,1745922308.9098837,182.877779006958
28,1745922309.1033928,182.3263168334961
29,1745922310.120335,nan
30,1745922310.315015,184.11612510681152
31,1745922310.5090075,183.20274353027344
32,1745922310.7014546,182.01327323913574
33,1745922310.8963418,182.5697422027588
34,1745922311.0904539,183.58635902404785
35,1745922311.3764782,274.91021156311035
36,1745922311.5701604,183.15744400024414
37,1745922312.5844858,nan
38,1745922312.7790935,184.07464027404785
39,1745922312.972354,182.30080604553223
40,1745922313.1668482,183.67457389831543
41,1745922313.4255798,248.21162223815918
42,1745922313.6183949,182.21330642700195
43,1745922313.8122494,182.80553817749023
44,1745922314.0063624,182.94882774353027
45,1745922314.2451477,228.3496856689453
46,1745922314.4382896,182.10124969482422
47,1745922314.6461532,196.48075103759766
48,1745922314.8393066,182.8153133392334
49,1745922315.0332348,183.10141563415527
50,1745922315.2691038,224.85065460205078
51,1745922315.579815,299.67212677001953
52,1745922315.7742977,183.46357345581055
53,1745922315.9703093,184.97419357299805
54,1745922316.9942904,nan
55,1745922318.0079284,nan
56,1745922318.2110474,192.4917697906494
57,1745922318.4047306,183.05635452270508
58,1745922318.5990021,183.21776390075684
59,1745922318.7924085,182.36446380615234
60,1745922318.9856164,182.2185516357422
61,1745922319.266968,270.30396461486816
62,1745922319.5688248,291.1379337310791
63,1745922319.8787794,299.0257740020752
64,1745922320.1903768,300.55832862854004
65,1745922320.500537,298.85292053222656
66,1745922320.6942666,183.1064224243164
67,1745922320.8890717,183.83288383483887
68,1745922321.0821502,182.79600143432617
69,1745922321.3200269,226.8359661102295
70,1745922321.5143538,183.32314491271973
71,1745922321.7082956,183.20870399475098
72,1745922321.9023774,183.31646919250488
73,1745922322.9233203,nan
74,1745922323.1170986,182.97410011291504
75,1745922323.3107798,182.8746795654297
76,1745922323.5623696,240.54956436157227
77,1745922323.7571206,183.8672161102295
78,1745922323.9497244,182.3904514312744
79,1745922324.181431,220.41893005371094
80,1745922324.42648,233.90460014343262
81,1745922324.623632,186.52677536010742
82,1745922324.8207936,186.63811683654785
83,1745922325.0152278,183.8552951812744
84,1745922325.3059022,279.85572814941406
85,1745922325.4993494,182.67107009887695
86,1745922325.694068,183.88843536376953
87,1745922325.888029,182.93190002441406
88,1745922326.082335,183.28356742858887
89,1745922326.3304207,236.69981956481934
90,1745922326.588367,247.18403816223145
91,1745922326.7813466,182.67059326171875
92,1745922326.9746504,182.63983726501465
93,1745922327.1684709,183.30955505371094
94,1745922327.451172,271.67677879333496
95,1745922327.6460176,183.83145332336426
96,1745922327.840203,183.50577354431152
97,1745922328.0334508,182.84368515014648
98,1745922328.2273865,183.43234062194824
99,1745922328.4683056,229.1707992553711
100,1745922328.674331,195.02687454223633
101,1745922328.8684754,183.1045150756836
102,1745922329.886331,nan
103,1745922330.433067,536.3833904266357
104,1745922330.6267576,183.21847915649414
105,1745922330.821117,183.3202838897705
106,1745922331.0156722,183.31098556518555
107,1745922332.0422292,nan
108,1745922332.4910662,438.3120536804199
109,1745922332.6853123,183.52031707763672
110,1745922332.878133,182.63506889343262
111,1745922333.0714653,182.73162841796875
112,1745922333.265749,182.93190002441406
113,1745922333.459637,183.30645561218262
114,1745922333.7021852,231.5075397491455
115,1745922334.010551,297.3294258117676
116,1745922334.322045,299.976110458374
117,1745922334.614218,281.5570831298828
118,1745922334.807738,182.89470672607422
119,1745922335.0005186,182.2364330291748
120,1745922335.1944127,182.8315258026123
121,1745922335.439355,233.92415046691895
122,1745922335.6323123,182.09171295166016
123,1745922335.8265252,182.861328125
124,1745922336.0211508,183.59112739562988
125,1745922336.2602875,228.23691368103027
126,1745922336.454046,182.8474998474121
127,1745922336.6609037,196.35772705078125
128,1745922336.8544588,183.02202224731445
129,1745922337.0834608,217.8947925567627
130,1745922337.3803914,286.0884666442871
131,1745922337.5779076,185.06383895874023
132,1745922337.7721078,183.69579315185547
133,1745922337.9666338,183.99739265441895
134,1745922338.2061632,229.00128364562988
135,1745922338.4010563,184.10015106201172
136,1745922338.5945911,182.97266960144043
137,1745922338.7890055,183.333158493042
138,1745922338.9827194,182.71183967590332
139,1745922339.1772966,183.2282543182373
140,1745922339.44455,256.61349296569824
141,1745922339.6386974,183.1679344177246
142,1745922339.8331077,183.37297439575195
143,1745922340.0274048,183.21728706359863
144,1745922341.0540404,nan
145,1745922342.0685024,nan
146,1745922343.0943162,nan
147,1745922343.3300097,225.08645057678223
148,1745922343.6277723,286.5469455718994
149,1745922343.8224833,184.1723918914795
150,1745922344.0168936,183.4559440612793
151,1745922344.2109392,183.3493709564209
152,1745922344.4524136,231.03928565979004
153,1745922344.6452947,182.326078414917
154,1745922344.8401904,183.98427963256836
155,1745922345.034838,183.8397979736328
156,1745922345.2283275,183.03179740905762
157,1745922345.4764545,237.31422424316406
158,1745922345.670191,182.70182609558105
159,1745922345.8639157,182.75833129882812
160,1745922346.0578742,182.92927742004395
161,1745922346.2520177,182.74855613708496
162,1745922346.4998736,237.32686042785645
163,1745922346.6934574,182.54351615905762
164,1745922346.8883586,183.61353874206543
165,1745922347.083109,183.2261085510254
166,1745922347.2774346,183.04991722106934
167,1745922347.526853,238.70038986206055
168,1745922347.8380294,300.34708976745605
169,1745922348.03248,183.6535930633545
170,1745922348.228401,185.1661205291748
171,1745922348.4221187,183.1991672515869
172,1745922348.6158195,182.93404579162598
173,1745922348.8106604,183.7618350982666
174,1745922349.004177,182.83462524414062
175,1745922349.267899,252.85005569458008
176,1745922349.5805154,302.0486831665039
177,1745922349.8890862,297.03807830810547
178,1745922350.1847112,284.6052646636963
179,1745922350.3786337,183.6526393890381
180,1745922350.5725503,182.7373504638672
181,1745922350.765793,182.59644508361816
182,1745922350.9597936,183.13145637512207
183,1745922351.1533747,182.51895904541016
184,1745922351.4267466,262.1779441833496
185,1745922351.722211,284.6040725708008
186,1745922351.9168217,183.93850326538086
187,1745922352.1103601,183.01916122436523
188,1745922352.3038366,182.96289443969727
189,1745922352.4993968,184.7221851348877
190,1745922352.6934407,183.29286575317383
191,1745922352.8874419,183.46238136291504
192,1745922353.1660242,267.9765224456787
193,1745922353.4641774,287.5704765319824
194,1745922353.659027,183.5784912109375
195,1745922353.8531034,183.57324600219727
196,1745922354.0464954,182.76143074035645
197,1745922354.2399793,182.62338638305664
198,1745922354.5033774,252.0585060119629
199,1745922354.6975937,183.18748474121094
200,1745922354.8910892,182.86752700805664
201,1745922355.0855858,183.5184097290039
202,1745922355.279338,183.21919441223145
203,1745922355.473511,182.96384811401367
204,1745922355.6732786,189.24212455749512
205,1745922355.8667898,183.3505630493164
206,1745922356.061272,182.9979419708252
207,1745922357.084182,nan
208,1745922358.0984204,nan
209,1745922358.2946794,185.73307991027832
210,1745922358.488412,183.19058418273926
211,1745922358.6845095,185.4844093322754
212,1745922358.877802,182.77525901794434
213,1745922359.0722377,183.63380432128906
214,1745922359.2667785,183.25209617614746
215,1745922359.513031,235.31341552734375
216,1745922359.8209014,297.332763671875
217,1745922360.0810688,249.1283416748047
218,1745922360.275399,183.3040714263916
219,1745922360.4714122,185.52923202514648
220,1745922360.66518,182.66034126281738
221,1745922360.858811,182.75117874145508
222,1745922361.0532236,183.24923515319824
223,1745922361.3560686,291.96882247924805
224,1745922361.6566153,290.01426696777344
225,1745922361.850517,183.37059020996094
226,1745922362.0770838,216.0356044769287
227,1745922362.2750134,186.8574619293213
228,1745922362.5831032,297.66082763671875
229,1745922362.777199,183.3474636077881
230,1745922362.9707704,182.64317512512207
231,1745922363.1652498,183.27641487121582
232,1745922363.363168,186.83171272277832
233,1745922363.6102314,236.09256744384766
234,1745922363.9075096,286.75389289855957
235,1745922364.102144,183.50768089294434
236,1745922365.1210606,nan
237,1745922365.3394396,207.66019821166992
238,1745922365.5334842,183.43329429626465
239,1745922365.7267137,182.42621421813965
240,1745922365.9211156,183.61544609069824
241,1745922366.1162498,184.28635597229004
242,1745922366.309339,182.2962760925293
243,1745922366.503093,182.73401260375977
244,1745922366.6991098,184.906005859375
245,1745922366.8921344,182.32154846191406
246,1745922367.0874362,184.06343460083008
247,1745922367.3874218,289.80159759521484
248,1745922367.580543,182.18231201171875
249,1745922367.7750673,182.8751564025879
250,1745922367.9702206,183.86077880859375
251,1745922368.206741,226.0115146636963
252,1745922368.401271,184.01765823364258
253,1745922368.5951657,182.8746795654297
254,1745922368.7880442,182.13653564453125
255,1745922368.9826186,183.54535102844238
256,1745922369.2120094,218.34444999694824
257,1745922369.4055653,182.99484252929688
258,1745922369.599309,183.2132339477539
259,1745922369.7928803,182.96194076538086
260,1745922369.9880407,184.34834480285645
261,1745922370.2555146,256.9296360015869
262,1745922370.4497583,183.48956108093262
263,1745922370.6440148,184.1425895690918
264,1745922370.836949,182.42502212524414
265,1745922371.0305557,182.48796463012695
266,1745922371.2263854,184.3109130859375
267,1745922371.4823682,244.95244026184082
268,1745922371.6751187,182.0199489593506
269,1745922371.8699234,183.73680114746094
270,1745922372.0637317,183.12835693359375
271,1745922372.3030498,228.01470756530762
272,1745922372.49621,182.86800384521484
273,1745922373.5122635,nan
274,1745922374.043964,521.1107730865479
275,1745922374.2373142,182.75141716003418
276,1745922374.4304633,182.46150016784668
277,1745922374.6243737,182.39593505859375
278,1745922374.8186612,183.25519561767578
279,1745922375.0126553,182.9509735107422
280,1745922375.206815,182.97505378723145
281,1745922375.469198,251.39164924621582
282,1745922375.6635396,182.9049587249756
283,1745922375.8711863,196.53940200805664
284,1745922376.0660155,182.77955055236816
285,1745922376.260534,184.33594703674316
286,1745922376.4930222,221.59552574157715
287,1745922376.687021,182.66654014587402
288,1745922376.8807268,182.66868591308594
289,1745922377.074955,182.7104091644287
290,1745922377.320542,235.0788116455078
291,1745922377.5143862,182.59358406066895
292,1745922377.7082863,182.91401863098145
293,1745922377.902347,183.09903144836426
294,1745922378.095875,182.78813362121582
295,1745922378.2906547,183.72368812561035
296,1745922378.4860234,183.33983421325684
297,1745922378.680662,184.12065505981445
298,1745922378.876172,184.90076065063477
299,1745922379.069971,182.5704574584961
300,1745922379.375605,294.6152687072754
301,1745922379.6732285,287.0221138000488
302,1745922379.8671951,183.394193649292
303,1745922380.0613225,183.5637092590332
304,1745922380.2560506,183.7010383605957
305,1745922380.4520283,185.5480670928955
306,1745922380.6455374,182.9812526702881
307,1745922380.839809,183.2742691040039
308,1745922381.0336916,183.20298194885254
309,1745922381.3094249,264.47391510009766
310,1745922381.5027905,182.75189399719238
311,1745922381.6972826,183.3500862121582
312,1745922381.8930752,185.17065048217773
313,1745922382.0865135,182.78050422668457
314,1745922382.3490763,251.54781341552734
315,1745922382.5422015,182.13629722595215
316,1745922382.7361147,182.65056610107422
317,1745922382.9298084,182.5883388519287
318,1745922383.1241305,183.8233470916748
319,1745922383.3171654,182.4326515197754
320,1745922383.570781,243.10612678527832
321,1745922383.8426094,260.7879638671875
322,1745922384.0363812,182.85584449768066
323,1745922384.2304797,183.08591842651367
324,1745922384.4245772,182.43050575256348
325,1745922384.617504,182.87348747253418
326,1745922384.8111758,182.63959884643555
327,1745922385.0046113,182.42359161376953
328,1745922385.1978183,182.34944343566895
329,1745922385.525664,316.8025016784668
330,1745922385.7457204,209.49101448059082
331,1745922385.940831,183.99906158447266
332,1745922386.1341429,182.80029296875
333,1745922386.3283064,182.9690933227539
334,1745922386.6513412,311.3889694213867
335,1745922386.8448498,182.98983573913574
336,1745922387.0528913,196.90942764282227
337,1745922387.2463934,182.7991008758545
338,1745922388.2682185,nan
339,1745922388.8620136,583.5115909576416
340,1745922389.057228,184.62514877319336
341,1745922389.292394,224.57647323608398
342,1745922389.4874642,183.82883071899414
343,1745922389.6844738,185.86301803588867
344,1745922389.8796873,184.65304374694824
345,1745922390.073459,183.12716484069824
346,1745922390.2739553,189.80073928833008
347,1745922390.5391932,254.11748886108398
348,1745922390.832266,282.23109245300293
349,1745922391.028274,184.59439277648926
350,1745922391.2247198,185.30964851379395
351,1745922391.4193532,184.10587310791016
352,1745922391.6165035,185.43553352355957
353,1745922391.81396,186.2027645111084
354,1745922392.0085537,183.37321281433105
355,1745922392.2044475,185.7593059539795
356,1745922392.474119,258.6195468902588
357,1745922392.668828,184.01765823364258
358,1745922392.8638716,184.51213836669922
359,1745922393.0592651,184.88836288452148
360,1745922393.254794,184.8452091217041
361,1745922393.5072184,241.5170669555664
362,1745922393.8155396,297.43432998657227
363,1745922394.105267,279.1879177093506
364,1745922394.301133,184.9079132080078
365,1745922395.324381,nan
366,1745922396.3377514,nan
367,1745922397.357266,nan
368,1745922398.382232,nan
369,1745922399.3941412,nan
370,1745922400.4193602,nan
371,1745922401.4308543,nan
372,1745922402.4443307,nan
373,1745922402.6541488,198.1499195098877
374,1745922402.8488557,183.87889862060547
375,1745922403.042167,183.1674575805664
376,1745922403.2384582,185.075044631958
377,1745922403.4313161,182.44338035583496
378,1745922403.732328,289.9632453918457
379,1745922403.926077,182.6341152191162
380,1745922404.120068,182.94906616210938
381,1745922404.3136175,182.509183883667
382,1745922404.564214,239.55583572387695
383,1745922404.8642585,289.5314693450928
384,1745922405.0591636,183.7620735168457
385,1745922405.2523792,182.85799026489258
386,1745922405.4490352,186.12980842590332
387,1745922405.6472182,186.65552139282227
388,1745922405.8401635,182.40809440612793
389,1745922406.034522,183.07995796203613
390,1745922406.2896118,244.54164505004883
391,1745922406.4841847,183.52913856506348
392,1745922406.6927264,197.39675521850586
393,1745922406.886341,183.06732177734375
394,1745922407.0785544,182.0065975189209
395,1745922407.2725177,182.71374702453613
396,1745922407.5303924,247.30873107910156
397,1745922407.8273263,286.13924980163574
398,1745922408.0212715,182.91902542114258
399,1745922408.2161198,183.7766170501709
400,1745922408.4099288,182.77239799499512
401,1745922408.6042788,182.9519271850586
402,1745922408.7969089,182.07716941833496
403,1745922408.990656,182.22355842590332
404,1745922409.1860714,183.99333953857422
405,1745922409.3793783,182.78861045837402
406,1745922409.580527,189.70441818237305
407,1745922409.7742252,182.41596221923828
408,1745922409.9690948,183.82525444030762
409,1745922410.1630526,183.23302268981934
410,1745922410.3980923,224.196195602417
411,1745922410.5930545,183.93611907958984
412,1745922410.7884736,184.27753448486328
413,1745922410.9827826,183.2902431488037
414,1745922411.1764772,183.14194679260254
415,1745922411.4236305,236.314058303833
416,1745922411.7338648,299.713134765625
417,1745922411.933218,188.8566017150879
418,1745922412.1276836,182.69968032836914
419,1745922412.3224177,184.23891067504883
420,1745922412.515541,182.52205848693848
421,1745922412.7094717,183.30669403076172
422,1745922412.9039228,183.44736099243164
423,1745922413.098196,183.25233459472656
424,1745922413.2919915,183.26592445373535
425,1745922413.485683,182.69586563110352
426,1745922413.7863479,289.61920738220215
427,1745922414.0971975,299.82614517211914
428,1745922414.2906454,182.30009078979492
429,1745922414.4837134,182.47079849243164
430,1745922414.6780703,183.32433700561523
431,1745922414.8726342,183.90941619873047
432,1745922415.0660355,182.85059928894043
433,1745922415.259347,182.79647827148438
434,1745922415.5161226,245.92089653015137
435,1745922415.7103775,183.64429473876953
436,1745922415.903338,182.43789672851562
437,1745922416.0971856,182.82151222229004
438,1745922416.337856,229.59470748901367
439,1745922416.5310898,182.79600143432617
440,1745922416.7398307,197.70336151123047
441,1745922416.9332705,182.94358253479004
442,1745922417.126564,183.14266204833984
443,1745922417.3210099,183.05325508117676
444,1745922418.345941,nan
445,1745922418.5395694,183.03918838500977
446,1745922418.7473059,196.70772552490234
447,1745922418.9663365,207.69643783569336
448,1745922419.1597116,182.42144584655762
449,1745922419.3524146,182.04712867736816
450,1745922419.5474708,184.00931358337402
451,1745922419.8235974,265.6056880950928
452,1745922420.1339145,299.78346824645996
453,1745922420.327018,182.76524543762207
454,1745922420.5211432,183.08734893798828
455,1745922420.7177052,185.5456829071045
456,1745922420.941047,212.66508102416992
457,1745922421.1359499,184.25369262695312
458,1745922421.3307817,184.3392848968506
459,1745922422.3509417,nan
460,1745922423.020475,658.6089134216309
461,1745922423.2147505,183.23063850402832
462,1745922423.5036893,278.0282497406006
463,1745922423.6981401,183.66360664367676
464,1745922423.890739,182.07955360412598
465,1745922424.9034915,nan
466,1745922425.1062813,192.24977493286133
467,1745922425.298936,181.93721771240234
468,1745922425.5603676,250.39100646972656
469,1745922425.7543573,182.9090118408203
470,1745922425.9484518,183.07733535766602
471,1745922426.1411638,182.16276168823242
472,1745922426.337473,185.3048801422119
473,1745922426.5959554,247.66921997070312
474,1745922426.7926776,186.2180233001709
475,1745922426.9906397,186.90919876098633
476,1745922427.1835232,182.36589431762695
477,1745922427.3781362,182.88707733154297
478,1745922427.571072,182.76429176330566
479,1745922427.765302,183.17461013793945
480,1745922428.008471,232.36393928527832
481,1745922428.2036192,184.920072555542
482,1745922428.3972347,183.08019638061523
483,1745922428.5911012,182.8169822692871
484,1745922428.8313072,229.68626022338867
485,1745922429.035892,194.06938552856445
486,1745922429.2303138,183.37416648864746
487,1745922429.4252255,183.88724327087402
488,1745922429.6221302,186.3844394683838
489,1745922429.815367,181.96606636047363
490,1745922430.0109105,184.47327613830566
491,1745922430.2051659,183.3515167236328
492,1745922430.466673,249.84312057495117
493,1745922430.6692498,191.52140617370605
494,1745922430.9808168,300.05764961242676
495,1745922431.1745272,182.47318267822266
496,1745922431.3712118,185.75263023376465
497,1745922432.3923225,nan
498,1745922432.7935123,390.47980308532715
499,1745922432.9876575,183.0127239227295
500,1745922433.1821063,183.91990661621094
501,1745922433.3766618,183.96854400634766
502,1745922433.6520896,264.5893096923828
503,1745922433.9492002,285.9818935394287
504,1745922434.1433032,182.9855442047119
505,1745922434.3382318,183.91013145446777
506,1745922435.3634727,nan
507,1745922435.596356,222.57399559020996
508,1745922435.8909595,283.76102447509766
509,1745922436.0868795,185.4074001312256
510,1745922436.2827764,184.4336986541748
511,1745922436.4772844,183.70556831359863
512,1745922436.704112,216.31479263305664
513,1745922436.9000974,185.4565143585205
514,1745922437.0934029,183.0155849456787
515,1745922437.2883103,184.11779403686523
516,1745922437.4811935,182.36780166625977
517,1745922437.6755443,183.39109420776367
518,1745922437.870548,184.28850173950195
519,1745922438.1487038,266.64018630981445
520,1745922438.3503141,191.07580184936523
521,1745922438.545456,183.62879753112793
522,1745922438.7393227,182.83534049987793
523,1745922438.9346523,184.25393104553223
524,1745922439.128621,183.54535102844238
525,1745922439.3221714,183.2125186920166
526,1745922439.5254903,192.15917587280273
527,1745922439.7193387,183.32195281982422
528,1745922439.9956322,265.6996250152588
529,1745922440.2204068,214.0965461730957
530,1745922440.414404,183.48264694213867
531,1745922440.6086094,183.30645561218262
532,1745922440.801946,182.78837203979492
533,1745922441.0330064,220.04318237304688
534,1745922441.2286692,184.5078468322754
535,1745922441.423099,183.63690376281738
536,1745922441.6167674,182.82818794250488
537,1745922441.8121014,184.27729606628418
538,1745922442.0474298,224.09486770629883
539,1745922442.3452303,287.03784942626953
540,1745922442.5420306,185.43434143066406
541,1745922442.7399712,187.41655349731445
542,1745922442.93808,187.51955032348633
543,1745922443.1305625,181.81657791137695
544,1745922443.3252852,182.83534049987793
545,1745922443.574404,237.97011375427246
546,1745922443.7706182,185.70685386657715
547,1745922443.9669154,185.0411891937256
548,1745922444.9872096,nan
549,1745922445.1833441,185.61172485351562
550,1745922445.3787553,184.15236473083496
551,1745922445.6255975,235.82720756530762
552,1745922445.8949533,258.4514617919922
553,1745922446.089645,184.03983116149902
554,1745922446.2873077,186.57803535461426
555,1745922446.4830577,185.2424144744873
556,1745922446.7171514,223.69647026062012
557,1745922446.9113314,183.62855911254883
558,1745922447.1047854,182.94286727905273
559,1745922447.3006153,184.8013401031494
560,1745922447.4943457,183.1965446472168
561,1745922447.6902215,184.86428260803223
562,1745922447.9832368,282.4835777282715
563,1745922448.1788824,184.57651138305664
564,1745922448.372346,182.93166160583496
565,1745922448.5654867,182.48844146728516
566,1745922448.759647,182.94644355773926
567,1745922449.0127058,241.99390411376953
568,1745922449.2084737,185.23168563842773
569,1745922449.4013689,182.3136806488037
570,1745922449.5954118,182.86609649658203
571,1745922449.7893217,183.32290649414062
572,1745922449.9866695,186.7530345916748
573,1745922450.240275,243.4539794921875
574,1745922450.5358598,284.2113971710205
575,1745922450.7295814,182.68895149230957
576,1745922450.9248247,184.2050552368164
577,1745922451.1193159,183.7770938873291
578,1745922451.313175,182.80839920043945
579,1745922451.5523028,228.01709175109863
580,1745922451.7459,183.0611228942871
581,1745922451.9407153,183.97974967956543
582,1745922452.13541,183.0916404724121
583,1745922452.3312855,185.32609939575195
584,1745922452.526473,184.61847305297852
585,1745922452.7539763,216.46547317504883
586,1745922452.9482424,183.21776390075684
587,1745922453.1437364,184.0686798095703
588,1745922453.3375263,183.26234817504883
589,1745922453.532088,183.5343837738037
590,1745922453.725539,182.92593955993652
591,1745922454.0305715,294.50511932373047
592,1745922454.326057,284.95335578918457
593,1745922454.636322,299.5128631591797
594,1745922454.8306549,183.5789680480957
595,1745922455.0255485,182.82508850097656
596,1745922455.2193358,182.80315399169922
597,1745922455.414233,184.1118335723877
598,1745922455.663415,238.56782913208008
599,1745922455.9753137,301.30767822265625
600,1745922456.2632957,277.3404121398926
601,1745922456.4573746,183.48073959350586
602,1745922456.6521478,183.34722518920898
603,1745922456.8460994,182.75189399719238
604,1745922457.0406685,183.2594871520996
605,1745922457.2356696,183.98070335388184
606,1745922457.4289188,182.56545066833496
607,1745922457.717112,277.15587615966797
608,1745922457.9130569,184.769868850708
609,1745922458.2271774,302.8714656829834
610,1745922458.51523,277.67062187194824
611,1745922458.709141,183.28380584716797
612,1745922458.9034739,183.2582950592041
613,1745922459.0974493,182.80553817749023
614,1745922459.2921124,183.37631225585938
615,1745922459.4856565,182.97410011291504
616,1745922459.7456434,249.42469596862793
617,1745922459.9403687,183.70914459228516
618,1745922460.134232,183.15720558166504
619,1745922460.3288124,183.32386016845703
620,1745922460.5216308,182.2528839111328
621,1745922460.7695613,236.51576042175293
622,1745922460.964029,184.1263771057129
623,1745922461.1573393,182.67416954040527
624,1745922461.3511064,182.75022506713867
625,1745922461.592225,230.59844970703125
626,1745922461.7875402,183.9594841003418
627,1745922461.9810324,182.9841136932373
628,1745922462.175293,183.09974670410156
629,1745922462.4169588,231.02593421936035
630,1745922462.6099823,182.47056007385254
631,1745922462.8039465,182.62171745300293
632,1745922463.0012038,185.8844757080078
633,1745922463.1960266,184.0343475341797
634,1745922463.444273,237.6720905303955
635,1745922463.7537186,298.83575439453125
636,1745922464.0634665,298.7382411956787
637,1745922464.35984,285.8386039733887
638,1745922464.5534701,183.08758735656738
639,1745922464.762401,198.52757453918457
640,1745922465.7849555,nan
641,1745922466.3104117,514.9152278900146
642,1745922466.622081,301.47719383239746
643,1745922466.8152807,182.69824981689453
644,1745922467.0094264,182.7108860015869
645,1745922467.202893,182.73258209228516
646,1745922467.3980546,184.11993980407715
647,1745922467.645748,237.11657524108887
648,1745922467.9408455,284.0540409088135
649,1745922468.1349707,183.04753303527832
650,1745922468.32868,182.6498508453369
651,1745922468.5231361,183.17890167236328
652,1745922468.7168057,182.62863159179688
653,1745922468.9104927,183.15744400024414
654,1745922469.105039,183.32433700561523
655,1745922469.3002818,184.47422981262207
656,1745922469.5020053,190.6599998474121
657,1745922469.6963942,183.73441696166992
658,1745922469.8891556,182.34562873840332
659,1745922470.0822742,182.02733993530273
660,1745922470.3000855,206.5279483795166
661,1745922470.494376,183.48217010498047
662,1745922470.6890304,183.61234664916992
663,1745922471.7109213,nan
664,1745922472.7375195,nan
665,1745922472.970602,222.550630569458
666,1745922473.1642334,182.58333206176758
667,1745922473.3582203,183.4585666656494
668,1745922473.5522995,183.04085731506348
669,1745922473.746109,182.7390193939209
670,1745922473.9940934,237.33282089233398
671,1745922474.1889548,184.62324142456055
672,1745922474.3822749,182.96551704406738
673,1745922474.5762293,182.9206943511963
674,1745922474.7711082,183.98261070251465
675,1745922474.966739,185.3938102722168
676,1745922475.1621933,184.72766876220703
677,1745922475.3575606,184.60845947265625
678,1745922475.628045,259.920597076416
679,1745922475.9376671,298.2947826385498
680,1745922476.1348321,186.6598129272461
681,1745922476.329368,183.7449073791504
682,1745922476.524081,182.99126625061035
683,1745922476.7172961,182.7082633972168
684,1745922476.9121218,184.1590404510498
685,1745922477.181177,258.51917266845703
686,1745922477.3750658,183.59637260437012
687,1745922477.5703135,184.5076084136963
688,1745922477.7644162,183.11119079589844
689,1745922477.958734,183.54058265686035
690,1745922478.9780087,nan
691,1745922479.1731524,184.6785545349121
692,1745922479.3677602,183.88772010803223
693,1745922479.6303203,252.0444393157959
694,1745922479.8323832,190.98496437072754
695,1745922480.026211,183.2888126373291
696,1745922480.2211094,183.87651443481445
697,1745922480.4160802,183.77041816711426
698,1745922481.435129,nan
699,1745922482.4598713,nan
700,1745922483.1186008,1673.100471496582
701,1745922483.3131397,184.00812149047852
702,1745922483.5073924,183.09259414672852
703,1745922483.8262494,307.85083770751953
704,1745922484.1222816,285.5236530303955
705,1745922484.3169327,183.2563877105713
706,1745922484.5170674,189.58425521850586
707,1745922485.5368168,nan
708,1745922485.7699194,222.50914573669434
709,1745922486.077493,297.04976081848145
710,1745922486.3746855,286.75317764282227
711,1745922486.5683713,182.80601501464844
712,1745922486.762467,183.23421478271484
713,1745922486.9559064,182.61432647705078
714,1745922487.151055,184.2634677886963
715,1745922487.345256,183.18939208984375
716,1745922487.5400653,183.5501194000244
717,1745922487.7335045,183.1493377685547
718,1745922487.9269776,182.4333667755127
719,1745922488.219911,282.09471702575684
720,1745922488.4146905,183.8693618774414
721,1745922488.6104863,184.92746353149414
722,1745922488.803986,182.9824447631836
723,1745922488.998366,182.8455924987793
724,1745922489.235255,226.13930702209473
725,1745922489.4290493,182.78026580810547
726,1745922489.6224744,182.5885772705078
727,1745922489.816888,183.56037139892578
728,1745922490.0106099,183.2101345062256
729,1745922490.277408,255.77521324157715
730,1745922490.571979,283.5993766784668
731,1745922490.7665372,184.0038299560547
732,1745922490.9596658,182.61981010437012
733,1745922491.1535137,182.8141212463379
734,1745922491.3476846,183.74228477478027
735,1745922491.5412686,182.72948265075684
736,1745922491.807228,254.7740936279297
737,1745922492.0020983,183.7151050567627
738,1745922493.0154293,nan
739,1745922493.2096586,182.9233169555664
740,1745922493.4154747,195.29223442077637
741,1745922493.6104321,183.93707275390625
742,1745922493.8040168,182.9984188079834
743,1745922494.0491195,234.1616153717041
744,1745922494.2423007,182.09314346313477
745,1745922494.4523404,198.9905834197998
746,1745922495.479969,nan
747,1745922495.6730816,182.6317310333252
748,1745922495.867719,183.61377716064453
749,1745922496.0655348,186.7685317993164
750,1745922496.3206441,244.57764625549316
751,1745922496.5162692,183.88843536376953
752,1745922496.710323,183.0141544342041
753,1745922496.9021602,181.4720630645752
754,1745922497.0971298,183.4733486175537
755,1745922497.2905793,182.87396430969238
756,1745922497.4847057,183.02226066589355
757,1745922497.6778824,182.48486518859863
758,1745922497.872387,183.39872360229492
759,1745922498.0653,182.65438079833984
760,1745922498.2584746,182.14750289916992
761,1745922498.452716,183.18748474121094
762,1745922498.6481082,184.72790718078613
763,1745922498.8753102,216.89438819885254
764,1745922499.0693831,183.29167366027832
765,1745922499.2644172,184.0217113494873
766,1745922499.4587357,183.66360664367676
767,1745922499.660282,190.57464599609375
768,1745922499.855332,184.4334602355957
769,1745922500.1065288,240.65876007080078
770,1745922500.4154058,298.33984375
771,1745922500.7112231,285.2199077606201
772,1745922500.9057047,183.5923194885254
773,1745922501.923297,nan
774,1745922502.747371,813.7245178222656
775,1745922502.9422011,183.7925910949707
776,1745922503.1587648,206.02893829345703
777,1745922503.3529124,183.55870246887207
778,1745922503.5465007,182.54828453063965
779,1745922503.7403946,183.2594871520996
780,1745922503.9805045,228.90949249267578
781,1745922504.174729,183.0277442932129
782,1745922504.369822,183.85910987854004
783,1745922504.5633347,183.24589729309082
784,1745922504.77628,201.74646377563477
785,1745922504.9701438,182.8320026397705
786,1745922505.1714315,190.27042388916016
787,1745922505.3654466,182.80601501464844
788,1745922505.559858,183.36129188537598
789,1745922505.8240688,253.7984848022461
790,1745922506.0169332,182.53517150878906
791,1745922506.2123868,184.08608436584473
792,1745922506.4065926,183.61377716064453
793,1745922506.5992792,182.0542812347412
794,1745922506.7941637,183.83336067199707
795,1745922506.9878974,183.22300910949707
796,1745922507.1831229,183.93254280090332
797,1745922507.3770788,183.40468406677246
798,1745922507.5722225,184.09132957458496
799,1745922507.8863275,303.07769775390625
800,1745922508.1963475,298.77209663391113
801,1745922508.389794,182.82723426818848
802,1745922508.5844505,183.59112739562988
803,1745922508.7782493,183.2418441772461
804,1745922508.9733474,184.1285228729248
805,1745922509.220441,235.89086532592773
806,1745922509.4132292,182.02805519104004
807,1745922509.607079,182.83343315124512
808,1745922509.8007572,183.16102027893066
809,1745922509.9965189,184.71384048461914
810,1745922510.2430391,235.66508293151855
811,1745922510.5411901,287.6088619232178
812,1745922510.73526,183.55989456176758
813,1745922510.929587,183.4392547607422
814,1745922511.1228957,182.78861045837402
815,1745922511.3163123,182.5721263885498
816,1745922511.5121686,185.09173393249512
817,1745922511.7058141,182.3134422302246
818,1745922511.9749203,258.0528259277344
819,1745922512.1692078,182.7242374420166
820,1745922513.1836774,nan
821,1745922513.377581,182.97958374023438
822,1745922513.5722816,183.68291854858398
823,1745922513.7658103,182.30223655700684
824,1745922513.959454,182.79290199279785
825,1745922514.2211194,250.64897537231445
826,1745922514.4146335,182.4784278869629
827,1745922514.622886,196.98715209960938
828,1745922515.6405194,nan
829,1745922515.859714,208.5862159729004
830,1745922516.0533013,182.54446983337402
831,1745922516.248179,183.8529109954834
832,1745922516.442013,183.52913856506348
833,1745922516.6653204,213.0603790283203
834,1745922516.8597298,183.87150764465332
835,1745922517.0534837,183.335542678833
836,1745922517.2483392,183.80284309387207
837,1745922517.4435558,184.58962440490723
838,1745922517.6373043,183.21895599365234
839,1745922517.830553,182.72709846496582
840,1745922518.0252202,183.3820343017578
841,1745922518.32415,288.53392601013184
842,1745922518.5176291,182.5559139251709
843,1745922519.5337753,nan
844,1745922519.7272236,182.92617797851562
845,1745922519.9679883,230.2999496459961
846,1745922520.1632626,184.23724174499512
847,1745922520.3576756,183.56704711914062
848,1745922521.380615,nan
849,1745922521.5732777,182.14178085327148
850,1745922521.7679267,183.32791328430176
851,1745922521.9651554,186.2168312072754
852,1745922522.220619,245.04899978637695
853,1745922522.5298054,297.66249656677246
854,1745922522.8290882,288.5751724243164
855,1745922523.0234118,183.31122398376465
856,1745922523.2175078,183.31670761108398
857,1745922523.4110396,183.15982818603516
858,1745922523.6061401,183.8395595550537
859,1745922523.8530886,235.91279983520508
860,1745922524.04711,183.4416389465332
861,1745922524.2409766,182.12628364562988
862,1745922524.4344358,183.2258701324463
863,1745922524.672155,226.548433303833
864,1745922524.8665562,183.5958957672119
865,1745922525.8803325,nan
866,1745922526.9053457,nan
867,1745922527.1001017,184.24129486083984
868,1745922527.2941408,183.88700485229492
869,1745922527.4883084,183.66193771362305
870,1745922527.6854908,186.59567832946777
871,1745922527.8798392,183.2714080810547
872,1745922528.1650863,274.7011184692383
873,1745922528.3594882,183.59780311584473
874,1745922528.552604,182.88922309875488
875,1745922528.7467403,182.89518356323242
876,1745922528.9403572,183.0122470855713
877,1745922529.1338644,182.76619911193848
878,1745922529.3275492,182.76119232177734
879,1745922529.5304956,191.4350986480713
880,1745922529.7254615,183.92109870910645
881,1745922529.9194927,183.08448791503906
882,1745922530.2039623,273.93388748168945
883,1745922530.3977242,182.8160285949707
884,1745922531.4126127,nan
885,1745922531.6075735,184.295654296875
886,1745922531.8034456,184.6902370452881
887,1745922532.829777,nan
888,1745922533.0826218,242.4459457397461
889,1745922533.3899472,296.9949245452881
890,1745922533.583917,183.4280490875244
891,1745922533.7773912,182.44338035583496
892,1745922533.9733524,183.77447128295898
893,1745922534.988759,nan
894,1745922535.2127984,213.35101127624512
895,1745922535.4071643,183.84289741516113
896,1745922535.6003704,182.87181854248047
897,1745922535.7941787,183.2864284515381
898,1745922536.0331366,227.8749942779541
899,1745922536.226072,182.36136436462402
900,1745922536.4202406,183.00151824951172
901,1745922536.6145315,183.26997756958008
902,1745922536.813493,187.53981590270996
903,1745922537.0085988,184.09323692321777
904,1745922537.277458,257.9028606414795
905,1745922537.4704397,182.21616744995117
906,1745922537.6647134,183.0601692199707
907,1745922537.8610678,185.44673919677734
908,1745922538.8886418,nan
909,1745922539.9044123,nan
910,1745922540.929284,nan
911,1745922541.1304862,190.62161445617676
912,1745922541.3641322,222.12862968444824
913,1745922541.560357,185.72139739990234
914,1745922541.7575433,186.3405704498291
915,1745922542.7803278,nan
916,1745922543.8011556,nan
917,1745922544.8149397,nan
918,1745922545.016915,191.38240814208984
919,1745922545.2513554,224.12490844726562
920,1745922545.4453986,183.31289291381836
921,1745922545.638655,182.65819549560547
922,1745922545.8324475,182.93309211730957
923,1745922546.087629,244.2002296447754
924,1745922546.3864548,288.3427143096924
925,1745922546.5801573,183.3806037902832
926,1745922546.7843077,193.39609146118164
927,1745922546.9780102,183.1989288330078
928,1745922547.2083476,219.29025650024414
929,1745922547.402874,183.76898765563965
930,1745922547.5956373,182.19637870788574
931,1745922547.7908046,184.13782119750977
932,1745922547.98413,182.68918991088867
933,1745922548.179569,184.48233604431152
934,1745922548.4350843,244.91143226623535
935,1745922548.7484756,302.45280265808105
936,1745922549.056063,297.0614433288574
937,1745922549.3503132,283.72716903686523
938,1745922549.5442834,182.25550651550293
939,1745922549.7382674,183.29167366027832
940,1745922549.9320693,183.18939208984375
941,1745922550.1264923,183.86149406433105
942,1745922550.373851,236.85169219970703
943,1745922550.566884,182.51657485961914
944,1745922550.7610633,183.0615997314453
945,1745922550.954264,182.12175369262695
946,1745922551.2088532,243.59393119812012
947,1745922551.4039767,183.9442253112793
948,1745922551.5984564,183.40826034545898
949,1745922551.7920995,182.97719955444336
950,1745922551.986561,182.98888206481934
951,1745922552.22526,227.80585289001465
952,1745922552.536694,300.3387451171875
953,1745922552.8252742,277.2247791290283
954,1745922553.0197475,183.45403671264648
955,1745922553.2155316,184.26942825317383
956,1745922553.4092278,183.52317810058594
957,1745922553.602037,182.36756324768066
958,1745922553.7964823,183.2599639892578
959,1745922554.0704281,263.4403705596924
960,1745922554.378234,297.2745895385742
961,1745922554.5727782,183.5470199584961
962,1745922554.7660806,182.79099464416504
963,1745922554.9621036,184.7097873687744
964,1745922555.2006583,227.67949104309082
965,1745922555.3950393,182.8761100769043
966,1745922555.5893588,183.09760093688965
967,1745922555.7837214,183.53986740112305
968,1745922556.8012571,nan
969,1745922556.996254,184.35049057006836
970,1745922557.2395291,232.42783546447754
971,1745922557.434077,183.23326110839844
972,1745922557.6387782,193.678617477417
973,1745922557.8313758,182.1877956390381
974,1745922558.0626807,219.86675262451172
975,1745922558.3734853,300.2791404724121
976,1745922558.5671782,182.85536766052246
977,1745922558.760783,182.9814910888672
978,1745922558.956984,185.5449676513672
979,1745922559.1500208,182.62267112731934
980,1745922559.3451803,183.72392654418945
981,1745922559.5474148,190.93608856201172
982,1745922559.742021,183.58659744262695
983,1745922560.0036242,251.448392868042
984,1745922560.1972458,182.91115760803223
985,1745922560.4205348,212.36467361450195
986,1745922560.616225,184.37767028808594
987,1745922560.9303524,303.38454246520996
988,1745922561.242389,301.0425567626953
989,1745922561.5302303,277.6186466217041
990,1745922561.7246501,183.6550235748291
991,1745922561.9192245,183.48097801208496
992,1745922562.1171553,187.2248649597168
993,1745922562.3621,234.2815399169922
994,1745922562.6707563,297.5611686706543
995,1745922562.8660965,183.81571769714355
996,1745922563.059962,183.3667755126953
997,1745922563.2544847,183.75182151794434
998,1745922563.4475963,182.81126022338867
999,1745922563.6404483,182.32083320617676
1000,1745922563.835574,182.816743850708
1001,1745922564.0982175,252.48432159423828
1002,1745922564.293302,184.04245376586914
1003,1745922564.4896054,184.4944953918457
1004,1745922564.6827576,183.06756019592285
1005,1745922564.8761752,182.8303337097168
1006,1745922565.0702355,183.0439567565918
1007,1745922565.3184507,237.1838092803955
1008,1745922565.5120373,183.06398391723633
1009,1745922565.7067103,184.13972854614258
1010,1745922565.9000041,182.75928497314453
1011,1745922566.1172442,206.63785934448242
1012,1745922566.3132966,185.17017364501953
1013,1745922566.5085385,184.59439277648926
1014,1745922566.7025855,183.52723121643066
1015,1745922566.895468,182.4972629547119
1016,1745922567.0893483,183.39943885803223
1017,1745922567.2853777,185.78267097473145
1018,1745922567.4800858,183.73847007751465
1019,1745922567.674966,184.37957763671875
1020,1745922567.8692927,183.1817626953125
1021,1745922568.095086,215.7266139984131
1022,1745922568.2890747,183.28332901000977
1023,1745922569.3134232,nan
1024,1745922569.513382,189.45026397705078
1025,1745922569.7141414,189.70417976379395
1026,1745922569.9093635,184.15284156799316
1027,1745922570.1397598,219.8634147644043
1028,1745922570.334191,182.8479766845703
1029,1745922570.527682,182.9819679260254
1030,1745922570.7213545,182.6629638671875
1031,1745922570.9156868,183.08401107788086
1032,1745922571.109776,183.5629940032959
1033,1745922571.3049066,184.10611152648926
1034,1745922571.5012496,185.40525436401367
1035,1745922571.6950085,182.71231651306152
1036,1745922571.8905537,184.50045585632324
1037,1745922572.0841544,182.61432647705078
1038,1745922572.3845706,288.6683940887451
1039,1745922572.5776615,182.58404731750488
1040,1745922572.7726462,183.86316299438477
1041,1745922572.966052,183.26258659362793
1042,1745922573.160299,182.96027183532715
1043,1745922573.3542428,183.4251880645752
1044,1745922573.548074,181.8253993988037
1045,1745922573.7405372,181.9155216217041
1046,1745922573.9392245,187.16001510620117
1047,1745922574.1343684,183.11810493469238
1048,1745922575.148981,nan
1049,1745922575.3520956,192.52252578735352
1050,1745922575.5601895,197.57699966430664
1051,1745922575.7550375,183.821439743042
1052,1745922575.9512029,184.78083610534668
1053,1745922576.1471736,185.46080589294434
1054,1745922576.3482392,189.9435520172119
1055,1745922576.549611,190.85979461669922
1056,1745922576.7450554,184.85116958618164
1057,1745922576.940765,185.17303466796875
1058,1745922577.137127,185.32395362854004
1059,1745922577.3352213,187.6506805419922
1060,1745922577.529855,184.10539627075195
1061,1745922577.725076,184.1726303100586
1062,1745922577.9192302,183.61377716064453
1063,1745922578.1150525,184.48853492736816
1064,1745922578.3091884,183.62808227539062
1065,1745922578.545909,226.11236572265625
1066,1745922578.8551905,298.69771003723145
1067,1745922579.1428704,276.383638381958
1068,1745922579.3361952,182.80577659606934
1069,1745922579.53031,183.5927963256836
1070,1745922579.7235894,182.6951503753662
1071,1745922579.9175746,183.44354629516602
1072,1745922580.1112735,182.68775939941406
1073,1745922580.3091109,187.04628944396973
1074,1745922580.592846,272.4759578704834
1075,1745922580.8903768,287.0173454284668
1076,1745922581.1957417,294.4602966308594
1077,1745922581.3905199,184.26847457885742
1078,1745922581.5855732,183.64453315734863
1079,1745922581.7794037,182.82842636108398
1080,1745922581.9741704,183.61377716064453
1081,1745922582.1673977,182.74235725402832
1082,1745922582.361535,182.60622024536133
1083,1745922582.5559587,183.08520317077637
1084,1745922582.7929754,226.37438774108887
1085,1745922582.9870012,182.9833984375
1086,1745922583.1804554,182.84249305725098
1087,1745922583.375329,184.35335159301758
1088,1745922583.5690708,182.64245986938477
1089,1745922583.762488,182.5888156890869
1090,1745922583.9562473,182.8911304473877
1091,1745922584.15037,183.5174560546875
1092,1745922584.344949,184.00931358337402
1093,1745922584.5813487,225.27146339416504
1094,1745922584.7753305,183.29429626464844
1095,1745922584.9705057,183.92348289489746
1096,1745922585.9922109,nan
1097,1745922587.016362,nan
1098,1745922587.2381191,211.317777633667
1099,1745922587.4351625,186.52868270874023
1100,1745922587.630924,185.23216247558594
1101,1745922587.826912,184.84807014465332
1102,1745922588.0212724,183.2129955291748
1103,1745922588.261055,228.31034660339355
1104,1745922588.458098,185.87398529052734
1105,1745922588.6539981,185.12821197509766
1106,1745922589.6745124,nan
1107,1745922589.9211073,236.08636856079102
1108,1745922590.1179545,185.60028076171875
1109,1745922590.4220161,292.7732467651367
1110,1745922590.71357,281.01229667663574
1111,1745922590.90926,185.15968322753906
1112,1745922591.9294255,nan
1113,1745922592.1229568,182.47342109680176
1114,1745922592.3172805,183.2590103149414
1115,1745922592.5665612,238.1913661956787
1116,1745922592.7611158,183.50744247436523
1117,1745922592.969083,197.4496841430664
1118,1745922593.1624584,182.3599338531494
1119,1745922593.3953013,221.34661674499512
1120,1745922593.5905044,183.7599277496338
1121,1745922593.7850518,183.50863456726074
1122,1745922593.9783769,182.50417709350586
1123,1745922594.9955738,nan
1124,1745922595.1881385,182.04617500305176
1125,1745922595.3864303,186.6753101348877
1126,1745922595.5822577,185.28389930725098
1127,1745922595.7764432,183.66408348083496
1128,1745922596.038261,250.72932243347168
1129,1745922596.2320185,183.14838409423828
1130,1745922596.428344,184.90123748779297
1131,1745922596.6254766,186.09023094177246
1132,1745922596.8202636,183.97021293640137
1133,1745922597.0132031,182.8005313873291
1134,1745922597.276871,252.6547908782959
1135,1745922597.4707308,182.80529975891113
1136,1745922597.6660209,183.7291717529297
1137,1745922597.8610227,183.67624282836914
1138,1745922598.0553646,183.81905555725098
1139,1745922598.2510116,184.28874015808105
1140,1745922598.4444404,182.81126022338867
1141,1745922598.6373045,182.3263168334961
1142,1745922598.8413422,192.86441802978516
1143,1745922599.0363286,183.13837051391602
1144,1745922599.2296374,183.20083618164062
1145,1745922599.4251466,184.04173851013184
1146,1745922599.620051,183.77399444580078
1147,1745922599.8152244,184.68451499938965
1148,1745922600.0396535,214.07246589660645
1149,1745922600.2336898,182.98935890197754
1150,1745922600.427833,183.1667423248291
1151,1745922600.6686802,229.8412322998047
1152,1745922601.6905608,nan
1153,1745922601.8834326,182.3422908782959
1154,1745922602.0770407,183.05540084838867
1155,1745922602.302923,214.88642692565918
1156,1745922602.6141982,300.13418197631836
1157,1745922602.9081566,282.52315521240234
1158,1745922603.102174,183.29215049743652
1159,1745922603.2961342,182.49773979187012
1160,1745922603.4930458,185.70971488952637
1161,1745922603.68716,183.23326110839844
1162,1745922603.8836274,185.94098091125488
1163,1745922604.0785856,184.45730209350586
1164,1745922604.273024,182.9965114593506
1165,1745922604.4664302,182.81984329223633
1166,1745922604.668527,190.7365322113037
1167,1745922604.8623009,182.74283409118652
1168,1745922605.0562751,182.8439235687256
1169,1745922605.2498505,182.3866367340088
1170,1745922605.4475453,186.6588592529297
1171,1745922605.6482952,190.01340866088867
1172,1745922605.842267,183.43687057495117
1173,1745922606.0369961,183.3040714263916
1174,1745922607.0521715,nan
1175,1745922607.3154378,252.74062156677246
1176,1745922607.5104728,183.66694450378418
1177,1745922607.7061114,184.11779403686523
1178,1745922607.8998506,183.20512771606445
1179,1745922608.095343,184.46779251098633
1180,1745922608.288195,182.56092071533203
1181,1745922608.4819417,182.35468864440918
1182,1745922608.7435687,250.31805038452148
1183,1745922608.9388044,184.5858097076416
1184,1745922609.1325345,182.70015716552734
1185,1745922609.36409,219.9394702911377
1186,1745922609.595405,220.39437294006348
1187,1745922609.7904015,184.52048301696777
1188,1745922609.984136,183.1364631652832
1189,1745922610.278194,283.39552879333496
1190,1745922610.4709132,182.204008102417
1191,1745922610.6659253,183.48979949951172
1192,1745922610.86051,184.07750129699707
1193,1745922611.1053045,234.17186737060547
1194,1745922611.3793287,262.12143898010254
1195,1745922611.5734007,183.2418441772461
1196,1745922611.7703738,186.44094467163086
1197,1745922611.964397,183.9125156402588
1198,1745922612.1588926,183.46714973449707
1199,1745922612.3519137,182.70444869995117
1200,1745922612.6353135,272.34911918640137
1201,1745922612.8294992,183.35986137390137
1202,1745922613.023418,183.10141563415527
1203,1745922613.2171364,183.12811851501465
1204,1745922613.4108677,182.76524543762207
1205,1745922613.6059973,183.89010429382324
1206,1745922613.8000104,183.2904815673828
1207,1745922613.9932358,182.7070713043213
1208,1745922614.2772105,273.0138301849365
1209,1745922614.5896256,301.3627529144287
1210,1745922614.8861806,285.33387184143066
1211,1745922615.08101,183.96759033203125
1212,1745922616.0965369,nan
1213,1745922617.1198604,nan
1214,1745922617.3129375,182.59119987487793
1215,1745922617.5071564,182.77335166931152
1216,1745922617.7005975,182.5413703918457
1217,1745922617.8945396,182.86395072937012
1218,1745922618.0884557,182.74855613708496
1219,1745922618.282284,181.5040111541748
1220,1745922618.479445,186.8455410003662
1221,1745922618.672312,182.603120803833
1222,1745922618.9844973,301.04637145996094
1223,1745922619.1782436,183.211088180542
1224,1745922619.3858094,196.519136428833
1225,1745922619.5911639,194.9622631072998
1226,1745922619.7853994,183.1965446472168
1227,1745922619.9812143,185.02235412597656
1228,1745922620.224972,232.72180557250977
1229,1745922620.5181792,282.6871871948242
1230,1745922620.7126184,183.41565132141113
1231,1745922620.9061396,182.786226272583
1232,1745922621.1007905,182.8594207763672
1233,1745922621.3393464,228.01709175109863
1234,1745922621.5332222,183.2103729248047
1235,1745922621.7267463,182.8591823577881
1236,1745922621.9210503,183.2742691040039
1237,1745922622.115262,183.7451457977295
1238,1745922622.30899,182.6760768890381
1239,1745922622.5670657,246.79827690124512
1240,1745922622.7599595,182.4042797088623
1241,1745922622.954369,183.3024024963379
1242,1745922623.147546,182.27791786193848
1243,1745922623.4063137,247.61199951171875
1244,1745922623.600419,183.16888809204102
1245,1745922623.7959726,184.50355529785156
1246,1745922623.9892466,182.73591995239258
1247,1745922624.182833,182.91044235229492
1248,1745922624.375949,182.6002597808838
1249,1745922624.608089,220.67880630493164
1250,1745922624.8013325,183.07924270629883
1251,1745922624.995029,182.79314041137695
1252,1745922625.1884046,182.3723316192627
1253,1745922625.446762,247.3137378692627
1254,1745922625.7188876,261.8060111999512
1255,1745922625.9119732,182.55305290222168
1256,1745922626.1056464,182.9204559326172
1257,1745922626.300578,184.2477321624756
1258,1745922626.5652056,253.60679626464844
1259,1745922626.7599468,183.3505630493164
1260,1745922626.9550307,184.03196334838867
1261,1745922627.149383,184.126615524292
1262,1745922627.343377,183.3212375640869
1263,1745922627.5384548,184.02099609375
1264,1745922627.7328548,182.93499946594238
1265,1745922627.9273634,183.441162109375
1266,1745922628.207704,269.301176071167
1267,1745922628.4004147,182.46221542358398
1268,1745922628.593641,182.0850372314453
1269,1745922628.7887177,183.05373191833496
1270,1745922628.9826188,183.37440490722656
1271,1745922629.1755397,182.33609199523926
1272,1745922629.3700423,183.59661102294922
1273,1745922629.5639315,182.57617950439453
1274,1745922629.758758,183.86101722717285
1275,1745922629.9541197,184.19861793518066
1276,1745922630.2449481,280.3151607513428
1277,1745922630.439968,183.72464179992676
1278,1745922631.4574661,nan
1279,1745922631.6519508,183.89081954956055
1280,1745922631.8453326,183.18629264831543
1281,1745922632.0710921,214.69807624816895
1282,1745922632.2652032,183.03537368774414
1283,1745922632.4595487,182.30223655700684
1284,1745922632.6531587,183.0768585205078
1285,1745922632.9223938,258.14080238342285
1286,1745922633.1172986,183.87103080749512
1287,1745922633.3114645,183.65716934204102
1288,1745922633.5156767,193.5741901397705
1289,1745922633.7101378,184.19170379638672
1290,1745922633.9062734,185.12701988220215
1291,1745922634.101995,185.3649616241455
1292,1745922634.3372283,224.0004539489746
1293,1745922634.538049,190.0503635406494
1294,1745922634.733322,184.38434600830078
1295,1745922635.7581098,nan
1296,1745922635.9521248,183.4888458251953
1297,1745922636.1464117,183.15434455871582
1298,1745922636.3943942,236.92941665649414
1299,1745922636.5873873,182.39235877990723
1300,1745922636.7812219,182.7564239501953
1301,1745922636.9764707,183.99882316589355
1302,1745922637.1706333,183.18986892700195
1303,1745922637.3640063,182.48748779296875
1304,1745922637.5588708,183.69531631469727
1305,1745922637.807028,237.66732215881348
1306,1745922638.0001018,181.915283203125
1307,1745922638.1945088,182.8768253326416
1308,1745922638.3885543,183.60543251037598
1309,1745922638.6554854,256.2131881713867
1310,1745922638.9494483,282.87601470947266
1311,1745922639.1441083,184.18312072753906
1312,1745922639.337908,183.62784385681152
1313,1745922639.5324292,183.5625171661377
1314,1745922639.726856,183.38847160339355
1315,1745922639.9211154,183.25018882751465
1316,1745922640.180438,249.04227256774902
1317,1745922640.3743455,182.7249526977539
1318,1745922640.5720816,187.12186813354492
1319,1745922641.5981874,nan
1320,1745922641.8043327,195.10507583618164
1321,1745922641.9983273,182.8749179840088
1322,1745922642.1932688,183.90226364135742
1323,1745922642.3863165,182.28721618652344
1324,1745922642.632254,235.0902557373047
1325,1745922642.826301,183.73966217041016
1326,1745922643.0228858,186.42187118530273
1327,1745922643.2164435,182.8005313873291
1328,1745922643.4107192,183.2282543182373
1329,1745922643.6045911,182.70254135131836
1330,1745922643.798244,182.6779842376709
1331,1745922643.994506,185.39667129516602
1332,1745922644.188402,182.86585807800293
1333,1745922644.4802914,281.27193450927734
1334,1745922644.674859,183.78233909606934
1335,1745922645.7023594,nan
1336,1745922645.898109,185.23168563842773
1337,1745922646.0913815,182.74998664855957
1338,1745922646.3239756,221.6510772705078
1339,1745922646.5182624,183.1836700439453
1340,1745922646.7119682,183.1839084625244
1341,1745922646.9069042,183.34627151489258
1342,1745922647.1483612,230.93795776367188
1343,1745922647.341114,182.6317310333252
1344,1745922647.5351477,183.26568603515625
1345,1745922647.7290738,183.38727951049805
1346,1745922647.922831,183.2411289215088
1347,1745922648.117638,183.54272842407227
1348,1745922648.3114042,183.42876434326172
1349,1745922648.5054033,182.7559471130371
1350,1745922648.7749493,258.4490776062012
1351,1745922648.969066,183.04729461669922
1352,1745922649.1632376,182.73258209228516
1353,1745922649.357999,183.06612968444824
1354,1745922649.6053832,236.3147735595703
1355,1745922649.8000827,184.09037590026855
1356,1745922649.9938264,183.27569961547852
1357,1745922650.1871815,182.6620101928711
1358,1745922650.3803468,182.5888156890869
1359,1745922650.6285038,237.24079132080078
1360,1745922650.9401307,301.09572410583496
1361,1745922651.2372746,286.4713668823242
1362,1745922651.4312243,182.92951583862305
1363,1745922651.6262016,183.87818336486816
1364,1745922651.8198037,183.08401107788086
1365,1745922652.013242,182.3902130126953
1366,1745922652.2070436,182.24716186523438
1367,1745922652.4003649,182.06310272216797
1368,1745922652.5951176,183.23373794555664
1369,1745922652.8984284,292.5839424133301
1370,1745922653.1938694,284.7027778625488
1371,1745922653.504743,300.3368377685547
1372,1745922653.7990763,284.11293029785156
1373,1745922653.9940007,183.88772010803223
1374,1745922654.1875556,182.89422988891602
1375,1745922654.381233,183.14433097839355
1376,1745922654.617163,224.5032787322998
1377,1745922654.8119195,183.43424797058105
1378,1745922655.0059154,183.36796760559082
1379,1745922655.2001157,183.61806869506836
1380,1745922655.3940575,183.12692642211914
1381,1745922655.5882576,184.02791023254395
1382,1745922655.7858143,186.45787239074707
1383,1745922655.9806645,183.58969688415527
1384,1745922656.1747355,183.40754508972168
1385,1745922656.4741793,288.3801460266113
1386,1745922656.7446554,259.54484939575195
1387,1745922656.9430878,187.5772476196289
1388,1745922657.1364017,182.5695037841797
1389,1745922657.330602,183.1512451171875
1390,1745922657.6002479,258.5923671722412
1391,1745922657.9087691,298.3434200286865
1392,1745922658.1029043,182.88493156433105
1393,1745922658.2973108,183.6714744567871
1394,1745922658.4904187,182.48605728149414
1395,1745922658.6892607,188.12179565429688
1396,1745922658.9235451,223.77276420593262
1397,1745922659.1166594,182.83653259277344
1398,1745922659.311361,183.20441246032715
1399,1745922659.5054593,183.43877792358398
1400,1745922659.7002528,183.7780475616455
1401,1745922659.9465182,235.69893836975098
1402,1745922660.1398284,182.85274505615234
1403,1745922660.3338027,183.14790725708008
1404,1745922661.3523514,nan
1405,1745922661.5705404,207.658052444458
1406,1745922661.7844508,203.2914161682129
1407,1745922661.9800587,185.34350395202637
1408,1745922662.1741638,183.02416801452637
1409,1745922662.3679993,183.29858779907227
1410,1745922662.6045485,225.32367706298828
1411,1745922662.7994072,183.7928295135498
1412,1745922663.8202157,nan
1413,1745922664.013854,183.0282211303711
1414,1745922664.2081666,183.6533546447754
1415,1745922664.4576156,238.52086067199707
1416,1745922664.7685387,299.7608184814453
1417,1745922665.0662231,287.1720790863037
1418,1745922665.2621915,185.16850471496582
1419,1745922665.455966,183.26115608215332
1420,1745922666.4748073,nan
1421,1745922667.493788,nan
1422,1745922667.6878407,183.52150917053223
1423,1745922667.8821368,183.13884735107422
1424,1745922668.075633,182.9240322113037
1425,1745922668.3374276,250.9450912475586
1426,1745922668.5321336,183.32195281982422
1427,1745922669.5473163,nan
1428,1745922669.8761258,318.2814121246338
1429,1745922670.0720282,184.85331535339355
1430,1745922670.2654178,182.40880966186523
1431,1745922670.459385,182.59763717651367
1432,1745922670.6985502,228.14178466796875
1433,1745922670.8916552,183.0000877380371
1434,1745922671.0859823,183.80975723266602
1435,1745922671.2802885,183.38561058044434
1436,1745922671.4743273,182.5699806213379
1437,1745922671.6689966,183.63642692565918
1438,1745922671.8623455,182.25765228271484
1439,1745922672.0563664,182.52253532409668
1440,1745922672.2507405,183.1686496734619
1441,1745922672.4444175,183.14385414123535
1442,1745922672.7456295,290.313720703125
1443,1745922672.9393818,183.31575393676758
1444,1745922673.132955,182.966947555542
1445,1745922674.15376,nan
1446,1745922674.3492131,184.9215030670166
1447,1745922675.362175,nan
1448,1745922675.5573616,184.27109718322754
1449,1745922675.751954,183.70962142944336
1450,1745922675.9569688,194.5037841796875
1451,1745922676.1511188,183.0284595489502
1452,1745922676.346007,183.7751865386963
1453,1745922676.5400593,183.44807624816895
1454,1745922676.7375011,186.4030361175537
1455,1745922676.9307096,182.18255043029785
1456,1745922677.1260931,184.07726287841797
1457,1745922677.3193243,182.6338768005371
1458,1745922677.5480905,217.82994270324707
1459,1745922677.742516,183.579683303833
1460,1745922677.9360168,182.98053741455078
1461,1745922678.1308966,183.1796169281006
1462,1745922678.3245234,182.9369068145752
1463,1745922678.5186956,183.36176872253418
1464,1745922678.7121549,182.43861198425293
1465,1745922678.9899285,266.4022445678711
1466,1745922679.187226,186.99955940246582
1467,1745922679.3858926,188.07458877563477
1468,1745922679.6052232,208.40167999267578
1469,1745922679.800294,184.006929397583
1470,1745922679.9941595,183.29286575317383
1471,1745922680.1925318,187.28208541870117
1472,1745922680.4312463,227.64158248901367
1473,1745922680.6286347,186.37442588806152
1474,1745922680.8245962,184.9648952484131
1475,1745922681.0197556,184.0829849243164
1476,1745922681.2223325,191.99347496032715
1477,1745922682.2498293,nan
1478,1745922682.4436166,183.2258701324463
1479,1745922682.675421,220.75128555297852
1480,1745922682.8690474,182.58929252624512
1481,1745922683.0643387,184.187650680542
1482,1745922683.2580426,183.17246437072754
1483,1745922683.4982057,229.08949851989746
1484,1745922683.6920583,183.61401557922363
1485,1745922683.8872852,184.71598625183105
1486,1745922684.0809798,183.1839084625244
1487,1745922684.2747943,183.23493003845215
1488,1745922684.523485,237.8537654876709
1489,1745922684.8350146,300.00829696655273
1490,1745922685.0294015,183.53676795959473
1491,1745922685.2234373,182.99293518066406
1492,1745922685.4198174,185.25028228759766
1493,1745922685.615831,185.30011177062988
1494,1745922685.8097022,182.76405334472656
1495,1745922686.004317,183.8247776031494
1496,1745922686.1972246,182.38353729248047
1497,1745922686.4644587,256.18815422058105
1498,1745922686.658171,183.11071395874023
1499,1745922686.851765,183.11262130737305
1500,1745922687.052848,190.39630889892578
1501,1745922687.246028,182.65581130981445
1502,1745922687.4893417,232.21540451049805
1503,1745922687.683669,183.80308151245117
1504,1745922687.8775055,183.3016872406006
1505,1745922688.0727494,184.0519905090332
1506,1745922688.2674403,184.1714382171631
1507,1745922688.5181332,240.28277397155762
1508,1745922688.8280177,298.86460304260254
1509,1745922689.119504,280.2929878234863
1510,1745922689.3156235,185.30011177062988
1511,1745922689.5091977,183.06350708007812
1512,1745922689.7042613,183.82024765014648
1513,1745922689.944982,229.4139862060547
1514,1745922690.1375284,182.1117401123047
1515,1745922690.3330102,184.2195987701416
1516,1745922690.5265083,182.96146392822266
1517,1745922690.7575803,220.22366523742676
1518,1745922690.951226,182.69729614257812
1519,1745922691.9762747,nan
1520,1745922692.1703148,183.51006507873535
1521,1745922692.365162,183.7620735168457
1522,1745922692.5592046,182.9230785369873
1523,1745922692.8149996,244.9634075164795
1524,1745922693.009055,183.53033065795898
1525,1745922693.202696,183.00938606262207
1526,1745922693.3970551,183.3035945892334
1527,1745922693.5910392,183.46524238586426
1528,1745922693.7840483,182.48629570007324
1529,1745922694.0307798,235.3804111480713
1530,1745922694.2245789,183.0289363861084
1531,1745922694.4191446,183.5346221923828
1532,1745922694.6203747,190.15979766845703
1533,1745922694.8606224,228.71732711791992
1534,1745922695.0547585,183.29548835754395
1535,1745922695.2495291,183.7022304534912
1536,1745922695.443681,183.48956108093262
1537,1745922695.6367257,182.373046875
1538,1745922695.8303175,182.56282806396484
1539,1745922696.0250206,183.2723617553711
1540,1745922696.2190003,183.25543403625488
1541,1745922696.4136004,183.42113494873047
1542,1745922696.6080773,183.15458297729492
1543,1745922696.802552,183.46118927001953
1544,1745922696.9970422,184.0062141418457
1545,1745922697.190917,182.74378776550293
1546,1745922697.385036,183.05253982543945
1547,1745922697.6325347,236.66787147521973
1548,1745922697.9405632,297.36900329589844
1549,1745922698.13525,182.9092502593994
1550,1745922698.329623,183.5324764251709
1551,1745922698.5239546,183.0132007598877
1552,1745922698.7189167,182.9390525817871
1553,1745922698.9523158,222.88250923156738
1554,1745922699.1460364,182.68251419067383
1555,1745922699.3409398,183.8545799255371
1556,1745922699.536471,184.9997043609619
1557,1745922699.729475,182.83534049987793
1558,1745922699.923573,183.0458641052246
1559,1745922700.1171865,182.85083770751953
1560,1745922700.3113105,182.905912399292
1561,1745922700.593809,271.9755172729492
1562,1745922700.7886908,183.76564979553223
1563,1745922700.982435,182.99055099487305
1564,1745922701.177182,183.6090087890625
1565,1745922701.4161339,227.93078422546387
1566,1745922701.6107168,183.53605270385742
1567,1745922701.8124576,191.21146202087402
1568,1745922702.0093906,185.55068969726562
1569,1745922702.2187061,198.26459884643555
1570,1745922702.4119873,182.68966674804688
1571,1745922702.606805,183.7294101715088
1572,1745922702.8403559,223.03509712219238
1573,1745922703.0477955,196.84600830078125
1574,1745922703.2422843,183.18867683410645
1575,1745922704.264527,nan
1576,1745922704.4583414,183.3202838897705
1577,1745922705.4709322,nan
1578,1745922705.6760402,194.57125663757324
1579,1745922705.8685544,182.0080280303955
1580,1745922706.0643563,184.4329833984375
1581,1745922706.2587898,183.3627223968506
1582,1745922706.4532516,184.25965309143066
1583,1745922706.6465383,182.7528476715088
1584,1745922706.8422523,184.1907501220703
1585,1745922707.035836,182.79647827148438
1586,1745922707.2582014,209.97858047485352
1587,1745922707.5799212,311.5816116333008
1588,1745922707.7734942,182.5277805328369
1589,1745922707.9671755,183.14218521118164
1590,1745922708.160406,182.90305137634277
1591,1745922708.3543324,182.8746795654297
1592,1745922708.5491405,183.0277442932129
1593,1745922708.7422388,182.53827095031738
1594,1745922709.005093,251.62529945373535
1595,1745922709.2996562,283.8253974914551
1596,1745922709.6121476,301.4252185821533
1597,1745922709.9204514,296.9341278076172
1598,1745922710.1140418,182.56688117980957
1599,1745922710.308169,182.80625343322754
1600,1745922711.3307555,nan
1601,1745922711.5538135,212.63647079467773
1602,1745922711.7481732,183.5324764251709
1603,1745922711.9435,184.74769592285156
1604,1745922712.138575,184.0341091156006
1605,1745922712.334701,185.08267402648926
1606,1745922712.5282335,182.89828300476074
1607,1745922712.7229915,184.55958366394043
1608,1745922712.9966476,261.7614269256592
1609,1745922713.1906586,182.96456336975098
1610,1745922713.3843253,183.1068992614746
1611,1745922713.5789375,183.55655670166016
1612,1745922713.772484,183.02440643310547
1613,1745922714.0123398,229.43782806396484
1614,1745922714.205501,182.38592147827148
1615,1745922714.3990097,182.4667453765869
1616,1745922715.4230506,nan
1617,1745922715.6170995,183.31170082092285
1618,1745922715.8138115,185.29200553894043
1619,1745922716.0623279,237.4410629272461
1620,1745922716.2612364,188.34400177001953
1621,1745922716.4589202,186.24067306518555
1622,1745922716.655815,185.82916259765625
1623,1745922716.8527646,186.2032413482666
1624,1745922717.0485303,184.42797660827637
1625,1745922717.2441761,184.7095489501953
1626,1745922717.4845319,229.82048988342285
1627,1745922717.6912816,196.38729095458984
1628,1745922717.8874598,185.4114532470703
1629,1745922718.0856564,186.83528900146484
1630,1745922718.2807348,184.4484806060791
1631,1745922718.4794507,187.56937980651855
1632,1745922718.7332828,242.55609512329102
1633,1745922719.0280252,284.17086601257324
1634,1745922719.2234156,184.33618545532227
1635,1745922720.244535,nan
1636,1745922720.4411492,186.09094619750977
1637,1745922720.6771402,225.50153732299805
1638,1745922720.974095,286.18645668029785
1639,1745922721.1696653,184.64016914367676
1640,1745922721.390235,209.5198631286621
1641,1745922721.5866861,185.2591037750244
1642,1745922721.9061794,308.4580898284912
1643,1745922722.1004057,183.59827995300293
1644,1745922722.2989538,187.02387809753418
1645,1745922722.4953566,185.18972396850586
1646,1745922722.689805,183.84766578674316
1647,1745922722.8855762,185.21690368652344
1648,1745922723.0811136,184.7081184387207
1649,1745922723.277316,186.08403205871582
1650,1745922723.5287623,240.45300483703613
1651,1745922723.723612,184.31544303894043
1652,1745922723.9194884,185.23597717285156
1653,1745922724.1143591,184.15164947509766
1654,1745922724.3093379,184.46111679077148
1655,1745922724.5129962,192.4755573272705
1656,1745922724.7693949,245.79620361328125
1657,1745922725.0793655,298.78830909729004
1658,1745922725.375258,285.7828140258789
1659,1745922725.570779,184.7844123840332
1660,1745922725.7652643,182.91163444519043
1661,1745922725.9583788,182.5861930847168
1662,1745922726.1524408,182.9380989074707
1663,1745922726.346105,183.23397636413574
1664,1745922726.6151342,257.9047679901123
1665,1745922726.8099508,183.746337890625
1666,1745922727.003601,182.62577056884766
1667,1745922727.1972933,182.78217315673828
1668,1745922727.3915873,183.23302268981934
1669,1745922727.5862718,183.66479873657227
1670,1745922727.7813888,184.03100967407227
1671,1745922727.9739645,182.23857879638672
1672,1745922728.1696374,184.5395565032959
1673,1745922728.3637865,183.00247192382812
1674,1745922728.5581155,183.29501152038574
1675,1745922728.7825353,213.6218547821045
1676,1745922728.9774735,183.90798568725586
1677,1745922729.1720686,183.61496925354004
1678,1745922729.3751748,192.87538528442383
1679,1745922729.5698504,183.9587688446045
1680,1745922729.764903,183.3181381225586
1681,1745922729.9881542,212.4161720275879
1682,1745922730.1819904,183.1045150756836
1683,1745922730.3754468,182.94405937194824
1684,1745922731.4008303,nan
1685,1745922731.607789,196.40564918518066
1686,1745922731.802342,183.9911937713623
1687,1745922731.9971242,183.79878997802734
1688,1745922732.190224,182.9538345336914
1689,1745922732.3845654,183.8243007659912
1690,1745922732.578384,182.7681064605713
1691,1745922732.8628304,273.41699600219727
1692,1745922733.0570734,183.08210372924805
1693,1745922733.2513077,183.20250511169434
1694,1745922733.4551787,193.18723678588867
1695,1745922733.6679907,201.93839073181152
1696,1745922733.8639836,185.07766723632812
1697,1745922734.0880778,213.08588981628418
1698,1745922734.2818897,182.8620433807373
1699,1745922734.4759011,182.997465133667
1700,1745922734.6703465,183.41827392578125
1701,1745922734.8642118,183.20655822753906
1702,1745922735.114094,239.3503189086914
1703,1745922735.4122958,287.66894340515137
1704,1745922735.6052938,182.55949020385742
1705,1745922735.7993321,182.92546272277832
1706,1745922735.9940114,183.366060256958
1707,1745922736.1873455,182.68990516662598
1708,1745922736.3843968,185.75334548950195
1709,1745922736.6398146,244.92573738098145
1710,1745922736.8331099,182.7545166015625
1711,1745922737.0271466,182.9507350921631
1712,1745922737.2204611,182.55925178527832
1713,1745922737.4152586,183.15935134887695
1714,1745922737.6585722,232.4364185333252
1715,1745922737.8534966,184.2806339263916
1716,1745922738.0504482,186.27095222473145
1717,1745922738.24488,183.40754508972168
1718,1745922738.438723,182.98578262329102
1719,1745922738.6340811,184.06987190246582
1720,1745922738.8280056,182.99388885498047
1721,1745922739.0222473,182.83510208129883
1722,1745922739.2160866,182.98721313476562
1723,1745922739.4094071,182.63745307922363
1724,1745922739.6214535,200.84619522094727
1725,1745922739.8153508,182.85751342773438
1726,1745922740.008913,182.49177932739258
1727,1745922740.2022548,182.3136806488037
1728,1745922740.396611,183.06207656860352
1729,1745922740.637605,229.95948791503906
1730,1745922740.831117,182.4817657470703
1731,1745922741.8509562,nan
1732,1745922742.0504205,188.68780136108398
1733,1745922742.2454875,183.55250358581543
1734,1745922742.439759,183.24947357177734
1735,1745922742.6350904,184.75890159606934
1736,1745922742.879196,233.6137294769287
1737,1745922743.073403,183.17818641662598
1738,1745922743.2683694,184.2331886291504
1739,1745922743.4621036,183.4101676940918
1740,1745922743.6563756,183.9275360107422
1741,1745922743.8504155,183.38274955749512
1742,1745922744.1179729,256.76894187927246
1743,1745922744.313253,183.71105194091797
1744,1745922744.5073988,182.62934684753418
1745,1745922744.702062,184.57865715026855
1746,1745922744.896274,183.52770805358887
1747,1745922745.14697,240.16833305358887
1748,1745922745.4563482,298.6478805541992
1749,1745922745.7457635,278.6703109741211
1750,1745922745.939766,182.9690933227539
1751,1745922746.9638503,nan
1752,1745922747.9843643,nan
1753,1745922748.1881156,193.44568252563477
1754,1745922748.3831658,183.9287281036377
1755,1745922748.5766618,182.9986572265625
1756,1745922748.8253143,237.5781536102295
1757,1745922749.0188322,182.24096298217773
1758,1745922749.2150645,184.25774574279785
1759,1745922749.4086723,183.47740173339844
1760,1745922749.6454055,225.91757774353027
1761,1745922749.8387535,182.80649185180664
1762,1745922750.0329936,183.43329429626465
1763,1745922750.2273295,183.16221237182617
1764,1745922750.4211795,183.37154388427734
1765,1745922750.6213515,189.19777870178223
1766,1745922750.8813777,249.54557418823242
1767,1745922751.1923556,299.76582527160645
1768,1745922751.4879267,284.9407196044922
1769,1745922751.681891,183.25304985046387
1770,1745922751.8746693,182.1274757385254
1771,1745922752.0692205,183.51054191589355
1772,1745922752.2628014,183.37559700012207
1773,1745922752.4553635,182.02638626098633
1774,1745922752.6511717,184.8604679107666
1775,1745922752.9143088,252.4855136871338
1776,1745922753.10733,182.31201171875
1777,1745922753.3038743,185.37378311157227
1778,1745922753.4978378,183.45355987548828
1779,1745922753.6909976,182.64245986938477
1780,1745922753.9407632,238.59238624572754
1781,1745922754.1343641,182.56020545959473
1782,1745922754.3271792,182.21521377563477
1783,1745922754.5285616,190.3703212738037
1784,1745922754.7785869,239.35604095458984
1785,1745922755.0722644,283.16736221313477
1786,1745922755.2663846,183.52484703063965
1787,1745922755.458996,182.4183464050293
1788,1745922755.6571002,187.0870590209961
1789,1745922755.850787,182.6479434967041
1790,1745922756.0462375,183.79688262939453
1791,1745922756.2409973,184.157133102417
1792,1745922756.4372056,185.33635139465332
1793,1745922756.6305265,182.35492706298828
1794,1745922756.8260047,184.36121940612793
1795,1745922757.0196602,182.71279335021973
1796,1745922757.214011,183.81118774414062
1797,1745922757.4069004,182.2657585144043
1798,1745922757.6012497,182.95884132385254
1799,1745922757.8359253,224.06792640686035
1800,1745922758.030158,182.73401260375977
1801,1745922758.2574685,216.98546409606934
1802,1745922758.4521682,184.09085273742676
1803,1745922758.6451848,182.55043029785156
1804,1745922758.8664293,209.6567153930664
1805,1745922759.1770592,300.1055717468262
1806,1745922759.468438,280.8868885040283
1807,1745922759.6628256,183.35366249084473
1808,1745922759.8567107,182.84344673156738
1809,1745922760.0533218,185.55378913879395
1810,1745922760.267749,203.71508598327637
1811,1745922760.4621024,183.81762504577637
1812,1745922760.656542,183.05110931396484
1813,1745922760.8513846,183.78806114196777
1814,1745922761.1165855,254.638671875
1815,1745922761.3105104,183.3021640777588
1816,1745922761.5050929,183.5501194000244
1817,1745922762.526992,nan
1818,1745922762.7208614,183.2294464111328
1819,1745922762.94787,215.84725379943848
1820,1745922763.142521,183.58874320983887
1821,1745922763.3368654,183.48097801208496
1822,1745922763.5320735,185.0745677947998
1823,1745922763.7285032,185.84370613098145
1824,1745922763.9223936,182.89542198181152
1825,1745922764.1866858,253.3564567565918
1826,1745922764.3806758,183.4566593170166
1827,1745922764.5775218,185.61410903930664
1828,1745922765.5901132,nan
1829,1745922765.9185371,317.90757179260254
1830,1745922766.115179,186.0504150390625
1831,1745922766.3112245,185.44554710388184
1832,1745922766.5065024,184.2503547668457
1833,1745922766.7362876,219.26069259643555
1834,1745922766.9302723,182.74879455566406
1835,1745922767.95604,nan
1836,1745922768.9771318,nan
1837,1745922769.174325,186.55085563659668
1838,1745922769.3693497,184.42106246948242
1839,1745922769.572091,191.10774993896484
1840,1745922769.8163195,233.70361328125
1841,1745922770.0096984,182.85775184631348
1842,1745922770.2035613,182.67440795898438
1843,1745922770.3973138,182.80863761901855
1844,1745922770.59108,183.17604064941406
1845,1745922770.8401372,237.9903793334961
1846,1745922771.0341084,182.83843994140625
1847,1745922772.0510573,nan
1848,1745922772.248462,186.77711486816406
1849,1745922772.4431584,184.09323692321777
1850,1745922772.637383,183.1831932067871
1851,1745922772.8311868,182.52062797546387
1852,1745922773.0892076,247.0073699951172
1853,1745922773.283014,183.0291748046875
1854,1745922773.4944882,200.88911056518555
1855,1745922774.508533,nan
1856,1745922774.703129,183.58325958251953
1857,1745922775.7170806,nan
1858,1745922775.9132988,185.55092811584473
1859,1745922776.179629,255.23877143859863
1860,1745922776.374975,184.61275100708008
1861,1745922776.569774,184.2823028564453
1862,1745922776.7633333,183.1362247467041
1863,1745922776.959179,184.87954139709473
1864,1745922777.1531844,183.22324752807617
1865,1745922777.3493757,185.1634979248047
1866,1745922777.5421112,182.02638626098633
1867,1745922777.736095,182.64031410217285
1868,1745922778.0090778,261.9342803955078
1869,1745922778.205755,185.58287620544434
1870,1745922778.4014997,184.5097541809082
1871,1745922778.598129,185.0721836090088
1872,1745922778.7963543,187.6692771911621
1873,1745922779.0338094,226.78375244140625
1874,1745922779.226882,182.54780769348145
1875,1745922780.2464468,nan
1876,1745922780.442184,185.21404266357422
1877,1745922780.6375477,184.70096588134766
1878,1745922780.8882675,239.97211456298828
1879,1745922781.0853267,186.08689308166504
1880,1745922781.2806294,184.27276611328125
1881,1745922781.4743793,183.21919441223145
1882,1745922781.6679919,183.04157257080078
1883,1745922781.860629,181.5946102142334
1884,1745922782.0555108,182.8598976135254
1885,1745922782.3020825,235.46409606933594
1886,1745922782.4958482,183.09760093688965
1887,1745922782.6903596,183.43186378479004
1888,1745922782.884466,183.08353424072266
1889,1745922783.0783322,183.26973915100098
1890,1745922783.2713134,182.30915069580078
1891,1745922783.5428224,260.19978523254395
1892,1745922783.7371154,183.2571029663086
1893,1745922783.9309819,183.0005645751953
1894,1745922784.125733,183.7155818939209
1895,1745922784.3204954,183.6836338043213
1896,1745922784.5142934,182.26909637451172
1897,1745922784.709414,184.62204933166504
1898,1745922784.9728274,252.89416313171387
1899,1745922785.1672335,183.67838859558105
1900,1745922785.36043,182.14106559753418
1901,1745922785.5557945,184.27228927612305
1902,1745922785.749571,182.50536918640137
1903,1745922785.9907482,230.15451431274414
1904,1745922786.1842124,183.01081657409668
1905,1745922786.378602,183.14838409423828
1906,1745922786.5723555,182.7375888824463
1907,1745922786.7653728,182.4631690979004
1908,1745922786.9605105,184.12041664123535
1909,1745922787.9730086,nan
1910,1745922788.996341,nan
1911,1745922790.017832,nan
1912,1745922791.0341392,nan
1913,1745922792.0602686,nan
1914,1745922792.2559593,185.21714210510254
1915,1745922792.4507375,183.75086784362793
1916,1745922792.645092,183.0766201019287
1917,1745922792.839454,182.55305290222168
1918,1745922793.036167,186.57565116882324
1919,1745922793.2296345,182.73282051086426
1920,1745922793.4750144,234.3616485595703
1921,1745922793.6686969,183.1223964691162
1922,1745922793.8637383,184.01002883911133
1923,1745922794.060427,185.652494430542
1924,1745922794.256022,183.54392051696777
1925,1745922794.449936,182.8286647796631
1926,1745922794.6445062,183.52246284484863
1927,1745922794.915478,260.4360580444336
1928,1745922795.1097844,183.2139492034912
1929,1745922795.307003,186.48266792297363
1930,1745922795.501424,183.8095188140869
1931,1745922796.513117,nan
1932,1745922796.7088,184.8897933959961
1933,1745922796.9030247,183.67767333984375
1934,1745922797.097106,182.8770637512207
1935,1745922797.2909515,182.79218673706055
1936,1745922797.4844637,182.40904808044434
1937,1745922797.7743652,278.86080741882324
1938,1745922797.9680512,182.97886848449707
1939,1745922798.9842536,nan
1940,1745922800.0097103,nan
1941,1745922800.2324297,212.1882438659668
1942,1745922800.4281216,184.9231719970703
1943,1745922800.626227,187.5929832458496
1944,1745922800.823576,186.71059608459473
1945,1745922801.0185375,183.96711349487305
1946,1745922801.215537,186.22851371765137
1947,1745922801.4590394,232.5305938720703
1948,1745922801.654512,184.25559997558594
1949,1745922801.8520517,185.9900951385498
1950,1745922802.0466208,184.03935432434082
1951,1745922802.241956,184.3130588531494
1952,1745922802.4383454,186.00988388061523
1953,1745922802.634258,184.87215042114258
1954,1745922802.8854105,240.83447456359863
1955,1745922803.0799286,183.90130996704102
1956,1745922803.2763708,185.4114532470703
1957,1745922803.4721644,185.19830703735352
1958,1745922803.7206724,237.61272430419922
1959,1745922803.9177804,185.58883666992188
1960,1745922804.1161463,187.12139129638672
1961,1745922804.313111,185.75072288513184
1962,1745922804.5068896,182.76262283325195
1963,1745922804.7022302,184.4160556793213
1964,1745922804.9485028,234.67111587524414
1965,1745922805.1453152,185.88662147521973
1966,1745922805.3428323,186.5220069885254
1967,1745922805.539401,185.71233749389648
1968,1745922806.558518,nan
1969,1745922806.75331,184.25917625427246
1970,1745922806.9489188,184.32903289794922
1971,1745922807.146942,186.68437004089355
1972,1745922807.344013,186.43569946289062
1973,1745922807.5434825,189.29505348205566
1974,1745922807.7404583,185.91785430908203
1975,1745922807.9384263,186.42902374267578
1976,1745922808.1350164,185.93144416809082
1977,1745922808.330338,184.4656467437744
1978,1745922808.5274258,185.8687400817871
1979,1745922808.7230783,184.74936485290527
1980,1745922808.918299,184.56339836120605
1981,1745922809.1163335,186.99288368225098
1982,1745922810.1301358,nan
1983,1745922810.4353504,294.3382263183594
1984,1745922810.6293235,183.41732025146484
1985,1745922810.8253264,184.97443199157715
1986,1745922811.0184424,182.58190155029297
1987,1745922811.2127132,183.2280158996582
1988,1745922811.4062412,182.96074867248535
1989,1745922811.6795392,262.1500492095947
1990,1745922811.874049,183.46309661865234
1991,1745922812.0668998,182.661771774292
1992,1745922812.2643144,186.28311157226562
1993,1745922812.4591026,184.17692184448242
1994,1745922812.662207,192.48509407043457
1995,1745922812.8585093,185.78076362609863
1996,1745922813.069678,200.65689086914062
1997,1745922813.2661166,185.42242050170898
1998,1745922813.471237,194.1075325012207
1999,1745922813.6692996,187.03937530517578
2000,1745922813.8696232,189.81242179870605
2001,1745922814.0657773,185.63318252563477
2002,1745922814.2590525,182.2662353515625
2003,1745922814.454061,183.121919631958
2004,1745922814.6481354,183.04824829101562
2005,1745922814.8414347,182.7707290649414
2006,1745922815.0361578,184.16714668273926
2007,1745922815.2923021,245.64480781555176
2008,1745922815.5997558,296.94104194641113
2009,1745922815.7937498,183.3794116973877
2010,1745922815.9889424,184.15427207946777
2011,1745922816.183597,183.47430229187012
2012,1745922816.3771229,182.88898468017578
2013,1745922816.5711873,183.74133110046387
2014,1745922816.7657049,183.8700771331787
2015,1745922816.9596949,182.42979049682617
2016,1745922817.2413769,271.1503505706787
2017,1745922817.5527353,300.57764053344727
2018,1745922817.7458048,182.539701461792
2019,1745922817.940312,183.54535102844238
2020,1745922818.135502,184.59367752075195
2021,1745922818.3299906,183.9771270751953
2022,1745922818.5245864,182.97839164733887
2023,1745922818.7185078,183.38871002197266
2024,1745922818.9122193,183.33148956298828
2025,1745922819.1877768,264.9271488189697
2026,1745922819.4862783,287.5807285308838
2027,1745922819.679745,182.3742389678955
2028,1745922819.8855352,194.7627067565918
2029,1745922820.0802553,183.74896049499512
2030,1745922820.2746701,183.40110778808594
2031,1745922820.5159914,230.29088973999023
2032,1745922820.709378,183.03799629211426
2033,1745922820.9032505,182.99078941345215
2034,1745922821.1184611,204.42724227905273
2035,1745922821.3123336,182.7869415283203
2036,1745922821.507061,183.26497077941895
2037,1745922821.700826,183.10856819152832
2038,1745922821.8954961,182.92927742004395
2039,1745922822.1473885,240.8602237701416
2040,1745922822.3428445,184.43727493286133
2041,1745922822.5362613,182.82222747802734
2042,1745922822.7307713,183.44998359680176
2043,1745922822.9244606,183.13097953796387
2044,1745922823.1181161,182.79552459716797
2045,1745922823.313253,184.03887748718262
2046,1745922823.5084043,184.03124809265137
2047,1745922823.7752442,256.2906742095947
2048,1745922823.9694524,183.19249153137207
2049,1745922824.1635187,183.13312530517578
2050,1745922824.3574948,183.45022201538086
2051,1745922824.5511765,183.21919441223145
2052,1745922824.7454503,183.78448486328125
2053,1745922825.0194657,263.5014057159424
2054,1745922825.3164725,286.1771583557129
2055,1745922825.5133724,185.91570854187012
2056,1745922825.7071478,183.23802947998047
2057,1745922825.900356,182.68203735351562
2058,1745922826.0948453,182.952880859375
2059,1745922826.2887173,182.83772468566895
2060,1745922826.483424,183.6848258972168
2061,1745922826.6796086,184.5529079437256
2062,1745922826.8726203,182.94668197631836
2063,1745922827.1672418,283.5245132446289
2064,1745922827.3612895,183.00127983093262
2065,1745922827.5554924,183.6862564086914
2066,1745922827.748685,182.68394470214844
2067,1745922827.944852,185.49609184265137
2068,1745922828.1385725,182.68823623657227
2069,1745922828.3331738,183.56037139892578
2070,1745922828.5267723,182.4667453765869
2071,1745922828.721901,184.68880653381348
2072,1745922828.91741,184.47375297546387
2073,1745922829.110928,183.03155899047852
2074,1745922829.3036668,182.2512149810791
2075,1745922829.4970114,182.30605125427246
2076,1745922829.7279825,219.76304054260254
2077,1745922830.0345175,296.0216999053955
2078,1745922830.3427436,296.97394371032715
2079,1745922830.5366666,183.79640579223633
2080,1745922830.7308762,183.60376358032227
2081,1745922830.9251077,183.36796760559082
2082,1745922831.1201408,183.83121490478516
2083,1745922831.3596098,228.37424278259277
2084,1745922831.5553315,184.65018272399902
2085,1745922831.7501647,183.96997451782227
2086,1745922831.9434998,182.52038955688477
2087,1745922832.1377852,183.59684944152832
2088,1745922832.3328216,183.7303638458252
2089,1745922832.527201,183.3353042602539
2090,1745922832.7211676,183.50458145141602
2091,1745922833.0077336,275.9590148925781
2092,1745922833.3169127,298.14672470092773
2093,1745922833.6122315,284.501314163208
2094,1745922833.8067899,183.5777759552002
2095,1745922834.002124,185.10055541992188
2096,1745922834.1964424,183.42018127441406
2097,1745922834.4319599,224.47896003723145
2098,1745922834.6262958,183.72821807861328
2099,1745922834.8201973,183.36033821105957
2100,1745922835.8432403,nan
2101,1745922836.045179,191.63846969604492
2102,1745922836.2395663,183.77351760864258
2103,1745922836.4351573,185.06813049316406
2104,1745922836.6303644,184.0078830718994
2105,1745922836.8238747,182.47604370117188
2106,1745922837.0186374,183.7317943572998
2107,1745922837.2133393,183.97188186645508
2108,1745922837.4082484,184.23032760620117
2109,1745922837.710311,291.54443740844727
2110,1745922837.9050949,183.93301963806152
2111,1745922838.920125,nan
2112,1745922839.1149738,183.00867080688477
2113,1745922839.3459678,220.76940536499023
2114,1745922839.5407786,184.06414985656738
2115,1745922839.7356787,183.29191207885742
2116,1745922839.930531,183.87317657470703
2117,1745922840.1238544,182.81126022338867
2118,1745922841.1491427,nan
2119,1745922842.1751897,nan
2120,1745922842.3902156,204.5876979827881
2121,1745922843.4105692,nan
2122,1745922844.4322326,nan
2123,1745922845.4444537,nan
2124,1745922846.467826,nan
2125,1745922847.4865365,nan
2126,1745922848.5119014,nan
2127,1745922848.7156603,192.8107738494873
2128,1745922848.9139626,187.2565746307373
2129,1745922849.1139102,189.3026828765869
2130,1745922850.1253898,nan
2131,1745922851.1381004,nan
2132,1745922852.16245,nan
2133,1745922853.1883163,nan
2134,1745922853.3859892,187.15286254882812
2135,1745922853.6906133,293.3964729309082
2136,1745922853.9856014,283.94508361816406
2137,1745922855.0098917,nan
2138,1745922855.2078388,187.41154670715332
2139,1745922856.2339373,nan
2140,1745922856.4322963,187.75463104248047
2141,1745922856.6307561,187.70623207092285
2142,1745922856.8291457,187.6814365386963
2143,1745922857.0285184,188.3556842803955
2144,1745922858.0411081,nan
2145,1745922859.054156,nan
2146,1745922860.077136,nan
2147,1745922861.0931594,nan
2148,1745922862.1134157,nan
2149,1745922862.3200161,195.86491584777832
2150,1745922862.5193412,188.73286247253418
2151,1745922862.7176752,187.76297569274902
2152,1745922862.9162946,188.08794021606445
2153,1745922863.9352682,nan
2154,1745922864.229827,284.0311527252197
2155,1745922864.5381432,297.09911346435547
2156,1745922864.7363086,187.1328353881836
2157,1745922864.9364417,189.07523155212402
2158,1745922865.9552193,nan
2159,1745922866.9821043,nan
2160,1745922867.3140614,320.3234672546387
2161,1745922868.337286,nan
2162,1745922869.3633897,nan
2163,1745922870.3774226,nan
2164,1745922870.5791607,191.2233829498291
2165,1745922871.5940616,nan
2166,1745922871.8889563,284.1050624847412
2167,1745922872.9015841,nan
2168,1745922873.1020932,189.89062309265137
2169,1745922874.1149747,nan
2170,1745922875.1274414,nan
2171,1745922876.1459928,nan
2172,1745922876.3460538,189.39757347106934
2173,1745922876.5459116,189.15581703186035
2174,1745922877.5733764,nan
2175,1745922877.7720451,188.16232681274414
2176,1745922878.057167,274.7828960418701
2177,1745922878.368231,299.38602447509766
2178,1745922879.3910468,nan
2179,1745922880.4101925,nan
2180,1745922880.610037,189.32723999023438
2181,1745922880.808926,187.9737377166748
2182,1745922881.0091832,189.37969207763672
2183,1745922881.2266035,207.0460319519043
2184,1745922881.4242437,187.0105266571045
2185,1745922882.439228,nan
2186,1745922883.4612732,nan
2187,1745922884.485871,nan
2188,1745922885.5065932,nan
2189,1745922886.5390208,nan
2190,1745922886.7403336,190.66548347473145
2191,1745922886.9422414,191.4067268371582
2192,1745922887.9632201,nan
2193,1745922888.1630652,188.60912322998047
2194,1745922888.362396,189.16583061218262
2195,1745922888.5636513,190.71459770202637
2196,1745922889.590934,nan
2197,1745922890.6167529,nan
2198,1745922890.818799,191.788911819458
2199,1745922891.8420353,nan
2200,1745922892.0445132,191.90120697021484
2201,1745922892.2455726,190.016508102417
2202,1745922892.4490652,192.4147605895996
2203,1745922893.4704068,nan
2204,1745922894.4833612,nan
2205,1745922894.7482464,254.42862510681152
2206,1745922895.7696931,nan
2207,1745922895.9739006,193.67504119873047
2208,1745922896.994069,nan
2209,1745922898.0096548,nan
2210,1745922899.0229886,nan
2211,1745922899.2572205,223.39487075805664
2212,1745922899.5687573,301.2115955352783
2213,1745922900.5951571,nan
2214,1745922900.7987206,193.03607940673828
2215,1745922900.9921656,182.55162239074707
2216,1745922901.1861277,183.35318565368652
2217,1745922901.3786685,182.01041221618652
2218,1745922901.6060154,216.47095680236816
2219,1745922901.800235,183.33792686462402
2220,1745922901.9942982,183.5765838623047
2221,1745922902.1874766,182.35373497009277
2222,1745922902.3820045,183.45332145690918
2223,1745922902.5750551,182.50441551208496
2224,1745922902.80801,221.771240234375
2225,1745922903.006145,187.12425231933594
2226,1745922903.1997678,182.98745155334473
2227,1745922903.394183,183.3641529083252
2228,1745922903.6522272,247.0114231109619
2229,1745922903.8456717,182.8615665435791
2230,1745922904.0404801,184.12184715270996
2231,1745922904.2363784,184.5548152923584
2232,1745922904.430494,183.46095085144043
2233,1745922904.647263,205.50298690795898
2234,1745922904.8408458,183.17484855651855
2235,1745922905.0349839,182.98649787902832
2236,1745922905.2322652,186.445951461792
2237,1745922905.4272316,183.9010715484619
2238,1745922905.6205428,182.79695510864258
2239,1745922905.8173559,185.87970733642578
2240,1745922906.1253529,296.9534397125244
2241,1745922906.396795,260.6394290924072
2242,1745922906.591346,183.08138847351074
2243,1745922906.786088,183.60137939453125
2244,1745922906.9804575,183.11357498168945
2245,1745922907.1754153,183.90655517578125
2246,1745922907.3719943,185.97149848937988
2247,1745922907.648679,265.9444808959961
2248,1745922907.845355,185.6215000152588
2249,1745922908.042114,186.18321418762207
2250,1745922908.2367883,184.13877487182617
2251,1745922908.4335635,186.051607131958
2252,1745922908.673787,229.6285629272461
2253,1745922908.8701491,185.65106391906738
2254,1745922909.0664911,185.760498046875
2255,1745922910.0798342,nan
2256,1745922910.2997794,209.39993858337402
2257,1745922910.4946222,184.54265594482422
2258,1745922910.688579,182.8141212463379
2259,1745922910.8824966,182.84106254577637
2260,1745922911.0778072,184.112548828125
2261,1745922911.335967,246.61850929260254
2262,1745922911.5301318,183.41636657714844
2263,1745922912.5467763,nan
2264,1745922913.5581546,nan
2265,1745922914.5700276,nan
2266,1745922914.82127,240.92721939086914
2267,1745922915.0171978,184.88836288452148
2268,1745922915.2138958,185.42098999023438
2269,1745922915.410448,185.19830703735352
2270,1745922915.614177,192.10577011108398
2271,1745922915.811125,185.84084510803223
2272,1745922916.0065064,185.03999710083008
2273,1745922916.202117,185.15777587890625
2274,1745922916.4465444,233.6738109588623
2275,1745922916.6431386,185.75787544250488
2276,1745922916.8390408,184.7827434539795
2277,1745922917.0348644,184.80610847473145
2278,1745922917.2334356,186.6323947906494
2279,1745922917.4710486,227.0946502685547
2280,1745922917.667233,185.66489219665527
2281,1745922917.8657598,187.48068809509277
2282,1745922918.0608883,184.48185920715332
2283,1745922918.3087647,236.84954643249512
2284,1745922918.5036728,183.75778198242188
2285,1745922918.698856,184.66639518737793
2286,1745922918.894833,184.54718589782715
2287,1745922919.0903332,184.4782829284668
2288,1745922919.285909,183.9756965637207
2289,1745922919.5186431,221.38595581054688
2290,1745922919.715169,185.97960472106934
2291,1745922920.7338073,nan
2292,1745922920.9311514,186.81979179382324
2293,1745922921.1292164,187.04986572265625
2294,1745922921.372362,232.06043243408203
2295,1745922921.567469,184.5555305480957
2296,1745922922.59126,nan
2297,1745922922.8954754,293.46179962158203
2298,1745922923.0927348,185.929536819458
2299,1745922923.292848,188.95936012268066
2300,1745922923.5221882,218.2765007019043
2301,1745922923.7172658,184.41033363342285
2302,1745922924.7349737,nan
2303,1745922924.9301267,184.708833694458
2304,1745922925.125029,184.41295623779297
2305,1745922925.3621147,225.93331336975098
2306,1745922925.5566669,183.9296817779541
2307,1745922925.7523723,184.90982055664062
2308,1745922925.9470716,183.38704109191895
2309,1745922926.1922455,234.30109024047852
2310,1745922926.500501,297.36328125
2311,1745922926.743868,232.79428482055664
2312,1745922926.940146,185.29105186462402
2313,1745922927.134889,183.70389938354492
2314,1745922927.3286772,182.90209770202637
2315,1745922927.5254693,185.7149600982666
2316,1745922927.8166902,280.179500579834
2317,1745922928.0144758,187.40200996398926
2318,1745922928.2110245,185.47391891479492
2319,1745922928.405976,184.0360164642334
2320,1745922928.5999284,183.3784580230713
2321,1745922928.853213,241.84560775756836
2322,1745922929.048999,185.46462059020996
2323,1745922929.2443697,184.85450744628906
2324,1745922929.4380336,183.0437183380127
2325,1745922929.6331496,183.7010383605957
2326,1745922929.827723,183.57586860656738
2327,1745922930.0775292,239.1343116760254
2328,1745922930.2720394,183.99930000305176
2329,1745922930.4665,183.7594509124756
2330,1745922931.4882154,nan
2331,1745922932.5091364,nan
2332,1745922932.7420037,222.28717803955078
2333,1745922932.9352157,182.6794147491455
2334,1745922933.1297996,183.5002899169922
2335,1745922933.3248236,184.7667694091797
2336,1745922933.5181427,182.8155517578125
2337,1745922933.7644885,235.55994033813477
2338,1745922934.077219,302.03938484191895
2339,1745922934.3402212,252.0153522491455
2340,1745922934.5406406,189.4083023071289
2341,1745922934.7388437,186.28382682800293
2342,1745922934.9333658,183.72178077697754
2343,1745922935.1270132,182.92641639709473
2344,1745922935.3236387,185.3811740875244
2345,1745922935.5167484,182.5706958770752
2346,1745922935.7107966,183.01844596862793
2347,1745922936.0111725,288.80786895751953
2348,1745922936.2053163,183.52365493774414
2349,1745922936.400433,184.16190147399902
2350,1745922936.6020777,190.54150581359863
2351,1745922936.7994146,186.0666275024414
2352,1745922936.9933887,183.5310459136963
2353,1745922937.1900184,186.0940456390381
2354,1745922937.3843968,182.98053741455078
2355,1745922937.579522,184.218168258667
2356,1745922937.7754376,184.8621368408203
2357,1745922937.96919,183.24017524719238
2358,1745922938.9869914,nan
2359,1745922939.1805449,183.03966522216797
2360,1745922939.4979868,305.92823028564453
2361,1745922939.6926801,183.6390495300293
2362,1745922939.9040692,200.3490924835205
2363,1745922940.1198502,204.67901229858398
2364,1745922940.3139925,183.11023712158203
2365,1745922940.5082357,183.67719650268555
2366,1745922940.7023377,182.5873851776123
2367,1745922940.9452448,232.18488693237305
2368,1745922941.1403031,183.94899368286133
2369,1745922941.4449883,293.5943603515625
2370,1745922941.7562573,300.7473945617676
2371,1745922942.0477831,280.7896137237549
2372,1745922942.2455368,187.2389316558838
2373,1745922942.4410377,184.17072296142578
2374,1745922943.4681046,nan
2375,1745922944.4923575,nan
2376,1745922944.6875412,184.3740940093994
2377,1745922944.9304,231.75907135009766
2378,1745922945.1239138,182.78026580810547
2379,1745922945.3184104,183.43615531921387
2380,1745922945.5227585,193.27306747436523
2381,1745922946.543794,nan
2382,1745922946.738315,184.004545211792
2383,1745922946.932374,182.99341201782227
2384,1745922947.1274984,183.60662460327148
2385,1745922947.321218,183.3782196044922
2386,1745922947.5773034,244.67968940734863
2387,1745922947.7711945,183.36248397827148
2388,1745922947.965814,183.3932399749756
2389,1745922948.1611805,184.31425094604492
2390,1745922948.3566515,184.92555618286133
2391,1745922948.5509477,183.76731872558594
2392,1745922948.7442222,182.23237991333008
2393,1745922948.9389944,183.60352516174316
2394,1745922949.1330276,183.47907066345215
2395,1745922949.3276227,184.03124809265137
2396,1745922949.5210133,182.97791481018066
2397,1745922949.7431397,211.0424041748047
2398,1745922950.0499136,296.16808891296387
2399,1745922950.3601885,299.62968826293945
2400,1745922950.668833,297.4727153778076
2401,1745922950.9650939,285.52770614624023
2402,1745922951.1585574,182.93261528015137
2403,1745922951.3534334,184.24201011657715
2404,1745922952.3756022,nan
2405,1745922952.571165,185.02449989318848
2406,1745922952.7659745,183.3474636077881
2407,1745922953.003539,227.04815864562988
2408,1745922953.1972406,181.89477920532227
2409,1745922953.3919733,183.6538314819336
2410,1745922953.585847,183.2754611968994
2411,1745922953.7799509,182.85441398620605
2412,1745922954.0281494,237.03336715698242
2413,1745922954.2231045,183.06875228881836
2414,1745922954.4190276,185.37545204162598
2415,1745922954.6139905,183.79735946655273
2416,1745922954.8080614,183.52794647216797
2417,1745922955.016008,196.5048313140869
2418,1745922955.2091339,182.86776542663574
2419,1745922955.4033592,183.76398086547852
2420,1745922955.5983353,184.2513084411621
2421,1745922955.793073,183.62760543823242
2422,1745922956.0687478,264.4081115722656
2423,1745922956.2619996,182.23261833190918
2424,1745922956.4603903,187.26468086242676
2425,1745922956.654645,183.73441696166992
2426,1745922956.8510995,185.9130859375
2427,1745922957.044802,183.3655834197998
2428,1745922957.239133,183.28571319580078
2429,1745922957.5145478,264.89734649658203
2430,1745922957.7111435,184.44180488586426
2431,1745922957.9060302,184.2970848083496
2432,1745922958.099072,182.30223655700684
2433,1745922958.2937436,183.35771560668945
2434,1745922958.5401108,235.443115234375
2435,1745922958.7353227,183.86173248291016
2436,1745922959.750405,nan
2437,1745922960.7620332,nan
2438,1745922961.7823012,nan
2439,1745922962.8013682,nan
2440,1745922963.0044339,192.55542755126953
2441,1745922963.1981232,183.09783935546875
2442,1745922963.3921611,183.0000877380371
2443,1745922963.671932,268.94378662109375
2444,1745922963.9658809,283.1861972808838
2445,1745922964.1607027,183.6259365081787
2446,1745922964.355905,183.93611907958984
2447,1745922964.5498629,183.40444564819336
2448,1745922964.7459936,184.8917007446289
2449,1745922964.9900618,232.85341262817383
2450,1745922965.1897454,188.60530853271484
2451,1745922965.3838527,183.84957313537598
2452,1745922966.409631,nan
2453,1745922966.7508073,330.36303520202637
2454,1745922966.944443,182.9533576965332
2455,1745922967.1399918,184.38386917114258
2456,1745922967.334926,184.25559997558594
2457,1745922967.5310578,185.40406227111816
2458,1745922967.760408,218.30177307128906
2459,1745922967.9562542,185.4994297027588
2460,1745922968.152576,185.09221076965332
2461,1745922968.3497646,185.7738494873047
2462,1745922968.5443013,183.50720405578613
2463,1745922968.7885892,232.87081718444824
2464,1745922969.084463,285.3100299835205
2465,1745922969.2791393,184.14855003356934
2466,1745922969.4752092,184.98682975769043
2467,1745922970.493411,nan
2468,1745922970.6906266,186.7849826812744
2469,1745922970.9421947,239.86172676086426
2470,1745922971.1381369,185.08648872375488
2471,1745922971.3337321,184.5555305480957
2472,1745922971.5289505,184.49783325195312
2473,1745922971.734812,194.66638565063477
2474,1745922972.7618606,nan
2475,1745922973.789311,nan
2476,1745922974.8068397,nan
2477,1745922975.8283257,nan
2478,1745922976.8498402,nan
2479,1745922977.0457761,185.0569248199463
2480,1745922977.2440004,187.0424747467041
2481,1745922977.4397397,185.33062934875488
2482,1745922977.6894033,238.77930641174316
2483,1745922977.8832755,183.302640914917
2484,1745922978.8983574,nan
2485,1745922979.1349337,226.06253623962402
2486,1745922979.3330333,186.92851066589355
2487,1745922979.526565,182.9688549041748
2488,1745922980.5450428,nan
2489,1745922981.5572243,nan
2490,1745922982.5812454,nan
2491,1745922982.7745588,182.7986240386963
2492,1745922982.9693692,183.5026741027832
2493,1745922983.16303,183.0618381500244
2494,1745922983.3576412,184.04769897460938
2495,1745922983.5512729,182.969331741333
2496,1745922983.7452905,183.05420875549316
2497,1745922983.9402182,183.5012435913086
2498,1745922984.1374278,186.1433982849121
2499,1745922984.3320012,183.94231796264648
2500,1745922984.528151,185.61458587646484
2501,1745922984.7226937,184.0226650238037
2502,1745922984.9254017,192.0454502105713
2503,1745922985.1538813,217.45681762695312
2504,1745922985.3486059,183.60018730163574
2505,1745922985.5432856,183.39776992797852
2506,1745922985.7374787,183.64667892456055
2507,1745922985.9331734,184.76152420043945
2508,1745922986.188556,244.83203887939453
2509,1745922986.3845315,185.10699272155762
2510,1745922987.4031453,nan
2511,1745922987.6219766,208.29248428344727
2512,1745922987.817139,183.88938903808594
2513,1745922988.8355544,nan
2514,1745922989.8612664,nan
2515,1745922990.8744314,nan
2516,1745922991.0818715,196.90489768981934
2517,1745922992.1040628,nan
2518,1745922993.123142,nan
2519,1745922993.3228054,189.12243843078613
2520,1745922993.5207696,187.43538856506348
2521,1745922993.776359,244.3227767944336
2522,1745922994.7889118,nan
2523,1745922994.9984355,198.9114284515381
2524,1745922996.011521,nan
2525,1745922997.026016,nan
2526,1745922997.2271261,190.64617156982422
2527,1745922998.2431538,nan
2528,1745922999.2687755,nan
2529,1745922999.468715,189.41950798034668
2530,1745923000.4884143,nan
2531,1745923001.5034797,nan
2532,1745923001.7546916,240.62752723693848
2533,1745923002.7741318,nan
2534,1745923003.7860463,nan
2535,1745923004.8021069,nan
2536,1745923005.825807,nan
2537,1745923006.8472927,nan
2538,1745923007.8621404,nan
2539,1745923008.885069,nan
2540,1745923009.9073184,nan
2541,1745923010.918528,nan
2542,1745923011.9432847,nan
2543,1745923012.9654605,nan
2544,1745923013.9881072,nan
2545,1745923015.0091908,nan
2546,1745923016.0342894,nan
2547,1745923016.2361157,191.4229393005371
2548,1745923017.2552812,nan
2549,1745923018.2665277,nan
2550,1745923019.291139,nan
2551,1745923020.3060095,nan
2552,1745923021.3297637,nan
2553,1745923022.356218,nan
2554,1745923023.3677242,nan
2555,1745923024.3799264,nan
2556,1745923024.579283,188.82250785827637
2557,1745923025.6038282,nan
2558,1745923026.6201766,nan
2559,1745923027.6451437,nan
2560,1745923027.844673,189.01395797729492
2561,1745923028.045355,188.8875961303711
2562,1745923028.2494493,193.3586597442627
2563,1745923029.261207,nan
2564,1745923029.4719954,199.6297836303711
2565,1745923029.6732302,190.70172309875488
2566,1745923029.921265,236.9978427886963
2567,1745923030.2303915,298.02656173706055
2568,1745923031.2552452,nan
2569,1745923031.4577925,192.02017784118652
2570,1745923032.4820595,nan
2571,1745923033.50518,nan
2572,1745923034.5201154,nan
2573,1745923034.7210042,190.49835205078125
2574,1745923034.9208133,189.21160697937012
2575,1745923035.9404943,nan
2576,1745923036.965152,nan
2577,1745923037.2919996,316.3790702819824
2578,1745923038.3160698,nan
2579,1745923038.5171993,190.60206413269043
2580,1745923038.7170718,188.83323669433594
2581,1745923038.9189987,190.91272354125977
2582,1745923039.9330537,nan
2583,1745923040.9577494,nan
2584,1745923041.9842653,nan
2585,1745923043.0022085,nan
2586,1745923043.2360535,222.9924201965332
2587,1745923043.4370332,189.93639945983887
2588,1745923043.6373305,189.7754669189453
2589,1745923044.6495268,nan
2590,1745923045.672966,nan
2591,1745923045.8743203,190.54841995239258
2592,1745923046.074353,189.03231620788574
2593,1745923046.296843,211.72761917114258
2594,1745923047.318363,nan
2595,1745923047.5205364,191.6332244873047
2596,1745923048.5441008,nan
2597,1745923048.7443337,189.66031074523926
2598,1745923049.7651174,nan
2599,1745923049.9658215,190.17815589904785
2600,1745923050.97954,nan
2601,1745923051.9993246,nan
2602,1745923052.1929133,182.8622817993164
2603,1745923052.389043,184.48972702026367
2604,1745923052.5839639,182.8761100769043
2605,1745923052.8561487,261.9137763977051
2606,1745923053.1667042,299.5185852050781
2607,1745923053.4396539,261.49892807006836
2608,1745923053.6341166,183.94184112548828
2609,1745923053.8282123,183.46810340881348
2610,1745923054.0222352,183.81142616271973
2611,1745923054.2155545,182.85346031188965
2612,1745923054.4101236,184.0348243713379
2613,1745923054.7047362,284.1043472290039
2614,1745923055.0005162,284.7247123718262
2615,1745923055.1961932,184.25846099853516
2616,1745923055.3896046,183.06970596313477
2617,1745923055.5834863,182.3904514312744
2618,1745923055.7779138,183.38871002197266
2619,1745923056.0252225,236.3142967224121
2620,1745923056.2228222,186.74111366271973
2621,1745923056.4264557,192.89207458496094
2622,1745923056.6211882,183.67362022399902
2623,1745923056.815108,182.89875984191895
2624,1745923057.008673,182.87348747253418
2625,1745923057.2529628,233.13188552856445
2626,1745923057.4473076,183.335542678833
2627,1745923057.6429174,184.56625938415527
2628,1745923057.8365753,182.96241760253906
2629,1745923058.0304601,183.66074562072754
2630,1745923058.2810652,240.09037017822266
2631,1745923058.4749281,183.19439888000488
2632,1745923058.669773,183.48383903503418
2633,1745923059.6923106,nan
2634,1745923059.9262877,223.6013412475586
2635,1745923060.2353067,298.28763008117676
2636,1745923060.4295952,183.41779708862305
2637,1745923060.624401,183.75682830810547
2638,1745923060.8189971,182.45911598205566
2639,1745923061.8305094,nan
2640,1745923062.0794327,238.28721046447754
2641,1745923062.3870394,297.0118522644043
2642,1745923062.6820178,284.09552574157715
2643,1745923062.8754702,182.4033260345459
2644,1745923063.0701392,183.12835693359375
2645,1745923063.2638059,182.6150417327881
2646,1745923063.4574873,182.6183795928955
2647,1745923063.6519892,183.46714973449707
2648,1745923063.8452978,182.46769905090332
2649,1745923064.1212788,264.9691104888916
2650,1745923064.3148017,182.7244758605957
2651,1745923064.5097044,183.84122848510742
2652,1745923064.7040548,183.7441921234131
2653,1745923064.898232,183.5019588470459
2654,1745923065.1478438,238.69824409484863
2655,1745923065.4450657,286.5641117095947
2656,1745923065.6469836,190.75250625610352
2657,1745923065.8430445,185.2128505706787
2658,1745923066.0404243,186.6602897644043
2659,1745923067.05766,nan
2660,1745923068.0810623,nan
2661,1745923068.2868204,195.2509880065918
2662,1745923068.4803936,182.8939914703369
2663,1745923068.6753874,184.4649314880371
2664,1745923068.869902,183.4700107574463
2665,1745923069.1275952,246.67096138000488
2666,1745923069.3215044,183.1057071685791
2667,1745923069.5159435,183.30049514770508
2668,1745923069.7088041,182.23118782043457
2669,1745923069.9035852,183.63642692565918
2670,1745923070.1705923,256.40106201171875
2671,1745923070.4651003,283.98799896240234
2672,1745923070.7751443,299.47543144226074
2673,1745923070.9693382,183.63571166992188
2674,1745923071.9848764,nan
2675,1745923073.009293,nan
2676,1745923074.0323339,nan
2677,1745923074.228233,185.09531021118164
2678,1745923074.4218123,183.0441951751709
2679,1745923074.6704354,237.2908592224121
2680,1745923074.982521,300.53043365478516
2681,1745923075.178508,185.47296524047852
2682,1745923075.3724678,183.41541290283203
2683,1745923075.566176,183.61878395080566
2684,1745923075.7602713,183.05611610412598
2685,1745923075.9539108,183.06326866149902
2686,1745923076.1980462,233.36005210876465
2687,1745923076.3922246,183.65716934204102
2688,1745923076.5869656,183.99286270141602
2689,1745923076.7812257,183.73584747314453
2690,1745923076.974087,182.26122856140137
2691,1745923077.2238836,238.47126960754395
2692,1745923077.4184756,183.76612663269043
2693,1745923077.612055,183.0618381500244
2694,1745923077.8089955,186.42449378967285
2695,1745923078.0039694,183.8819980621338
2696,1745923078.2461438,231.06932640075684
2697,1745923078.4401495,182.9686164855957
2698,1745923078.6354554,183.70628356933594
2699,1745923078.8288558,182.83557891845703
2700,1745923079.07212,232.33580589294434
2701,1745923079.3831525,300.40478706359863
2702,1745923079.5794501,185.67824363708496
2703,1745923079.7737713,183.03680419921875
2704,1745923079.9688768,184.0536594390869
2705,1745923080.9919035,nan
2706,1745923082.022205,nan
2707,1745923083.038355,nan
2708,1745923083.2692397,1236.1881732940674
2709,1745923083.280431,231.23550415039062
2710,1745923084.29281,nan
2711,1745923084.5041752,200.15478134155273
2712,1745923084.6990576,184.2801570892334
2713,1745923084.8943877,184.56459045410156
2714,1745923085.216052,310.84537506103516
2715,1745923085.6129844,385.575532913208
2716,1745923085.806403,182.88040161132812
2717,1745923085.9994414,182.3403835296631
2718,1745923086.1940076,183.54439735412598
2719,1745923086.4461284,241.59884452819824
2720,1745923086.7527277,295.9146499633789
2721,1745923086.951972,188.17639350891113
2722,1745923087.1460586,183.02130699157715
2723,1745923087.340186,183.06708335876465
2724,1745923088.3634338,nan
2725,1745923088.5577552,183.6402416229248
2726,1745923088.7996457,231.22429847717285
2727,1745923089.1079905,297.29723930358887
2728,1745923089.402247,282.73749351501465
2729,1745923089.5962799,183.3944320678711
2730,1745923089.7922573,185.64128875732422
2731,1745923089.9874656,184.12041664123535
2732,1745923090.239573,241.01829528808594
2733,1745923090.4323053,182.10673332214355
2734,1745923090.6270268,183.40730667114258
2735,1745923090.8206215,182.56473541259766
2736,1745923091.0160954,184.32855606079102
2737,1745923091.2241707,197.20816612243652
2738,1745923091.4262078,190.66357612609863
2739,1745923091.6202211,183.1371784210205
2740,1745923091.813702,182.5237274169922
2741,1745923092.0102575,185.53948402404785
2742,1745923092.2804782,259.6549987792969
2743,1745923092.4752116,183.16078186035156
2744,1745923092.6672316,181.5185546875
2745,1745923092.8612206,182.95550346374512
2746,1745923093.0591497,186.77973747253418
2747,1745923093.295179,224.69234466552734
2748,1745923093.488538,183.1529140472412
2749,1745923093.684244,184.66591835021973
2750,1745923093.8788412,184.03244018554688
2751,1745923094.1201403,231.0330867767334
2752,1745923094.3165312,185.79912185668945
2753,1745923094.510409,182.84249305725098
2754,1745923094.706376,184.31878089904785
2755,1745923094.9028547,185.79411506652832
2756,1745923095.146524,232.6524257659912
2757,1745923095.3401465,183.01868438720703
2758,1745923095.5419745,190.50121307373047
2759,1745923095.7369204,184.1123104095459
2760,1745923095.934135,186.17701530456543
2761,1745923096.1762447,231.06765747070312
2762,1745923096.3721583,185.0738525390625
2763,1745923096.566233,183.38775634765625
2764,1745923096.7599628,182.7256679534912
2765,1745923096.9547918,183.69531631469727
2766,1745923097.1483636,182.36136436462402
2767,1745923097.3868856,227.57935523986816
2768,1745923097.5832012,185.5640411376953
2769,1745923097.778374,184.17596817016602
2770,1745923097.9720464,182.91807174682617
2771,1745923098.2220037,239.4390106201172
2772,1745923098.5171065,283.5807800292969
2773,1745923098.7101607,182.36780166625977
2774,1745923098.9043694,182.79576301574707
2775,1745923099.0976667,182.76166915893555
2776,1745923099.342335,233.63780975341797
2777,1745923099.5361898,182.83581733703613
2778,1745923099.7295058,182.7075481414795
2779,1745923099.924888,184.2799186706543
2780,1745923100.1191442,183.64906311035156
2781,1745923100.313593,183.4092140197754
2782,1745923100.5082228,184.1893196105957
2783,1745923100.7019176,183.12454223632812
2784,1745923100.8948245,182.3258399963379
2785,1745923101.087978,182.58404731750488
2786,1745923101.4005191,301.0296821594238
2787,1745923101.5948074,183.2728385925293
2788,1745923101.7879758,182.59620666503906
2789,1745923101.9837584,183.4266185760498
2790,1745923102.2024448,208.61482620239258
2791,1745923103.2272136,nan
2792,1745923104.2484236,nan
2793,1745923104.445098,186.1400604248047
2794,1745923104.6389346,183.02273750305176
2795,1745923104.8709126,221.45652770996094
2796,1745923105.0654986,184.067964553833
2797,1745923105.2600539,184.03935432434082
2798,1745923105.454144,183.3322048187256
2799,1745923105.6475492,182.81841278076172
2800,1745923105.8406825,182.45291709899902
2801,1745923106.0348282,182.66630172729492
2802,1745923106.296387,250.32854080200195
2803,1745923106.49019,182.69586563110352
2804,1745923106.7002947,199.0656852722168
2805,1745923106.896971,185.09244918823242
2806,1745923107.0935497,185.8208179473877
2807,1745923107.3223486,218.2607650756836
2808,1745923107.5165582,183.42065811157227
2809,1745923107.710586,183.01987648010254
2810,1745923107.9042096,183.03585052490234
2811,1745923108.0983055,182.83796310424805
2812,1745923108.345031,235.62169075012207
2813,1745923108.539201,183.46357345581055
2814,1745923108.7340803,183.42304229736328
2815,1745923108.9282577,183.4564208984375
2816,1745923109.1789258,240.00954627990723
2817,1745923109.4720988,282.53841400146484
2818,1745923109.6665773,183.33172798156738
2819,1745923109.8603914,182.7828884124756
2820,1745923110.0544627,182.55066871643066
2821,1745923110.300154,234.85422134399414
2822,1745923110.611069,300.6937503814697
2823,1745923110.8059886,183.60471725463867
2824,1745923110.998901,182.37900733947754
2825,1745923111.1942422,184.25941467285156
2826,1745923111.3882546,183.0451488494873
2827,1745923111.6326785,233.25467109680176
2828,1745923111.8266675,183.15577507019043
2829,1745923112.0207732,183.11095237731934
2830,1745923113.0398202,nan
2831,1745923114.061777,nan
2832,1745923114.2550223,182.64079093933105
2833,1745923114.4492383,183.06708335876465
2834,1745923114.6435082,182.9354763031006
2835,1745923114.8374262,183.3796501159668
2836,1745923115.030406,182.56044387817383
2837,1745923115.3224487,280.5771827697754
2838,1745923115.6210246,287.3358726501465
2839,1745923115.8156366,184.01241302490234
2840,1745923116.0096674,183.0120086669922
2841,1745923116.202791,182.70492553710938
2842,1745923116.4001226,186.11884117126465
2843,1745923116.5949864,183.49504470825195
2844,1745923116.789541,183.35747718811035
2845,1745923116.9833546,183.23922157287598
2846,1745923117.178107,184.14068222045898
2847,1745923117.3728378,184.13376808166504
2848,1745923117.5680156,184.16523933410645
2849,1745923117.78469,206.36510848999023
2850,1745923117.9790528,183.89201164245605
2851,1745923118.1726806,183.11119079589844
2852,1745923118.3664095,183.20035934448242
2853,1745923118.6004283,222.72229194641113
2854,1745923118.9102988,299.05104637145996
2855,1745923119.207747,285.60423851013184
2856,1745923119.4033332,184.23080444335938
2857,1745923120.4274347,nan
2858,1745923120.620328,182.34562873840332
2859,1745923120.8459747,214.61248397827148
2860,1745923121.1622145,305.3882122039795
2861,1745923121.4509807,278.24997901916504
2862,1745923121.6452389,183.2282543182373
2863,1745923121.839729,184.26942825317383
2864,1745923122.0342171,183.4568977355957
2865,1745923122.277194,232.28144645690918
2866,1745923122.4708946,182.70230293273926
2867,1745923122.6662283,184.15355682373047
2868,1745923122.8606675,183.88772010803223
2869,1745923123.0756571,204.5454978942871
2870,1745923123.270231,183.4394931793213
2871,1745923123.4637527,182.7545166015625
2872,1745923123.658323,183.53915214538574
2873,1745923123.8521454,183.29548835754395
2874,1745923124.0470977,183.8669776916504
2875,1745923124.2812097,223.43039512634277
2876,1745923124.4756622,183.28523635864258
2877,1745923124.6708035,184.04269218444824
2878,1745923124.8643568,182.9357147216797
2879,1745923125.0590713,184.33332443237305
2880,1745923125.359086,288.90323638916016
2881,1745923125.6679907,298.2971668243408
2882,1745923125.8624887,183.96687507629395
2883,1745923126.0562997,183.65859985351562
2884,1745923126.2508514,184.03220176696777
2885,1745923127.2691946,nan
2886,1745923127.463929,184.21339988708496
2887,1745923127.6578794,182.94095993041992
2888,1745923127.8523514,183.75420570373535
2889,1745923128.0471702,184.00025367736816
2890,1745923128.3120532,254.52899932861328
2891,1745923128.507959,185.35518646240234
2892,1745923128.7023964,183.1839084625244
2893,1745923128.897328,182.91068077087402
2894,1745923129.149276,240.41390419006348
2895,1745923129.4458163,286.35692596435547
2896,1745923129.6394856,182.60669708251953
2897,1745923129.833804,183.58325958251953
2898,1745923130.0289357,184.60941314697266
2899,1745923130.2222593,183.1045150756836
2900,1745923130.467445,234.07578468322754
2901,1745923130.6628923,184.42988395690918
2902,1745923131.6770127,nan
2903,1745923131.8704498,182.92236328125
2904,1745923132.0655224,184.5545768737793
2905,1745923132.2581613,182.37543106079102
2906,1745923132.4521706,182.97147750854492
2907,1745923132.6452806,182.17062950134277
2908,1745923132.9119692,255.61118125915527
2909,1745923133.1061182,183.40349197387695
2910,1745923133.3003356,183.33029747009277
2911,1745923133.4949734,183.72464179992676
2912,1745923133.749144,243.30782890319824
2913,1745923133.944929,185.11724472045898
2914,1745923134.138719,183.28046798706055
2915,1745923134.3322108,182.79170989990234
2916,1745923134.526058,183.23779106140137
2917,1745923134.720843,184.19528007507324
2918,1745923134.914581,183.1681728363037
2919,1745923135.1894126,264.1870975494385
2920,1745923135.5009942,300.56142807006836
2921,1745923135.7968397,285.006046295166
2922,1745923135.9903479,182.4796199798584
2923,1745923136.1848989,183.00795555114746
2924,1745923136.4193268,223.2811450958252
2925,1745923136.6123044,182.42764472961426
2926,1745923136.810081,186.3865852355957
2927,1745923137.004235,183.1045150756836
2928,1745923137.2411237,225.92782974243164
2929,1745923137.5345216,281.574010848999
2930,1745923137.7283173,183.48073959350586
2931,1745923137.9218621,182.50536918640137
2932,1745923138.1155822,182.6636791229248
2933,1745923138.3096848,183.07757377624512
2934,1745923138.5637321,243.5150146484375
2935,1745923138.760751,186.4776611328125
2936,1745923138.953914,182.6341152191162
2937,1745923139.1476405,182.7101707458496
2938,1745923139.3411112,182.9385757446289
2939,1745923139.5873215,235.4276180267334
2940,1745923139.7806969,182.84845352172852
2941,1745923139.9742353,182.50489234924316
2942,1745923140.1675556,182.28483200073242
2943,1745923140.3631382,183.46619606018066
2944,1745923140.5622144,188.98701667785645
2945,1745923140.7570565,183.38775634765625
2946,1745923141.0226092,255.01656532287598
2947,1745923141.331852,298.7241744995117
2948,1745923141.6308842,288.11192512512207
2949,1745923141.825764,183.84766578674316
2950,1745923142.019723,182.84893035888672
2951,1745923142.2141504,183.89630317687988
2952,1745923142.4121857,186.52033805847168
2953,1745923142.6064036,183.67600440979004
2954,1745923142.8041244,186.81049346923828
2955,1745923142.9980834,183.44426155090332
2956,1745923143.1925323,183.92562866210938
2957,1745923143.3964796,193.42827796936035
2958,1745923143.5959704,188.46416473388672
2959,1745923143.7883275,182.07955360412598
2960,1745923143.9821234,182.75833129882812
2961,1745923144.17633,183.6526393890381
2962,1745923144.3702993,183.4578514099121
2963,1745923144.5680914,186.18369102478027
2964,1745923144.7618372,182.9848289489746
2965,1745923144.95567,183.29882621765137
2966,1745923145.152555,186.37943267822266
2967,1745923145.3482702,185.1806640625
2968,1745923145.542589,183.76612663269043
2969,1745923145.7363648,183.1035614013672
2970,1745923145.937763,190.36173820495605
2971,1745923146.1319196,182.13534355163574
2972,1745923146.3245592,182.12604522705078
2973,1745923146.5200655,184.49163436889648
2974,1745923146.7147994,184.06200408935547
2975,1745923146.9082925,182.4653148651123
2976,1745923147.101902,182.56235122680664
2977,1745923147.2960176,183.29381942749023
2978,1745923147.49056,183.50458145141602
2979,1745923147.6833887,182.29436874389648
2980,1745923147.878681,184.23914909362793
2981,1745923148.0734737,184.27395820617676
2982,1745923148.2666478,182.12556838989258
2983,1745923148.4609299,183.23636054992676
2984,1745923148.6550834,183.44616889953613
2985,1745923148.84787,182.27624893188477
2986,1745923149.1058867,246.32835388183594
2987,1745923149.2995977,183.19988250732422
2988,1745923149.493779,183.1037998199463
2989,1745923150.516032,nan
2990,1745923150.7526515,225.83770751953125
2991,1745923151.0626085,298.938512802124
2992,1745923151.3577895,284.13963317871094
2993,1745923151.5528119,183.5014820098877
2994,1745923151.7481651,184.23914909362793
2995,1745923151.940671,182.33466148376465
2996,1745923152.1352358,182.97362327575684
2997,1745923152.3294446,183.6841106414795
2998,1745923152.52434,183.58850479125977
2999,1745923152.719158,183.546781539917
3000,1745923152.9146695,183.6848258972168
3001,1745923153.1103175,184.62181091308594
3002,1745923153.3056488,184.30447578430176
3003,1745923153.4993072,183.15362930297852
3004,1745923153.6930025,183.21466445922852
3005,1745923153.8875406,184.04889106750488
3006,1745923154.0812244,183.32767486572266
3007,1745923154.276409,184.16523933410645
3008,1745923154.4707222,183.8078498840332
3009,1745923154.7302983,248.55852127075195
3010,1745923154.9290826,188.65323066711426
3011,1745923155.1217816,182.56568908691406
3012,1745923155.3162024,182.9550266265869
3013,1745923155.568397,241.1365509033203
3014,1745923155.8647568,284.8787307739258
3015,1745923156.0590036,183.26067924499512
3016,1745923156.2527235,183.54296684265137
3017,1745923156.446671,182.66749382019043
3018,1745923156.6418478,184.13567543029785
3019,1745923156.8365319,183.89129638671875
3020,1745923157.0300312,182.65724182128906
3021,1745923157.2660046,224.95794296264648
3022,1745923157.4612114,184.0381622314453
3023,1745923157.654262,182.6636791229248
3024,1745923157.8484893,183.40086936950684
3025,1745923158.0433853,183.23135375976562
3026,1745923158.2383573,184.42916870117188
3027,1745923158.530588,281.6474437713623
3028,1745923158.7242327,182.0681095123291
3029,1745923158.9185603,183.26616287231445
3030,1745923159.1127524,183.23326110839844
3031,1745923159.3072264,183.30931663513184
3032,1745923159.5017545,183.40492248535156
3033,1745923159.7594967,247.60031700134277
3034,1745923159.9537623,183.2284927368164
3035,1745923160.1466007,182.32202529907227
3036,1745923160.3405023,182.63864517211914
3037,1745923160.5380428,186.02633476257324
3038,1745923160.733569,184.6168041229248
3039,1745923160.9900064,245.91326713562012
3040,1745923161.2843323,283.80656242370605
3041,1745923161.479525,184.67473983764648
3042,1745923161.6734247,183.11476707458496
3043,1745923161.8671143,182.82556533813477
3044,1745923162.061792,183.63070487976074
3045,1745923162.255651,182.74545669555664
3046,1745923162.5239925,257.63869285583496
3047,1745923162.7202358,185.63556671142578
3048,1745923162.9143267,183.43853950500488
3049,1745923163.1080287,182.47056007385254
3050,1745923163.303504,184.57698822021484
3051,1745923163.4977322,183.1965446472168
3052,1745923163.7438157,234.79986190795898
3053,1745923163.9378839,183.8393211364746
3054,1745923164.1330242,183.88772010803223
3055,1745923164.3283982,184.523344039917
3056,1745923164.5233834,183.2895278930664
3057,1745923164.7165606,182.63888359069824
3058,1745923164.9822266,254.78267669677734
3059,1745923165.1774974,183.1035614013672
3060,1745923165.3703294,182.30795860290527
3061,1745923166.3938751,nan
3062,1745923166.588956,184.62181091308594
3063,1745923166.7825177,182.8482151031494
3064,1745923166.9764283,182.80625343322754
3065,1745923167.2341805,246.72484397888184
3066,1745923167.428131,183.56895446777344
3067,1745923167.6220555,182.7676296234131
3068,1745923168.6372476,nan
3069,1745923168.8322754,184.3888759613037
3070,1745923169.0734892,230.8948040008545
3071,1745923169.269809,185.34159660339355
3072,1745923169.464999,184.05914306640625
3073,1745923169.6589582,183.43496322631836
3074,1745923169.8534582,183.424711227417
3075,1745923170.0468721,182.85274505615234
3076,1745923170.2403095,182.9206943511963
3077,1745923170.5204782,269.23179626464844
3078,1745923170.8168802,285.11905670166016
3079,1745923171.0104034,182.73591995239258
3080,1745923172.0263312,nan
3081,1745923172.2205925,183.47406387329102
3082,1745923172.452737,221.04239463806152
3083,1745923172.6454377,182.1908950805664
3084,1745923172.8406043,184.23986434936523
3085,1745923173.0360415,184.83543395996094
3086,1745923173.229657,182.85012245178223
3087,1745923173.423625,182.90233612060547
3088,1745923173.6176715,183.00104141235352
3089,1745923173.8952034,266.77727699279785
3090,1745923174.0890837,182.75094032287598
3091,1745923174.2836478,183.49480628967285
3092,1745923174.4777818,183.61473083496094
3093,1745923174.6723287,183.50458145141602
3094,1745923174.8659804,182.509183883667
3095,1745923175.1219845,244.80557441711426
3096,1745923175.431876,298.8440990447998
3097,1745923175.7307556,287.69898414611816
3098,1745923175.9260123,183.93540382385254
3099,1745923176.1218317,184.76414680480957
3100,1745923176.3164124,183.93540382385254
3101,1745923176.5099266,182.92951583862305
3102,1745923176.7031455,182.15489387512207
3103,1745923176.897368,182.80386924743652
3104,1745923177.1712074,263.3087635040283
3105,1745923177.3654313,183.2902431488037
3106,1745923177.560491,184.5259666442871
3107,1745923177.757451,185.4405403137207
3108,1745923177.9536257,184.65232849121094
3109,1745923178.152061,188.11297416687012
3110,1745923178.3460526,183.2895278930664
3111,1745923178.5405974,183.87937545776367
3112,1745923178.7343595,182.6484203338623
3113,1745923179.0077171,261.86490058898926
3114,1745923179.2012584,183.0148696899414
3115,1745923179.395847,183.9308738708496
3116,1745923179.5900843,183.73894691467285
3117,1745923179.8321192,230.95440864562988
3118,1745923180.034002,191.28751754760742
3119,1745923180.2283845,183.8679313659668
3120,1745923180.496064,257.0910453796387
3121,1745923180.6901107,183.42041969299316
3122,1745923180.9644434,263.22460174560547
3123,1745923181.2528868,277.53591537475586
3124,1745923181.4457097,182.28602409362793
3125,1745923181.6404486,183.71248245239258
3126,1745923181.8342893,183.0160617828369
3127,1745923182.0283551,183.65979194641113
3128,1745923182.2212183,182.49034881591797
3129,1745923182.4904952,258.1493854522705
3130,1745923182.6849399,182.92689323425293
3131,1745923182.878442,182.97743797302246
3132,1745923183.0737185,183.78233909606934
3133,1745923183.302483,218.24049949645996
3134,1745923183.4965138,183.22229385375977
3135,1745923183.6901338,183.08591842651367
3136,1745923183.885952,184.91458892822266
3137,1745923184.0792549,183.13837051391602
3138,1745923184.2722812,182.41596221923828
3139,1745923184.5090194,225.66747665405273
3140,1745923184.7031293,183.44688415527344
3141,1745923184.8982522,184.14616584777832
3142,1745923185.0922258,183.4714412689209
3143,1745923185.3529093,250.08893013000488
3144,1745923185.656189,292.6452159881592
3145,1745923185.8509064,184.0801239013672
3146,1745923186.0441632,182.7383041381836
3147,1745923186.2377436,182.5547218322754
3148,1745923186.4321554,183.36987495422363
3149,1745923186.6938586,250.91814994812012
3150,1745923186.8885734,183.699369430542
3151,1745923187.0828276,183.0885410308838
3152,1745923187.2769573,183.4275722503662
3153,1745923187.472676,184.45205688476562
3154,1745923187.7210608,237.0584011077881
3155,1745923187.9157825,182.95025825500488
3156,1745923188.1234825,197.04103469848633
3157,1745923188.3181276,183.4886074066162
3158,1745923188.512045,182.88421630859375
3159,1745923188.71324,189.96310234069824
3160,1745923188.9202294,195.58048248291016
3161,1745923189.133505,202.48794555664062
3162,1745923189.328896,185.04953384399414
3163,1745923189.523447,183.98189544677734
3164,1745923189.7184389,184.4627857208252
3165,1745923189.9164968,187.7269744873047
3166,1745923190.1097958,182.67583847045898
3167,1745923190.3039393,182.88469314575195
3168,1745923190.5982487,283.76030921936035
3169,1745923190.896462,286.70263290405273
3170,1745923191.1918879,284.717321395874
3171,1745923191.3858035,183.335542678833
3172,1745923191.5795195,182.9674243927002
3173,1745923191.7740452,182.8773021697998
3174,1745923191.9681652,183.59136581420898
3175,1745923192.1621516,183.36939811706543
3176,1745923192.356245,183.3200454711914
3177,1745923192.5501006,182.76619911193848
3178,1745923192.7429106,182.27124214172363
3179,1745923192.937539,183.1192970275879
3180,1745923193.1371324,189.0695095062256
3181,1745923193.3313117,183.83169174194336
3182,1745923193.5254195,183.44497680664062
3183,1745923193.7188458,182.51919746398926
3184,1745923193.9120312,182.6622486114502
3185,1745923194.1071591,183.9900016784668
3186,1745923194.3026404,184.36908721923828
3187,1745923194.5781143,264.41121101379395
3188,1745923194.8889756,300.0767230987549
3189,1745923195.1850493,285.88128089904785
3190,1745923195.3799803,183.8674545288086
3191,1745923196.4070475,nan
3192,1745923196.6010733,183.7456226348877
3193,1745923196.795976,183.85934829711914
3194,1745923197.0289533,222.59998321533203
3195,1745923197.2232893,183.70676040649414
3196,1745923197.4212265,187.25228309631348
3197,1745923197.6326175,201.14517211914062
3198,1745923197.8288736,184.42296981811523
3199,1745923198.0239432,183.95471572875977
3200,1745923198.2181883,183.72607231140137
3201,1745923198.4130461,184.2491626739502
3202,1745923199.4369988,nan
3203,1745923199.8143024,366.7440414428711
3204,1745923200.0101779,184.70311164855957
3205,1745923200.2046742,183.53271484375
3206,1745923200.3988166,183.4704875946045
3207,1745923200.601941,192.61550903320312
3208,1745923200.798282,185.0717067718506
3209,1745923201.0281172,218.50323677062988
3210,1745923201.2250094,186.3696575164795
3211,1745923201.420335,184.8275661468506
3212,1745923201.6164916,184.59224700927734
3213,1745923201.8125741,185.03665924072266
3214,1745923202.0542347,231.02498054504395
3215,1745923202.2502315,185.28246879577637
3216,1745923202.4464622,185.77957153320312
3217,1745923202.6422105,184.96179580688477
3218,1745923202.837579,184.40675735473633
3219,1745923203.0330122,184.32021141052246
3220,1745923203.2883883,244.4894313812256
3221,1745923203.5860786,287.0361804962158
3222,1745923203.898075,301.47552490234375
3223,1745923204.096187,186.79356575012207
3224,1745923204.2920673,185.3964328765869
3225,1745923204.4872723,184.6024990081787
3226,1745923204.683434,185.48274040222168
3227,1745923204.8790503,184.4167709350586
3228,1745923205.1273284,237.16354370117188
3229,1745923205.4349153,296.5106964111328
3230,1745923205.745259,299.79872703552246
3231,1745923206.0420723,286.0910892486572
3232,1745923206.2372675,184.72528457641602
3233,1745923206.432208,183.9146614074707
3234,1745923206.6262388,182.9671859741211
3235,1745923206.8204844,183.0732822418213
3236,1745923207.0157027,184.48567390441895
3237,1745923207.2108836,184.42034721374512
3238,1745923207.4060562,184.6456527709961
3239,1745923207.598887,182.54995346069336
3240,1745923207.792847,181.92410469055176
3241,1745923207.9869819,183.44640731811523
3242,1745923208.1804323,182.81245231628418
3243,1745923208.3745384,183.55703353881836
3244,1745923208.5678596,182.90948867797852
3245,1745923208.76181,182.88636207580566
3246,1745923208.9573255,184.13782119750977
3247,1745923209.2171195,249.07636642456055
3248,1745923209.4118786,184.15498733520508
3249,1745923209.6194882,196.95615768432617
3250,1745923209.8153193,185.5463981628418
3251,1745923210.0361028,210.04295349121094
3252,1745923210.2322404,185.4100227355957
3253,1745923210.427409,183.98118019104004
3254,1745923210.6207392,182.71350860595703
3255,1745923210.8161051,183.8071346282959
3256,1745923211.0623488,235.61882972717285
3257,1745923211.3751051,301.5429973602295
3258,1745923211.571138,185.1785182952881
3259,1745923211.7673466,184.53526496887207
3260,1745923211.962811,184.93270874023438
3261,1745923212.157769,183.45260620117188
3262,1745923212.3523917,184.05532836914062
3263,1745923212.5464628,182.85799026489258
3264,1745923212.740468,182.95812606811523
3265,1745923212.9343352,182.56449699401855
3266,1745923213.2103174,264.97673988342285
3267,1745923213.403759,182.42549896240234
3268,1745923213.5982153,183.41612815856934
3269,1745923213.7931821,183.85910987854004
3270,1745923214.0303888,226.15981101989746
3271,1745923214.2249818,182.96313285827637
3272,1745923214.4211621,185.49203872680664
3273,1745923214.6204102,188.30323219299316
3274,1745923215.643866,nan
3275,1745923215.8601725,205.71660995483398
3276,1745923216.075999,205.19495010375977
3277,1745923216.2703078,183.26544761657715
3278,1745923216.4630098,182.17039108276367
3279,1745923216.657297,182.68752098083496
3280,1745923216.852072,184.06033515930176
3281,1745923217.046289,183.47978591918945
3282,1745923217.3149276,258.09788703918457
3283,1745923217.6094432,283.3263874053955
3284,1745923217.803986,183.49957466125488
3285,1745923217.9988816,184.40008163452148
3286,1745923218.1922472,182.03306198120117
3287,1745923218.386887,183.18581581115723
3288,1745923218.5899906,192.44813919067383
3289,1745923218.7961724,195.13940811157227
3290,1745923218.9960701,189.12553787231445
3291,1745923219.1925728,185.40620803833008
3292,1745923220.2069788,nan
3293,1745923220.4028106,185.14609336853027
3294,1745923220.6000414,185.835599899292
3295,1745923220.7961385,185.2271556854248
3296,1745923220.9912145,184.25416946411133
3297,1745923221.218578,216.76325798034668
3298,1745923221.4151266,186.3112449645996
3299,1745923221.7172155,291.04065895080566
3300,1745923221.9129303,185.11414527893066
3301,1745923222.108421,184.47136878967285
3302,1745923222.304105,183.64310264587402
3303,1745923222.500134,185.76669692993164
3304,1745923222.7411373,230.61633110046387
3305,1745923222.9364984,184.1866970062256
3306,1745923223.1337066,186.19704246520996
3307,1745923223.3295689,185.60194969177246
3308,1745923223.6841736,344.06423568725586
3309,1745923224.7099764,nan
3310,1745923224.9879186,267.0633792877197
3311,1745923225.2969692,297.5282669067383
3312,1745923225.606301,298.20942878723145
3313,1745923225.9035602,286.2577438354492
3314,1745923226.1024795,187.86931037902832
3315,1745923226.2997167,186.29741668701172
3316,1745923226.4984393,186.9046688079834
3317,1745923226.6953619,186.37466430664062
3318,1745923226.890457,184.53741073608398
3319,1745923227.0858326,184.33690071105957
3320,1745923227.3481104,251.20258331298828
3321,1745923227.6428998,284.2261791229248
3322,1745923227.8402503,186.77091598510742
3323,1745923228.043957,192.48628616333008
3324,1745923228.2381113,182.89947509765625
3325,1745923228.43407,184.7856044769287
3326,1745923228.6294737,184.71765518188477
3327,1745923228.824982,184.4770908355713
3328,1745923229.0197434,183.72273445129395
3329,1745923229.2173986,185.93430519104004
3330,1745923229.4851618,256.4246654510498
3331,1745923229.6803794,184.62753295898438
3332,1745923229.8790753,187.6518726348877
3333,1745923230.8955057,nan
3334,1745923231.9292696,nan
3335,1745923232.1268804,187.37554550170898
3336,1745923232.3232083,185.64295768737793
3337,1745923232.5194852,185.63008308410645
3338,1745923232.7154143,185.02211570739746
3339,1745923232.9652317,238.7523651123047
3340,1745923233.1610997,184.9045753479004
3341,1745923233.372378,200.07729530334473
3342,1745923234.3939798,nan
3343,1745923234.5910463,186.1131191253662
3344,1745923234.8135262,210.84070205688477
3345,1745923235.0101705,185.83416938781738
3346,1745923236.0334358,nan
3347,1745923236.232962,187.73245811462402
3348,1745923236.426709,183.66289138793945
3349,1745923236.6221287,184.4024658203125
3350,1745923236.8146105,181.96463584899902
3351,1745923237.0085886,182.96074867248535
3352,1745923237.2793565,259.72485542297363
3353,1745923237.4736774,183.58182907104492
3354,1745923237.6673586,182.65461921691895
3355,1745923237.8634682,185.09387969970703
3356,1745923238.0579832,184.08584594726562
3357,1745923238.2692358,200.2270221710205
3358,1745923238.463592,183.8068962097168
3359,1745923238.6564622,182.52062797546387
3360,1745923238.8519976,184.0221881866455
3361,1745923239.1140018,251.57761573791504
3362,1745923239.3083465,183.84885787963867
3363,1745923240.3260546,nan
3364,1745923240.5195465,182.966947555542
3365,1745923240.7129292,182.71708488464355
3366,1745923240.9647825,241.09387397766113
3367,1745923241.2659104,290.5006408691406
3368,1745923241.459945,183.51006507873535
3369,1745923241.6553237,185.0259304046631
3370,1745923241.848961,182.97362327575684
3371,1745923242.097023,237.04290390014648
3372,1745923242.2910268,182.95717239379883
3373,1745923242.485526,183.27784538269043
3374,1745923242.6795497,182.60550498962402
3375,1745923242.873215,183.135986328125
3376,1745923243.0671992,183.44593048095703
3377,1745923243.2618985,183.5637092590332
3378,1745923243.456059,183.5618019104004
3379,1745923243.6499517,183.3634376525879
3380,1745923243.9268873,265.8090591430664
3381,1745923244.1206262,182.70182609558105
3382,1745923244.3154597,183.20298194885254
3383,1745923244.5092115,182.6643943786621
3384,1745923244.70442,184.18216705322266
3385,1745923244.9004238,185.1937770843506
3386,1745923245.1504905,238.8005256652832
3387,1745923245.3469641,184.94367599487305
3388,1745923245.553467,195.42884826660156
3389,1745923246.5654497,nan
3390,1745923246.7622209,186.25903129577637
3391,1745923246.9564486,183.05230140686035
3392,1745923247.1538434,185.90235710144043
3393,1745923247.4206152,256.41393661499023
3394,1745923247.729185,296.9951629638672
3395,1745923248.0372562,296.6454029083252
3396,1745923248.3092275,261.7318630218506
3397,1745923248.5043392,184.5865249633789
3398,1745923248.7009704,185.9757900238037
3399,1745923248.8955922,183.64214897155762
3400,1745923249.2603786,354.4456958770752
3401,1745923249.5711036,299.5953559875488
3402,1745923249.8788602,296.9648838043213
3403,1745923250.1877,297.9109287261963
3404,1745923250.3822384,183.5315227508545
3405,1745923250.575784,183.02488327026367
3406,1745923250.7703173,183.31646919250488
3407,1745923251.7853703,nan
3408,1745923252.0187383,222.76902198791504
3409,1745923252.2171123,187.8337860107422
3410,1745923252.410321,182.54375457763672
3411,1745923252.6053772,182.2836399078369
3412,1745923252.7980998,182.19947814941406
3413,1745923252.9934883,184.00812149047852
3414,1745923253.2593079,254.83369827270508
3415,1745923253.453492,183.10213088989258
3416,1745923253.6524427,188.42673301696777
3417,1745923253.8455765,182.55066871643066
3418,1745923254.869512,nan
3419,1745923255.8920345,nan
3420,1745923256.096963,194.2746639251709
3421,1745923256.317609,209.9926471710205
3422,1745923256.5107932,182.92474746704102
3423,1745923256.7042236,182.42287635803223
3424,1745923256.8987257,183.04443359375
3425,1745923257.093367,183.41660499572754
3426,1745923257.3406885,236.77897453308105
3427,1745923257.5350003,183.29882621765137
3428,1745923257.7509227,205.08384704589844
3429,1745923258.7719643,nan
3430,1745923259.0836647,301.0096549987793
3431,1745923259.2768455,182.97481536865234
3432,1745923259.4704208,182.71827697753906
3433,1745923259.6641471,183.1684112548828
3434,1745923259.9026232,227.80966758728027
3435,1745923260.0968213,183.16054344177246
3436,1745923260.2908092,183.31551551818848
3437,1745923260.4954414,193.59683990478516
3438,1745923260.6919632,185.51087379455566
3439,1745923260.8860257,183.42185020446777
3440,1745923261.1311505,234.59863662719727
3441,1745923261.3255155,183.67409706115723
3442,1745923261.5209718,185.14466285705566
3443,1745923261.7150784,183.49003791809082
3444,1745923261.9091065,183.3045482635498
3445,1745923262.1673434,247.6804256439209
3446,1745923262.3606505,182.7998161315918
3447,1745923262.554146,182.97719955444336
3448,1745923262.7492673,184.01074409484863
3449,1745923262.9434862,183.20178985595703
3450,1745923263.1911955,237.18667030334473
3451,1745923263.4861982,284.53922271728516
3452,1745923263.679846,182.9228401184082
3453,1745923264.6988356,nan
3454,1745923264.8934357,184.13114547729492
3455,1745923265.1334188,229.45833206176758
3456,1745923265.4428768,298.4139919281006
3457,1745923265.6371307,183.71295928955078
3458,1745923265.8307366,182.3742389678955
3459,1745923266.0260549,183.79807472229004
3460,1745923266.220414,183.65836143493652
3461,1745923266.414337,183.01916122436523
3462,1745923266.608562,183.17604064941406
3463,1745923266.802519,182.91854858398438
3464,1745923266.9957538,182.56902694702148
3465,1745923267.1891851,182.3098659515381
3466,1745923267.382856,182.70373344421387
3467,1745923267.577219,183.34531784057617
3468,1745923267.772142,184.07845497131348
3469,1745923268.0052903,222.9015827178955
3470,1745923268.2983582,281.99243545532227
3471,1745923268.492085,183.1071376800537
3472,1745923268.6869574,184.16571617126465
3473,1745923268.8809159,183.46309661865234
3474,1745923269.0738509,182.41167068481445
3475,1745923269.3249702,240.08846282958984
3476,1745923269.5189173,182.82818794250488
3477,1745923269.728284,197.85356521606445
3478,1745923269.9243684,185.06860733032227
3479,1745923270.1482189,212.65506744384766
3480,1745923270.4133356,254.3938159942627
3481,1745923270.6064808,182.61051177978516
3482,1745923270.8009503,183.4242343902588
3483,1745923270.996187,184.28659439086914
3484,1745923271.2739913,266.21007919311523
3485,1745923271.4679747,182.9512119293213
3486,1745923272.490195,nan
3487,1745923272.6849363,184.00883674621582
3488,1745923272.8788662,182.58261680603027
3489,1745923273.0731175,183.31265449523926
3490,1745923273.2674406,183.4242343902588
3491,1745923273.4609046,182.9235553741455
3492,1745923273.7276452,255.9208869934082
3493,1745923273.9221768,184.01050567626953
3494,1745923274.116403,183.66050720214844
3495,1745923275.1375551,nan
3496,1745923276.160846,nan
3497,1745923276.378426,207.0159912109375
3498,1745923276.5723803,183.43710899353027
3499,1745923276.7661037,183.3956241607666
3500,1745923276.9598672,182.74831771850586
3501,1745923277.1530592,182.5578212738037
3502,1745923277.4230669,258.73565673828125
3503,1745923277.734004,300.24147033691406
3504,1745923278.030255,285.3736877441406
3505,1745923278.225125,183.35866928100586
3506,1745923278.4190526,182.92903900146484
3507,1745923278.6130385,182.91473388671875
3508,1745923278.8075266,183.38918685913086
3509,1745923279.0441208,226.14240646362305
3510,1745923279.2394698,184.15093421936035
3511,1745923280.2662003,nan
3512,1745923280.4612613,184.50665473937988
3513,1745923280.6560495,184.14950370788574
3514,1745923280.849956,183.5501194000244
3515,1745923281.0443642,183.8517189025879
3516,1745923281.2382762,183.3188533782959
3517,1745923281.5130205,264.202356338501
3518,1745923281.7059393,182.4047565460205
3519,1745923281.9006908,183.72201919555664
3520,1745923282.094091,182.88230895996094
3521,1745923282.2883708,183.32409858703613
3522,1745923282.4818695,182.8935146331787
3523,1745923282.6761267,182.91115760803223
3524,1745923282.8704367,183.78138542175293
3525,1745923283.064362,183.4092140197754
3526,1745923283.3523345,276.89146995544434
3527,1745923283.54687,183.69722366333008
3528,1745923283.742025,183.32338333129883
3529,1745923283.9370437,184.33046340942383
3530,1745923284.171844,224.05171394348145
3531,1745923284.3648877,182.48796463012695
3532,1745923284.5589843,182.69038200378418
3533,1745923284.753189,183.38966369628906
3534,1745923284.964493,200.58035850524902
3535,1745923285.1585624,183.05158615112305
3536,1745923285.3519795,182.26385116577148
3537,1745923285.5620327,198.93264770507812
3538,1745923285.766981,193.93253326416016
3539,1745923286.0084713,230.70502281188965
3540,1745923286.334042,315.0949478149414
3541,1745923286.5341187,189.47649002075195
3542,1745923286.7893987,244.61627006530762
3543,1745923286.9833999,183.4847927093506
3544,1745923287.176785,182.86561965942383
3545,1745923287.3709266,183.6104393005371
3546,1745923287.6533706,271.72064781188965
3547,1745923287.847279,183.49719047546387
3548,1745923288.042559,184.04579162597656
3549,1745923288.237245,184.16881561279297
3550,1745923288.4308195,182.9671859741211
3551,1745923288.6250317,183.71200561523438
3552,1745923288.8189266,182.38019943237305
3553,1745923289.012989,183.21728706359863
3554,1745923289.3033044,279.12425994873047
3555,1745923289.598625,284.83080863952637
3556,1745923289.7941196,184.29017066955566
3557,1745923289.987817,183.23063850402832
3558,1745923290.201262,202.63195037841797
3559,1745923291.2127671,nan
3560,1745923292.237474,nan
3561,1745923292.4303796,182.2335720062256
3562,1745923292.6273415,185.441255569458
3563,1745923292.8227437,184.37457084655762
3564,1745923293.019566,185.3024959564209
3565,1745923293.2773116,247.21240997314453
3566,1745923293.4724526,184.10634994506836
3567,1745923294.1168923,633.394718170166
3568,1745923294.314331,186.79189682006836
3569,1745923294.5100777,184.55982208251953
3570,1745923294.7069807,185.88972091674805
3571,1745923294.904409,186.22756004333496
3572,1745923295.9182885,nan
3573,1745923296.3538284,425.0679016113281
3574,1745923296.548843,184.51619148254395
3575,1745923296.7432334,183.88915061950684
3576,1745923296.939374,185.11223793029785
3577,1745923297.1329076,182.6930046081543
3578,1745923297.3272746,183.3477020263672
3579,1745923297.5220902,183.70842933654785
3580,1745923297.7181768,184.65304374694824
3581,1745923297.9144015,185.64105033874512
3582,1745923298.202061,277.0199775695801
3583,1745923298.3976047,184.49997901916504
3584,1745923298.5947485,186.4151954650879
3585,1745923298.7922242,186.33031845092773
3586,1745923298.9864151,183.61830711364746
3587,1745923299.2364395,238.78216743469238
3588,1745923299.533074,285.37511825561523
3589,1745923299.7293677,185.49871444702148
3590,1745923300.7423408,nan
3591,1745923300.9364805,183.56680870056152
3592,1745923301.1793635,232.37228393554688
3593,1745923301.4769,286.5030765533447
3594,1745923301.6730332,185.05406379699707
3595,1745923301.870639,186.34676933288574
3596,1745923302.890196,nan
3597,1745923303.0865004,185.86969375610352
3598,1745923303.2834575,186.42473220825195
3599,1745923303.5261455,231.66155815124512
3600,1745923303.7226672,185.4851245880127
3601,1745923304.737236,nan
3602,1745923304.9360461,188.2157325744629
3603,1745923305.1333253,186.57326698303223
3604,1745923305.3764145,232.0716381072998
3605,1745923305.684155,296.7205047607422
3606,1745923305.9947746,299.99423027038574
3607,1745923306.2897162,284.5747470855713
3608,1745923306.485505,184.6933364868164
3609,1745923306.6820016,185.97149848937988
3610,1745923306.8781424,185.90044975280762
3611,1745923307.07236,183.8228702545166
3612,1745923307.2681315,185.15610694885254
3613,1745923307.5203958,241.71996116638184
3614,1745923307.7159693,184.06248092651367
3615,1745923308.7294722,nan
3616,1745923308.926992,186.9983673095703
3617,1745923309.126874,189.3746852874756
3618,1745923309.3233974,185.43672561645508
3619,1745923309.5203624,185.80937385559082
3620,1745923309.7644014,233.29472541809082
3621,1745923309.9604344,185.05406379699707
3622,1745923310.1692224,198.26579093933105
3623,1745923311.1850908,nan
3624,1745923312.2081635,nan
3625,1745923312.40424,185.60481071472168
3626,1745923312.6000168,184.81779098510742
3627,1745923312.79654,186.00773811340332
3628,1745923312.9911087,183.93898010253906
3629,1745923313.188715,186.25974655151367
3630,1745923313.3845592,185.29319763183594
3631,1745923314.4049225,nan
3632,1745923314.5753639,1179.713487625122
3633,1745923314.6012037,185.5642795562744
3634,1745923314.7732747,187.1960163116455
3635,1745923314.7972386,185.01520156860352
3636,1745923314.9684653,184.02338027954102
3637,1745923314.993533,184.93032455444336
3638,1745923315.1638045,184.80801582336426
3639,1745923315.1885242,184.46588516235352
3640,1745923315.3594885,184.76438522338867
3641,1745923315.3846753,185.67442893981934
3642,1745923315.555378,184.80372428894043
3643,1745923315.579934,184.7224235534668
3644,1745923315.750761,184.45372581481934
3645,1745923315.7747982,184.68213081359863
3646,1745923315.948732,186.50269508361816
3647,1745923315.9702287,184.78131294250488
3648,1745923316.1451154,185.3346824645996
3649,1745923316.165244,184.51404571533203
3650,1745923316.3410344,185.40096282958984
3651,1745923316.3607502,184.9353313446045
3652,1745923316.5367703,184.7240924835205
3653,1745923316.5569694,185.6844425201416
3654,1745923316.7327697,184.60822105407715
3655,1745923316.7518008,184.2961311340332
3656,1745923316.9277873,183.9921474456787
3657,1745923316.9471912,184.84067916870117
3658,1745923317.1236553,185.5762004852295
3659,1745923317.1421528,184.1452121734619
3660,1745923317.319194,185.05239486694336
3661,1745923317.3390586,185.6365203857422
3662,1745923317.5132027,183.28070640563965
3663,1745923317.536077,186.08689308166504
3664,1745923317.707787,183.5935115814209
3665,1745923317.732793,185.90068817138672
3666,1745923317.9031246,184.48591232299805
3667,1745923317.9290454,185.68062782287598
3668,1745923318.0970347,183.23802947998047
3669,1745923318.1231353,183.43758583068848
3670,1745923318.2924027,184.83638763427734
3671,1745923318.3210227,186.8722438812256
3672,1745923318.488009,184.52978134155273
3673,1745923318.518757,186.45930290222168
3674,1745923318.6823428,183.6559772491455
3675,1745923318.7143288,184.53550338745117
3676,1745923318.8776891,184.2193603515625
3677,1745923318.9089167,184.01694297790527
3678,1745923319.0729759,184.2358112335205
3679,1745923319.1036098,183.60638618469238
3680,1745923319.2692373,185.11319160461426
3681,1745923319.298361,183.7296485900879
3682,1745923319.4639673,183.2120418548584
3683,1745923319.4940143,185.18328666687012
3684,1745923319.660234,184.75747108459473
3685,1745923319.6897347,185.12535095214844
3686,1745923319.8554676,184.59415435791016
3687,1745923319.884842,184.58199501037598
3688,1745923320.050564,184.6306324005127
3689,1745923320.0789773,183.61878395080566
3690,1745923320.2470634,185.47797203063965
3691,1745923320.2749636,185.2705478668213
3692,1745923320.4419212,184.34524536132812
3693,1745923320.4778132,191.79105758666992
3694,1745923320.6368878,183.82692337036133
3695,1745923320.6719983,183.50911140441895
3696,1745923320.8343155,186.39683723449707
3697,1745923320.8692548,185.54353713989258
3698,1745923321.0300853,185.22047996520996
3699,1745923321.0652406,185.4720115661621
3700,1745923321.2260444,185.3811740875244
3701,1745923321.2607145,183.9582920074463
3702,1745923321.4221303,185.48583984375
3703,1745923321.4551916,183.8550567626953
3704,1745923321.619144,186.06066703796387
3705,1745923321.650357,184.1115951538086
3706,1745923321.815809,185.53471565246582
3707,1745923321.8444388,183.5615634918213
3708,1745923322.0096047,182.74450302124023
3709,1745923322.0398266,183.53581428527832
3710,1745923322.2066276,186.234712600708
3711,1745923322.2351456,185.2123737335205
3712,1745923322.4028544,185.5607032775879
3713,1745923322.4310865,185.28985977172852
3714,1745923322.5976443,183.84957313537598
3715,1745923322.6272826,185.20545959472656
3716,1745923322.7925494,183.87126922607422
3717,1745923322.824118,185.7295036315918
3718,1745923322.987226,183.61139297485352
3719,1745923323.0203474,185.01877784729004
3720,1745923323.1828387,184.57531929016113
3721,1745923323.2180543,187.43252754211426
3722,1745923323.3789666,185.2426528930664
3723,1745923323.4123466,183.70556831359863
3724,1745923323.5751626,185.16826629638672
3725,1745923323.607812,184.8149299621582
3726,1745923323.770577,184.56315994262695
3727,1745923323.804159,185.83083152770996
3728,1745923323.9673984,185.77861785888672
3729,1745923324.0003672,185.64367294311523
3730,1745923324.1618085,183.35843086242676
3731,1745923324.1946309,183.46476554870605
3732,1745923324.355947,183.95280838012695
3733,1745923324.389172,184.01575088500977
3734,1745923324.5520978,185.18304824829102
3735,1745923324.584727,184.57484245300293
3736,1745923324.7487092,186.02418899536133
3737,1745923324.7803059,184.45158004760742
3738,1745923324.94374,184.68689918518066
3739,1745923324.9769132,185.0597858428955
3740,1745923325.1416159,185.32299995422363
3741,1745923325.1739967,186.7818832397461
3742,1745923325.3371246,184.7219467163086
3743,1745923325.3707476,185.73451042175293
3744,1745923325.534368,186.18226051330566
3745,1745923325.5654712,184.2036247253418
3746,1745923325.730082,185.04643440246582
3747,1745923325.7607026,184.77869033813477
3748,1745923325.9270627,186.31362915039062
3749,1745923325.9575198,185.67228317260742
3750,1745923326.1234338,184.34691429138184
3751,1745923326.1541893,185.61387062072754
3752,1745923326.3209198,186.9666576385498
3753,1745923326.350673,184.94367599487305
3754,1745923326.5172782,185.8367919921875
3755,1745923326.5463028,185.1065158843994
3756,1745923326.7143333,186.06805801391602
3757,1745923326.743159,185.88709831237793
3758,1745923326.9089954,183.91108512878418
3759,1745923326.9377513,183.31646919250488
3760,1745923327.1071107,187.03532218933105
3761,1745923327.135742,186.83362007141113
3762,1745923327.3059878,188.31706047058105
3763,1745923327.3303108,183.8829517364502
3764,1745923327.5018802,184.80563163757324
3765,1745923327.525973,184.64136123657227
3766,1745923327.697284,184.83543395996094
3767,1745923327.7237248,187.02316284179688
3768,1745923327.895346,186.8290901184082
3769,1745923327.9190753,184.33690071105957
3770,1745923328.090456,184.48114395141602
3771,1745923328.114578,184.19218063354492
3772,1745923328.28924,187.73412704467773
3773,1745923328.3118746,186.2657070159912
3774,1745923328.4860957,185.76288223266602
3775,1745923328.5068562,184.39865112304688
3776,1745923328.6825252,185.7771873474121
3777,1745923328.7024717,184.6015453338623
3778,1745923328.8793595,186.0489845275879
3779,1745923328.8979406,185.0895881652832
3780,1745923329.0750806,184.69643592834473
3781,1745923329.0932975,184.57818031311035
3782,1745923329.2720468,186.445951461792
3783,1745923329.2875898,183.25448036193848
3784,1745923329.4682767,185.7016086578369
3785,1745923329.4833143,185.20021438598633
3786,1745923329.6629426,183.84170532226562
3787,1745923329.6790662,185.0757598876953
3788,1745923329.8590205,185.04071235656738
3789,1745923329.8761356,186.22112274169922
3790,1745923330.057056,186.6912841796875
3791,1745923330.0731416,185.67204475402832
3792,1745923330.2525086,184.9040985107422
3793,1745923330.2679882,184.24391746520996
3794,1745923330.4507554,186.83123588562012
3795,1745923330.463777,184.63706970214844
3796,1745923330.647651,186.3851547241211
3797,1745923330.6596985,184.9040985107422
3798,1745923330.844668,185.9745979309082
3799,1745923330.855965,185.73498725891113
3800,1745923331.0406933,185.73451042175293
3801,1745923331.0519867,185.76478958129883
3802,1745923331.237159,185.76717376708984
3803,1745923331.2488663,185.93811988830566
3804,1745923331.434982,186.2342357635498
3805,1745923331.4463935,187.00814247131348
3806,1745923331.630044,184.76319313049316
3807,1745923331.6411421,184.1444969177246
3808,1745923331.826469,185.32681465148926
3809,1745923331.8385656,186.2316131591797
3810,1745923332.0229993,185.4400634765625
3811,1745923332.0349271,185.8665943145752
3812,1745923332.2186823,184.77106094360352
3813,1745923332.2307458,185.21595001220703
3814,1745923332.4143195,184.57937240600586
3815,1745923332.4263778,185.11486053466797
3816,1745923332.6107683,185.66155433654785
3817,1745923332.6220372,185.2126121520996
3818,1745923332.8081973,186.75971031188965
3819,1745923332.820238,187.66355514526367
3820,1745923333.0033848,183.6683750152588
3821,1745923333.0154002,184.47399139404297
3822,1745923333.2001805,185.7888698577881
3823,1745923333.2107427,184.80396270751953
3824,1745923333.3970718,186.32912635803223
3825,1745923333.4089277,186.51366233825684
3826,1745923333.5919218,183.99930000305176
3827,1745923333.6041853,184.74936485290527
3828,1745923333.7896802,186.5077018737793
3829,1745923333.8002086,185.3933334350586
3830,1745923333.9860575,185.84895133972168
3831,1745923333.9977546,186.0642433166504
3832,1745923334.1798074,183.06732177734375
3833,1745923334.192538,184.26084518432617
3834,1745923334.3754485,184.43560600280762
3835,1745923334.387117,184.27348136901855
3836,1745923334.5809474,194.34404373168945
3837,1745923334.5919662,193.9849853515625
3838,1745923334.7761807,184.21459197998047
3839,1745923334.7892485,185.70637702941895
3840,1745923334.990023,202.79312133789062
3841,1745923335.00221,202.4390697479248
3842,1745923335.1890378,187.96205520629883
3843,1745923335.2007093,187.81614303588867
3844,1745923335.3874722,187.32023239135742
3845,1745923335.4061077,194.62108612060547
3846,1745923335.5886908,190.60778617858887
3847,1745923335.6010857,183.9287281036377
3848,1745923335.8128843,213.52434158325195
3849,1745923335.824896,213.25421333312988
3850,1745923336.0084336,184.62324142456055
3851,1745923336.0203009,184.495210647583
3852,1745923336.2049322,185.64391136169434
3853,1745923336.2169588,186.13219261169434
3854,1745923336.4238937,207.95297622680664
3855,1745923336.435544,208.0368995666504
3856,1745923336.6190588,184.03315544128418
3857,1745923336.6494553,202.78239250183105
3858,1745923336.833606,204.1928768157959
3859,1745923336.8464441,186.4004135131836
3860,1745923337.0290425,184.68284606933594
3861,1745923337.0437894,187.0424747467041
3862,1745923337.2253225,185.05549430847168
3863,1745923337.265071,210.68120002746582
3864,1745923337.4201612,183.71033668518066
3865,1745923337.4768093,200.22130012512207
3866,1745923337.6163676,185.18829345703125
3867,1745923337.670393,182.35158920288086
3868,1745923337.8125527,185.32967567443848
3869,1745923337.8649952,183.31098556518555
3870,1745923338.007163,184.05747413635254
3871,1745923338.0598154,183.58635902404785
3872,1745923338.200981,182.58213996887207
3873,1745923338.2548964,184.44395065307617
3874,1745923338.3968697,184.31353569030762
3875,1745923338.44766,182.07192420959473
3876,1745923338.5909169,182.91568756103516
3877,1745923338.6409817,182.5573444366455
3878,1745923338.7859888,183.97808074951172
3879,1745923338.8347867,182.8019618988037
3880,1745923338.985191,188.1256103515625
3881,1745923339.0285785,183.29763412475586
3882,1745923339.180188,183.93445014953613
3883,1745923339.2262783,186.45000457763672
3884,1745923339.378022,186.7523193359375
3885,1745923339.4191647,182.2810173034668
3886,1745923339.5733738,183.99810791015625
3887,1745923339.612834,182.80291557312012
3888,1745923339.7672336,183.22086334228516
3889,1745923339.8086226,184.68689918518066
3890,1745923339.9624703,184.22293663024902
3891,1745923340.0025063,183.34484100341797
3892,1745923340.1577713,184.7214698791504
3893,1745923340.1963532,183.0582618713379
3894,1745923340.3518286,183.46333503723145
3895,1745923340.3894954,182.6038360595703
3896,1745923340.546348,183.46071243286133
3897,1745923340.5838974,183.5765838623047
3898,1745923340.739956,182.81197547912598
3899,1745923340.7782042,183.6986541748047
3900,1745923340.9348004,184.31329727172852
3901,1745923340.972026,182.53493309020996
3902,1745923341.129298,183.08687210083008
3903,1745923341.166093,182.46006965637207
3904,1745923341.3232906,182.96337127685547
3905,1745923341.360721,182.3410987854004
3906,1745923341.5175483,183.20679664611816
3907,1745923341.553853,182.85679817199707
3908,1745923341.7108195,182.68585205078125
3909,1745923341.7463279,182.04379081726074
3910,1745923341.9043753,182.5389862060547
3911,1745923341.9404476,183.00986289978027
3912,1745923342.0982592,182.4629306793213
3913,1745923342.134866,183.17532539367676
3914,1745923342.2926748,183.39085578918457
3915,1745923342.32873,182.96289443969727
3916,1745923342.4870713,183.3505630493164
3917,1745923342.5221276,182.36517906188965
3918,1745923342.6808329,182.816743850708
3919,1745923342.71751,183.9888095855713
3920,1745923342.8749006,183.0275058746338
3921,1745923342.9122808,183.78305435180664
3922,1745923343.0697474,183.6392879486084
3923,1745923343.10603,182.88373947143555
3924,1745923343.2653627,184.4322681427002
3925,1745923343.3010352,183.94064903259277
3926,1745923343.4601884,184.36598777770996
3927,1745923343.494848,182.76453018188477
3928,1745923343.654735,183.23421478271484
3929,1745923343.6881912,182.7371120452881
3930,1745923343.850092,184.00812149047852
3931,1745923343.8832266,184.2200756072998
3932,1745923344.0452857,184.38029289245605
3933,1745923344.0774217,183.59112739562988
3934,1745923344.2393851,183.13145637512207
3935,1745923344.2700531,182.25502967834473
3936,1745923344.434589,184.1573715209961
3937,1745923344.4628615,181.8079948425293
3938,1745923344.628512,183.31646919250488
3939,1745923344.6577232,183.5918426513672
3940,1745923344.8239386,184.39340591430664
3941,1745923344.8562663,187.42680549621582
3942,1745923345.0184233,183.95113945007324
3943,1745923345.0501401,182.85155296325684
3944,1745923345.211817,182.96432495117188
3945,1745923345.2435265,182.65247344970703
3946,1745923345.4049306,182.60431289672852
3947,1745923345.438144,183.1185817718506
3948,1745923345.598837,182.8293800354004
3949,1745923345.6318827,182.6932430267334
3950,1745923345.793238,183.5799217224121
3951,1745923345.824836,182.33108520507812
3952,1745923345.987222,183.52961540222168
3953,1745923346.0180306,182.49750137329102
3954,1745923346.1820984,183.61592292785645
3955,1745923346.213451,184.16762351989746
3956,1745923346.3761694,183.2582950592041
3957,1745923346.4064467,181.94341659545898
3958,1745923346.5683844,181.99706077575684
3959,1745923346.6004713,182.99436569213867
3960,1745923346.7630684,183.0761432647705
3961,1745923346.793341,182.3122501373291
3962,1745923346.957152,182.89566040039062
3963,1745923346.988189,183.5172176361084
3964,1745923347.1522014,183.66503715515137
3965,1745923347.1809652,182.28650093078613
3966,1745923347.3459365,183.1839084625244
3967,1745923347.374343,182.50703811645508
3968,1745923347.5399823,183.52603912353516
3969,1745923347.5682108,182.90352821350098
3970,1745923347.7338412,183.2566261291504
3971,1745923347.7619152,183.13860893249512
3972,1745923347.928194,183.6259365081787
3973,1745923348.185084,246.35815620422363
3974,1745923348.4201357,224.07984733581543
3975,1745923348.682872,251.7068386077881
3976,1745923348.8802884,186.7849826812744
3977,1745923349.0771222,186.14459037780762
3978,1745923350.0904872,nan
3979,1745923350.5300922,429.0788173675537
3980,1745923350.7339783,193.29476356506348
3981,1745923350.9290812,184.1440200805664
3982,1745923351.1249022,184.66949462890625
3983,1745923351.3223574,186.42497062683105
3984,1745923351.5163133,183.42280387878418
3985,1745923351.7549984,227.72932052612305
3986,1745923351.9509654,185.1806640625
3987,1745923352.1466928,184.91458892822266
3988,1745923352.3442595,187.24846839904785
3989,1745923352.5398002,184.33761596679688
3990,1745923352.7385752,187.73126602172852
3991,1745923352.9333544,184.14068222045898
3992,1745923353.1279156,184.0384006500244
3993,1745923353.3885026,249.51577186584473
3994,1745923353.5872786,188.25721740722656
3995,1745923353.784403,186.11717224121094
3996,1745923353.9792671,184.25774574279785
3997,1745923354.1757665,185.96577644348145
3998,1745923354.4251363,238.21425437927246
3999,1745923354.7202733,283.7824821472168
4000,1745923354.918349,186.28644943237305
4001,1745923355.1158032,186.95664405822754
4002,1745923355.3102436,183.5775375366211
4003,1745923355.5452,223.9398956298828
4004,1745923355.7402894,183.76898765563965
4005,1745923356.7570565,nan
4006,1745923356.9543417,186.68293952941895
4007,1745923357.1483831,183.63618850708008
4008,1745923357.3442042,185.32919883728027
4009,1745923357.5407383,185.49442291259766
4010,1745923357.7346423,183.25448036193848
4011,1745923357.9302635,184.55195426940918
4012,1745923358.2163901,275.51841735839844
4013,1745923358.5062208,279.2978286743164
4014,1745923358.7039292,187.16907501220703
4015,1745923358.8986008,184.0357780456543
4016,1745923359.0953717,186.44285202026367
4017,1745923359.3430126,237.31040954589844
4018,1745923359.6485667,294.68393325805664
4019,1745923359.9588957,299.0689277648926
4020,1745923360.2547815,284.81340408325195
4021,1745923360.452123,186.74278259277344
4022,1745923360.6608691,198.20022583007812
4023,1745923360.8611348,189.22185897827148
4024,1745923361.0568118,184.74650382995605
4025,1745923361.277698,210.33978462219238
4026,1745923361.475229,186.96165084838867
4027,1745923361.6701705,184.2367649078369
4028,1745923361.8660817,185.06121635437012
4029,1745923362.0605044,183.80212783813477
4030,1745923362.312738,240.62705039978027
4031,1745923362.6085217,284.9247455596924
4032,1745923362.8055935,185.97984313964844
4033,1745923363.0024178,185.77933311462402
4034,1745923363.1983128,185.15920639038086
4035,1745923363.3918803,182.85322189331055
4036,1745923363.6253645,222.12982177734375
4037,1745923363.822408,186.01679801940918
4038,1745923364.0199409,185.95075607299805
4039,1745923364.215023,184.5412254333496
4040,1745923364.4589622,232.81550407409668
4041,1745923364.752352,282.4263572692871
4042,1745923364.9489417,185.4562759399414
4043,1745923365.1425755,182.73115158081055
4044,1745923365.3400831,186.40732765197754
4045,1745923365.5748982,224.67517852783203
4046,1745923365.7721846,186.77616119384766
4047,1745923365.9670057,183.29119682312012
4048,1745923366.1619482,184.86666679382324
4049,1745923366.3907313,218.2471752166748
4050,1745923366.5877934,186.03992462158203
4051,1745923366.78412,185.2109432220459
4052,1745923366.9820316,187.49761581420898
4053,1745923367.1780322,185.28985977172852
4054,1745923367.4251206,236.05966567993164
4055,1745923367.6197412,184.0972900390625
4056,1745923368.6334174,nan
4057,1745923368.827953,184.04793739318848
4058,1745923369.0227945,183.90679359436035
4059,1745923369.2186801,184.86380577087402
4060,1745923369.413343,184.0510368347168
4061,1745923369.6100295,185.65917015075684
4062,1745923369.8919046,270.0185775756836
4063,1745923370.189186,285.8734130859375
4064,1745923370.4968386,296.5266704559326
4065,1745923370.6908004,183.4278106689453
4066,1745923370.8996751,198.30965995788574
4067,1745923371.0969748,186.2790584564209
4068,1745923371.2904017,183.21919441223145
4069,1745923371.510888,208.6029052734375
4070,1745923371.7089274,186.6006851196289
4071,1745923372.7303998,nan
4072,1745923372.92821,187.1786117553711
4073,1745923373.127167,187.8495216369629
4074,1745923373.3707948,233.0493927001953
4075,1745923373.6666493,284.4569683074951
4076,1745923373.8630836,185.04643440246582
4077,1745923374.8803976,nan
4078,1745923375.0754657,184.5412254333496
4079,1745923375.3190017,232.47313499450684
4080,1745923375.6281915,298.44117164611816
4081,1745923376.0343187,394.8040008544922
4082,1745923376.3460639,301.2113571166992
4083,1745923376.6566236,299.9849319458008
4084,1745923376.868856,201.6928195953369
4085,1745923377.0641234,184.6144199371338
4086,1745923377.2604144,185.12296676635742
4087,1745923377.5589998,287.57476806640625
4088,1745923377.755039,185.46748161315918
4089,1745923377.950602,185.04905700683594
4090,1745923378.9684007,nan
4091,1745923379.1646495,185.73355674743652
4092,1745923379.4063218,230.8194637298584
4093,1745923379.6005683,183.52866172790527
4094,1745923380.6183863,nan
4095,1745923380.8219194,191.7121410369873
4096,1745923381.0200977,187.92462348937988
4097,1745923381.2162561,185.84465980529785
4098,1745923381.4569466,229.47931289672852
4099,1745923381.763167,295.57275772094727
4100,1745923382.0760863,302.3402690887451
4101,1745923382.3862958,299.62754249572754
4102,1745923382.6824012,285.3972911834717
4103,1745923382.8783586,185.69087982177734
4104,1745923383.077628,188.0335807800293
4105,1745923383.274494,186.40947341918945
4106,1745923383.5041623,218.5838222503662
4107,1745923383.8123999,297.65987396240234
4108,1745923384.1194181,296.33140563964844
4109,1745923384.431087,301.01704597473145
4110,1745923384.626486,184.3128204345703
4111,1745923384.8225923,185.32514572143555
4112,1745923385.0172582,184.01670455932617
4113,1745923385.2142591,185.95194816589355
4114,1745923385.4081638,182.7843189239502
4115,1745923385.651976,232.43379592895508
4116,1745923385.8475463,184.8142147064209
4117,1745923386.04205,183.9749813079834
4118,1745923387.0608656,nan
4119,1745923387.2542758,182.64007568359375
4120,1745923387.4477448,182.49893188476562
4121,1745923387.641981,183.04729461669922
4122,1745923387.836437,183.38775634765625
4123,1745923388.1005347,253.18098068237305
4124,1745923388.2962224,183.87579917907715
4125,1745923388.5071697,200.3951072692871
4126,1745923389.5335824,nan
4127,1745923390.5532181,nan
4128,1745923390.7569244,193.18079948425293
4129,1745923390.9502933,182.8463077545166
4130,1745923391.1454256,184.60988998413086
4131,1745923391.33985,183.8819980621338
4132,1745923391.5808525,230.4232120513916
4133,1745923391.7759056,183.4428310394287
4134,1745923391.9720438,185.6389045715332
4135,1745923392.1658485,182.75070190429688
4136,1745923392.4152877,238.55042457580566
4137,1745923392.72306,296.220064163208
4138,1745923392.9249902,191.72406196594238
4139,1745923393.2364554,300.5671501159668
4140,1745923393.5486777,301.2094497680664
4141,1745923393.743096,183.89463424682617
4142,1745923393.9363787,182.74426460266113
4143,1745923394.962063,nan
4144,1745923395.156424,183.83193016052246
4145,1745923395.383063,215.04902839660645
4146,1745923395.6937487,299.9105453491211
4147,1745923395.887996,183.5789680480957
4148,1745923396.9069839,nan
4149,1745923397.1003551,182.86800384521484
4150,1745923397.2952478,183.69674682617188
4151,1745923397.4899402,184.18312072753906
4152,1745923397.7393947,238.85846138000488
4153,1745923398.0468335,296.30088806152344
4154,1745923398.358535,300.6446361541748
4155,1745923398.6150787,245.55134773254395
4156,1745923398.8103864,184.27801132202148
4157,1745923399.0069747,185.53900718688965
4158,1745923399.2019641,184.3860149383545
4159,1745923399.399299,186.19632720947266
4160,1745923399.5966733,186.10882759094238
4161,1745923399.8967986,289.4313335418701
4162,1745923400.1934733,286.1440181732178
4163,1745923400.5008028,296.4813709259033
4164,1745923400.8164825,304.1729927062988
4165,1745923401.014375,187.2878074645996
4166,1745923401.209806,184.88478660583496
4167,1745923401.4060142,185.17351150512695
4168,1745923402.426507,nan
4169,1745923402.659977,222.8100299835205
4170,1745923402.9461477,274.52754974365234
4171,1745923403.1419706,185.48941612243652
4172,1745923403.3363366,183.81285667419434
4173,1745923403.5319502,184.58843231201172
4174,1745923403.7780256,235.23616790771484
4175,1745923403.9722314,183.57610702514648
4176,1745923404.1818671,198.49586486816406
4177,1745923404.397238,204.07605171203613
4178,1745923404.7024283,294.6739196777344
4179,1745923404.8960657,183.0732822418213
4180,1745923405.089827,182.71994590759277
4181,1745923405.2829282,182.5695037841797
4182,1745923405.4760187,182.36160278320312
4183,1745923405.723455,236.26470565795898
4184,1745923405.916776,182.78050422668457
4185,1745923406.1100738,182.92546272277832
4186,1745923406.3043134,183.4850311279297
4187,1745923406.4979324,183.08091163635254
4188,1745923406.6925187,183.86292457580566
4189,1745923406.8880394,184.84020233154297
4190,1745923407.0818744,183.3016872406006
4191,1745923407.2777698,183.92062187194824
4192,1745923407.4706402,182.32321739196777
4193,1745923407.6657202,184.05485153198242
4194,1745923407.8589911,182.2493076324463
4195,1745923408.0540314,183.89654159545898
4196,1745923408.2481668,183.10117721557617
4197,1745923408.4909623,232.28001594543457
4198,1745923408.784896,283.45417976379395
4199,1745923408.9788322,182.89542198181152
4200,1745923409.1726632,182.7995777130127
4201,1745923409.3670626,183.1493377685547
4202,1745923409.604889,226.78875923156738
4203,1745923409.797962,182.35397338867188
4204,1745923409.993856,184.4344139099121
4205,1745923410.1888201,183.33053588867188
4206,1745923410.4434426,244.20976638793945
4207,1745923410.7361526,282.620906829834
4208,1745923410.9297109,182.85846710205078
4209,1745923411.124377,183.46452713012695
4210,1745923411.3193507,184.4334602355957
4211,1745923411.5129964,183.1674575805664
4212,1745923411.707316,183.27808380126953
4213,1745923411.9579318,239.50624465942383
4214,1745923412.1521497,182.6331615447998
4215,1745923413.1775079,nan
4216,1745923413.413192,224.89452362060547
4217,1745923413.7104993,286.6859436035156
4218,1745923413.9048572,183.33053588867188
4219,1745923414.0991051,183.44998359680176
4220,1745923415.1201584,nan
4221,1745923415.314303,183.6235523223877
4222,1745923415.5593178,234.69924926757812
4223,1745923415.85542,285.13503074645996
4224,1745923416.0498168,183.9919090270996
4225,1745923416.2437472,183.26210975646973
4226,1745923416.438411,183.54535102844238
4227,1745923416.6785023,229.67052459716797
4228,1745923416.872138,182.91568756103516
4229,1745923417.0679798,185.23502349853516
4230,1745923417.2607694,182.45840072631836
4231,1745923417.4546902,182.75880813598633
4232,1745923417.6485276,183.32910537719727
4233,1745923417.843288,184.13805961608887
4234,1745923418.037307,183.29668045043945
4235,1745923418.3088706,261.2638473510742
4236,1745923418.5030916,183.89201164245605
4237,1745923418.697331,183.08496475219727
4238,1745923418.8924096,183.52437019348145
4239,1745923419.08683,184.14044380187988
4240,1745923419.28086,182.06787109375
4241,1745923419.5462575,255.12099266052246
4242,1745923419.7425277,185.2719783782959
4243,1745923419.9369733,183.98237228393555
4244,1745923420.9618022,nan
4245,1745923421.1561308,183.78496170043945
4246,1745923421.3978615,231.21333122253418
4247,1745923421.695257,286.8783473968506
4248,1745923421.890741,184.2818260192871
4249,1745923422.0834017,182.52182006835938
4250,1745923422.2805326,185.75024604797363
4251,1745923422.5167518,225.68988800048828
4252,1745923422.7122185,184.42130088806152
4253,1745923422.905906,182.56163597106934
4254,1745923423.0999153,183.00127983093262
4255,1745923423.2945452,183.5041046142578
4256,1745923423.5444798,239.41802978515625
4257,1745923423.8539045,298.80332946777344
4258,1745923424.1659596,301.2278079986572
4259,1745923424.461874,285.29810905456543
4260,1745923424.6554399,182.7540397644043
4261,1745923424.8492043,183.06446075439453
4262,1745923425.043324,183.06541442871094
4263,1745923425.2372482,183.27569961547852
4264,1745923425.4843183,236.0081672668457
4265,1745923425.6861918,190.83404541015625
4266,1745923425.8815756,184.63540077209473
4267,1745923426.0750823,182.9092502593994
4268,1745923426.2694604,183.12358856201172
4269,1745923426.5062945,225.25882720947266
4270,1745923426.7002742,182.55138397216797
4271,1745923426.8935971,182.9218864440918
4272,1745923427.0881765,183.61282348632812
4273,1745923427.28368,184.34906005859375
4274,1745923427.4771981,183.32386016845703
4275,1745923427.6706247,183.0446720123291
4276,1745923427.8657997,184.65089797973633
4277,1745923428.059581,182.7716827392578
4278,1745923428.3548539,284.2411994934082
4279,1745923428.623883,257.9967975616455
4280,1745923428.8199456,185.17255783081055
4281,1745923429.0137024,183.07089805603027
4282,1745923429.2079244,183.5310459136963
4283,1745923429.4020073,182.38139152526855
4284,1745923429.6843019,271.7902660369873
4285,1745923429.877363,182.50274658203125
4286,1745923430.0710757,182.63936042785645
4287,1745923430.265188,182.84130096435547
4288,1745923430.504954,228.4846305847168
4289,1745923430.6989477,182.88612365722656
4290,1745923431.714214,nan
4291,1745923432.7275329,nan
4292,1745923432.9218125,182.27791786193848
4293,1745923433.1170382,184.49020385742188
4294,1745923433.3131726,184.98802185058594
4295,1745923433.583974,259.6273422241211
4296,1745923433.7780197,183.00986289978027
4297,1745923433.9719727,183.0756664276123
4298,1745923434.1670003,183.59136581420898
4299,1745923434.360421,182.9679012298584
4300,1745923434.5920258,220.37649154663086
4301,1745923434.7860634,182.86728858947754
4302,1745923434.9805415,183.06589126586914
4303,1745923435.1745167,183.4554672241211
4304,1745923435.3686967,183.6397647857666
4305,1745923435.613377,234.15803909301758
4306,1745923435.8061585,182.24143981933594
4307,1745923436.8220708,nan
4308,1745923437.014934,182.38162994384766
4309,1745923437.2079632,182.28507041931152
4310,1745923437.400736,182.4042797088623
4311,1745923437.595929,183.64787101745605
4312,1745923437.788995,182.51967430114746
4313,1745923438.0840075,284.23523902893066
4314,1745923438.2785017,183.41350555419922
4315,1745923438.472043,182.97481536865234
4316,1745923438.6663373,183.18819999694824
4317,1745923438.8604002,183.03990364074707
4318,1745923439.0542743,183.26067924499512
4319,1745923439.248763,183.9432716369629
4320,1745923439.443517,184.1895580291748
4321,1745923439.7088475,254.4271945953369
4322,1745923439.9038837,184.05890464782715
4323,1745923440.92751,nan
4324,1745923441.1279945,189.7408962249756
4325,1745923441.3219793,183.21585655212402
4326,1745923441.5203063,187.1020793914795
4327,1745923441.7151263,184.03339385986328
4328,1745923441.9633973,237.5321388244629
4329,1745923442.1579747,183.04157257080078
4330,1745923443.1820636,nan
4331,1745923443.3752947,182.7077865600586
4332,1745923443.6202178,233.8871955871582
4333,1745923443.91511,283.613920211792
4334,1745923444.1103644,184.07225608825684
4335,1745923445.1223474,nan
4336,1745923445.3153803,182.20973014831543
4337,1745923445.5646546,237.9148006439209
4338,1745923445.7591443,183.17627906799316
4339,1745923445.9535637,183.40301513671875
4340,1745923446.146942,182.8022003173828
4341,1745923446.3403714,183.27713012695312
4342,1745923446.534016,183.13360214233398
4343,1745923446.7289596,184.08560752868652
4344,1745923446.924015,184.04340744018555
4345,1745923447.1788979,243.85356903076172
4346,1745923447.3711207,181.8864345550537
4347,1745923447.5681224,186.32936477661133
4348,1745923447.7623222,183.52103233337402
4349,1745923447.9560037,182.97791481018066
4350,1745923448.1538227,186.5851879119873
4351,1745923448.347214,182.83987045288086
4352,1745923448.5410204,182.76166915893555
4353,1745923448.7347174,182.47747421264648
4354,1745923448.9307039,184.97180938720703
4355,1745923449.1236794,182.40666389465332
4356,1745923449.3174753,182.6019287109375
4357,1745923449.5130925,184.0231418609619
4358,1745923449.7558155,232.07497596740723
4359,1745923449.9497626,182.9221248626709
4360,1745923450.1441212,183.49838256835938
4361,1745923450.3379345,183.305025100708
4362,1745923450.5320933,183.13908576965332
4363,1745923450.7301838,187.38079071044922
4364,1745923450.9257207,184.7686767578125
4365,1745923451.1198432,183.11166763305664
4366,1745923451.3131955,182.42716789245605
4367,1745923451.5209477,197.21317291259766
4368,1745923451.7145503,183.40468406677246
4369,1745923451.9285653,203.3517360687256
4370,1745923452.217821,278.3799171447754
4371,1745923452.410723,182.54613876342773
4372,1745923452.6063123,184.56578254699707
4373,1745923453.6193218,nan
4374,1745923453.8139346,184.08727645874023
4375,1745923454.0082996,183.51101875305176
4376,1745923454.270154,251.36852264404297
4377,1745923454.5668452,285.58802604675293
4378,1745923454.760215,182.4648380279541
4379,1745923454.9542816,182.97505378723145
4380,1745923455.1470559,182.25955963134766
4381,1745923455.3406239,182.67178535461426
4382,1745923455.542342,190.4275417327881
4383,1745923455.803095,250.12469291687012
4384,1745923456.111736,296.520471572876
4385,1745923456.305704,183.44545364379883
4386,1745923456.4989865,182.7719211578369
4387,1745923456.692892,182.9056739807129
4388,1745923456.8874876,183.23040008544922
4389,1745923457.0804389,182.4204921722412
4390,1745923457.2741241,182.77668952941895
4391,1745923457.4695172,184.36288833618164
4392,1745923457.7432191,263.1654739379883
4393,1745923457.9433649,189.10789489746094
4394,1745923458.136953,183.01033973693848
4395,1745923459.1577303,nan
4396,1745923459.3519475,183.5763454437256
4397,1745923459.54588,183.61377716064453
4398,1745923459.7402601,183.18557739257812
4399,1745923459.9998336,248.75473976135254
4400,1745923460.309972,299.50881004333496
4401,1745923460.6060278,285.3996753692627
4402,1745923460.91614,299.0844249725342
4403,1745923461.1460998,219.2230224609375
4404,1745923461.3398101,182.81078338623047
4405,1745923461.6426218,292.18459129333496
4406,1745923461.8357773,182.2490692138672
4407,1745923462.029869,183.3329200744629
4408,1745923462.226166,185.33658981323242
4409,1745923463.2525299,nan
4410,1745923463.445181,182.1293830871582
4411,1745923463.690214,233.98303985595703
4412,1745923463.9872491,285.51506996154785
4413,1745923464.1807315,182.9531192779541
4414,1745923464.3738194,182.34705924987793
4415,1745923464.568937,183.1815242767334
4416,1745923464.7620635,182.65938758850098
4417,1745923464.9559343,182.84201622009277
4418,1745923465.1510293,184.00025367736816
4419,1745923465.3453236,183.25090408325195
4420,1745923465.539693,183.32600593566895
4421,1745923465.7332096,182.6801300048828
4422,1745923465.9283106,183.92252922058105
4423,1745923466.1821525,242.79356002807617
4424,1745923466.3760836,182.86657333374023
4425,1745923466.5701184,183.00485610961914
4426,1745923466.7638814,182.74283409118652
4427,1745923466.9581995,183.29572677612305
4428,1745923467.1530159,184.29112434387207
4429,1745923467.3472793,183.72035026550293
4430,1745923467.5426307,184.81969833374023
4431,1745923467.738435,184.78083610534668
4432,1745923467.9318907,182.19780921936035
4433,1745923468.1262522,183.09688568115234
4434,1745923468.3206918,183.40301513671875
4435,1745923468.5149114,183.5954189300537
4436,1745923468.7081852,182.6310157775879
4437,1745923468.9019856,182.7707290649414
4438,1745923469.0958724,183.3477020263672
4439,1745923469.2911384,184.73315238952637
4440,1745923469.4851012,183.3343505859375
4441,1745923469.6791515,183.3202838897705
4442,1745923469.9349508,244.82393264770508
4443,1745923470.1652617,219.6519374847412
4444,1745923470.3590868,183.31098556518555
4445,1745923470.561048,190.7980442047119
4446,1745923471.5755236,nan
4447,1745923471.8723938,286.07702255249023
4448,1745923472.0667577,183.2559108734131
4449,1745923472.2620153,184.21602249145508
4450,1745923473.279024,nan
4451,1745923473.4726703,183.11190605163574
4452,1745923473.6662707,182.50679969787598
4453,1745923473.917346,240.53549766540527
4454,1745923474.1104188,182.5566291809082
4455,1745923474.3055246,183.99286270141602
4456,1745923474.498926,182.84869194030762
4457,1745923474.750083,240.1895523071289
4458,1745923475.045748,285.1884365081787
4459,1745923475.2397738,182.92236328125
4460,1745923475.433871,183.01820755004883
4461,1745923475.6288774,183.94899368286133
4462,1745923475.8871746,247.64132499694824
4463,1745923476.1704314,272.5651264190674
4464,1745923476.364763,182.77573585510254
4465,1745923476.5576763,182.33609199523926
4466,1745923476.7519138,183.20465087890625
4467,1745923476.9457889,183.0463409423828
4468,1745923477.1397102,183.00390243530273
4469,1745923477.333712,182.66797065734863
4470,1745923477.5274205,182.64460563659668
4471,1745923477.721962,183.55464935302734
4472,1745923477.9156532,183.04944038391113
4473,1745923478.1097364,183.0430030822754
4474,1745923478.303849,183.09783935546875
4475,1745923479.3304644,nan
4476,1745923479.525175,184.0968132019043
4477,1745923479.764807,229.31361198425293
4478,1745923479.9584906,182.63697624206543
4479,1745923480.1506867,181.6728115081787
4480,1745923480.344842,182.60931968688965
4481,1745923480.5419414,186.07735633850098
4482,1745923480.7930694,240.5714988708496
4483,1745923480.9863477,182.74402618408203
4484,1745923481.1802084,182.8320026397705
4485,1745923481.3738325,182.0831298828125
4486,1745923481.5686905,183.65907669067383
4487,1745923481.7632713,183.82978439331055
4488,1745923482.0187728,244.45128440856934
4489,1745923482.3291197,299.70240592956543
4490,1745923482.5231795,183.5465431213379
4491,1745923482.7169886,183.29119682312012
4492,1745923482.9103503,182.49154090881348
4493,1745923483.1050746,182.6951503753662
4494,1745923483.2998686,183.76851081848145
4495,1745923483.493232,182.86848068237305
4496,1745923483.686839,183.04872512817383
4497,1745923483.9639685,266.7117118835449
4498,1745923484.2627428,288.238525390625
4499,1745923484.4569948,183.08377265930176
4500,1745923485.4766626,nan
4501,1745923485.67078,183.55035781860352
4502,1745923485.9125,230.55720329284668
4503,1745923486.2044373,281.42285346984863
4504,1745923486.3990822,183.58826637268066
4505,1745923487.4140244,nan
4506,1745923487.6072206,182.4939250946045
4507,1745923487.8018718,183.81786346435547
4508,1745923488.0522435,239.79902267456055
4509,1745923488.245842,182.51681327819824
4510,1745923488.455229,198.3489990234375
4511,1745923488.649591,184.1568946838379
4512,1745923488.8430815,182.4483871459961
4513,1745923489.037139,182.9519271850586
4514,1745923489.2317724,183.1362247467041
4515,1745923489.4250414,182.57689476013184
4516,1745923489.619391,183.29310417175293
4517,1745923489.8133826,183.38370323181152
4518,1745923490.006468,182.53254890441895
4519,1745923490.2009323,183.58087539672852
4520,1745923490.394658,183.1035614013672
4521,1745923490.5881546,182.81316757202148
4522,1745923490.78294,184.17859077453613
4523,1745923491.0305572,237.0297908782959
4524,1745923491.3241518,282.87506103515625
4525,1745923491.5191066,183.90488624572754
4526,1745923491.7127762,183.50768089294434
4527,1745923491.9072576,183.43448638916016
4528,1745923492.144988,227.20599174499512
4529,1745923492.3392377,183.3362579345703
4530,1745923492.5337546,183.4728717803955
4531,1745923492.7273483,183.2430362701416
4532,1745923492.921084,182.5413703918457
4533,1745923493.116181,184.42177772521973
4534,1745923493.3097963,183.0911636352539
4535,1745923493.5037277,182.9209327697754
4536,1745923493.6981559,183.38537216186523
4537,1745923493.9943073,285.63833236694336
4538,1745923494.3062773,301.3923168182373
4539,1745923494.501792,184.48233604431152
4540,1745923494.695959,183.55703353881836
4541,1745923494.890353,183.241605758667
4542,1745923495.0840652,182.6932430267334
4543,1745923495.2782176,183.45379829406738
4544,1745923495.47204,183.15410614013672
4545,1745923495.665708,182.6479434967041
4546,1745923495.8598711,183.14528465270996
4547,1745923496.0540676,183.5639476776123
4548,1745923496.3373358,272.53150939941406
4549,1745923496.5303464,182.49273300170898
4550,1745923496.7260892,184.2212677001953
4551,1745923496.91986,183.10284614562988
4552,1745923497.1128807,182.5110912322998
4553,1745923497.3075042,183.5782527923584
4554,1745923497.5008945,182.80816078186035
4555,1745923497.6967084,183.78424644470215
4556,1745923497.8906338,183.83359909057617
4557,1745923498.0855732,183.47692489624023
4558,1745923498.2793508,183.2573413848877
4559,1745923498.4733303,182.9216480255127
4560,1745923498.6721773,187.83307075500488
4561,1745923499.6952214,nan
4562,1745923500.7150633,nan
4563,1745923500.9204712,194.63634490966797
4564,1745923501.1132927,182.28530883789062
4565,1745923501.3078034,183.46714973449707
4566,1745923501.5103242,191.5733814239502
4567,1745923501.7128003,190.45686721801758
4568,1745923501.9744675,250.18715858459473
4569,1745923502.168176,183.1355094909668
4570,1745923502.363352,183.93754959106445
4571,1745923503.384773,nan
4572,1745923503.587256,191.90001487731934
4573,1745923503.782564,184.5402717590332
4574,1745923503.9772613,184.1723918914795
4575,1745923504.2380142,249.73726272583008
4576,1745923504.5339422,285.3362560272217
4577,1745923504.7280686,183.5916042327881
4578,1745923504.9224796,184.0529441833496
4579,1745923505.1163905,182.87014961242676
4580,1745923505.3116398,184.09419059753418
4581,1745923505.5059886,184.21125411987305
4582,1745923505.6995432,182.69968032836914
4583,1745923505.9744642,262.8169059753418
4584,1745923506.1684172,183.58325958251953
4585,1745923507.1802015,nan
4586,1745923507.415767,223.68574142456055
4587,1745923507.6106324,184.31520462036133
4588,1745923507.8170469,195.892333984375
4589,1745923508.0108533,183.1066608428955
4590,1745923508.2047002,183.1514835357666
4591,1745923508.3983693,183.18867683410645
4592,1745923508.6455693,236.1910343170166
4593,1745923508.937271,280.9720039367676
4594,1745923509.1308868,183.10928344726562
4595,1745923509.3239217,182.63483047485352
4596,1745923509.518118,183.0592155456543
4597,1745923509.7119684,182.5718879699707
4598,1745923509.905912,183.5191249847412
4599,1745923510.1600842,244.02570724487305
4600,1745923511.181988,nan
4601,1745923511.375843,183.29930305480957
4602,1745923511.5699487,183.23397636413574
4603,1745923511.7638469,182.8923225402832
4604,1745923512.0191321,244.5204257965088
4605,1745923512.23425,204.56409454345703
4606,1745923512.4282768,182.830810546875
4607,1745923512.6234448,184.1137409210205
4608,1745923512.817922,184.2663288116455
4609,1745923513.0121057,183.4239959716797
4610,1745923513.2052438,182.6765537261963
4611,1745923513.3994176,183.11333656311035
4612,1745923513.595972,185.25338172912598
4613,1745923513.790261,183.87770652770996
4614,1745923514.0517273,249.83906745910645
4615,1745923514.2460594,184.1120719909668
4616,1745923515.2642093,nan
4617,1745923515.4607248,185.9748363494873
4618,1745923515.6575673,185.6393814086914
4619,1745923515.9079232,239.82715606689453
4620,1745923516.2157102,296.74744606018066
4621,1745923516.515222,288.90037536621094
4622,1745923516.7099688,183.7320327758789
4623,1745923516.9036257,182.98673629760742
4624,1745923517.0973437,183.2294464111328
4625,1745923517.29209,183.62903594970703
4626,1745923517.4859364,183.18891525268555
4627,1745923517.6802971,183.35866928100586
4628,1745923517.8740613,183.2420825958252
4629,1745923518.0679548,182.8293800354004
4630,1745923518.369987,291.03970527648926
4631,1745923518.657128,276.6077518463135
4632,1745923518.8521464,183.58325958251953
4633,1745923519.0475082,183.17484855651855
4634,1745923519.2401261,182.450532913208
4635,1745923519.4646163,213.29665184020996
4636,1745923519.6587026,183.06684494018555
4637,1745923519.8527868,183.57181549072266
4638,1745923520.0468693,182.97815322875977
4639,1745923520.3062074,248.81935119628906
4640,1745923520.4992998,182.91926383972168
4641,1745923520.6934025,182.94548988342285
4642,1745923520.8892322,184.44371223449707
4643,1745923521.0829542,182.9831600189209
4644,1745923521.2783797,184.30066108703613
4645,1745923521.47392,183.3934783935547
4646,1745923521.6682577,183.807373046875
4647,1745923521.8621752,183.22205543518066
4648,1745923522.0574272,184.55052375793457
4649,1745923522.3541694,285.70079803466797
4650,1745923522.5474734,182.4507713317871
4651,1745923522.74323,184.6621036529541
4652,1745923522.9392307,184.97204780578613
4653,1745923523.1344292,185.03904342651367
4654,1745923523.3284655,183.50553512573242
4655,1745923523.5225656,183.5637092590332
4656,1745923523.7162585,183.15362930297852
4657,1745923523.9957905,269.0162658691406
4658,1745923524.19195,184.89360809326172
4659,1745923524.3888075,185.8212947845459
4660,1745923524.5828958,183.30693244934082
4661,1745923524.7767422,183.2716464996338
4662,1745923525.024565,237.30754852294922
4663,1745923525.2177103,182.96527862548828
4664,1745923525.4117334,182.89446830749512
4665,1745923525.6064177,183.31074714660645
4666,1745923525.799782,183.23445320129395
4667,1745923525.9940586,183.13360214233398
4668,1745923526.1878862,182.82103538513184
4669,1745923526.4499552,251.78289413452148
4670,1745923526.6439266,182.95621871948242
4671,1745923526.8385158,182.65414237976074
4672,1745923527.0333974,183.8245391845703
4673,1745923527.2272253,183.29763412475586
4674,1745923527.471932,233.57486724853516
4675,1745923527.665959,183.3343505859375
4676,1745923527.860379,183.47406387329102
4677,1745923528.0548208,183.32481384277344
4678,1745923528.248511,182.68799781799316
4679,1745923528.444436,184.65948104858398
4680,1745923528.695105,239.78328704833984
4681,1745923528.8916562,185.59598922729492
4682,1745923529.086575,184.39745903015137
4683,1745923529.2806275,183.58206748962402
4684,1745923529.4741185,182.95884132385254
4685,1745923529.6685543,183.18819999694824
4686,1745923529.8636634,183.9447021484375
4687,1745923530.145069,270.3859806060791
4688,1745923530.3388362,182.67464637756348
4689,1745923530.655874,306.5650463104248
4690,1745923530.9644063,297.9276180267334
4691,1745923531.2732632,298.3248233795166
4692,1745923531.5184464,234.69829559326172
4693,1745923531.7139306,184.45920944213867
4694,1745923531.907501,183.0117702484131
4695,1745923532.1002774,182.62982368469238
4696,1745923532.3817315,270.9329128265381
4697,1745923532.5761633,183.91132354736328
4698,1745923533.590061,nan
4699,1745923533.7836957,183.24041366577148
4700,1745923534.0277717,233.34789276123047
4701,1745923534.222084,183.16221237182617
4702,1745923534.41618,183.50601196289062
4703,1745923534.6102605,183.34627151489258
4704,1745923534.853102,231.30035400390625
4705,1745923535.1605906,296.2949275970459
4706,1745923535.4702268,298.5959053039551
4707,1745923535.6647034,182.95907974243164
4708,1745923535.8594234,183.44807624816895
4709,1745923536.0537975,183.8397979736328
4710,1745923536.2481048,183.05349349975586
4711,1745923536.44209,183.66360664367676
4712,1745923536.6380963,185.41479110717773
4713,1745923536.8330479,183.91013145446777
4714,1745923537.1154075,272.02820777893066
4715,1745923537.309503,182.66606330871582
4716,1745923537.5102077,189.6798610687256
4717,1745923537.7042437,182.9984188079834
4718,1745923537.8983288,183.0136775970459
4719,1745923538.0925586,183.20989608764648
4720,1745923538.3209314,217.93532371520996
4721,1745923538.5161037,184.16380882263184
4722,1745923539.5401998,nan
4723,1745923539.7338445,183.12883377075195
4724,1745923539.9641373,219.33984756469727
4725,1745923540.1601233,185.31060218811035
4726,1745923541.1796823,nan
4727,1745923541.3730426,182.8482151031494
4728,1745923541.5670373,182.6467514038086
4729,1745923541.7601075,182.53087997436523
4730,1745923542.0219305,250.9312629699707
4731,1745923542.3297253,297.26696014404297
4732,1745923542.5238094,183.457612991333
4733,1745923542.7176516,183.2575798034668
4734,1745923542.9120004,183.34436416625977
4735,1745923543.1057003,183.10809135437012
4736,1745923543.2994251,182.55162239074707
4737,1745923543.5443096,233.46257209777832
4738,1745923543.738913,183.65907669067383
4739,1745923543.9329503,183.29167366027832
4740,1745923544.1267989,183.2742691040039
4741,1745923544.3698742,232.0570945739746
4742,1745923544.5637894,183.72726440429688
4743,1745923544.756837,182.56211280822754
4744,1745923544.9519174,184.06987190246582
4745,1745923545.1448593,182.40976333618164
4746,1745923545.340145,183.84027481079102
4747,1745923545.5562558,205.31105995178223
4748,1745923545.7501552,182.8467845916748
4749,1745923545.9444103,183.11452865600586
4750,1745923546.138018,182.42740631103516
4751,1745923546.4171612,267.5619125366211
4752,1745923546.6125736,184.71503257751465
4753,1745923546.8086843,185.56857109069824
4754,1745923547.0035625,183.87961387634277
4755,1745923547.240511,225.92401504516602
4756,1745923547.4342134,182.62457847595215
4757,1745923547.6290245,183.3348274230957
4758,1745923547.824223,184.48805809020996
4759,1745923548.019238,184.27705764770508
4760,1745923548.2629304,233.16597938537598
4761,1745923548.4569304,183.01749229431152
4762,1745923548.6711748,203.2032012939453
4763,1745923548.8656857,184.00835990905762
4764,1745923549.0596416,182.90424346923828
4765,1745923549.2537699,183.73489379882812
4766,1745923549.447776,183.22086334228516
4767,1745923549.6417556,182.83820152282715
4768,1745923549.8356025,182.96408653259277
4769,1745923550.0304222,184.10730361938477
4770,1745923550.2804718,238.9819622039795
4771,1745923550.4793627,187.37292289733887
4772,1745923550.6739352,183.23230743408203
4773,1745923550.8676722,183.12716484069824
4774,1745923551.0625148,184.22532081604004
4775,1745923551.2560117,182.57856369018555
4776,1745923551.5446692,277.4808406829834
4777,1745923551.7387707,182.969331741333
4778,1745923551.9336698,183.84814262390137
4779,1745923552.1283581,183.65883827209473
4780,1745923552.3228002,183.43353271484375
4781,1745923552.5540214,220.77488899230957
4782,1745923552.748857,183.87341499328613
4783,1745923552.9442043,183.72845649719238
4784,1745923553.1379764,182.67536163330078
4785,1745923553.3388753,189.42022323608398
4786,1745923553.5319574,182.34920501708984
4787,1745923553.7269258,183.72225761413574
4788,1745923553.9221792,184.5390796661377
4789,1745923554.2034397,270.91431617736816
4790,1745923554.3969378,182.96027183532715
4791,1745923554.590028,182.58070945739746
4792,1745923555.6042233,nan
4793,1745923555.7981462,183.20822715759277
4794,1745923556.044842,235.7180118560791
4795,1745923556.240971,185.51945686340332
4796,1745923556.4347498,183.2716464996338
4797,1745923556.6311285,185.34564971923828
4798,1745923556.8271258,185.29748916625977
4799,1745923557.019684,182.02590942382812
4800,1745923557.2131274,182.56473541259766
4801,1745923557.4065642,182.65533447265625
4802,1745923557.605763,188.46726417541504
4803,1745923557.799795,183.66003036499023
4804,1745923557.9937344,183.41398239135742
4805,1745923558.1867316,182.41405487060547
4806,1745923558.3813975,183.6223602294922
4807,1745923558.6149757,222.9619026184082
4808,1745923558.9118032,286.1175537109375
4809,1745923559.1047845,182.44099617004395
4810,1745923559.2992017,183.29763412475586
4811,1745923559.492246,182.9676628112793
4812,1745923559.6860175,183.14576148986816
4813,1745923559.880498,183.23850631713867
4814,1745923560.154786,263.6756896972656
4815,1745923560.456886,291.14556312561035
4816,1745923560.6592927,190.68503379821777
4817,1745923560.853223,183.35914611816406
4818,1745923561.046995,183.12931060791016
4819,1745923561.2419016,183.68148803710938
4820,1745923561.4354942,182.3587417602539
4821,1745923561.6291592,182.61146545410156
4822,1745923561.823102,182.82604217529297
4823,1745923562.017648,183.57467651367188
4824,1745923562.21174,183.58564376831055
4825,1745923562.4983406,276.0622501373291
4826,1745923562.794328,285.3217124938965
4827,1745923562.9899776,185.1654052734375
4828,1745923563.1848557,184.28730964660645
4829,1745923563.3798275,183.48169326782227
4830,1745923563.5734372,183.1188201904297
4831,1745923563.7672417,182.80744552612305
4832,1745923563.9606054,182.67035484313965
4833,1745923564.2288172,256.4821243286133
4834,1745923564.423062,183.72082710266113
4835,1745923564.6179807,183.91704559326172
4836,1745923564.8132746,183.7599277496338
4837,1745923565.0618575,238.04569244384766
4838,1745923565.262986,189.74614143371582
4839,1745923565.57691,302.60276794433594
4840,1745923565.770434,182.87253379821777
4841,1745923565.96502,183.54010581970215
4842,1745923566.1593773,183.04920196533203
4843,1745923566.3547065,184.22818183898926
4844,1745923566.5490067,183.28499794006348
4845,1745923566.7492704,189.29529190063477
4846,1745923566.94473,183.72583389282227
4847,1745923567.1400995,184.3266487121582
4848,1745923567.3347614,183.7780475616455
4849,1745923567.6244855,279.21152114868164
4850,1745923567.819052,184.0355396270752
4851,1745923568.0128398,183.30979347229004
4852,1745923568.20656,182.6643943786621
4853,1745923568.400929,183.1228733062744
4854,1745923568.634685,222.9175567626953
4855,1745923568.8291311,183.3181381225586
4856,1745923569.0229938,182.66773223876953
4857,1745923569.2176955,183.55560302734375
4858,1745923569.410894,182.82198905944824
4859,1745923569.6051059,183.18748474121094
4860,1745923569.799481,183.63142013549805
4861,1745923569.9928994,182.65891075134277
4862,1745923570.290502,286.3950729370117
4863,1745923570.5870087,285.2294445037842
4864,1745923570.780525,182.51395225524902
4865,1745923571.8001132,nan
4866,1745923571.9951918,183.84361267089844
4867,1745923572.232592,226.96542739868164
4868,1745923572.5310524,287.3954772949219
4869,1745923572.7251258,183.16411972045898
4870,1745923572.9181643,182.52134323120117
4871,1745923573.111916,182.59406089782715
4872,1745923573.3060615,183.47620964050293
4873,1745923573.499986,183.60114097595215
4874,1745923573.6941621,183.10022354125977
4875,1745923573.8870513,182.36756324768066
4876,1745923574.0810084,182.66773223876953
4877,1745923574.2753057,183.22348594665527
4878,1745923574.4728308,185.93788146972656
4879,1745923574.6680267,184.63516235351562
4880,1745923574.8621652,183.91013145446777
4881,1745923575.0562358,183.15839767456055
4882,1745923575.3018496,234.55810546875
4883,1745923575.6110966,297.87445068359375
4884,1745923575.8044822,182.42764472961426
4885,1745923576.000122,184.28349494934082
4886,1745923576.193931,183.32672119140625
4887,1745923576.389938,185.38808822631836
4888,1745923576.6186407,217.8645133972168
4889,1745923576.8120234,183.20417404174805
4890,1745923577.0066366,183.57276916503906
4891,1745923577.201223,183.94708633422852
4892,1745923577.3951643,183.41922760009766
4893,1745923577.642884,236.52052879333496
4894,1745923577.8369825,183.03656578063965
4895,1745923578.0306745,182.85179138183594
4896,1745923578.2277741,185.2710247039795
4897,1745923578.476269,237.87951469421387
4898,1745923578.6708753,183.5927963256836
4899,1745923578.8645194,183.22229385375977
4900,1745923579.058625,183.06255340576172
4901,1745923579.2528322,183.15362930297852
4902,1745923579.4981558,234.21883583068848
4903,1745923579.6919224,183.04181098937988
4904,1745923579.8860765,183.22014808654785
4905,1745923580.0791864,182.4498176574707
4906,1745923580.2731812,182.9507350921631
4907,1745923580.5178084,234.04169082641602
4908,1745923580.7107651,182.4474334716797
4909,1745923580.9047883,182.98768997192383
4910,1745923581.0995493,183.7155818939209
4911,1745923581.2925217,182.448148727417
4912,1745923581.487108,183.2289695739746
4913,1745923581.733164,235.52203178405762
4914,1745923581.9272542,183.66384506225586
4915,1745923582.121088,182.88445472717285
4916,1745923582.3153896,182.9550266265869
4917,1745923582.5638616,237.41555213928223
4918,1745923582.7585948,184.04769897460938
4919,1745923582.9529603,183.31623077392578
4920,1745923583.147556,183.77208709716797
4921,1745923583.3870258,228.5006046295166
4922,1745923583.58175,183.6082935333252
4923,1745923583.7856631,193.39656829833984
4924,1745923583.9791112,182.41024017333984
4925,1745923584.2057018,215.5475616455078
4926,1745923584.3997998,182.99436569213867
4927,1745923584.5939171,183.0902099609375
4928,1745923584.7963588,191.37096405029297
4929,1745923585.818179,nan
4930,1745923586.0120206,183.33959579467773
4931,1745923586.254523,232.02133178710938
4932,1745923586.4494424,183.6690902709961
4933,1745923587.4621012,nan
4934,1745923588.4878757,nan
4935,1745923588.680818,182.4939250946045
4936,1745923588.9257114,233.87384414672852
4937,1745923589.1201277,183.28571319580078
4938,1745923589.3150523,183.76684188842773
4939,1745923589.5092943,183.2573413848877
4940,1745923590.534021,nan
4941,1745923591.5603914,nan
4942,1745923591.7551246,184.06939506530762
4943,1745923591.9502347,184.04293060302734
4944,1745923592.1986303,238.0361557006836
4945,1745923592.5099647,300.29940605163574
4946,1745923592.8056445,285.0978374481201
4947,1745923593.0007253,184.52000617980957
4948,1745923593.2124128,200.96087455749512
4949,1745923593.4056592,182.27005004882812
4950,1745923593.6004186,182.85560607910156
4951,1745923593.796827,184.60726737976074
4952,1745923593.9909632,183.7320327758789
4953,1745923594.250342,248.86250495910645
4954,1745923594.5451002,283.7371826171875
4955,1745923594.7928002,237.20169067382812
4956,1745923595.0728083,268.91040802001953
4957,1745923595.2671108,183.20631980895996
4958,1745923595.4609098,182.71279335021973
4959,1745923595.6545985,183.08043479919434
4960,1745923595.8478556,182.7244758605957
4961,1745923596.042252,183.51101875305176
4962,1745923596.283192,229.84814643859863
4963,1745923596.4774091,183.26783180236816
4964,1745923596.6718297,183.37655067443848
4965,1745923596.8660483,183.57110023498535
4966,1745923597.0592022,182.97696113586426
4967,1745923597.2527785,182.542085647583
4968,1745923597.4474626,183.97259712219238
4969,1745923597.6431408,185.30750274658203
4970,1745923597.8373668,183.2132339477539
4971,1745923598.0301852,182.38568305969238
4972,1745923598.2246695,182.95049667358398
4973,1745923598.5341325,298.30217361450195
4974,1745923598.7286315,183.9289665222168
4975,1745923599.7439592,nan
4976,1745923599.9402716,185.9273910522461
4977,1745923600.1346042,183.7294101715088
4978,1745923600.3817723,236.42396926879883
4979,1745923600.5755837,182.71517753601074
4980,1745923600.7733357,187.00790405273438
4981,1745923600.9697793,185.41359901428223
4982,1745923601.2098608,229.57181930541992
4983,1745923601.4042413,183.46905708312988
4984,1745923601.5990272,183.87842178344727
4985,1745923601.79181,182.26027488708496
4986,1745923601.9861305,183.15815925598145
4987,1745923602.2317374,234.4985008239746
4988,1745923602.5302641,287.8866195678711
4989,1745923602.7242472,183.75706672668457
4990,1745923602.9189866,184.22389030456543
4991,1745923603.1123595,182.83843994140625
4992,1745923603.3068502,183.17556381225586
4993,1745923603.500601,182.78837203979492
4994,1745923603.7538457,241.4224147796631
4995,1745923603.9473186,182.77812004089355
4996,1745923604.1423676,183.2711696624756
4997,1745923604.3364124,183.81404876708984
4998,1745923604.5804338,233.48760604858398
4999,1745923604.7748935,183.41732025146484
5000,1745923605.7865946,nan
5001,1745923605.9819868,184.94915962219238
5002,1745923606.1750562,182.77692794799805
5003,1745923606.4255602,239.76635932922363
5004,1745923606.6192708,182.67512321472168
5005,1745923606.8145332,183.92682075500488
5006,1745923607.0089214,183.8514804840088
5007,1745923607.20392,183.90870094299316
5008,1745923607.3973184,182.47270584106445
5009,1745923607.6593542,250.90312957763672
5010,1745923607.8546035,183.23874473571777
5011,1745923608.048248,183.1047534942627
5012,1745923608.2420187,182.73210525512695
5013,1745923608.4359984,182.83605575561523
5014,1745923608.6698558,223.20556640625
5015,1745923608.8635843,183.41469764709473
5016,1745923609.0585313,183.89582633972168
5017,1745923609.2519903,182.93333053588867
5018,1745923609.4472263,183.99977684020996
5019,1745923609.6403642,182.94191360473633
5020,1745923609.8340273,182.29317665100098
5021,1745923610.027898,182.83319473266602
5022,1745923610.3228097,284.1756343841553
5023,1745923610.516363,182.17849731445312
5024,1745923611.5343874,nan
5025,1745923611.732377,187.45779991149902
5026,1745923611.925424,182.5242042541504
5027,1745923612.119829,183.35437774658203
5028,1745923612.3746426,243.49379539489746
5029,1745923612.6704347,284.85989570617676
5030,1745923612.8679888,185.55259704589844
5031,1745923613.0643182,185.83917617797852
5032,1745923613.258485,183.25352668762207
5033,1745923613.452148,182.70421028137207
5034,1745923613.64857,185.20426750183105
5035,1745923613.8477156,188.10129165649414
5036,1745923614.0407965,182.54733085632324
5037,1745923614.2354932,183.6230754852295
5038,1745923614.4288661,183.07733535766602
5039,1745923614.7238202,284.3513488769531
5040,1745923615.036203,301.56564712524414
5041,1745923615.3291447,282.4234962463379
5042,1745923615.5246084,184.84163284301758
5043,1745923615.7187603,183.35318565368652
5044,1745923615.913053,183.20703506469727
5045,1745923616.1080375,184.21220779418945
5046,1745923616.3591995,240.4029369354248
5047,1745923616.5525777,182.5103759765625
5048,1745923616.7589412,195.25837898254395
5049,1745923616.954121,183.86411666870117
5050,1745923617.1471727,182.94572830200195
5051,1745923617.3403118,182.62124061584473
5052,1745923617.5351079,183.6230754852295
5053,1745923617.7293196,183.3510398864746
5054,1745923617.922831,183.1505298614502
5055,1745923618.1182072,184.10134315490723
5056,1745923618.3126311,183.8531494140625
5057,1745923618.7103589,387.21752166748047
5058,1745923618.904292,182.6174259185791
5059,1745923619.9248896,nan
5060,1745923620.1180148,182.85727500915527
5061,1745923620.3120182,183.3958625793457
5062,1745923620.559964,237.34188079833984
5063,1745923620.7541585,183.0146312713623
5064,1745923620.9486904,183.45141410827637
5065,1745923621.1429672,183.3646297454834
5066,1745923621.338287,184.25369262695312
5067,1745923621.5317783,182.9659938812256
5068,1745923621.7252474,183.23302268981934
5069,1745923621.9199486,183.5958957672119
5070,1745923622.1135843,182.59263038635254
5071,1745923622.3077865,183.16364288330078
5072,1745923622.6022463,283.8118076324463
5073,1745923622.7969136,184.13329124450684
5074,1745923622.9908397,183.3803653717041
5075,1745923623.184919,183.28094482421875
5076,1745923623.423952,228.40595245361328
5077,1745923623.618926,184.09156799316406
5078,1745923623.8132668,183.1812858581543
5079,1745923624.0073385,183.26473236083984
5080,1745923624.201144,182.92641639709473
5081,1745923624.3962135,183.9761734008789
5082,1745923624.6608179,254.00495529174805
5083,1745923624.9563055,284.8508358001709
5084,1745923625.1500611,182.73186683654785
5085,1745923625.3441713,182.90233612060547
5086,1745923625.539091,184.20147895812988
5087,1745923625.777286,227.86498069763184
5088,1745923625.9707024,182.88540840148926
5089,1745923626.1659422,183.86387825012207
5090,1745923627.1878202,nan
5091,1745923628.2072074,nan
5092,1745923628.4429572,225.24428367614746
5093,1745923628.6361504,182.6033592224121
5094,1745923628.8308513,182.9550266265869
5095,1745923629.8503757,nan
5096,1745923630.043543,182.83963203430176
5097,1745923630.2839968,229.3717861175537
5098,1745923630.4774537,182.41095542907715
5099,1745923631.5040421,nan
5100,1745923631.7025788,187.88719177246094
5101,1745923631.8971474,183.69245529174805
5102,1745923632.0908706,183.20107460021973
5103,1745923632.2853298,183.87532234191895
5104,1745923632.5265293,230.13710975646973
5105,1745923632.7209034,183.8359832763672
5106,1745923632.9152207,183.63380432128906
5107,1745923633.1098723,184.1108798980713
5108,1745923633.3031538,182.89661407470703
5109,1745923633.495751,182.19804763793945
5110,1745923633.689947,182.9819679260254
5111,1745923633.8843434,183.0596923828125
5112,1745923634.078191,182.94930458068848
5113,1745923634.2732868,184.0822696685791
5114,1745923634.5898995,306.4866065979004
5115,1745923634.8998983,299.79872703552246
5116,1745923635.0943224,183.3512783050537
5117,1745923635.288758,183.89415740966797
5118,1745923635.4918087,192.01231002807617
5119,1745923635.6857164,183.24875831604004
5120,1745923635.880113,183.37774276733398
5121,1745923636.074747,184.0534210205078
5122,1745923636.2677927,182.8622817993164
5123,1745923636.5243866,245.59903144836426
5124,1745923636.7177916,183.07113647460938
5125,1745923636.9107916,182.44266510009766
5126,1745923637.1053777,183.55894088745117
5127,1745923637.3006659,184.37814712524414
5128,1745923637.4947276,183.0127239227295
5129,1745923637.6889431,183.20202827453613
5130,1745923637.882513,183.06231498718262
5131,1745923638.0768602,183.66622924804688
5132,1745923638.273137,184.91101264953613
5133,1745923638.5740626,290.4095649719238
5134,1745923638.7687669,184.12089347839355
5135,1745923638.9621732,182.87014961242676
5136,1745923639.1557984,182.48367309570312
5137,1745923639.393773,226.75633430480957
5138,1745923639.5875814,183.14266204833984
5139,1745923639.7820625,183.41422080993652
5140,1745923639.9795165,187.01815605163574
5141,1745923640.1739964,183.4099292755127
5142,1745923640.4192953,234.6200942993164
5143,1745923640.6134372,182.76524543762207
5144,1745923641.62829,nan
5145,1745923641.8236437,184.81969833374023
5146,1745923642.017628,182.95741081237793
5147,1745923642.2142172,185.5776309967041
5148,1745923642.4802783,255.1116943359375
5149,1745923642.7786574,287.58859634399414
5150,1745923642.972055,182.7847957611084
5151,1745923643.1667523,183.92705917358398
5152,1745923643.359602,182.39521980285645
5153,1745923643.5531693,182.5277805328369
5154,1745923643.8005354,236.8454933166504
5155,1745923643.9958715,184.45563316345215
5156,1745923644.189142,182.74307250976562
5157,1745923644.3887072,188.2307529449463
5158,1745923645.4123178,nan
5159,1745923645.6066527,183.78496170043945
5160,1745923645.8003411,183.182954788208
5161,1745923645.99366,182.6944351196289
5162,1745923646.1871364,182.73687362670898
5163,1745923646.3801594,181.9784641265869
5164,1745923646.5740736,182.51371383666992
5165,1745923646.7676716,182.58118629455566
5166,1745923646.963765,185.18519401550293
5167,1745923647.15935,184.9982738494873
5168,1745923647.3549175,185.05597114562988
5169,1745923647.5480318,182.6040744781494
5170,1745923647.7938614,234.83824729919434
5171,1745923647.9862652,182.22308158874512
5172,1745923648.1808395,183.5472583770752
5173,1745923648.3741827,182.9049587249756
5174,1745923648.7199476,334.70916748046875
5175,1745923649.033186,302.66332626342773
5176,1745923649.2267005,182.97481536865234
5177,1745923649.4201534,182.6951503753662
5178,1745923649.6151035,183.4394931793213
5179,1745923649.808704,183.08234214782715
5180,1745923650.0028853,183.64953994750977
5181,1745923650.1962123,182.39521980285645
5182,1745923650.4552083,248.01230430603027
5183,1745923650.7826734,316.41602516174316
5184,1745923651.0820274,288.2392406463623
5185,1745923651.3799093,287.2476577758789
5186,1745923651.5747123,183.4111213684082
5187,1745923651.7688413,183.6106777191162
5188,1745923651.9632108,183.61806869506836
5189,1745923652.1576703,183.41517448425293
5190,1745923652.3519707,183.78663063049316
5191,1745923652.6066768,244.06838417053223
5192,1745923652.80044,182.71780014038086
5193,1745923652.9950817,183.28118324279785
5194,1745923653.190329,183.80117416381836
5195,1745923653.3837314,182.90257453918457
5196,1745923653.57788,183.4392547607422
5197,1745923653.773275,184.25726890563965
5198,1745923654.0282547,244.45724487304688
5199,1745923654.2217312,182.95001983642578
5200,1745923654.4153492,183.01916122436523
5201,1745923654.610193,183.9919090270996
5202,1745923654.8725195,251.80792808532715
5203,1745923655.1706958,287.57357597351074
5204,1745923655.3646007,183.14313888549805
5205,1745923655.5607023,185.04905700683594
5206,1745923655.7552276,183.36987495422363
5207,1745923655.985076,219.31982040405273
5208,1745923656.1788046,183.21990966796875
5209,1745923656.3730922,183.7151050567627
5210,1745923657.3949506,nan
5211,1745923657.5894022,183.9163303375244
5212,1745923657.7838614,183.88056755065918
5213,1745923657.976882,182.78145790100098
5214,1745923658.1708791,182.74998664855957
5215,1745923658.4359121,254.60290908813477
5216,1745923658.6298227,183.2864284515381
5217,1745923658.8359203,195.50418853759766
5218,1745923659.0371196,190.5977725982666
5219,1745923659.2305622,182.79480934143066
5220,1745923659.4278977,186.8116855621338
5221,1745923659.622901,182.9507350921631
5222,1745923659.8156877,182.7223300933838
5223,1745923660.0097172,182.8758716583252
5224,1745923660.2031107,182.35373497009277
5225,1745923660.3971603,183.52770805358887
5226,1745923660.5902596,182.01255798339844
5227,1745923660.9077806,305.93109130859375
5228,1745923661.2201607,301.65815353393555
5229,1745923661.4154594,183.5789680480957
5230,1745923661.6090412,182.87920951843262
5231,1745923661.8037832,183.6867332458496
5232,1745923662.8212378,nan
5233,1745923663.0552182,223.44684600830078
5234,1745923663.2494035,183.0592155456543
5235,1745923663.4432018,182.63578414916992
5236,1745923664.467151,nan
5237,1745923665.4129612,935.340166091919
5238,1745923665.6131957,189.59331512451172
5239,1745923665.9265418,302.3195266723633
5240,1745923666.1195576,182.47175216674805
5241,1745923666.3137646,182.98101425170898
5242,1745923666.5077574,182.94024467468262
5243,1745923666.7017589,183.17818641662598
5244,1745923666.8951523,182.66677856445312
5245,1745923667.0893629,183.34531784057617
5246,1745923667.3450346,245.086669921875
5247,1745923667.538987,183.42137336730957
5248,1745923667.7339668,183.70819091796875
5249,1745923667.929443,184.34953689575195
5250,1745923668.1230404,183.3047866821289
5251,1745923668.3174949,183.43520164489746
5252,1745923668.5806918,252.34055519104004
5253,1745923668.7748888,183.6373805999756
5254,1745923668.9688206,183.22062492370605
5255,1745923669.20248,222.4586009979248
5256,1745923669.396205,183.29739570617676
5257,1745923669.5905173,183.05659294128418
5258,1745923669.7858393,183.28118324279785
5259,1745923669.9808147,183.67528915405273
5260,1745923670.174546,183.20560455322266
5261,1745923670.3690276,183.96425247192383
5262,1745923670.6282442,248.54755401611328
5263,1745923670.822984,183.71176719665527
5264,1745923671.8373866,nan
5265,1745923672.0402107,192.48652458190918
5266,1745923672.234358,183.10284614562988
5267,1745923672.4280372,183.2442283630371
5268,1745923672.6751018,236.03034019470215
5269,1745923672.8694859,183.81834030151367
5270,1745923673.0641427,184.13567543029785
5271,1745923673.258059,183.58707427978516
5272,1745923673.452065,182.99484252929688
5273,1745923673.6457865,182.58309364318848
5274,1745923673.896938,240.13996124267578
5275,1745923674.0902548,182.10887908935547
5276,1745923674.2856872,183.81834030151367
5277,1745923674.4790387,182.82747268676758
5278,1745923674.727983,238.41381072998047
5279,1745923674.9217634,182.75952339172363
5280,1745923675.116146,183.77280235290527
5281,1745923676.1364088,nan
5282,1745923676.3319652,185.03046035766602
5283,1745923676.572567,230.06963729858398
5284,1745923676.7677436,183.7618350982666
5285,1745923676.962866,184.19361114501953
5286,1745923677.156777,183.37178230285645
5287,1745923677.3504856,182.6791763305664
5288,1745923677.5455828,183.44783782958984
5289,1745923677.7388992,182.8305721282959
5290,1745923677.9328306,182.9049587249756
5291,1745923678.12638,182.5120449066162
5292,1745923678.3217595,182.85202980041504
5293,1745923678.6176507,284.8806381225586
5294,1745923678.8118384,183.9766502380371
5295,1745923679.0119867,189.6343231201172
5296,1745923679.2076514,184.8442554473877
5297,1745923679.438834,219.89178657531738
5298,1745923679.6332428,183.42995643615723
5299,1745923680.646946,nan
5300,1745923680.8489473,191.48683547973633
5301,1745923681.0810082,221.2076187133789
5302,1745923681.3760505,284.0094566345215
5303,1745923681.572312,185.21952629089355
5304,1745923681.7658699,182.9831600189209
5305,1745923681.959969,183.12406539916992
5306,1745923682.1526916,182.10625648498535
5307,1745923682.3469636,182.85179138183594
5308,1745923682.5409007,183.42137336730957
5309,1745923682.824249,273.15473556518555
5310,1745923683.123634,288.87367248535156
5311,1745923683.3164525,182.24358558654785
5312,1745923683.5440845,216.54915809631348
5313,1745923683.739793,184.98516082763672
5314,1745923684.0586681,307.5733184814453
5315,1745923684.2522657,183.09783935546875
5316,1745923684.445952,183.17341804504395
5317,1745923684.6951692,238.71088027954102
5318,1745923684.965085,259.3965530395508
5319,1745923685.15983,183.65955352783203
5320,1745923685.353994,183.5460662841797
5321,1745923685.548828,184.19528007507324
5322,1745923685.7435083,183.8386058807373
5323,1745923685.99892,244.29750442504883
5324,1745923686.1932626,182.3441982269287
5325,1745923686.3869662,183.18581581115723
5326,1745923686.58184,183.5803985595703
5327,1745923686.7772493,184.60583686828613
5328,1745923686.9718623,183.6693286895752
5329,1745923687.2198436,237.09583282470703
5330,1745923687.4141126,183.42876434326172
5331,1745923687.6075177,182.8756332397461
5332,1745923688.6249976,nan
5333,1745923689.6504836,nan
5334,1745923689.8592856,198.2889175415039
5335,1745923690.053646,183.31646919250488
5336,1745923690.247296,183.09307098388672
5337,1745923690.4432726,185.42790412902832
5338,1745923690.691998,237.70523071289062
5339,1745923690.8858163,183.00223350524902
5340,1745923691.0864384,189.7721290588379
5341,1745923692.1119847,nan
5342,1745923692.3090518,186.45644187927246
5343,1745923692.5019798,182.36732482910156
5344,1745923692.7402146,226.64761543273926
5345,1745923692.9339712,182.24382400512695
5346,1745923693.1287062,183.43114852905273
5347,1745923693.3233826,184.00168418884277
5348,1745923693.51736,183.44688415527344
5349,1745923693.712171,183.51006507873535
5350,1745923693.9052134,182.48438835144043
5351,1745923694.172772,256.4878463745117
5352,1745923694.3675585,184.11731719970703
5353,1745923694.5621426,183.52508544921875
5354,1745923694.7568827,184.18478965759277
5355,1745923694.9505105,182.87301063537598
5356,1745923695.1452172,183.83026123046875
5357,1745923695.3398907,183.5486888885498
5358,1745923695.5417657,190.57846069335938
5359,1745923695.8172312,264.77551460266113
5360,1745923696.0118692,183.455228805542
5361,1745923696.20646,183.60042572021484
5362,1745923696.399872,182.54685401916504
5363,1745923696.5941877,183.29262733459473
5364,1745923696.7889285,184.18192863464355
5365,1745923696.9828975,182.56759643554688
5366,1745923697.1769862,183.2294464111328
5367,1745923697.3708649,183.08067321777344
5368,1745923697.565821,184.22675132751465
5369,1745923697.759641,183.12811851501465
5370,1745923698.0807214,309.7841739654541
5371,1745923698.27536,182.70277976989746
5372,1745923698.4702182,184.17763710021973
5373,1745923698.6645763,183.73966217041016
5374,1745923698.8581457,183.04681777954102
5375,1745923699.0525281,183.08401107788086
5376,1745923699.305975,242.9194450378418
5377,1745923699.604009,287.4441146850586
5378,1745923699.7994692,184.18240547180176
5379,1745923700.8179119,nan
5380,1745923701.8387015,nan
5381,1745923702.033325,184.19623374938965
5382,1745923702.2270665,183.1681728363037
5383,1745923702.4202428,182.1436882019043
5384,1745923702.6721148,240.34810066223145
5385,1745923702.8664465,182.86705017089844
5386,1745923703.065019,187.1333122253418
5387,1745923703.276158,200.56819915771484
5388,1745923703.4924767,205.6558132171631
5389,1745923703.6871712,184.18025970458984
5390,1745923703.9000366,201.18331909179688
5391,1745923704.096943,186.21063232421875
5392,1745923704.2899868,182.52301216125488
5393,1745923704.4841633,183.13288688659668
5394,1745923704.6793926,184.14735794067383
5395,1745923704.9218173,231.3847541809082
5396,1745923705.116043,183.1822395324707
5397,1745923705.3110461,184.48424339294434
5398,1745923705.5060973,184.0372085571289
5399,1745923705.7005444,183.6416721343994
5400,1745923705.8931615,182.48820304870605
5401,1745923706.1618507,256.07824325561523
5402,1745923706.3562865,184.07273292541504
5403,1745923706.5509446,183.49599838256836
5404,1745923706.766255,204.16498184204102
5405,1745923706.9620237,185.15276908874512
5406,1745923707.157512,184.34500694274902
5407,1745923707.3531067,184.55219268798828
5408,1745923707.594474,230.5905818939209
5409,1745923707.7891939,184.1294765472412
5410,1745923707.9837563,183.56943130493164
5411,1745923708.1782732,183.4855079650879
5412,1745923708.3758557,186.4476203918457
5413,1745923708.5700285,183.45403671264648
5414,1745923708.8152893,234.88378524780273
5415,1745923709.00966,183.2592487335205
5416,1745923709.2368221,216.3248062133789
5417,1745923709.4329054,184.78155136108398
5418,1745923709.628107,183.90536308288574
5419,1745923710.653257,nan
5420,1745923710.981739,317.95620918273926
5421,1745923711.2922156,299.8080253601074
5422,1745923711.5882854,285.3119373321533
5423,1745923711.7844737,185.32443046569824
5424,1745923711.9790251,183.57038497924805
5425,1745923713.00075,nan
5426,1745923713.4264112,415.00258445739746
5427,1745923713.6217873,184.1292381286621
5428,1745923713.8170455,184.66901779174805
5429,1745923714.01092,183.1979751586914
5430,1745923714.2491899,227.3561954498291
5431,1745923714.4436707,183.16388130187988
5432,1745923714.6375117,182.94763565063477
5433,1745923714.831721,183.1676959991455
5434,1745923715.0717366,229.19392585754395
5435,1745923715.267133,184.8008632659912
5436,1745923715.4620469,184.30781364440918
5437,1745923716.4841316,nan
5438,1745923716.6779776,183.23469161987305
5439,1745923716.871681,183.18557739257812
5440,1745923717.066063,183.23922157287598
5441,1745923717.3255227,248.43358993530273
5442,1745923717.5198698,183.3183765411377
5443,1745923717.7145166,183.4702491760254
5444,1745923717.9106426,184.9684715270996
5445,1745923718.10491,183.6411952972412
5446,1745923718.297718,182.28697776794434
5447,1745923718.496535,187.5603199005127
5448,1745923718.6904638,183.26330184936523
5449,1745923718.8851287,183.00390243530273
5450,1745923719.0789642,183.2602024078369
5451,1745923719.2747035,184.65018272399902
5452,1745923719.4685686,183.4573745727539
5453,1745923719.6624212,182.66534805297852
5454,1745923719.8606572,186.93232536315918
5455,1745923720.0542262,183.03561210632324
5456,1745923720.2477403,183.00127983093262
5457,1745923720.4419446,183.0577850341797
5458,1745923720.6358633,182.68895149230957
5459,1745923720.8309388,183.67481231689453
5460,1745923721.1145923,273.0271816253662
5461,1745923721.308261,183.12883377075195
5462,1745923721.5117798,192.30985641479492
5463,1745923721.71401,191.30301475524902
5464,1745923721.9089787,183.43257904052734
5465,1745923722.1387436,218.75333786010742
5466,1745923722.332263,182.42502212524414
5467,1745923722.526681,183.3808422088623
5468,1745923722.7205346,183.33959579467773
5469,1745923722.9163,185.24765968322754
5470,1745923723.111657,182.82389640808105
5471,1745923723.473048,351.32312774658203
5472,1745923723.7841704,300.54283142089844
5473,1745923724.0919943,297.23310470581055
5474,1745923724.2862911,183.54415893554688
5475,1745923724.4799225,183.02655220031738
5476,1745923724.6741874,183.15482139587402
5477,1745923724.8681586,182.997465133667
5478,1745923725.0628142,183.63618850708008
5479,1745923725.2569711,183.2275390625
5480,1745923725.4521332,184.0653419494629
5481,1745923725.6531663,190.49334526062012
5482,1745923725.8477485,183.5789680480957
5483,1745923726.0407646,182.8145980834961
5484,1745923726.237234,185.55402755737305
5485,1745923726.4309533,182.68990516662598
5486,1745923726.6247537,183.1674575805664
5487,1745923726.8195813,184.40866470336914
5488,1745923727.016834,186.7208480834961
5489,1745923727.266017,238.65818977355957
5490,1745923727.4917014,214.66588973999023
5491,1745923727.6850412,182.71136283874512
5492,1745923727.878599,182.114839553833
5493,1745923728.0735385,183.5000514984131
5494,1745923728.2669477,182.01971054077148
5495,1745923728.4609234,183.45880508422852
5496,1745923728.6551375,183.03394317626953
5497,1745923728.8623865,196.2289810180664
5498,1745923729.0584865,184.86618995666504
5499,1745923729.2521448,182.62910842895508
5500,1745923729.4605114,197.23868370056152
5501,1745923729.656699,183.4728717803955
5502,1745923729.8520453,184.74221229553223
5503,1745923730.0459077,182.93070793151855
5504,1745923730.2385087,182.16371536254883
5505,1745923730.4333136,183.78686904907227
5506,1745923730.626931,183.20894241333008
5507,1745923730.8389916,201.75457000732422
5508,1745923731.0331883,183.66146087646484
5509,1745923731.2273047,183.22420120239258
5510,1745923731.4222968,183.94184112548828
5511,1745923731.6153893,182.83486366271973
5512,1745923731.8562346,230.3180694580078
5513,1745923732.0502589,182.91616439819336
5514,1745923732.243925,183.3195686340332
5515,1745923732.4409888,186.60306930541992
5516,1745923732.6350098,183.49099159240723
5517,1745923732.8808515,234.83681678771973
5518,1745923733.0737774,182.3861598968506
5519,1745923733.270755,185.58979034423828
5520,1745923733.4667547,185.272216796875
5521,1745923733.6606092,182.80887603759766
5522,1745923733.8651106,193.2547092437744
5523,1745923734.0600464,184.56149101257324
5524,1745923734.2542613,183.35652351379395
5525,1745923734.4479403,182.70587921142578
5526,1745923734.6424296,183.45189094543457
5527,1745923734.946429,293.6995029449463
5528,1745923735.1405756,182.8625202178955
5529,1745923735.3346465,182.52086639404297
5530,1745923735.5300229,184.33427810668945
5531,1745923736.5490332,nan
5532,1745923736.743156,183.5005283355713
5533,1745923736.9377174,183.51316452026367
5534,1745923737.1984315,250.26774406433105
5535,1745923737.4708703,261.3856792449951
5536,1745923737.6650782,183.89511108398438
5537,1745923737.8590715,183.37249755859375
5538,1745923738.0536203,183.50839614868164
5539,1745923738.2497559,185.5309009552002
5540,1745923738.4447103,184.43679809570312
5541,1745923738.6382318,183.0887794494629
5542,1745923738.934085,284.9078178405762
5543,1745923739.1285977,183.4731101989746
5544,1745923740.1441765,nan
5545,1745923740.3389008,184.18574333190918
5546,1745923740.5409012,190.9623146057129
5547,1745923740.7359464,184.15188789367676
5548,1745923740.9981403,251.3895034790039
5549,1745923741.1930635,183.72368812561035
5550,1745923741.475912,271.7595100402832
5551,1745923741.6693294,182.65461921691895
5552,1745923741.8636858,182.82580375671387
5553,1745923742.058143,183.35914611816406
5554,1745923742.2524645,183.73656272888184
5555,1745923742.4477062,184.41462516784668
5556,1745923742.6404543,182.21497535705566
5557,1745923742.9238803,271.8021869659424
5558,1745923743.1181715,183.73942375183105
5559,1745923743.3137274,185.05120277404785
5560,1745923744.3339005,nan
5561,1745923744.5289798,184.7071647644043
5562,1745923744.7235982,184.16190147399902
5563,1745923744.9741116,240.0350570678711
5564,1745923745.1693819,184.09013748168945
5565,1745923746.1828341,nan
5566,1745923746.40037,206.93325996398926
5567,1745923746.5958815,184.22508239746094
5568,1745923746.7889662,182.55209922790527
5569,1745923746.9838269,183.77232551574707
5570,1745923747.2166507,222.02372550964355
5571,1745923747.4117467,184.58223342895508
5572,1745923747.6060698,183.49504470825195
5573,1745923747.8006546,183.81524085998535
5574,1745923748.0472114,235.98384857177734
5575,1745923748.2528937,195.07312774658203
5576,1745923748.4482791,184.51380729675293
5577,1745923748.643412,184.88049507141113
5578,1745923748.8371737,182.67416954040527
5579,1745923749.0322025,183.7329864501953
5580,1745923749.2263908,183.1529140472412
5581,1745923749.4750173,238.0235195159912
5582,1745923749.6719413,186.44952774047852
5583,1745923749.8657362,183.17890167236328
5584,1745923750.0603943,183.69221687316895
5585,1745923750.2547703,182.69801139831543
5586,1745923750.4487174,183.19225311279297
5587,1745923750.6440651,184.0219497680664
5588,1745923750.91026,255.68032264709473
5589,1745923751.1042683,182.82628059387207
5590,1745923751.2985404,183.0425262451172
5591,1745923751.4944255,184.47041511535645
5592,1745923751.6884916,183.44736099243164
5593,1745923751.8831856,183.35914611816406
5594,1745923752.1392894,245.60046195983887
5595,1745923752.3341038,184.19504165649414
5596,1745923752.529822,185.3179931640625
5597,1745923752.7241278,183.68887901306152
5598,1745923752.9190795,183.92038345336914
5599,1745923753.1123843,182.79671669006348
5600,1745923753.3064172,182.88326263427734
5601,1745923753.5017414,183.67242813110352
5602,1745923753.695875,183.6235523223877
5603,1745923753.9871316,280.57026863098145
5604,1745923754.2984264,300.7380962371826
5605,1745923754.4922633,182.7983856201172
5606,1745923754.6870346,184.24487113952637
5607,1745923754.883601,185.62984466552734
5608,1745923755.079101,185.18471717834473
5609,1745923755.2730167,183.31432342529297
5610,1745923755.5260773,242.02775955200195
5611,1745923755.8203843,283.7221622467041
5612,1745923756.0150113,183.11572074890137
5613,1745923756.210081,184.07273292541504
5614,1745923756.4536645,231.33373260498047
5615,1745923756.6477678,183.15672874450684
5616,1745923756.8422372,183.90464782714844
5617,1745923757.0362468,183.06279182434082
5618,1745923757.2297597,182.47532844543457
5619,1745923757.4242413,183.44569206237793
5620,1745923757.6176043,182.85107612609863
5621,1745923757.811751,183.6228370666504
5622,1745923758.0897033,267.1968936920166
5623,1745923758.3883219,287.5986099243164
5624,1745923758.583392,184.0496063232422
5625,1745923758.7774746,183.55512619018555
5626,1745923758.9719296,182.38544464111328
5627,1745923759.1650398,182.6009750366211
5628,1745923759.4027953,226.63140296936035
5629,1745923759.59607,182.53445625305176
5630,1745923759.7902145,183.19249153137207
5631,1745923759.9841595,183.41994285583496
5632,1745923760.2350774,240.28468132019043
5633,1745923760.4302347,183.94970893859863
5634,1745923760.6253397,183.5932731628418
5635,1745923760.8197727,183.51984024047852
5636,1745923761.014539,183.59780311584473
5637,1745923761.207825,182.74784088134766
5638,1745923761.401997,182.7402114868164
5639,1745923761.5962572,183.35223197937012
5640,1745923761.788927,182.14082717895508
5641,1745923761.9838183,183.97808074951172
5642,1745923762.1781266,183.6402416229248
5643,1745923762.448733,260.09082794189453
5644,1745923762.649723,189.9735927581787
5645,1745923762.8446817,183.44831466674805
5646,1745923763.03843,182.70254135131836
5647,1745923763.2332702,183.66146087646484
5648,1745923763.428171,183.851957321167
5649,1745923763.7040913,265.1047706604004
5650,1745923763.8986788,183.30883979797363
5651,1745923764.0934563,183.7022304534912
5652,1745923764.288513,183.5155487060547
5653,1745923764.482123,183.3055019378662
5654,1745923764.6758463,182.5883388519287
5655,1745923764.9327428,245.8810806274414
5656,1745923765.1271539,183.18915367126465
5657,1745923765.3202858,182.5559139251709
5658,1745923765.5154693,183.6416721343994
5659,1745923765.7103987,183.88652801513672
5660,1745923765.9046767,183.19439888000488
5661,1745923766.09855,183.30121040344238
5662,1745923766.3766513,266.97349548339844
5663,1745923766.5708146,183.12335014343262
5664,1745923766.765977,184.0341091156006
5665,1745923766.9603372,183.72011184692383
5666,1745923767.1534226,182.51991271972656
5667,1745923767.3990712,234.61675643920898
5668,1745923767.5941603,184.02957916259766
5669,1745923767.7890399,183.1202507019043
5670,1745923768.8151262,nan
5671,1745923769.0326629,207.02385902404785
5672,1745923769.2260993,182.79337882995605
5673,1745923769.4198449,182.62791633605957
5674,1745923769.6139967,183.0463409423828
5675,1745923769.808168,183.25185775756836
5676,1745923770.068085,248.54397773742676
5677,1745923770.2655292,186.33031845092773
5678,1745923771.286064,nan
5679,1745923772.2992578,nan
5680,1745923773.3104897,nan
5681,1745923773.509306,188.06719779968262
5682,1745923773.706707,186.6755485534668
5683,1745923774.7235954,nan
5684,1745923775.735637,nan
5685,1745923775.932376,186.13576889038086
5686,1745923776.1294966,186.3687038421631
5687,1745923776.3258443,185.31560897827148
5688,1745923777.3504856,nan
5689,1745923777.5526886,191.6522979736328
5690,1745923777.8404908,277.16517448425293
5691,1745923778.8621829,nan
5692,1745923779.8874912,nan
5693,1745923780.0841956,185.91952323913574
5694,1745923780.2806897,185.73236465454102
5695,1745923780.50552,213.79828453063965
5696,1745923780.7021294,186.0818862915039
5697,1745923780.899203,186.10906600952148
5698,1745923781.0967581,186.4476203918457
5699,1745923782.1119382,nan
5700,1745923782.3101468,187.43181228637695
5701,1745923782.5062654,184.88597869873047
5702,1745923782.702944,185.63508987426758
5703,1745923782.8987355,184.8893165588379
5704,1745923783.0953755,185.6682300567627
5705,1745923783.3720613,265.3493881225586
5706,1745923784.3909485,nan
5707,1745923784.5896606,188.2040500640869
5708,1745923784.785709,185.32490730285645
5709,1745923785.0109897,214.48707580566406
5710,1745923785.2076957,185.39905548095703
5711,1745923786.2344453,nan
5712,1745923787.2600553,nan
5713,1745923787.45906,188.19499015808105
5714,1745923787.7732704,302.9305934906006
5715,1745923787.9698331,185.18900871276855
5716,1745923788.982042,nan
5717,1745923790.0024095,nan
5718,1745923791.0262764,nan
5719,1745923792.052802,nan
5720,1745923792.250997,187.49761581420898
5721,1745923792.4478521,185.8668327331543
5722,1745923792.6631172,204.73980903625488
5723,1745923793.6856692,nan
5724,1745923793.8828905,186.60545349121094
5725,1745923794.9057097,nan
5726,1745923795.1570957,241.06907844543457
5727,1745923795.3537333,185.60075759887695
5728,1745923796.3692374,nan
5729,1745923796.5695136,189.9585723876953
5730,1745923796.7704206,189.86892700195312
5731,1745923796.9681478,186.2049102783203
5732,1745923797.983311,nan
5733,1745923798.2397292,245.62335014343262
5734,1745923799.252966,nan
5735,1745923800.2673385,nan
5736,1745923801.2899325,nan
5737,1745923802.3006647,nan
5738,1745923803.3217711,nan
5739,1745923804.3486462,nan
5740,1745923804.545007,185.92047691345215
5741,1745923804.7421932,186.0489845275879
5742,1745923804.9390185,185.63485145568848
5743,1745923805.1875176,237.39385604858398
5744,1745923805.4947402,296.7042922973633
5745,1745923805.691654,185.77957153320312
5746,1745923805.8886325,185.9607696533203
5747,1745923806.9016376,nan
5748,1745923807.1492155,236.95707321166992
5749,1745923807.3451676,185.1356029510498
5750,1745923807.54219,185.89138984680176
5751,1745923807.7386348,185.32276153564453
5752,1745923807.9347322,185.49466133117676
5753,1745923808.1303332,184.73529815673828
5754,1745923808.32771,185.8212947845459
5755,1745923808.5246713,185.84275245666504
5756,1745923809.5439384,nan
5757,1745923810.5658808,nan
5758,1745923810.7643008,187.6351833343506
5759,1745923810.9617198,186.8596076965332
5760,1745923811.2353551,262.3305320739746
5761,1745923811.4380698,191.49065017700195
5762,1745923811.6372125,188.02857398986816
5763,1745923811.836531,188.3087158203125
5764,1745923812.0330296,185.90760231018066
5765,1745923812.2324452,187.8974437713623
5766,1745923813.2459724,nan
5767,1745923814.2663195,nan
5768,1745923814.465068,188.1098747253418
5769,1745923815.4899743,nan
5770,1745923815.6888723,188.46678733825684
5771,1745923815.8867157,186.97118759155273
5772,1745923816.085104,187.7460479736328
5773,1745923817.108948,nan
5774,1745923818.132297,nan
5775,1745923819.155565,nan
5776,1745923820.1817515,nan
5777,1745923820.3801641,187.89100646972656
5778,1745923821.4056675,nan
5779,1745923821.6048496,188.62605094909668
5780,1745923821.8037074,188.25030326843262
5781,1745923822.0028083,188.26556205749512
5782,1745923822.2001452,186.9659423828125
5783,1745923822.397169,185.51135063171387
5784,1745923823.42091,nan
5785,1745923824.444661,nan
5786,1745923824.7392135,284.038782119751
5787,1745923824.936469,186.77544593811035
5788,1745923825.1329606,185.9762668609619
5789,1745923825.403856,259.60254669189453
5790,1745923825.6028023,187.93058395385742
5791,1745923825.8002188,186.38300895690918
5792,1745923826.8170874,nan
5793,1745923827.0131788,185.58311462402344
5794,1745923827.2099817,185.4262351989746
5795,1745923827.4054732,185.18471717834473
5796,1745923827.7068737,290.8024787902832
5797,1745923828.7303796,nan
5798,1745923828.9284332,187.17026710510254
5799,1745923829.1241314,185.0290298461914
5800,1745923829.3548617,219.6063995361328
5801,1745923829.6136491,248.18801879882812
5802,1745923829.8097847,185.95218658447266
5803,1745923830.0057466,185.53876876831055
5804,1745923830.2009337,184.1754913330078
5805,1745923830.4785326,266.38245582580566
5806,1745923830.6733384,183.56657028198242
5807,1745923830.8759027,191.99895858764648
5808,1745923831.069827,183.3946704864502
5809,1745923831.297561,216.73583984375
5810,1745923831.4925766,183.96735191345215
5811,1745923832.5117126,nan
5812,1745923832.7129107,190.56200981140137
5813,1745923832.9080272,184.5853328704834
5814,1745923833.1022189,183.51125717163086
5815,1745923833.3448436,231.50181770324707
5816,1745923833.538502,182.6014518737793
5817,1745923833.7329822,183.43114852905273
5818,1745923833.9271128,183.15553665161133
5819,1745923834.1210217,183.30788612365723
5820,1745923834.3581676,226.53913497924805
5821,1745923834.5518606,183.1662654876709
5822,1745923834.7459126,182.83843994140625
5823,1745923834.9426348,185.6684684753418
5824,1745923835.1485324,194.95892524719238
5825,1745923835.341872,182.71565437316895
5826,1745923835.5861113,232.5284481048584
5827,1745923835.7802048,183.08258056640625
5828,1745923836.8048942,nan
5829,1745923836.9979513,182.52992630004883
5830,1745923837.2420416,233.0012321472168
5831,1745923837.4359264,182.53207206726074
5832,1745923837.6297183,182.6467514038086
5833,1745923837.8258328,184.80587005615234
5834,1745923838.020747,183.52699279785156
5835,1745923838.2154381,183.3653450012207
5836,1745923838.469369,242.8605556488037
5837,1745923838.7669172,287.05620765686035
5838,1745923838.9629686,184.99445915222168
5839,1745923839.1594923,185.69540977478027
5840,1745923839.3551075,184.18359756469727
5841,1745923839.5563402,190.90890884399414
5842,1745923839.7869291,219.6342945098877
5843,1745923839.9809523,183.1216812133789
5844,1745923840.1747775,183.23707580566406
5845,1745923840.3699076,184.10801887512207
5846,1745923840.5637074,183.4850311279297
5847,1745923840.7602127,185.80293655395508
5848,1745923840.957241,185.5762004852295
5849,1745923841.1523714,184.72528457641602
5850,1745923841.3505538,186.96951866149902
5851,1745923841.5468156,184.7219467163086
5852,1745923841.742634,185.08625030517578
5853,1745923841.9391708,185.713529586792
5854,1745923842.139171,189.48101997375488
5855,1745923842.3342972,184.59010124206543
5856,1745923842.5301313,185.32562255859375
5857,1745923842.7259307,185.13083457946777
5858,1745923842.9192462,182.7092170715332
5859,1745923843.115186,184.91601943969727
5860,1745923843.3764372,250.23269653320312
5861,1745923843.5725288,185.5771541595459
5862,1745923843.7663262,182.94358253479004
5863,1745923843.9906864,213.23299407958984
5864,1745923844.1836417,182.61384963989258
5865,1745923844.3780894,183.4237575531006
5866,1745923844.572049,182.8763484954834
5867,1745923844.8199797,237.3976707458496
5868,1745923845.0132148,182.85417556762695
5869,1745923845.2081518,183.86173248291016
5870,1745923845.406314,187.41750717163086
5871,1745923845.6010015,183.60280990600586
5872,1745923845.794371,182.33609199523926
5873,1745923845.988411,182.4960708618164
5874,1745923846.2458873,246.46687507629395
5875,1745923846.439972,182.84344673156738
5876,1745923847.4548035,nan
5877,1745923848.4664264,nan
5878,1745923848.6641612,186.9525909423828
5879,1745923848.8573458,182.1300983428955
5880,1745923849.0501761,181.96463584899902
5881,1745923849.320604,258.9070796966553
5882,1745923849.634358,302.7174472808838
5883,1745923849.8301423,185.23311614990234
5884,1745923850.0240018,182.81888961791992
5885,1745923850.219302,184.80634689331055
5886,1745923850.4133956,183.55774879455566
5887,1745923850.670593,247.07722663879395
5888,1745923850.8968453,215.73209762573242
5889,1745923851.0910578,183.70676040649414
5890,1745923851.2865222,185.27936935424805
5891,1745923851.480368,182.65390396118164
5892,1745923851.6745112,183.11357498168945
5893,1745923851.8702674,185.1344108581543
5894,1745923852.0638468,183.28237533569336
5895,1745923852.257844,182.88850784301758
5896,1745923852.4530602,183.78448486328125
5897,1745923852.7095795,245.9707260131836
5898,1745923852.9043336,183.03418159484863
5899,1745923853.099153,183.7763786315918
5900,1745923853.2928042,182.62720108032227
5901,1745923853.4863744,182.6193332672119
5902,1745923853.6801357,182.722806930542
5903,1745923853.8745136,183.24971199035645
5904,1745923854.0684824,183.14862251281738
5905,1745923854.2630575,182.95979499816895
5906,1745923854.460354,185.75525283813477
5907,1745923854.658774,188.27033042907715
5908,1745923854.8527386,183.35318565368652
5909,1745923855.047957,183.72082710266113
5910,1745923855.243157,184.51786041259766
5911,1745923855.4368217,183.12644958496094
5912,1745923855.6726978,225.2213954925537
5913,1745923855.980984,297.3299026489258
5914,1745923856.2888465,296.97132110595703
5915,1745923856.5956933,296.31495475769043
5916,1745923856.7908988,184.1285228729248
5917,1745923856.9855068,184.0527057647705
5918,1745923857.1790986,182.73329734802246
5919,1745923857.3738284,183.70652198791504
5920,1745923857.5686793,183.9137077331543
5921,1745923857.7632399,183.96663665771484
5922,1745923857.9570892,183.31217765808105
5923,1745923858.2268393,259.1423988342285
5924,1745923858.4219186,183.7911605834961
5925,1745923858.7368321,304.3484687805176
5926,1745923858.930955,182.91139602661133
5927,1745923859.1543849,212.43715286254883
5928,1745923859.467037,301.9886016845703
5929,1745923859.7657616,288.18392753601074
5930,1745923859.959599,182.7843189239502
5931,1745923860.1544008,183.64500999450684
5932,1745923861.176553,nan
5933,1745923861.6576886,470.5629348754883
5934,1745923861.8518553,183.6409568786621
5935,1745923862.1217642,258.1140995025635
5936,1745923862.3150854,182.6913356781006
5937,1745923862.5099065,182.44457244873047
5938,1745923862.7026002,182.26313591003418
5939,1745923862.8981614,184.3411922454834
5940,1745923863.0928605,183.5787296295166
5941,1745923863.286905,183.03918838500977
5942,1745923863.5553637,257.3709487915039
5943,1745923863.8661723,300.27246475219727
5944,1745923864.1759207,298.62427711486816
5945,1745923864.4725032,285.4785919189453
5946,1745923864.6700704,186.48386001586914
5947,1745923865.691699,nan
5948,1745923865.8891716,186.86151504516602
5949,1745923866.111107,210.2184295654297
5950,1745923866.3041284,182.55019187927246
5951,1745923866.497813,182.6634407043457
5952,1745923866.706051,197.19433784484863
5953,1745923866.901139,184.67402458190918
5954,1745923867.0996828,187.35074996948242
5955,1745923867.3001106,189.3923282623291
5956,1745923867.499626,188.20643424987793
5957,1745923867.696625,185.9431266784668
5958,1745923867.8947158,187.0565414428711
5959,1745923868.0895796,184.28564071655273
5960,1745923868.2862368,186.00201606750488
5961,1745923868.4827154,185.4109764099121
5962,1745923868.6807802,186.43808364868164
5963,1745923868.9637947,272.00818061828613
5964,1745923869.1627982,188.35902214050293
5965,1745923869.3601513,186.30480766296387
5966,1745923870.3906653,nan
5967,1745923871.4040704,nan
5968,1745923872.4241118,nan
5969,1745923872.621048,186.53082847595215
5970,1745923872.816549,184.92746353149414
5971,1745923873.0108013,183.98094177246094
5972,1745923873.207209,185.44530868530273
5973,1745923873.4739013,256.0610771179199
5974,1745923873.669438,184.48209762573242
5975,1745923873.864632,184.6463680267334
5976,1745923874.0606666,184.9360466003418
5977,1745923874.303563,231.22334480285645
5978,1745923874.6166966,301.6345500946045
5979,1745923874.9134667,286.2365245819092
5980,1745923875.1092038,184.42320823669434
5981,1745923875.3049533,185.58335304260254
5982,1745923875.5030105,187.3314380645752
5983,1745923875.6999283,186.38014793395996
5984,1745923875.9327374,221.56405448913574
5985,1745923876.1270506,183.30836296081543
5986,1745923876.3272693,189.2991065979004
5987,1745923876.5219474,184.34834480285645
5988,1745923876.7496502,217.41223335266113
5989,1745923876.9451885,184.51881408691406
5990,1745923877.1393535,183.11262130737305
5991,1745923877.3341165,183.7465763092041
5992,1745923877.588947,244.31133270263672
5993,1745923877.7827365,182.63578414916992
5994,1745923877.9766266,182.9683780670166
5995,1745923878.1719456,184.28564071655273
5996,1745923878.3685572,185.85920333862305
5997,1745923878.5620236,182.82032012939453
5998,1745923878.7565713,183.42161178588867
5999,1745923878.9528303,185.06646156311035
6000,1745923879.1474981,184.14306640625
